sample_id,lon,lat,state,district,event_date,elevation,slope_deg,aspect_sin,aspect_cos,plan_curv,prof_curv,tri,twi,relief_500m,rain_1d,rain_3d,rain_7d,rain_15d,rain_30d,api,rain_annual_mean,label,label_conf,loc_accuracy_km,trigger,size,category,fatalities,source,hq_location,block_id,split
59cfc8cc762cc224,88.527,27.478,Sikkim,North Sikkim,2009-07-01,746.3958,5.5678,-0.8042,-0.5943,-0.0078,0.0043,36.6481,14.1082,391.3156,12.9662,67.4974,147.226,202.0828,371.9279,148.0656,2545.4712,1,0.85,1.0,downpour,medium,landslide,0,NASA_GLC,1,10023,train
42f02219a21059e1,94.4822,25.3099,Manipur,Ukhrul,2010-07-29,1496.4982,28.0842,-0.9698,0.2438,-0.0019,1e-04,37.8542,12.8228,345.2398,27.3683,100.3679,130.9986,254.8119,389.7174,169.2596,1518.0431,1,0.3,25.0,downpour,medium,landslide,0,NASA_GLC,0,250014,train
fa39470544c8c2c2,88.556,27.8385,Sikkim,North Sikkim,2012-09-19,3831.0469,18.5785,-0.5219,-0.853,-0.0002,0.0004,21.5224,12.7266,443.8833,35.8535,61.0191,144.0715,211.966,364.8764,150.6023,2496.6716,1,0.45,10.0,downpour,large,landslide,20,NASA_GLC,0,10025,train
5832ea6720e739c3,88.605,27.6558,Sikkim,North Sikkim,2012-09-19,1953.2264,14.6874,-0.2851,-0.9585,-0.0004,0.0061,22.8772,12.8025,518.3374,35.8535,61.0191,144.0715,211.966,364.8764,150.6023,2496.6716,1,0.45,10.0,downpour,large,landslide,0,NASA_GLC,0,20024,test
9b229fd26c091009,93.9413,25.7658,Nagaland,Dimapur,2013-07-17,796.4748,34.3963,-0.4467,-0.8947,0.0022,0.0003,43.0369,12.3659,515.276,3.1867,7.5207,80.7575,260.3432,342.0514,117.022,1523.0817,1,0.2,50.0,rain,medium,mudslide,0,NASA_GLC,0,230016,train
35ae45ac9c84082a,94.0885,25.7131,Nagaland,Kohima,2013-07-17,1432.2758,20.4633,-0.4669,-0.8843,-0.0013,-0.0005,26.4762,13.1308,233.3878,3.1867,7.5207,80.7575,260.3432,342.0514,117.022,1523.0817,1,0.2,50.0,rain,medium,mudslide,0,NASA_GLC,0,240016,train
99ec301510ef3287,94.1078,24.1419,Manipur,Chandel,2015-08-01,1183.0114,24.5699,-0.656,-0.7548,0.0006,-0.0015,30.6066,12.9194,208.497,87.5269,125.9941,144.4806,302.9071,388.0046,191.7988,1498.743,1,0.6,5.0,continuous_rain,medium,landslide,0,NASA_GLC,0,240009,train
644b6c8402291933,94.1167,25.616,Nagaland,Kohima,2013-07-12,1563.0743,18.3451,-0.3512,0.9363,-0.0012,0.0004,23.3617,12.6462,337.1058,36.7575,76.4867,137.3862,264.3467,307.6978,163.623,1517.4457,1,0.45,10.0,downpour,medium,landslide,0,NASA_GLC,0,240015,train
ebcb3be65efbaf91,94.1351,25.4769,Manipur,Senapati,2010-10-08,1650.1042,15.8137,-0.7874,0.6165,0.0039,-0.0,22.0482,13.0346,270.9156,35.5651,59.6647,70.1875,157.7706,284.5788,101.4018,1534.025,1,0.6,5.0,downpour,medium,mudslide,0,NASA_GLC,0,240015,train
51fd6bd5b303632a,93.1645,25.5215,Assam,North Cachar Hills,2009-08-20,266.0272,3.807,-0.5413,0.8408,-0.0066,0.0006,6.8533,15.5389,49.9596,2.4427,8.7887,46.9551,117.1976,173.1982,56.6009,1358.4022,1,0.3,25.0,downpour,medium,landslide,0,NASA_GLC,0,200015,val
38c17725b6f43ea8,91.2,25.8833,Assam,Kamrup,2010-06-09,221.3135,9.1118,-0.5604,0.8282,0.0003,0.0005,10.8761,14.0497,228.3697,25.5831,65.1817,199.6275,320.0974,465.6732,204.835,1765.9095,1,0.2,50.0,downpour,medium,landslide,0,NASA_GLC,0,120016,train
bed399e53b8b884c,94.0462,25.3179,Manipur,Senapati,2010-10-09,1024.9429,20.1449,0.1359,-0.9907,0.0002,0.0007,23.5702,13.2858,209.5175,28.1382,107.721,120.4043,162.4658,301.1526,138.1676,1512.6017,1,0.6,5.0,downpour,medium,landslide,0,NASA_GLC,0,240014,train
07f2a4d865fe136a,93.4333,24.75,Manipur,Tamenglong,2007-10-21,435.9087,20.2334,-0.0717,0.9974,0.0022,0.0007,25.7325,13.0474,474.2242,24.5871,40.9789,92.8962,133.5858,146.0231,84.5724,1640.2489,1,0.3,25.0,rain,medium,landslide,0,NASA_GLC,0,210011,train
256d963e70da0b7e,91.885,25.5728,Meghalaya,East Khasi Hills,2010-06-28,1505.9484,4.5193,0.8605,0.5094,-0.0071,-0.0003,7.1745,14.8726,42.5,55.8392,144.9385,196.6081,523.0802,605.5562,281.0212,1845.431,1,0.6,5.0,downpour,medium,landslide,1,NASA_GLC,0,150015,train
87407dce58c3fdbf,95.0243,26.7223,Nagaland,Mon,2016-04-19,706.4628,4.1406,0.9999,0.0149,0.0026,-0.0016,13.3631,15.2201,128.2291,37.4786,84.7734,102.7147,319.8246,362.6704,167.4978,2070.655,1,0.85,1.0,continuous_rain,medium,landslide,0,NASA_GLC,1,270020,val
d186a083e0aef6ce,93.4341,24.7625,Manipur,Tamenglong,2013-08-17,597.2443,34.2948,-0.5955,0.8034,0.0026,-0.0006,45.6735,12.5521,394.1477,15.9979,25.7009,134.2057,239.9079,332.217,144.7003,1640.2489,1,0.45,10.0,continuous_rain,medium,landslide,0,NASA_GLC,0,210011,train
49016c9439d0487b,93.816,27.0987,Arunachal Pradesh,Papum Pare,2015-06-09,213.8604,10.8084,0.5873,0.8094,-0.001,-1e-04,11.9739,14.6443,110.1411,28.1567,76.9748,137.2205,263.0141,469.2506,178.9797,2033.2314,1,0.6,5.0,continuous_rain,medium,landslide,2,NASA_GLC,0,230022,train
1a7654451e2262d1,88.6193,27.4459,Sikkim,North Sikkim,2007-04-11,1961.3992,17.2211,-0.9572,-0.2895,0.003,0.0003,22.6839,12.5872,374.6217,0.6559,32.0223,56.8648,105.9235,178.5167,71.0381,2545.4712,1,0.6,5.0,downpour,medium,landslide,0,NASA_GLC,0,20023,test
09da3a5d65e6cef3,93.028,25.1553,Assam,North Cachar Hills,2010-04-01,591.9165,18.6138,0.9921,0.1256,-0.0008,-0.001,22.5639,13.108,288.7613,37.5519,72.3398,133.173,133.173,149.7027,109.031,1708.6143,1,0.3,25.0,downpour,medium,landslide,3,NASA_GLC,0,190013,val
8854fae2ae364c2c,92.899,22.533,Mizoram,Lawngtlai,2007-07-30,811.9091,7.6791,-0.2375,-0.9714,-0.0121,0.0016,13.1263,14.2748,210.5075,6.4488,24.7677,113.4455,424.3392,511.2115,196.2952,2017.1053,1,0.3,25.0,downpour,medium,landslide,0,NASA_GLC,0,190002,test
aa27deaa3e1c121f,92.8573,25.1175,Assam,North Cachar Hills,2012-06-03,144.089,4.7124,-0.8704,-0.4924,-0.002,0.0004,5.5354,14.4787,105.9328,25.882,94.6655,136.9106,189.79,344.5054,156.7342,2501.4507,1,0.6,5.0,downpour,medium,landslide,0,NASA_GLC,0,190013,val
8f628615e1c7fca8,92.9296,23.591,Mizoram,Aizawl,2010-09-13,798.7152,17.877,-0.7328,-0.6804,1e-04,-1e-04,21.572,12.3559,374.3585,9.5705,53.6358,73.7925,277.6748,489.8057,162.5655,2200.5261,1,0.3,25.0,downpour,medium,landslide,0,NASA_GLC,0,190006,val
89fa1a3d32a8cee0,88.6069,27.3383,Sikkim,East,2007-05-23,1509.4109,20.1687,-0.6213,-0.7835,1e-04,0.0003,25.5183,12.7435,466.4948,39.2324,124.1508,128.0129,197.7094,304.264,147.615,3050.8796,1,0.2,50.0,rain,medium,landslide,0,NASA_GLC,0,20023,test
0f2262ee8dac3f6a,93.5063,24.9829,Manipur,Tamenglong,2013-09-01,1314.505,23.2708,1.0,-0.0051,0.0011,-0.0,31.1154,12.811,347.7899,0.1382,0.7133,43.2043,78.1024,312.8482,63.6001,1509.9784,1,0.6,5.0,continuous_rain,medium,mudslide,0,NASA_GLC,0,210012,train
a60a796a73497a61,93.3613,25.5125,Nagaland,North Cachar Hills,2011-06-29,310.6209,1.3409,-0.7833,0.6216,0.0857,0.0004,12.7514,15.7761,137.481,4.6909,71.9394,104.756,171.967,316.5112,121.8272,1358.4022,1,0.25,25.0,downpour,medium,landslide,0,NASA_GLC,0,210015,val
a4839c0007459431,94.4826,25.3101,Manipur,Ukhrul,2010-08-15,1515.7621,20.7198,-0.6807,0.7326,-0.0052,0.0003,27.2445,13.1164,353.6719,14.8026,36.3975,46.3728,111.3419,345.8684,83.9524,1518.0431,1,0.3,25.0,downpour,medium,landslide,0,NASA_GLC,0,250014,train
cce73772114603d3,93.5,24.9925,Manipur,Tamenglong,2009-08-20,1214.6323,11.7009,0.7968,0.6042,0.0012,-0.0005,14.2251,13.7671,247.5339,5.5858,9.4355,95.8902,128.2826,207.5699,78.9039,1509.9784,1,0.45,10.0,downpour,medium,landslide,0,NASA_GLC,0,210012,train
be787d175f185c21,95.3429,28.9205,Arunachal Pradesh,Upper Dibang Valley,2014-06-26,4060.4937,20.9556,-0.8878,-0.4603,-0.005,-0.0014,27.9091,13.8707,326.9143,0.0,2.1459,25.852,63.4878,152.3679,42.304,2380.9229,1,0.25,25.0,continuous_rain,medium,landslide,0,NASA_GLC,0,290030,train
ee9f01c75ec86047,93.871,27.6438,Arunachal Pradesh,Lower Subansiri,2016-06-12,1745.6344,31.2015,0.0567,-0.9984,-0.0008,0.0,40.1954,12.3563,478.3508,20.7347,21.8842,56.5841,67.1136,424.5136,74.03,3174.538,1,0.45,10.0,downpour,medium,landslide,0,NASA_GLC,0,230024,train
a79386d94487c362,93.5935,24.8286,Manipur,Tamenglong,2011-05-31,731.0225,34.5639,-0.8492,-0.5281,0.0024,1e-04,48.8348,12.3148,522.5102,85.9707,131.8829,136.6422,404.1304,528.1602,240.9348,1640.2489,1,0.2,50.0,downpour,medium,landslide,2,NASA_GLC,0,220012,train
70a9d61b030cd260,94.0989,27.2298,Assam,Lakhimpur,2008-06-15,96.5802,0.0706,-0.1499,-0.9887,-0.0491,-0.0,1.0242,18.6905,8.7199,5.3188,108.651,209.9308,346.9094,640.0134,248.6162,3270.411,1,0.3,25.0,downpour,medium,landslide,17,NASA_GLC,0,240022,train
a92eaacfe9b3088b,90.2023,25.5145,Meghalaya,West Garo Hills,2015-08-18,311.1691,3.0375,-0.982,-0.1886,-0.0214,-0.0015,16.6478,15.2413,126.6133,28.853,66.7481,108.0294,186.8994,275.4514,119.4401,3075.9753,1,0.85,1.0,continuous_rain,medium,landslide,0,NASA_GLC,1,80015,train
5af77063076be418,91.88,25.38,Meghalaya,East Khasi Hills,2007-07-26,1259.9918,37.1543,-0.4165,0.9091,-0.0013,-0.0003,50.6729,12.5205,527.1396,87.2279,197.6594,215.7425,464.0393,594.0493,310.7434,1845.431,1,0.2,50.0,rain,medium,landslide,0,NASA_GLC,0,150014,test
79dd3c55cf39aa51,91.7351,26.1548,Assam,Kamrup,2011-09-23,53.9866,0.236,-0.9995,-0.0302,0.0008,0.0,0.4208,17.3005,49.287,0.3358,10.9185,40.9385,73.7671,159.7557,52.4439,1511.5951,1,0.25,25.0,downpour,large,landslide,4,NASA_GLC,0,140018,train
c4c9456272eb99a5,92.967,22.479,Mizoram,Saiha,2007-07-30,431.5368,14.1239,-0.6585,-0.7526,0.0123,0.0017,30.4859,13.2589,377.2766,6.4488,24.7677,113.4455,424.3392,511.2115,196.2952,2017.1053,1,0.3,25.0,downpour,medium,landslide,0,NASA_GLC,0,190001,train
346653d773c7d4c6,96.1779,27.8965,Arunachal Pradesh,Lohit,2010-04-21,207.0557,2.0427,-0.2638,-0.9646,0.0012,0.0002,2.5704,15.8038,12.7471,95.7088,177.4802,213.0267,349.6803,620.0422,281.6535,1634.2084,1,0.25,25.0,downpour,medium,landslide,12,NASA_GLC,0,320025,train
78b0916dcc2c8273,94.1099,25.6682,Nagaland,Kohima,2011-06-28,1439.0212,2.7205,-0.2626,0.9649,-0.0329,-0.0005,10.7308,15.2362,138.1249,18.7986,97.7352,114.0474,156.0691,288.7331,127.9116,1523.0817,1,0.2,50.0,downpour,medium,landslide,0,NASA_GLC,0,240015,train
ba64c73b4cb49baf,93.9815,24.004,Manipur,Chandel,2015-08-01,1422.2688,29.2447,-0.3995,0.9167,0.0015,-0.0004,37.1416,12.737,449.3391,87.598,126.0972,144.5968,302.9975,388.0002,191.8873,1078.8973,1,0.45,10.0,continuous_rain,medium,landslide,0,NASA_GLC,0,230008,train
bc992dc61500f0d1,88.2579,27.2879,Sikkim,West Sikkim,2011-06-23,1472.2985,21.8621,-0.7575,0.6528,-0.0015,-0.0006,27.4511,12.4515,478.2047,20.2708,23.6104,110.823,136.7971,256.2037,103.5026,2572.1633,1,0.6,5.0,downpour,large,landslide,16,NASA_GLC,0,23,train
f03356acdfa7dde2,92.9914,25.5242,Assam,North Cachar Hills,2010-10-09,150.6149,12.189,0.4621,0.8868,-0.0033,0.0021,15.9801,13.9207,105.763,79.3075,98.578,98.9636,123.6685,213.2482,114.7638,1358.3326,1,0.2,50.0,downpour,medium,landslide,0,NASA_GLC,0,190015,val
a7d7f9f5412be407,93.9157,24.6869,Manipur,Thoubal,2011-07-25,771.7228,0.0559,0.7803,0.6254,0.0077,0.0,0.0948,18.5785,3.5828,22.0327,25.6242,48.2261,107.8642,246.6344,70.5759,1428.1997,1,0.2,50.0,downpour,medium,landslide,0,NASA_GLC,0,230011,test
56609da2e8759da5,96.174,27.9032,Arunachal Pradesh,Lohit,2014-05-08,199.8309,0.3523,0.7232,-0.6906,-0.0032,1e-04,1.9545,17.5769,14.16,58.4991,87.6348,116.869,136.7492,173.2012,112.745,1634.2084,1,0.85,1.0,rain,medium,mudslide,0,NASA_GLC,1,320025,train
3f3c69e37e0115bf,94.1079,25.4191,Manipur,Senapati,2011-07-07,1395.2852,9.5186,0.365,0.931,-0.0008,-0.0023,11.8625,13.9183,192.0171,2.1808,23.931,57.3691,184.4406,336.298,99.6435,1517.4457,1,0.6,5.0,rain,medium,landslide,0,NASA_GLC,0,240014,train
1e3b7a842e390590,94.9921,26.8716,Nagaland,Mon,2010-07-20,269.6881,5.5973,-0.3204,0.9473,-0.0048,0.0006,7.3732,14.333,212.129,16.5278,88.6187,148.3365,283.4646,577.3352,196.1325,2070.655,1,0.3,25.0,downpour,medium,landslide,0,NASA_GLC,0,270021,train
faa13b60ef2d03ee,92.35,27.4,Arunachal Pradesh,West Kameng,2008-10-29,2648.576,20.9418,0.6567,-0.7542,0.0034,0.0003,25.1549,13.0435,409.4121,0.0,78.1028,78.1028,78.1028,364.5041,90.9152,1974.4858,1,0.2,50.0,downpour,medium,mudslide,12,NASA_GLC,0,170023,train
f974f8fddce46e35,88.7334,27.3702,Sikkim,East,2010-09-04,3533.8176,7.2809,0.7807,-0.625,-0.0065,-0.0003,11.8008,14.2405,419.9422,9.7748,35.7915,58.5663,419.2523,821.6443,220.0936,3612.4756,1,0.45,10.0,downpour,medium,landslide,0,NASA_GLC,0,20023,test
9e0f8fc911fa303d,96.5242,28.0791,Arunachal Pradesh,Lohit,2011-03-22,515.6644,10.274,-0.9757,0.219,-0.0016,0.0013,12.5378,13.3243,255.6298,0.0,0.0,0.0,0.0,0.0,0.0,1580.7848,1,0.45,10.0,downpour,medium,landslide,0,NASA_GLC,0,340026,train
b289ef16c8b71b78,88.6083,27.3341,Sikkim,East,2010-04-17,1457.2401,23.9554,0.5496,-0.8354,0.0036,-1e-04,31.1701,12.7144,386.2972,20.9947,27.6385,96.7794,142.3701,308.6311,110.7073,3050.8796,1,0.6,5.0,downpour,small,landslide,0,NASA_GLC,0,20023,test
d758348a021f9e53,94.5466,26.0319,Nagaland,Zunheboto,2015-06-24,1536.9089,38.3573,-0.9353,-0.3539,-0.0004,0.0005,56.2656,12.3643,482.055,1.304,78.4969,88.5638,164.1417,303.1763,109.1149,1802.7754,1,0.6,5.0,continuous_rain,medium,landslide,0,NASA_GLC,0,260017,test
94e00e76c4656b44,94.2442,26.1677,Nagaland,Wokha,2016-06-12,805.3877,25.1933,0.5715,-0.8206,-0.0047,-0.0002,35.1747,13.0989,351.9188,8.5635,28.5738,59.4094,96.6578,341.2368,81.5531,1789.5958,1,0.1,100.0,continuous_rain,unknown,landslide,0,NASA_GLC,0,240018,train
fc6e8190484c987c,95.8011,27.174,Arunachal Pradesh,Changlang,2012-06-25,293.6634,0.7494,-0.4533,0.8914,-0.0015,-1e-04,0.9116,16.598,99.8165,3.4,54.6,101.2,193.2,313.6464,116.2746,2151.4668,1,0.45,10.0,downpour,large,landslide,0,NASA_GLC,0,310022,train
8ddb9a236db6eae7,95.86,28.4659,Arunachal Pradesh,Lower Dibang Valley,2012-04-08,1059.225,30.7388,0.8422,0.5392,-0.001,-0.0,41.1936,12.3197,519.5564,0.0,0.0,0.0,0.0,0.0,0.0,2221.3835,1,0.2,50.0,downpour,medium,landslide,0,NASA_GLC,0,310028,val
8ce51b6b205287da,93.4221,24.7505,Manipur,Tamenglong,2010-08-27,787.5544,11.1015,-0.8232,-0.5678,-0.0026,-0.0015,19.23,14.0233,136.0768,1.0112,11.6155,17.6162,57.1448,157.1561,32.5574,1640.2489,1,0.6,5.0,downpour,medium,landslide,0,NASA_GLC,0,210011,train
30692290dbb597e6,94.0489,25.4477,Manipur,Senapati,2015-07-22,1341.4984,26.7993,0.6086,-0.7935,0.0045,0.0007,38.3019,12.3087,452.8996,11.1686,43.9182,121.6747,186.7667,310.5978,114.3481,1517.4457,1,0.85,1.0,continuous_rain,medium,landslide,0,NASA_GLC,1,240014,train
1b0f517cf4d67e3b,94.5808,26.284,Nagaland,Tuensang,2013-08-04,763.6572,25.6952,0.999,0.0448,0.0012,1e-04,32.7902,12.877,240.8582,0.0,27.6597,40.6293,147.6558,338.9963,92.3381,1860.061,1,0.6,5.0,continuous_rain,medium,landslide,0,NASA_GLC,0,260018,train
6f46c58b918adfe8,91.7351,26.149,Assam,Kamrup,2012-06-20,51.6282,0.2276,-0.2505,0.9681,0.003,1e-04,0.4176,17.3802,8.0224,5.1633,14.7244,69.348,134.5342,239.8899,86.7997,1511.5951,1,0.85,1.0,downpour,medium,landslide,0,NASA_GLC,1,140017,val
0224f797ffbdf9c6,93.4093,25.0672,Manipur,Tamenglong,2011-05-22,448.9985,11.9045,-0.5965,-0.8026,-0.0004,-0.0016,19.3765,13.7595,276.8464,2.1864,101.8213,113.1722,176.1096,264.6673,126.9457,1509.9784,1,0.3,25.0,downpour,medium,landslide,0,NASA_GLC,0,210013,train
1e61073d6af7eac5,94.1016,24.1988,Manipur,Chandel,2015-08-01,1392.5479,24.1108,-0.4155,-0.9096,-0.003,-1e-04,35.3111,13.6952,286.6668,87.5269,125.9941,144.4806,302.9071,388.0046,191.7988,1498.743,1,0.45,10.0,continuous_rain,medium,landslide,0,NASA_GLC,0,240009,train
6f8dedfb16c340c9,94.25,27.8776,Arunachal Pradesh,Upper Subansiri,2013-06-01,920.5933,27.1475,-0.7221,0.6918,-0.0058,0.0006,38.4776,12.7775,448.7178,4.1875,27.17,42.8353,96.8344,269.8712,69.9681,2552.9524,1,0.2,50.0,downpour,large,landslide,0,NASA_GLC,0,240025,train
5d29eac3db803a39,91.7356,26.1475,Assam,Kamrup,2012-06-02,50.7627,1.2764,0.9868,-0.1618,0.0008,0.0,2.047,15.6679,8.0224,5.8871,10.9118,11.0847,43.9101,97.6941,27.4834,1511.5951,1,0.6,5.0,downpour,large,landslide,0,NASA_GLC,0,140017,val
398ad4d1a90c6f27,93.487,24.9037,Manipur,Tamenglong,2013-09-01,1287.3884,28.9634,-0.3086,-0.9512,0.0039,0.0005,36.6768,12.7437,442.726,0.1382,0.7133,43.2043,78.1024,312.8482,63.6001,1509.9784,1,0.3,25.0,continuous_rain,medium,mudslide,0,NASA_GLC,0,210012,train
186f655dd46aa6c8,93.9827,25.4538,Manipur,Senapati,2015-07-22,1822.3044,27.9409,0.4028,-0.9153,0.0034,0.0003,36.6554,12.5359,460.675,11.1686,43.9182,121.6747,186.7667,310.5978,114.3481,1517.4457,1,0.6,5.0,continuous_rain,medium,landslide,0,NASA_GLC,0,230014,train
3141328e6fd38528,94.3864,26.1147,Nagaland,Wokha,2013-07-01,338.0,2.9198,0.1919,-0.9814,0.0138,0.0045,28.1508,15.2262,199.3844,4.9907,22.5038,55.7386,76.0257,149.1479,54.7114,1802.7754,1,0.85,1.0,downpour,medium,landslide,0,NASA_GLC,1,250017,val
f3b59da6028b6319,88.6236,27.3425,Sikkim,East,2007-09-10,1983.6736,28.6436,-0.9462,0.3237,0.0004,0.0002,39.3901,12.8433,459.2704,42.8509,96.2612,362.3848,610.0807,811.7311,372.0036,3050.8796,1,0.45,10.0,rain,medium,landslide,0,NASA_GLC,0,20023,test
e9b6159454d010ee,92.7239,24.5202,Assam,Hailakandi,2016-05-18,41.0275,0.5363,-0.7956,-0.6058,-0.0189,-0.0002,1.9865,17.0899,10.5468,182.6838,214.4782,260.3884,277.3929,593.0526,274.4598,2745.4338,1,0.85,1.0,continuous_rain,unknown,landslide,2,NASA_GLC,1,180010,test
611916460dd86c12,93.5142,24.9818,Manipur,Tamenglong,2015-07-24,1257.6124,3.4814,0.7229,0.691,0.0014,1e-04,11.7575,14.9979,333.5825,19.657,41.3864,151.8718,204.0046,388.43,141.5225,1509.9784,1,0.2,50.0,monsoon,medium,mudslide,0,NASA_GLC,0,210012,train
d4a0bcc6368d8776,91.7998,26.1985,Assam,Kamrup,2014-09-22,78.1392,6.9173,-0.9438,-0.3306,0.0055,0.0007,9.4182,14.7054,93.2589,90.2191,112.9435,128.2589,215.2935,289.2668,162.8177,1511.5951,1,0.6,5.0,rain,small,landslide,0,NASA_GLC,0,150018,train
305f2cfd7ff9fb66,94.1139,25.6269,Nagaland,Kohima,2013-07-12,1567.588,13.2842,0.7653,0.6437,-0.0046,0.0013,16.409,13.4313,289.5886,39.6041,78.5802,150.4076,285.4558,328.8984,176.0366,1523.0817,1,0.45,10.0,downpour,medium,landslide,0,NASA_GLC,0,240015,train
f3a17590074884e1,94.1139,25.6269,Nagaland,Kohima,2013-07-15,1567.588,13.2842,0.7653,0.6437,-0.0046,0.0013,16.409,13.4313,289.5886,1.2757,10.4458,107.7485,268.3424,338.1249,137.2484,1523.0817,1,0.45,10.0,rain,medium,landslide,0,NASA_GLC,0,240015,train
6cd119923584db2b,94.0564,24.4279,Manipur,Chandel,2007-09-11,898.5164,8.7386,-0.3171,0.9484,-0.0068,-0.0005,18.1864,14.0102,155.0468,3.5299,21.6291,129.1356,154.3932,233.4188,100.1814,1680.3857,1,0.2,50.0,rain,medium,landslide,3,NASA_GLC,0,240010,train
122e6a17a5f43ef6,94.9275,26.8727,Nagaland,Mon,2013-08-16,133.6026,2.4766,0.5826,-0.8128,0.0,-0.0,3.1319,15.8369,61.8275,28.3837,60.5453,98.6434,198.0937,346.8796,126.793,2070.655,1,0.3,25.0,rain,medium,landslide,0,NASA_GLC,0,270021,train
dccdb8d1a261ddb2,93.7273,27.0011,Assam,Lakhimpur,2010-09-10,110.616,1.4933,0.197,-0.9804,-0.0021,-1e-04,1.6909,16.2559,15.0879,31.7536,72.628,121.0936,221.57,414.3595,144.2008,2033.2314,1,0.25,25.0,downpour,medium,landslide,0,NASA_GLC,0,220021,val
122fab367a8c4a2b,92.7463,23.7327,Mizoram,Aizawl,2014-07-14,835.0314,25.2742,-0.9,-0.4359,-0.0026,-0.0005,32.923,13.1077,286.1559,25.9242,47.9644,63.5873,84.6015,224.3156,76.8713,2282.0493,1,0.6,5.0,downpour,medium,landslide,1,NASA_GLC,0,180007,train
207170d74f9a6cac,88.708,27.3721,Sikkim,East,2013-06-08,3123.0835,35.6292,-0.9715,-0.2369,0.0006,-0.0006,49.338,12.2724,806.884,19.1192,92.6699,202.4746,345.2981,432.5423,222.8068,3612.4756,1,0.3,25.0,downpour,medium,landslide,0,NASA_GLC,0,20023,test
8385b2e5a977b617,90.5573,25.203,Meghalaya,South Garo Hills,2016-07-19,126.2316,19.102,-0.983,0.1835,-0.0071,0.0019,28.8038,13.2998,187.9541,149.0001,399.5124,551.1612,775.0899,1601.8368,605.3016,5971.0938,1,0.6,5.0,continuous_rain,large,translational_slide,0,NASA_GLC,0,100013,train
eb2eed37a08a62f9,94.8158,26.1984,Nagaland,Tuensang,2010-08-19,1882.1384,22.8197,0.9816,-0.1909,0.0045,0.0006,32.3319,12.7799,460.9418,16.9139,38.6466,133.1707,177.8926,414.2938,142.2878,1903.9517,1,0.85,1.0,downpour,medium,landslide,0,NASA_GLC,1,270018,test
a0cdc823adc90038,92.4943,24.4638,Assam,Karimganj,2016-05-18,100.8616,5.371,-0.9887,-0.1498,-0.012,-0.0013,15.3162,14.9314,103.879,188.9328,228.1858,271.4377,285.5911,532.4837,278.1656,2719.7605,1,0.45,10.0,continuous_rain,medium,landslide,5,NASA_GLC,0,170010,val
d5c98ed6ce12909d,92.7413,23.7541,Mizoram,Aizawl,2010-09-13,969.5268,17.718,0.5088,0.8609,0.0004,-1e-04,22.5487,13.0663,373.8918,10.8912,40.2885,63.7369,228.8756,402.4349,134.1744,2282.0493,1,0.85,1.0,downpour,medium,landslide,0,NASA_GLC,1,180007,train
27675a07de25e91e,94.803,26.0814,Nagaland,Tuensang,2010-08-14,993.4092,33.2025,0.9082,0.4184,-0.0028,-0.0007,44.5348,12.3111,462.5124,12.534,25.1979,45.8286,145.963,329.8034,88.6438,1836.4976,1,0.3,25.0,downpour,medium,landslide,0,NASA_GLC,0,270017,train
2e517f00f2a91034,94.1318,25.7902,Nagaland,Kohima,2016-07-10,1272.7227,12.4012,0.0814,0.9967,-0.0002,1e-04,16.8136,13.592,189.7026,3.5268,15.9689,82.442,171.8154,306.1323,99.9832,1561.039,1,0.3,25.0,downpour,medium,landslide,0,NASA_GLC,0,240016,train
f5b42479a06f9bae,93.4957,24.8961,Manipur,Tamenglong,2010-08-19,1012.4172,19.0308,-0.3708,0.9287,-0.0134,-0.0,34.2986,13.2668,702.7444,9.8814,12.8467,42.8571,55.5945,213.6626,53.4359,1509.9784,1,0.6,5.0,downpour,medium,mudslide,0,NASA_GLC,0,210012,train
a857c9c7f5ebe240,93.9136,25.7428,Nagaland,Dimapur,2007-08-28,502.9912,22.4952,0.9176,-0.3975,-0.0006,0.0006,28.5662,12.9717,275.6499,23.81,56.0126,117.0766,229.3928,341.2079,135.7316,1523.0817,1,0.2,50.0,rain,medium,landslide,1,NASA_GLC,0,230016,train
18f4729e5ddd7509,92.7878,23.3572,Mizoram,Aizawl,2015-08-26,1360.7908,13.389,-0.8461,-0.5331,-0.0,-0.0033,17.4088,13.3073,384.8704,27.5317,117.9506,208.6069,264.0241,367.8323,195.7736,2267.057,1,0.6,5.0,continuous_rain,medium,landslide,1,NASA_GLC,0,190005,train
64f9fb81d4fe084f,94.116,25.6156,Nagaland,Kohima,2010-08-19,1581.1141,23.1999,-0.2281,0.9736,-0.0,0.0005,28.1387,12.4536,375.0598,15.0931,26.055,78.8364,88.7118,341.3924,87.2126,1517.4457,1,0.6,5.0,downpour,medium,landslide,0,NASA_GLC,0,240015,train
801f5d017ea68a1f,94.8833,26.4333,Nagaland,Tuensang,2010-06-17,590.4327,22.813,0.602,-0.7985,-0.0053,-1e-04,32.3793,13.1281,222.9133,18.7148,83.4113,182.5672,306.5472,448.3348,192.4591,2031.727,1,0.3,25.0,downpour,medium,landslide,0,NASA_GLC,0,270019,train
0aa116ae821cedf5,88.4909,27.2084,Sikkim,East,2007-09-11,417.3271,41.1352,0.1813,-0.9834,0.0018,0.0006,56.0999,11.9018,450.932,60.2345,115.7514,391.1474,644.5631,844.8317,393.8876,3050.8796,1,0.6,5.0,rain,medium,debris_flow,0,NASA_GLC,0,10022,test
46c57e3200245f52,91.7548,26.1314,Assam,Kamrup,2014-09-22,78.5203,3.2954,0.9751,0.2216,0.0039,0.0,5.2494,15.3405,51.4938,90.2191,112.9435,128.2589,215.2935,289.2668,162.8177,1511.5951,1,0.85,1.0,rain,small,landslide,0,NASA_GLC,1,140017,val
1d444272e53f8c82,94.1167,27.2333,Assam,Lakhimpur,2008-10-29,90.3952,0.1841,-0.2959,0.9552,0.0044,1e-04,0.2423,17.939,13.473,0.2297,27.3791,28.1757,28.1757,141.5691,32.6273,3270.411,1,0.2,50.0,downpour,medium,landslide,0,NASA_GLC,0,240022,train
9cb8003d229e7afe,92.6921,24.1293,Mizoram,Kolasib,2007-09-29,824.6757,5.6811,0.4893,0.8721,-0.0104,0.0002,6.3071,14.8604,265.4351,14.6686,68.9897,69.8375,103.1768,516.0739,113.9232,2410.2793,1,0.2,50.0,rain,medium,landslide,0,NASA_GLC,0,180009,val
b26f52e5ac142386,94.0144,25.0356,Manipur,Senapati,2011-06-28,812.4506,19.1229,-0.5232,0.8522,0.0022,0.0004,26.4672,13.3506,149.1366,22.3974,77.9006,109.1961,176.6786,300.1388,127.5562,1422.8877,1,0.3,25.0,rain,medium,landslide,0,NASA_GLC,0,230013,val
f7c4e4faae084ad3,94.1884,25.3833,Manipur,Senapati,2013-08-15,1669.1316,11.7769,-0.7062,0.708,-0.0077,-0.0016,14.3531,13.853,277.113,14.1275,53.1392,72.662,168.3562,280.3882,109.5172,1534.025,1,0.6,5.0,downpour,medium,landslide,0,NASA_GLC,0,240014,train
ab5997c309f5c486,91.7042,26.1666,Assam,Kamrup,2015-09-23,214.3157,10.5788,-0.9553,-0.2958,-0.0003,1e-04,13.4096,13.9075,174.7856,47.2928,58.6752,60.2839,89.671,187.5926,76.245,1511.5951,1,0.85,1.0,continuous_rain,medium,landslide,0,NASA_GLC,1,140018,train
5adc9bab82ec7302,94.1383,25.48,Manipur,Senapati,2016-07-25,1676.182,18.0788,-0.7068,0.7074,1e-04,-1e-04,21.1,12.9775,223.5332,2.6438,10.2287,27.0574,124.5474,292.158,71.2564,1534.025,1,0.85,1.0,continuous_rain,medium,landslide,0,NASA_GLC,1,240015,train
b7d83339dea78f30,92.9974,24.7979,Assam,Cachar,2015-07-22,24.8954,0.3301,0.8742,-0.4856,0.002,-0.0,0.426,17.2891,9.4491,80.4473,133.0955,213.871,365.6516,472.7592,244.897,2521.342,1,0.6,5.0,continuous_rain,medium,landslide,5,NASA_GLC,0,190012,train
2027777806b3f0ee,91.7082,26.1044,Assam,Kamrup,2014-09-22,53.103,0.4969,0.2637,0.9646,-0.0007,0.0,1.6174,16.7525,43.2995,65.7547,108.5892,127.4545,213.4563,305.8683,157.3616,1519.5187,1,0.6,5.0,rain,small,landslide,0,NASA_GLC,0,140017,val
fbf1922554318a32,93.8275,24.9336,Manipur,Senapati,2008-06-19,1002.8431,12.506,-0.1076,0.9942,-0.001,1e-04,14.294,13.1051,219.1807,9.9709,21.4982,46.4493,92.0647,119.9509,55.9551,1426.5697,1,0.3,25.0,monsoon,medium,mudslide,0,NASA_GLC,0,230012,train
cf077a8369b4c06f,94.9731,26.4205,Nagaland,Mon,2013-08-16,663.5088,2.5699,0.6834,-0.7301,0.0257,0.0031,22.3112,14.7366,315.9444,56.1356,77.4736,147.2549,265.3206,443.5322,174.1058,2031.727,1,0.6,5.0,rain,medium,landslide,0,NASA_GLC,0,270019,train
679b0a37670c4278,93.6885,27.1034,Arunachal Pradesh,Papum Pare,2011-08-05,147.8312,1.3299,0.9998,-0.0189,0.0121,1e-04,2.8204,15.7779,38.6267,37.2028,70.8329,107.0283,201.0318,413.9096,143.1762,2033.2314,1,0.6,5.0,downpour,medium,landslide,0,NASA_GLC,0,220022,train
d6f6317769b9428a,93.0153,27.4888,Arunachal Pradesh,East Kameng,2011-08-15,602.0948,25.6202,0.9393,-0.3431,-0.0042,-1e-04,34.9825,12.6505,329.222,28.2766,56.815,61.4889,148.9698,461.91,117.815,2243.7942,1,0.2,50.0,downpour,medium,landslide,0,NASA_GLC,0,190023,val
0d0e53980aed893e,94.3136,25.0118,Manipur,Ukhrul,2016-07-07,1396.926,7.8118,0.9603,-0.2791,-1e-04,-0.0022,16.716,14.0969,251.7088,7.8076,28.2725,89.2677,139.358,262.1401,90.9154,1404.2817,1,0.3,25.0,monsoon,large,landslide,0,NASA_GLC,0,250012,val
d4a633470c12ec91,95.1645,28.1193,Arunachal Pradesh,East Siang,2013-02-18,800.2716,36.8062,-0.7371,-0.6757,0.0007,0.0014,49.6305,12.2107,385.4916,11.541,13.8107,13.8107,13.8107,20.187,13.9131,2851.7588,1,0.6,5.0,rain,medium,landslide,3,NASA_GLC,0,280026,train
3cb36ef484cb9927,93.3729,25.1019,Manipur,Tamenglong,2015-08-11,1134.7612,13.4973,-0.8522,0.5233,-0.0035,-0.0017,17.626,13.7345,306.824,0.0,66.157,88.1485,199.7799,411.9138,126.304,1775.3992,1,0.6,5.0,continuous_rain,medium,landslide,0,NASA_GLC,0,210013,train
9f83676796a67783,88.559,27.3773,Sikkim,East,2010-07-21,1488.7678,27.3014,0.2554,-0.9668,0.0025,-0.0003,36.2516,12.1866,566.1846,32.6742,71.3765,133.5,266.76,501.2458,179.4596,2545.4712,1,0.3,25.0,downpour,medium,landslide,0,NASA_GLC,0,20023,test
4b2d9167bcf307d3,94.8133,26.2363,Nagaland,Tuensang,2010-07-06,1565.3239,11.9265,0.594,0.8045,-0.0002,-0.001,14.3185,13.7253,239.5189,25.4108,50.2087,94.7442,180.4247,359.6913,126.4684,1903.9517,1,0.6,5.0,monsoon,medium,mudslide,0,NASA_GLC,0,270018,test
619a161fadd40861,94.1051,25.6278,Nagaland,Kohima,2015-08-19,1504.4923,13.9119,0.6542,0.7563,0.0018,0.0009,16.8649,13.2683,386.5359,2.4875,3.4672,17.1416,85.3798,157.1325,42.452,1523.0817,1,0.6,5.0,continuous_rain,medium,landslide,0,NASA_GLC,0,240015,train
27f0fcf5dfb3b629,92.7142,23.7418,Mizoram,Aizawl,2010-09-13,974.2616,30.5716,0.2766,-0.961,0.002,0.0002,40.4345,12.644,422.617,10.8912,40.2885,63.7369,228.8756,402.4349,134.1744,2282.0493,1,0.85,1.0,downpour,medium,landslide,0,NASA_GLC,1,180007,train
4ff3ebb1eb0eddc7,91.7174,23.0137,Tripura,South Tripura,2014-08-14,29.4354,3.4731,0.8259,-0.5638,0.0027,-1e-04,5.3282,15.3629,36.058,0.0,0.0,0.0,0.0,0.0,0.0,0.0,1,0.6,5.0,downpour,medium,mudslide,3,NASA_GLC,0,140004,train
6cbd9baf67bb5790,88.7628,27.3765,Sikkim,East,2013-06-27,3751.0,6.1929,-0.9872,-0.1597,-0.0021,0.0023,7.2269,14.541,309.9854,6.4798,88.5231,113.2037,189.2902,547.6904,151.902,2887.921,1,0.85,1.0,downpour,medium,landslide,0,NASA_GLC,1,20023,test
7bf046ae192c6ec2,94.9152,26.222,Nagaland,Tuensang,2010-08-14,1795.9976,28.6713,0.8672,-0.4979,-0.0009,0.0002,38.8659,12.191,521.0907,24.1468,49.551,79.4404,180.9319,392.0192,119.329,1953.7394,1,0.3,25.0,downpour,medium,landslide,0,NASA_GLC,0,270018,test
cdeb500e659b4748,94.5163,26.0137,Nagaland,Zunheboto,2013-08-04,1720.007,16.4638,-0.8,-0.6,0.0018,-0.0015,20.8589,13.2356,297.6956,0.0,18.9144,33.2933,89.1922,297.0366,67.7378,1802.7754,1,0.3,25.0,continuous_rain,medium,landslide,0,NASA_GLC,0,250017,val
7fdec4cf6ec37dbe,91.7645,26.1407,Assam,Kamrup,2014-06-26,56.4402,1.3566,-0.5812,0.8138,0.0046,0.0003,1.7055,15.9464,28.4031,0.2501,19.1589,92.2253,110.5938,204.621,81.7877,1511.5951,1,0.6,5.0,continuous_rain,small,landslide,3,NASA_GLC,0,140017,val
19a99c6d6e7c21ab,93.117,24.808,Assam,East Imphal,2011-09-06,40.515,1.9018,0.8512,0.5248,-0.0067,-0.0004,3.4088,16.0944,24.4447,73.5134,77.6116,106.2998,258.5889,490.7534,162.7806,2521.342,1,0.85,1.0,rain,medium,landslide,3,NASA_GLC,1,200012,val
431c481fc29351d2,88.4575,27.1344,Sikkim,South Sikkim,2009-08-20,634.5524,19.7357,-0.1068,-0.9943,-0.0015,-0.0006,25.2392,12.929,403.3016,31.1071,160.5953,290.1626,416.1394,768.9588,314.8124,3050.8796,1,0.6,5.0,downpour,medium,landslide,0,NASA_GLC,0,10022,test
31f89b2b49167315,90.215,25.5114,Meghalaya,West Garo Hills,2015-06-16,327.0016,4.2052,-0.116,-0.9932,-0.0169,-0.0004,9.2036,14.8122,115.4956,16.1797,41.4785,287.398,533.7328,995.1749,345.2396,3075.9753,1,0.85,1.0,downpour,medium,landslide,4,NASA_GLC,1,80015,train
f57cfc4582e223df,94.7861,25.8877,Nagaland,Tuensang,2010-07-06,1169.6448,6.9009,0.8004,0.5994,-0.0095,-0.0018,11.2058,14.1626,248.5156,18.5063,32.0423,83.3468,162.2574,337.9369,112.0148,1836.4976,1,0.6,5.0,monsoon,medium,mudslide,0,NASA_GLC,0,270016,train
3c58ba8a33bc3b0c,94.1072,25.6623,Nagaland,Kohima,2010-10-10,1393.8207,9.6964,0.8283,0.5602,-0.003,-0.0004,11.7652,13.9776,169.5968,0.0,73.3218,92.8492,138.9965,330.6028,116.7221,1523.0817,1,0.85,1.0,downpour,medium,landslide,0,NASA_GLC,1,240015,train
5c619ecae89e0b1b,91.3681,25.9611,Assam,Kamrup,2016-07-07,182.2757,4.3297,0.2365,0.9716,0.0086,-0.0005,6.2391,14.8817,120.0477,23.446,34.4827,63.6792,116.165,374.7962,99.0849,1765.9095,1,0.2,50.0,continuous_rain,medium,landslide,2,NASA_GLC,0,130017,test
a6107177b94d6c02,93.9161,24.7339,Manipur,West Imphal,2010-03-27,855.4575,19.1174,-0.4042,0.9147,0.0012,-0.0021,21.824,13.4338,136.9158,9.4691,9.6452,9.6452,9.8276,25.4457,11.3528,1428.1997,1,0.6,5.0,downpour,medium,mudslide,0,NASA_GLC,0,230011,test
16235c041f652cb6,91.7665,26.1978,Assam,Kamrup,2010-04-20,77.6644,9.8549,-0.5234,0.8521,-0.0019,0.0002,12.7566,13.8165,122.9521,28.9444,85.7995,119.325,127.2546,202.7015,112.3939,1511.5951,1,1.0,0.1,downpour,medium,landslide,0,NASA_GLC,1,140018,train
6acb195b47f932e3,94.3551,24.819,Manipur,Ukhrul,2015-07-31,1634.2756,22.5756,-0.1711,-0.9853,0.0011,-0.0008,28.2056,12.9531,357.5134,33.3951,42.3903,60.1273,224.6778,327.268,116.9627,1092.0088,1,0.45,10.0,continuous_rain,medium,landslide,0,NASA_GLC,0,250012,val
dd26486485cd280a,92.2121,25.463,Meghalaya,Jaintia Hills,2015-06-13,1374.2489,2.069,0.0742,0.9972,0.0027,-1e-04,2.8154,16.0321,65.668,57.5013,88.1214,162.2917,234.2926,330.7792,163.7753,1368.0874,1,0.6,5.0,continuous_rain,medium,landslide,4,NASA_GLC,0,160014,train
a4ae753ff1f1297b,94.4759,24.9111,Manipur,Ukhrul,2015-08-01,1821.0718,24.0965,0.9104,0.4138,0.002,-0.0003,33.3847,12.9618,366.4255,85.5459,123.2649,141.3081,297.3533,385.7425,188.6282,1197.038,1,0.45,10.0,continuous_rain,medium,landslide,0,NASA_GLC,0,250012,val
f29685af8b698e60,95.2253,27.8458,Assam,East Siang,2012-09-19,134.2947,0.2787,0.5678,-0.8232,0.005,-0.0,0.4659,17.7804,12.0085,0.0,0.0,0.0,0.0,14.3884,1.6396,2200.1365,1,0.85,1.0,downpour,medium,landslide,0,NASA_GLC,1,280025,val
781670ffcc6c81e0,91.7599,23.8986,Tripura,West Tripura,2010-06-03,181.6419,4.5874,0.089,0.996,0.0297,0.0011,23.4114,14.9278,182.6482,42.1157,52.8212,196.8739,447.6065,600.0956,239.6021,2468.359,1,0.6,5.0,downpour,medium,landslide,0,NASA_GLC,0,140008,train
dead14799aac1978,93.8673,25.5265,Manipur,Senapati,2010-10-09,1412.761,26.8653,0.7167,-0.6974,-0.001,0.0,32.9757,12.4523,476.1248,10.9644,126.3673,146.7716,188.1574,300.3552,155.6983,1544.1954,1,0.2,50.0,downpour,medium,landslide,0,NASA_GLC,0,230015,train
3779ba7481f192c2,91.8717,26.1062,Assam,Kamrup,2015-07-25,241.7624,10.4445,-0.8633,0.5047,-0.0009,-0.0008,15.5401,13.8175,241.5772,3.9574,46.8027,70.2946,141.166,240.9556,94.0998,1519.5187,1,0.6,5.0,continuous_rain,medium,landslide,2,NASA_GLC,0,150017,train
41f5ce779a0a3bf2,94.1399,25.4788,Manipur,Senapati,2010-10-09,1628.2211,13.1942,-0.9229,0.3851,0.0011,-1e-04,15.313,13.3532,232.9285,41.8844,96.1842,103.1976,153.6889,321.8527,132.9506,1534.025,1,0.45,10.0,downpour,medium,landslide,0,NASA_GLC,0,240015,train
c17eac1353189d16,88.1365,27.2644,Sikkim,West Sikkim,2009-08-19,1285.5162,20.9213,0.8641,0.5034,0.0029,0.0025,28.6234,12.4538,271.4911,84.8386,106.6599,212.7524,275.8136,460.9613,212.4754,2572.1633,1,0.45,10.0,downpour,medium,landslide,2,NASA_GLC,0,22,train
8a437805544a1229,90.0896,25.5006,Meghalaya,West Garo Hills,2014-10-20,44.7625,0.4142,0.775,0.632,0.0662,0.0,1.0298,17.5479,61.8612,0.0,0.0,15.3568,16.0443,640.3285,46.259,3184.4531,1,0.2,50.0,rain,medium,landslide,6,NASA_GLC,0,80015,train
f41a14ffa116712c,91.7138,26.1662,Assam,Kamrup,2013-05-11,121.5378,21.8221,-0.645,0.7642,0.002,0.0007,26.0309,13.2359,241.0499,18.4606,50.2481,63.1985,98.0402,149.6784,70.892,1511.5951,1,0.2,50.0,rain,medium,landslide,0,NASA_GLC,0,140018,train
667936e7d8d61a01,94.5234,25.8376,Nagaland,Zunheboto,2013-08-04,800.3344,1.0413,-0.8782,-0.4782,0.0256,-0.0,1.7728,15.6161,197.8552,0.346,17.1131,30.3135,72.5342,287.7245,60.7573,1679.2863,1,0.25,25.0,continuous_rain,medium,landslide,0,NASA_GLC,0,250016,train
6d3920aa92128af1,94.4619,26.0481,Nagaland,Zunheboto,2013-08-04,894.732,29.9032,-0.0503,-0.9987,0.0007,0.0002,36.2486,12.5213,415.7339,0.0,18.9144,33.2933,89.1922,297.0366,67.7378,1802.7754,1,0.25,25.0,continuous_rain,medium,landslide,0,NASA_GLC,0,250017,val
08dd4a5eb18de9ba,91.8342,26.1324,Assam,Kamrup,2014-09-22,90.554,12.6127,0.9813,-0.1925,-0.0005,0.0006,16.821,13.7335,136.0344,90.2191,112.9435,128.2589,215.2935,289.2668,162.8177,1511.5951,1,0.6,5.0,rain,small,landslide,0,NASA_GLC,0,150017,train
96bd54fad404672d,88.6458,27.1748,Sikkim,East,2012-06-07,949.0884,20.739,-0.0855,-0.9963,-0.0026,0.0011,22.1396,12.3043,363.124,2.1644,19.3849,65.179,137.8069,224.8068,73.9695,3612.4756,1,0.3,25.0,rain,large,landslide,7,NASA_GLC,0,20022,train
a8555bb86a51a812,94.7844,25.8702,Nagaland,Tuensang,2016-07-28,1137.8922,11.5173,0.4643,0.8857,-0.0054,-0.0037,20.6008,13.8383,289.6791,9.4501,33.5312,63.9436,151.594,314.513,87.248,1784.5413,1,0.85,1.0,downpour,medium,landslide,0,NASA_GLC,1,270016,train
e4f2fa5944f4f3e8,94.5224,26.0214,Nagaland,Zunheboto,2015-08-19,1616.0422,16.7836,0.2323,-0.9726,0.007,0.0005,27.45,13.6823,336.4957,4.346,8.1863,41.5512,161.759,338.5426,76.1905,1802.7754,1,0.2,50.0,continuous_rain,medium,landslide,0,NASA_GLC,0,250017,val
00701395f55e9b06,93.4251,24.7459,Manipur,Tamenglong,2015-08-11,761.2368,18.675,0.1349,0.9909,-0.0057,-0.0022,22.1615,13.3224,332.4671,0.0,67.6012,84.502,224.9866,417.2915,130.276,1640.2489,1,0.45,10.0,continuous_rain,medium,landslide,0,NASA_GLC,0,210011,train
c4daa2c7b793d5ae,92.3825,25.2568,Meghalaya,Jaintia Hills,2015-08-19,794.4146,8.0908,-0.9989,-0.0463,-0.001,0.0003,11.7053,13.9285,164.0013,16.6889,29.7262,41.1904,130.6128,313.4858,76.7816,2192.1719,1,0.3,25.0,rain,medium,landslide,0,NASA_GLC,0,170014,train
974abf22bb01889c,96.9262,27.8835,Arunachal Pradesh,Lohit,2015-08-16,997.7466,39.3442,-0.5724,-0.82,-0.0034,0.001,56.4224,11.9492,473.9144,17.2,37.2,103.1,262.3,307.1,128.3624,1532.2438,1,0.2,50.0,continuous_rain,medium,landslide,0,NASA_GLC,0,350025,test
cc3d2b06326de6cb,96.5316,28.0822,Arunachal Pradesh,Lohit,2016-05-01,582.9268,16.5513,-0.3506,-0.9365,-0.0055,1e-04,22.7646,13.0996,357.4098,33.6899,94.4406,190.2926,511.9206,876.3864,303.9057,1580.7848,1,0.85,1.0,downpour,medium,landslide,0,NASA_GLC,1,340026,train
ef18beeeb2d1f7b9,91.7056,26.1295,Assam,Kamrup,2014-09-22,144.8551,2.9632,-0.5659,0.8245,-0.0058,-0.0008,8.5302,15.5856,75.0624,90.2191,112.9435,128.2589,215.2935,289.2668,162.8177,1511.5951,1,0.6,5.0,rain,small,landslide,0,NASA_GLC,0,140017,val
d09fa66d91b7c1dc,88.3652,27.167,Sikkim,South Sikkim,2010-08-20,1478.3624,21.4917,-0.9892,0.1465,-0.0029,0.0005,29.0248,12.7535,375.2467,8.9923,117.0167,138.9266,215.8284,524.0574,176.3638,2572.1633,1,0.45,10.0,downpour,medium,complex,0,NASA_GLC,0,10022,test
c8efd1a1b75a9fa1,94.1211,25.5718,Nagaland,Kohima,2010-08-21,1623.4604,11.6653,0.9952,-0.0975,0.0037,0.0044,22.5831,13.662,559.3224,32.5909,60.2803,103.6041,133.0939,313.6136,111.615,1517.4457,1,0.45,10.0,downpour,medium,landslide,0,NASA_GLC,0,240015,train
ca8c11a9efe8b924,94.5497,26.1807,Nagaland,Zunheboto,2013-08-04,1607.4312,23.9113,-0.9956,0.0932,0.0043,0.0002,35.1696,12.8368,483.3927,0.0,27.6597,40.6293,147.6558,338.9963,92.3381,1860.061,1,0.6,5.0,monsoon,medium,landslide,0,NASA_GLC,0,260018,train
c028303630cf57bd,88.7648,27.3746,Sikkim,East,2009-08-26,3751.0,8.6333,0.374,-0.9274,0.0029,0.0023,8.4153,13.9756,234.3262,21.0339,42.4046,148.2146,561.2699,1006.6963,292.4946,3612.4756,1,0.3,25.0,rain,medium,landslide,0,NASA_GLC,0,20023,test
29fa666ce9ae5545,91.8074,26.1963,Assam,Kamrup,2016-07-14,165.577,15.2902,-0.798,0.6026,0.0002,-0.0008,20.436,13.7597,123.8893,5.4633,9.6306,39.1995,82.1528,157.0204,49.4577,1511.5951,1,0.6,5.0,monsoon,small,landslide,1,NASA_GLC,0,150018,train
84918c900a054ecb,88.6475,27.5509,Sikkim,North Sikkim,2010-07-21,1414.8273,44.2116,-0.9345,-0.3559,-0.0004,0.001,69.8787,11.5178,515.7335,54.7892,100.8146,204.7012,391.5472,710.6632,259.8216,2887.921,1,0.25,25.0,downpour,medium,landslide,0,NASA_GLC,0,20024,test
f2d0d8044336259d,94.4703,25.6633,Nagaland,Phek,2010-10-08,1455.6292,4.2259,0.9392,-0.3433,-0.0206,-0.0005,7.119,14.7554,254.1182,12.8836,26.0424,41.3277,114.1009,237.6149,66.3661,1679.2863,1,0.6,5.0,downpour,medium,complex,0,NASA_GLC,0,250015,train
31ebe904bf253c1e,88.4883,27.201,Sikkim,East,2007-09-07,395.7768,34.8048,-0.5264,-0.8503,0.0012,0.0006,45.9458,12.0122,350.5134,128.0914,234.6516,347.191,581.3416,746.3582,392.238,3050.8796,1,0.3,25.0,rain,large,landslide,0,NASA_GLC,0,10022,test
4a1a7c2b72841a7d,91.8178,26.159,Assam,Kamrup,2014-09-22,55.7712,2.7672,-0.4814,0.8765,0.0039,0.0004,3.6879,15.02,80.4944,90.2191,112.9435,128.2589,215.2935,289.2668,162.8177,1511.5951,1,0.6,5.0,rain,small,landslide,0,NASA_GLC,0,150018,train
0bc17b9978141760,91.25,26.3333,Assam,Barpeta,2008-10-29,42.3746,0.1774,0.9934,-0.1145,-0.0033,-0.0,0.4002,18.4488,3.4715,0.0,42.406,42.406,42.406,74.4354,40.2198,1700.1528,1,0.2,50.0,downpour,medium,landslide,7,NASA_GLC,0,120018,train
e089a6b82e0f2293,95.029,26.72,Nagaland,Mon,2013-07-01,683.0319,8.802,0.9774,0.2116,-0.0083,0.0022,15.4453,14.2268,166.7692,11.3596,29.3246,115.7486,201.1326,313.9475,121.0225,2070.655,1,0.6,5.0,downpour,medium,landslide,0,NASA_GLC,0,280020,train
5d470d4e72499a1e,94.108,25.4192,Manipur,Senapati,2011-07-29,1382.6461,13.0364,0.406,0.9139,0.0027,-0.0014,16.6022,13.5742,205.7285,10.2381,12.0823,72.6993,128.3281,275.137,88.7312,1517.4457,1,0.45,10.0,rain,medium,landslide,0,NASA_GLC,0,240014,train
711f9d9a6c068b0b,88.7323,27.3736,Sikkim,East,2013-09-07,3413.8943,13.495,-0.9404,-0.34,-1e-04,0.004,21.6506,13.2289,315.4817,56.4342,149.3529,216.85,302.4036,561.7652,238.7592,3612.4756,1,0.3,25.0,rain,medium,landslide,0,NASA_GLC,0,20023,test
b7585260422f3c39,93.123,25.1718,Assam,North Cachar Hills,2009-08-27,727.5644,12.1212,-0.1492,-0.9888,-0.0142,-1e-04,18.465,13.5913,192.4643,29.4385,44.7582,49.4157,95.4898,263.346,80.2668,1708.6143,1,0.45,10.0,downpour,medium,landslide,0,NASA_GLC,0,200013,train
ce6a386f06eecf69,94.6024,25.426,Manipur,Ukhrul,2013-10-13,1345.7954,11.8117,0.9902,-0.1395,-0.0144,-0.0006,16.1676,13.6712,242.8071,0.0,0.0,41.5309,73.2735,144.9324,47.8279,1582.398,1,0.6,5.0,downpour,medium,mudslide,0,NASA_GLC,0,260014,test
c26f1b718d5a54e4,94.5238,26.0093,Nagaland,Zunheboto,2010-07-06,1799.4436,15.2843,-0.0279,0.9996,0.0015,-0.0008,16.9691,13.6466,188.3701,19.6222,31.4362,81.9956,158.8471,330.4752,110.2182,1802.7754,1,0.6,5.0,monsoon,medium,mudslide,0,NASA_GLC,0,250017,val
6b114649b8c17286,93.7525,27.1614,Arunachal Pradesh,Papum Pare,2013-09-02,151.4687,2.6221,-0.6152,0.7884,-0.0058,0.0003,4.7913,15.2205,127.4898,57.0678,83.2181,231.6806,313.8364,623.9462,234.5798,3117.1023,1,0.25,25.0,downpour,large,landslide,0,NASA_GLC,0,220022,train
7b9fc1274fa9b90f,91.6739,26.1868,Assam,Kamrup,2015-09-01,50.3999,1.1646,0.8117,-0.5841,0.0003,1e-04,1.5591,16.768,14.3619,12.4572,48.8701,64.9468,210.9016,332.5517,117.5828,1511.5951,1,0.85,1.0,rain,medium,rock_fall,2,NASA_GLC,1,140018,train
f478ae730b0675ba,94.2341,25.5162,Nagaland,Phek,2011-06-21,1650.4368,21.4006,0.0727,-0.9974,0.0006,0.0006,24.8805,12.6332,380.9131,2.2594,3.5582,37.6193,137.7273,222.1893,66.5649,1534.025,1,0.85,1.0,rain,medium,landslide,0,NASA_GLC,1,240015,train
4c21573255ffe097,88.632,27.7565,Sikkim,North Sikkim,2012-06-07,3886.7231,18.8166,0.5579,0.8299,0.001,0.0029,21.7768,12.2455,490.9964,1.4444,23.7337,59.9637,105.3725,183.1481,68.0423,2626.8398,1,0.3,25.0,downpour,large,landslide,7,NASA_GLC,0,20025,train
738c9a5ee2f1111a,93.0038,26.5836,Assam,Nagaon,2011-07-24,67.8681,0.3871,0.6786,0.7345,-0.0027,-0.0002,0.5153,17.6313,17.6691,4.6754,25.667,68.6864,187.9281,300.4827,97.2216,1615.9535,1,0.2,50.0,downpour,medium,landslide,0,NASA_GLC,0,190019,train
8afae5bdbbf62853,93.9667,25.1333,Manipur,Senapati,2007-08-31,1010.5444,1.3473,-0.5115,-0.8593,-0.0031,-0.0,1.7544,15.9981,99.1852,19.4573,47.782,101.9766,183.7081,320.0138,125.3157,1512.6017,1,0.3,25.0,rain,medium,landslide,0,NASA_GLC,0,230013,val
c01bd1314871310f,91.8506,25.5576,Meghalaya,East Khasi Hills,2007-08-26,1679.087,4.8185,0.7839,0.6209,-0.0062,-0.0006,7.6895,14.8104,155.6812,21.1449,55.1997,100.4936,137.5634,236.3828,99.7502,2416.0737,1,0.25,25.0,rain,medium,complex,0,NASA_GLC,0,150015,train
d438d54575ca237e,94.3415,25.0634,Manipur,Ukhrul,2015-07-31,1783.883,23.2829,0.0556,-0.9985,-0.0019,-0.0005,27.58,12.9135,227.3262,31.8659,40.7794,57.6006,217.0071,325.1176,114.1994,1404.2817,1,0.45,10.0,continuous_rain,medium,mudslide,0,NASA_GLC,0,250013,train
c040ca783430e6dd,93.9128,24.837,Manipur,West Imphal,2010-10-08,790.7514,7.1766,-0.9075,0.4201,-0.009,0.0004,11.2514,13.9399,84.2191,47.9554,100.7487,101.974,140.6245,219.9329,116.9711,1428.1997,1,0.6,5.0,downpour,medium,landslide,0,NASA_GLC,0,230012,train
8275c86e72e7f8e8,88.38,27.1499,Sikkim,South Sikkim,2007-07-16,1148.0953,30.0632,0.9997,0.0252,0.0008,0.0005,41.452,12.0312,517.6648,50.9689,82.1474,168.7194,280.4151,478.6752,189.4298,3050.8796,1,0.3,25.0,rain,medium,mudslide,0,NASA_GLC,0,10022,test
b752e4f5c35aaab8,88.6115,27.1954,Sikkim,East,2009-09-17,471.1492,6.0446,-0.9928,0.1195,0.0004,0.0018,7.8506,14.3471,275.5119,47.9739,68.9016,84.5308,229.9449,494.1256,147.9394,3050.8796,1,0.6,5.0,rain,medium,landslide,0,NASA_GLC,0,20022,train
b6b5271146b091cf,93.6884,27.1032,Arunachal Pradesh,Papum Pare,2011-07-19,151.454,2.0559,0.7951,0.6064,-0.0003,0.0,2.6437,15.3996,52.1803,50.4146,60.4922,175.2414,241.1372,433.3632,173.3104,2033.2314,1,0.45,10.0,downpour,medium,landslide,3,NASA_GLC,0,220022,train
7b350e2fb7e2addd,91.2698,25.4916,Meghalaya,West Khasi Hills,2010-06-28,1478.1434,3.7443,-0.3815,-0.9244,0.0108,0.0006,9.9116,15.3621,89.7277,275.9929,682.1832,960.6376,1674.4413,2763.7385,1179.9877,5616.389,1,0.2,50.0,downpour,medium,landslide,0,NASA_GLC,0,120015,val
e175f51f0b419a73,88.2255,27.1386,Sikkim,West Sikkim,2011-08-23,893.8573,27.2494,0.0889,-0.996,-0.0007,1e-04,34.9735,12.1955,462.1569,7.216,30.7433,77.029,281.3203,526.8452,147.6652,2572.1633,1,0.45,10.0,downpour,medium,landslide,5,NASA_GLC,0,22,train
31627d702ecabb5b,94.0,27.163,Assam,Lakhimpur,2008-08-14,94.4432,0.8049,-0.8555,0.5177,0.0061,-1e-04,2.1405,16.6763,7.7693,0.6088,33.4431,41.9254,181.7824,389.3754,110.2077,3270.411,1,0.2,50.0,rain,medium,landslide,0,NASA_GLC,0,230022,train
f7e30373333f71da,91.7697,26.1619,Assam,Kamrup,2014-06-27,54.7975,0.3202,0.9488,-0.3157,0.0052,-0.0,0.8945,17.3811,40.188,18.99,22.0396,100.3487,128.7259,219.3289,92.4174,1511.5951,1,1.0,0.1,rain,small,landslide,3,NASA_GLC,1,140018,train
9306e7207fa96266,93.9877,25.0604,Manipur,Senapati,2007-09-08,1546.8318,32.0169,0.9981,0.0614,-0.0007,-0.0018,42.8802,12.6349,356.0328,7.3226,86.9379,111.3474,161.4703,266.6229,118.8664,1422.8877,1,0.2,50.0,rain,medium,landslide,0,NASA_GLC,0,230013,val
21833b8cdd5be071,92.3567,25.0951,Meghalaya,Jaintia Hills,2012-06-13,270.6894,22.5275,0.2368,-0.9716,0.0023,-0.0008,30.6406,12.8466,359.6242,0.2043,22.7384,48.8647,278.0129,451.9616,129.027,2864.3525,1,0.2,50.0,downpour,medium,landslide,0,NASA_GLC,0,170013,train
ad4ca3b8b4692ccc,92.9064,27.2743,Arunachal Pradesh,East Kameng,2011-07-16,648.5884,14.5721,-0.4785,-0.8781,0.0067,0.0015,28.9444,13.5332,489.0376,16.304,94.5569,143.8732,259.694,391.0672,164.1146,2321.1013,1,0.45,10.0,downpour,medium,landslide,0,NASA_GLC,0,190022,train
f813fc7a7d574435,89.9032,25.7238,Assam,West Garo Hills,2014-09-23,29.8616,3.3568,-0.7183,-0.6957,0.001,0.0002,3.7184,14.9374,34.8762,48.6773,497.9026,526.8352,576.2034,700.682,494.3973,2964.5413,1,0.6,5.0,continuous_rain,small,landslide,1,NASA_GLC,0,70016,train
a21f6de403b8bb6d,93.9854,25.5007,Manipur,Senapati,2015-07-22,1410.6058,14.973,-0.9995,-0.0311,0.0029,0.0004,20.2985,12.8508,433.862,11.1686,43.9182,121.6747,186.7667,310.5978,114.3481,1517.4457,1,0.6,5.0,continuous_rain,medium,landslide,0,NASA_GLC,0,230015,train
ce299a9eef47585b,93.125,24.3069,Manipur,Churachandpur,2010-09-16,754.6388,22.3162,0.9833,-0.182,-0.0011,-0.0015,29.9565,13.1743,421.9488,22.1912,57.2549,99.8827,255.6056,508.6535,164.292,2505.0334,1,0.6,5.0,downpour,medium,landslide,0,NASA_GLC,0,200009,val
4d65b096cf813db0,94.1057,25.6263,Nagaland,Kohima,2015-08-20,1519.8396,10.2955,0.885,0.4656,0.0204,0.0002,26.2768,13.6444,352.8168,7.7458,11.0668,20.2866,87.41,157.8685,45.6554,1523.0817,1,0.6,5.0,continuous_rain,medium,landslide,0,NASA_GLC,0,240015,train
bd816c47b9c67401,93.6086,27.0869,Arunachal Pradesh,Papum Pare,2014-08-17,318.7105,3.8257,0.4518,-0.8921,-0.0039,-0.0002,4.2811,14.9308,104.3005,0.3633,93.5674,178.4124,270.3642,429.2356,179.4015,1850.1622,1,0.45,10.0,downpour,large,landslide,0,NASA_GLC,0,220022,train
dab906452c99f199,93.0514,23.8447,Mizoram,Aizawl,2015-08-26,1093.1998,30.4676,-0.0501,-0.9987,1e-04,-0.0007,39.3944,12.7814,355.4892,23.7168,106.2203,191.0542,272.8514,375.6183,189.4196,2255.5479,1,0.45,10.0,continuous_rain,medium,mudslide,0,NASA_GLC,0,200007,train
addff0249da88b0b,91.8666,25.5772,Meghalaya,East Khasi Hills,2014-09-23,1480.2073,3.1027,0.8798,-0.4753,-0.0029,-0.0004,4.9271,15.0606,130.305,55.0377,158.7408,253.1788,304.1047,412.5669,234.3838,2416.0737,1,0.6,5.0,continuous_rain,small,landslide,8,NASA_GLC,0,150015,train
80bb7c4bb0768603,92.0757,25.5498,Meghalaya,East Khasi Hills,2012-06-13,1290.1339,11.714,0.9236,-0.3833,-0.001,-0.0019,17.2933,13.9602,123.8209,0.0,12.4519,16.348,84.665,116.5737,38.6084,1845.431,1,0.25,25.0,downpour,medium,landslide,0,NASA_GLC,0,160015,test
86d1aee9fbbd06a5,93.5444,24.8142,Manipur,Tamenglong,2012-06-10,506.6269,30.1371,-0.9424,0.3346,0.0003,-0.0012,40.3778,12.5855,405.685,12.2125,27.2628,111.47,235.2488,438.1114,140.9553,1640.2489,1,0.2,50.0,downpour,very_large,landslide,0,NASA_GLC,0,220012,train
a99574c821a471dc,88.2426,27.3425,Sikkim,West Sikkim,2013-09-01,1375.9338,33.3122,-0.8356,-0.5493,-0.0007,-0.0002,42.9716,12.2259,751.1236,1.8149,6.1964,112.0781,182.2352,288.8518,108.1464,2572.1633,1,0.2,50.0,downpour,medium,landslide,5,NASA_GLC,0,23,train
20c026486dd58df1,92.801,25.0477,Assam,Cachar,2010-07-25,163.2187,7.6082,0.9632,0.2688,0.0223,0.0003,19.8899,13.989,337.9229,0.0,47.1279,68.7268,138.6214,331.7076,98.7169,2501.4507,1,0.3,25.0,downpour,medium,landslide,0,NASA_GLC,0,190013,val
78c38b2ef0ecb2f7,94.0462,25.7022,Nagaland,Kohima,2010-08-13,1000.3981,15.7611,0.2555,0.9668,-0.0003,1e-04,18.597,12.9564,235.948,12.1535,14.1217,15.2881,87.2666,303.1204,60.8216,1523.0817,1,0.6,5.0,downpour,medium,landslide,0,NASA_GLC,0,240016,train
4dc6ed2eaf26b743,94.5247,26.3185,Nagaland,Mokokchung,2016-06-14,1163.8552,13.3121,-0.264,0.9645,-0.0027,-0.0015,15.9165,13.4517,333.2279,8.2713,24.5679,52.808,88.9494,326.961,74.9753,1860.061,1,0.85,1.0,continuous_rain,medium,landslide,0,NASA_GLC,1,250018,train
4e83d7af467a6f28,91.7896,26.1844,Assam,Kamrup,2014-06-26,60.0773,1.3222,-0.9884,0.1516,0.0031,1e-04,1.6654,15.8114,63.0202,0.2501,19.1589,92.2253,110.5938,204.621,81.7877,1511.5951,1,0.6,5.0,continuous_rain,small,landslide,1,NASA_GLC,0,140018,train
6abc33f14d790bb9,94.0691,24.2451,Manipur,Chandel,2007-09-10,1281.6763,32.1298,-0.5447,0.8386,0.0043,-0.0004,44.3245,12.6168,434.1936,6.3093,25.4905,129.105,153.7756,226.0461,107.6397,1498.743,1,0.3,25.0,rain,medium,landslide,0,NASA_GLC,0,240009,train
5edef54ce9994efd,94.1136,25.6237,Nagaland,Kohima,2015-08-12,1584.5415,26.6507,0.5013,0.8653,0.0006,0.0008,34.7678,12.6319,397.5618,3.3096,31.1048,62.1346,114.8533,264.5815,76.565,1517.4457,1,0.6,5.0,continuous_rain,medium,mudslide,0,NASA_GLC,0,240015,train
c84a98d64c57d327,88.3651,27.1675,Sikkim,South Sikkim,2012-09-16,1478.3624,21.4917,-0.9892,0.1465,-0.0029,0.0005,29.0248,12.7535,375.2467,14.6126,62.9292,236.04,265.063,417.3804,197.849,2572.1633,1,0.6,5.0,downpour,medium,landslide,0,NASA_GLC,0,10022,test
b51bc02a9abc6216,94.0644,24.4072,Manipur,Chandel,2015-08-01,1188.1787,20.7196,0.9911,0.1334,0.0009,-0.0007,27.7745,13.1161,298.7455,87.3967,125.8064,144.2682,302.7196,387.9936,191.6314,1680.3857,1,0.6,5.0,continuous_rain,medium,landslide,0,NASA_GLC,0,240010,train
c9639e9c8c4d0073,92.694,23.7527,Mizoram,Aizawl,2010-09-16,792.6718,23.8355,0.7414,0.671,-0.004,-0.0004,28.5361,13.2137,386.3946,22.7779,55.6202,97.7079,244.5223,436.8616,147.6292,2282.0493,1,0.6,5.0,downpour,medium,landslide,0,NASA_GLC,0,180007,train
421a209a31044465,94.25,26.138,Nagaland,Wokha,2008-08-19,1018.0193,8.9733,-0.9995,0.0328,-0.0198,1e-04,14.3029,13.909,281.4914,6.2298,16.7956,41.5339,113.9843,299.3533,80.5925,1789.5958,1,0.2,50.0,downpour,medium,mudslide,4,NASA_GLC,0,240017,test
21fa573e955cd649,94.0573,23.9939,Manipur,Chandel,2015-08-01,953.9341,20.5808,-0.8547,0.5191,0.0033,-0.0029,27.71,13.1535,295.831,87.598,126.0972,144.5968,302.9975,388.0002,191.8873,1078.8973,1,0.2,50.0,continuous_rain,medium,landslide,0,NASA_GLC,0,240008,train
5ef323abfd394d5f,91.7214,26.4935,Assam,Kamrup,2015-09-01,59.3334,0.0827,0.6043,-0.7967,0.0426,1e-04,1.2878,18.8424,13.0732,23.335,95.7021,156.6705,295.7202,374.0342,172.1112,1673.381,1,0.45,10.0,rain,medium,landslide,2,NASA_GLC,0,140019,train
17551074a31e54a5,94.1066,25.67,Nagaland,Kohima,2008-08-29,1445.3915,6.8058,-0.9224,-0.3862,-0.0087,-0.0006,13.7745,14.434,178.6616,15.9346,17.4446,44.3354,147.2791,413.6263,97.6931,1523.0817,1,0.3,25.0,downpour,medium,complex,0,NASA_GLC,0,240015,train
6f8e9acb51f2113f,93.8443,24.9356,Manipur,Senapati,2010-07-31,847.6478,1.5121,-0.475,0.88,-0.0003,-0.0,1.7599,15.1077,40.2263,29.7022,62.4326,140.6191,202.2441,370.0341,153.0725,1426.5697,1,0.3,25.0,rain,medium,landslide,0,NASA_GLC,0,230012,train
c87d756f5495d013,93.5039,24.7543,Manipur,Tamenglong,2010-06-07,396.5954,10.7478,0.9968,-0.0804,0.0195,0.0005,23.8181,13.5315,402.6762,15.0989,34.2299,67.9192,143.3004,234.7766,88.5811,1640.2489,1,0.2,50.0,rain,medium,landslide,0,NASA_GLC,0,210011,train
aaa2ea46f86dd831,92.7362,23.7131,Mizoram,Aizawl,2015-06-19,869.0544,30.2061,0.1559,0.9878,-0.0012,-0.0025,37.2185,12.7886,286.5072,6.2174,91.4198,103.0424,187.6955,279.5732,135.1169,2282.0493,1,0.2,50.0,rain,medium,landslide,0,NASA_GLC,0,180007,train
b31fc45650999a12,94.9439,26.3897,Nagaland,Mon,2013-08-16,535.2544,16.4245,0.9958,-0.092,0.0105,0.0023,28.2834,13.2565,372.9746,56.1356,77.4736,147.2549,265.3206,443.5322,174.1058,2031.727,1,0.45,10.0,rain,medium,landslide,0,NASA_GLC,0,270019,train
eb824659ac8c98e0,92.3807,25.1416,Meghalaya,Jaintia Hills,2015-08-19,161.8328,13.762,-0.0137,0.9999,-0.0008,0.0003,16.5243,12.9449,211.2372,16.6889,29.7262,41.1904,130.6128,313.4858,76.7816,2192.1719,1,0.6,5.0,rain,small,landslide,0,NASA_GLC,0,170013,train
176c036f1972f1a3,92.7212,23.7348,Mizoram,Aizawl,2009-10-05,960.8118,16.6763,-0.5375,0.8433,-0.0074,0.0002,26.8906,13.59,289.2797,4.064,4.3184,4.7774,111.6317,280.022,57.0124,2282.0493,1,0.6,5.0,downpour,medium,landslide,3,NASA_GLC,0,180007,train
7a17eb9aaf16da75,91.7825,26.1961,Assam,Kamrup,2016-06-22,121.4815,9.5969,-0.3424,0.9396,0.0068,0.0005,14.2182,14.023,120.2543,7.799,19.4997,54.7966,162.4942,235.9578,87.1171,1511.5951,1,0.6,5.0,downpour,medium,mudslide,1,NASA_GLC,0,140018,train
71eb294487b6fd15,92.3636,25.0728,Meghalaya,Jaintia Hills,2015-08-19,112.338,15.9432,-0.9589,0.2836,0.0004,-0.0013,21.4069,13.6822,240.5374,12.9105,26.0113,62.0777,263.8776,423.404,129.1664,2864.3525,1,0.6,5.0,rain,medium,landslide,0,NASA_GLC,0,170013,train
60dcd849db279660,92.7187,23.7313,Mizoram,Aizawl,2015-09-14,1015.4535,25.3119,0.3989,0.917,0.002,-0.0008,32.4712,12.9611,265.7333,0.0,4.1823,12.2713,65.2538,407.545,62.3794,2282.0493,1,0.6,5.0,downpour,medium,landslide,0,NASA_GLC,0,180007,train
9da966c2773f672c,88.609,27.337,Sikkim,East,2008-08-28,1540.5886,19.8141,-0.7839,-0.6208,0.0003,1e-04,23.0013,12.7222,477.5916,88.1646,169.7778,266.5234,436.5224,762.7962,309.25,3050.8796,1,0.3,25.0,downpour,medium,landslide,0,NASA_GLC,0,20023,test
438f79e071171ce6,88.6087,27.322,Sikkim,East,2010-04-17,1545.2338,25.5551,-0.0398,-0.9992,-0.005,-0.0009,35.0793,12.9377,423.723,20.9947,27.6385,96.7794,142.3701,308.6311,110.7073,3050.8796,1,0.85,1.0,downpour,small,landslide,0,NASA_GLC,1,20023,test
922f0d26b718fa1a,95.8776,28.4298,Arunachal Pradesh,Lower Dibang Valley,2010-05-31,512.0041,6.5704,-0.7579,-0.6524,-0.0061,0.0005,9.9578,13.7015,383.8242,1.034,3.3065,25.4067,77.1255,296.624,61.3482,2017.1823,1,0.2,50.0,downpour,medium,landslide,0,NASA_GLC,0,310028,val
0c342d4df4dd88cf,92.7264,24.5204,Assam,Hailakandi,2016-05-18,40.0628,1.053,-0.6903,-0.7235,-0.0031,-0.0,1.3012,16.3264,15.6768,182.6838,214.4782,260.3884,277.3929,593.0526,274.4598,2745.4338,1,0.85,1.0,continuous_rain,unknown,landslide,2,NASA_GLC,1,180010,test
50174c9484d46795,92.6351,27.0136,Assam,West Kameng,2016-07-01,222.8996,5.1046,-0.8897,0.4566,-0.0038,0.0002,7.0043,14.7749,174.6511,30.2245,60.0002,79.7698,195.6766,327.6976,122.0349,2103.0442,1,0.85,1.0,downpour,large,landslide,5,NASA_GLC,1,180021,train
9f37365d46bf1e5f,88.5577,27.7167,Sikkim,North Sikkim,2012-06-03,2650.3303,12.2118,-0.03,0.9996,-0.0076,0.0013,16.7691,13.2558,423.5784,5.2386,22.8449,53.2632,81.8055,157.1764,57.7797,2496.6716,1,0.6,5.0,downpour,medium,landslide,0,NASA_GLC,0,20024,test
151bb729216fcf87,93.6287,27.0998,Arunachal Pradesh,Papum Pare,2008-06-14,415.4074,5.4001,0.4666,-0.8845,-0.0032,0.0,7.0503,14.3177,106.5289,79.9929,122.5535,159.5273,240.5132,329.7888,175.9062,2033.2314,1,0.3,25.0,rain,large,landslide,21,NASA_GLC,0,220022,train
8a2b177fad44f92a,91.7599,26.1771,Assam,Kamrup,2013-05-11,73.5423,3.8167,-0.9992,0.0409,-0.0019,-0.001,6.6495,15.0016,30.7727,18.4606,50.2481,63.1985,98.0402,149.6784,70.892,1511.5951,1,0.6,5.0,rain,medium,landslide,0,NASA_GLC,0,140018,train
103872148103d159,95.4993,26.9986,Arunachal Pradesh,Tirap,2012-06-25,658.3473,16.2703,0.9382,-0.3462,0.0017,0.0005,22.3223,13.1032,213.8778,3.394,54.5669,101.2144,193.163,314.3912,116.3107,2022.789,1,0.2,50.0,downpour,medium,landslide,0,NASA_GLC,0,290021,train
77987463bbabd5bf,93.8067,25.7713,Nagaland,Dimapur,2011-08-13,238.0029,9.2207,-0.4517,-0.8922,0.0003,0.0023,12.0493,14.1548,136.63,40.0999,43.077,73.5117,103.1203,240.3708,89.7732,1538.3453,1,0.45,10.0,downpour,medium,mudslide,0,NASA_GLC,0,230016,train
ca141b4f04b6d939,93.0515,27.8837,Arunachal Pradesh,Kurung Kumey,2013-08-01,1558.7988,40.2091,-0.9437,0.3307,0.0008,0.0003,58.3546,11.7797,362.1593,0.2913,11.208,68.5499,129.6525,423.0963,92.1641,2914.0208,1,0.45,10.0,rain,medium,mudslide,0,NASA_GLC,0,200025,train
b34d5a56c05412ed,93.9482,24.8063,Manipur,East Imphal,2011-07-06,782.0614,0.2641,0.9825,0.1861,-0.0179,0.0,1.0728,17.843,9.1726,12.1399,35.2413,92.2518,178.1834,285.6766,109.295,1428.1997,1,0.2,50.0,downpour,medium,landslide,6,NASA_GLC,0,230012,train
c78477f8db08032e,92.8416,22.7176,Mizoram,Lunglei,2010-09-13,732.7857,15.6512,0.3842,0.9232,0.0043,0.002,21.6297,13.8474,370.526,6.8957,103.826,157.0452,318.8313,573.359,210.2915,2456.0713,1,0.3,25.0,downpour,medium,landslide,0,NASA_GLC,0,190002,test
6d4128e7a4a5c7f9,92.8,27.7,Arunachal Pradesh,West Kameng,2009-08-12,2438.7622,14.4523,-0.5945,-0.8041,0.0,0.0007,21.0868,13.2527,269.0684,16.5343,25.0558,46.0182,285.5781,611.2121,161.5381,2180.2146,1,0.6,5.0,downpour,medium,landslide,0,NASA_GLC,0,190024,train
53e7b1eb66f2c483,93.8794,25.5098,Manipur,Senapati,2015-07-22,1666.867,10.821,0.3289,-0.9444,0.0008,-0.0007,12.5307,13.3626,161.3416,11.1686,43.9182,121.6747,186.7667,310.5978,114.3481,1517.4457,1,0.45,10.0,continuous_rain,medium,landslide,0,NASA_GLC,0,230015,train
ddaf98672422a96c,94.4182,24.8628,Manipur,Ukhrul,2009-08-30,889.1971,29.2653,-0.9378,-0.3473,-1e-04,1e-04,39.8935,12.6734,357.9612,1.4216,6.5245,20.8316,84.1538,226.6052,64.2221,1099.6504,1,0.2,50.0,downpour,medium,landslide,0,NASA_GLC,0,250012,val
441b53b75492662a,93.5027,24.9786,Manipur,Tamenglong,2010-07-29,1327.3932,15.6183,0.3599,-0.933,0.0005,-1e-04,18.7447,13.0324,290.515,31.3712,67.5353,84.4773,183.3811,295.4572,114.312,1509.9784,1,0.45,10.0,downpour,medium,landslide,0,NASA_GLC,0,210012,train
62fbaa18a0dec6d2,92.8339,25.2946,Assam,North Cachar Hills,2007-08-26,902.2694,8.3743,0.999,0.044,-0.0058,-1e-04,15.3456,13.8968,254.1079,21.3032,77.6542,116.3911,174.4917,392.7716,135.9552,2058.8271,1,0.25,25.0,rain,medium,landslide,0,NASA_GLC,0,190014,test
c09cb53bd0b1b78a,91.7162,26.1226,Assam,Kamrup,2012-06-22,69.9637,12.9726,-0.8472,0.5312,0.0012,0.0023,15.4564,13.636,141.5193,10.8597,16.131,37.7378,76.1396,190.8457,61.5282,1519.5187,1,0.6,5.0,downpour,medium,landslide,3,NASA_GLC,0,140017,val
3cd72894cc4a37ee,91.893,25.583,Meghalaya,East Khasi Hills,2015-09-23,1444.9462,8.069,-0.9064,-0.4225,-0.001,-0.0003,11.0988,14.2552,51.516,64.587,104.6766,158.7628,230.8275,572.7589,186.7979,1845.431,1,0.6,5.0,downpour,medium,landslide,2,NASA_GLC,0,150015,train
eb9761557474debd,92.3814,24.6005,Assam,Karimganj,2010-06-03,109.5588,4.1221,0.6764,-0.7365,-0.0118,-0.0017,17.042,15.1505,71.7497,16.5567,71.3993,112.1948,341.4983,490.296,183.2326,2719.7605,1,0.3,25.0,downpour,medium,landslide,2,NASA_GLC,0,170011,val
6dbb9db05ff3a0f3,91.8569,27.5799,Arunachal Pradesh,Tawang,2016-04-22,2781.587,19.2193,-0.5547,-0.832,-0.0047,-0.0005,26.498,13.0839,440.9482,37.0514,97.1854,122.1891,148.9951,191.4486,120.0157,1919.8044,1,0.6,5.0,continuous_rain,medium,landslide,17,NASA_GLC,0,150024,train
eba18945918d7d11,91.9754,27.5754,Arunachal Pradesh,Tawang,2016-08-05,2426.232,23.8141,0.9979,-0.0648,-0.0005,0.0004,31.1008,12.4707,521.2661,0.249,8.3168,15.2438,95.5171,239.7786,58.2538,2002.7416,1,0.6,5.0,downpour,medium,landslide,0,NASA_GLC,0,150024,train
6194f895fc856de2,92.2833,27.44,Arunachal Pradesh,West Kameng,2011-08-12,2615.2617,10.0826,-0.8589,0.5121,0.0039,-0.0021,12.6254,13.8569,396.7254,1.4936,1.4936,10.6242,84.9948,212.059,42.7818,1974.4858,1,0.2,50.0,rain,medium,landslide,0,NASA_GLC,0,160023,train
fb74fa340bd03db2,94.5438,26.2083,Nagaland,Zunheboto,2013-08-04,1475.9739,14.3318,0.1785,-0.9839,-0.004,-0.0003,16.4806,13.256,287.9357,0.0,27.6597,40.6293,147.6558,338.9963,92.3381,1860.061,1,0.85,1.0,monsoon,medium,landslide,0,NASA_GLC,1,260018,train
6cf58a56ead23aae,93.9784,24.6596,Manipur,Thoubal,2008-06-09,779.4662,0.1153,-0.4855,-0.8743,-0.008,-0.0,1.5335,18.8266,5.6074,12.0674,18.2352,20.5414,31.8307,136.1667,32.7393,1428.1997,1,0.25,25.0,monsoon,medium,landslide,0,NASA_GLC,0,230011,test
5e517a0f674572ec,94.1497,25.8266,Nagaland,Kohima,2013-10-05,1418.5869,8.3296,0.3585,0.9335,-0.0176,0.0009,16.6369,14.0188,228.325,15.2145,23.1008,31.6204,91.6673,162.1349,59.4665,1561.039,1,0.6,5.0,continuous_rain,medium,mudslide,0,NASA_GLC,0,240016,train
3d0c71898a2aa8eb,91.7702,26.1768,Assam,Kamrup,2016-07-14,67.4368,16.5846,-0.4148,0.9099,-0.0029,0.002,18.773,13.7045,126.7556,5.4633,9.6306,39.1995,82.1528,157.0204,49.4577,1511.5951,1,0.85,1.0,monsoon,small,landslide,1,NASA_GLC,1,140018,train
915f03f5397cc7c7,93.3497,27.8997,Arunachal Pradesh,Kurung Kumey,2010-04-02,868.8132,8.4872,-0.8347,-0.5507,-0.0057,-0.0003,10.2859,13.6829,189.9178,25.3047,80.8037,147.2298,196.8811,242.5413,134.0601,3226.0361,1,0.85,1.0,downpour,large,mudslide,12,NASA_GLC,1,210025,test
850e59406854d348,92.7175,23.7281,Mizoram,Aizawl,2013-05-11,1081.0228,1.5564,0.4281,-0.9037,-0.0518,-0.0021,7.3079,15.8928,235.5428,24.6138,74.8912,158.649,196.2427,218.8305,135.049,2282.0493,1,0.3,25.0,rain,large,landslide,15,NASA_GLC,0,180007,train
09d1015604b8dded,93.686,25.16,Manipur,Tamenglong,2015-06-19,935.1093,31.7756,-0.7625,0.647,0.0057,0.0007,47.4339,12.6812,484.727,0.4324,9.3422,31.1616,74.3133,114.8102,41.948,1501.3524,1,0.85,1.0,monsoon,medium,landslide,0,NASA_GLC,1,220013,train
260522469cacd394,92.2897,25.3433,Meghalaya,Jaintia Hills,2010-05-11,1196.6797,1.0713,-0.0318,0.9995,0.0025,0.0004,4.1155,16.1409,46.837,15.7954,29.9553,61.695,108.7459,452.8482,112.2011,2435.8306,1,0.3,25.0,downpour,medium,landslide,0,NASA_GLC,0,160014,train
14dacd88e1151f47,91.6906,26.1016,Assam,Kamrup,2013-05-11,149.04,18.6934,0.6729,0.7397,-0.0076,-0.001,32.2727,13.0126,124.3725,10.4089,59.6601,89.8255,117.6149,174.4008,87.4244,1519.5187,1,0.6,5.0,rain,medium,landslide,0,NASA_GLC,0,140017,val
38d8b77b44757a4c,92.6755,24.2315,Mizoram,Kolasib,2013-05-07,668.8946,3.2496,-0.5066,-0.8622,0.0069,1e-04,5.8494,15.1254,102.2659,3.9207,19.6246,32.8018,36.9597,65.2773,30.6565,2410.2793,1,0.2,50.0,rain,medium,mudslide,0,NASA_GLC,0,180009,val
8fbb50de9baff18f,91.763,26.1965,Assam,Kamrup,2010-04-20,90.4844,2.6112,-0.9874,0.158,-0.0035,-0.0007,7.495,15.1632,111.309,28.9444,85.7995,119.325,127.2546,202.7015,112.3939,1511.5951,1,0.85,1.0,downpour,medium,landslide,0,NASA_GLC,1,140018,train
83bf0b3bd95e7fb8,91.8806,26.1028,Assam,Kamrup,2015-08-22,114.2977,11.5705,-0.8705,0.4921,0.0042,0.0004,15.8752,13.8937,167.3766,2.8567,34.0049,135.3735,187.6436,274.6264,115.6688,1174.9448,1,0.6,5.0,continuous_rain,medium,landslide,0,NASA_GLC,0,150017,train
6294bcda1de41b02,94.564,26.0838,Nagaland,Zunheboto,2013-08-04,1830.2913,16.1599,-0.2039,0.979,-0.0043,-0.0006,20.7928,13.359,300.5509,0.0,18.9144,33.2933,89.1922,297.0366,67.7378,1802.7754,1,0.3,25.0,rain,medium,landslide,0,NASA_GLC,0,260017,test
4a7980ad431f1f7b,92.6724,24.042,Mizoram,Kolasib,2015-08-27,804.4212,7.8561,-0.1189,0.9929,-0.0014,-1e-04,8.6366,13.599,197.2563,65.5222,114.6723,213.817,302.3572,421.3241,225.4883,2286.9666,1,0.45,10.0,downpour,medium,landslide,0,NASA_GLC,0,180008,test
fefd9acfec5b1aed,93.7145,27.125,Arunachal Pradesh,Papum Pare,2011-07-15,132.6064,0.2417,0.9997,0.0249,0.0009,0.0,0.3605,17.4489,55.9626,72.2925,95.4139,110.6675,219.112,375.936,153.5276,2033.2314,1,0.6,5.0,downpour,small,landslide,0,NASA_GLC,0,220022,train
c508e24ff3c8dcf1,96.1509,28.8254,Arunachal Pradesh,Upper Dibang Valley,2013-04-07,3591.0508,23.8847,0.1149,0.9934,-0.0006,0.0005,27.8578,12.335,365.9162,3.4624,56.1906,75.0822,158.7108,276.3774,110.1031,2065.509,1,0.25,25.0,rain,medium,landslide,0,NASA_GLC,0,320029,train
b67bc68577946e0b,94.0984,24.416,Manipur,Chandel,2015-08-01,1406.329,19.1816,0.1687,-0.9857,-0.0004,-1e-04,28.1942,13.0968,255.2848,87.3967,125.8064,144.2682,302.7196,387.9936,191.6314,1680.3857,1,0.6,5.0,continuous_rain,medium,landslide,0,NASA_GLC,0,240010,train
0109faacc161797c,94.1327,25.4786,Manipur,Senapati,2010-08-27,1748.8625,9.5204,-0.2307,0.973,-0.0081,-0.0014,13.2572,13.4294,229.7162,13.4204,25.3497,150.4342,235.221,346.9062,140.8026,1534.025,1,0.6,5.0,downpour,medium,landslide,0,NASA_GLC,0,240015,train
f93bd58647e319ef,88.4451,27.4885,Sikkim,North Sikkim,2011-06-17,1841.947,36.5249,0.2584,0.966,0.0042,0.0012,51.0157,11.9226,799.8476,16.4895,33.0266,52.1332,165.7496,264.4737,84.8,2545.4712,1,0.25,25.0,rain,medium,mudslide,0,NASA_GLC,0,10023,train
2c3d7db13615ebbc,94.1739,25.8782,Nagaland,Kohima,2011-07-01,1364.8827,13.2353,0.9547,-0.2977,0.0018,0.0009,16.1368,13.6269,304.3987,2.2721,11.2208,87.9906,132.0253,269.8616,87.628,1640.4707,1,0.45,10.0,downpour,medium,landslide,0,NASA_GLC,0,240016,train
ead122a3ffd94f7a,88.3664,27.1695,Sikkim,South Sikkim,2016-10-15,1571.5709,21.1166,-0.9992,0.0408,-0.002,-0.002,27.7073,12.8409,414.758,0.0,58.4056,117.1874,143.8336,384.139,123.0868,2572.1633,1,0.6,5.0,rain,medium,landslide,0,NASA_GLC,0,10022,test
564c3b7c12935945,92.4584,25.0318,Assam,Cachar,2015-03-19,88.502,15.8312,-0.9984,0.0564,-0.0069,-0.0005,22.4144,13.5407,195.1432,0.0,0.0,0.0,0.3556,20.2755,2.3126,2559.657,1,0.6,5.0,rain,small,landslide,0,NASA_GLC,0,170013,train
646b0e07e3336685,94.9829,28.611,Arunachal Pradesh,Upper Siang,2013-09-02,1694.0128,23.3192,0.9443,0.3291,-0.0123,0.0007,39.297,12.8358,715.0375,8.9927,80.4249,135.8997,139.7384,293.361,122.5564,2881.9834,1,0.6,5.0,downpour,large,landslide,0,NASA_GLC,0,270028,test
2ca917e01f8d26fc,93.3783,23.5397,Mizoram,Champhai,2016-07-28,1560.762,18.4656,-0.9777,0.2102,-0.0044,-0.0008,25.8024,13.1673,469.2638,0.0,0.0,0.0,0.0,0.0,0.0,0.0,1,0.85,1.0,continuous_rain,medium,landslide,2,NASA_GLC,1,210006,train
d31dbfca1645fb04,91.7369,26.1049,Assam,Kamrup,2012-06-25,128.4388,9.4287,-0.9859,-0.1675,0.0059,0.002,17.1891,14.118,154.2905,27.6539,33.6642,55.3532,105.8666,218.6605,77.277,1519.5187,1,0.85,1.0,downpour,large,landslide,1,NASA_GLC,1,140017,val
920c2315ca7181ec,96.1517,28.8254,Arunachal Pradesh,Upper Dibang Valley,2012-06-02,3560.0637,22.255,0.0494,0.9988,-0.0007,0.0008,25.9816,12.2986,322.551,0.0,0.0,0.0,0.0,0.0,0.0,2065.509,1,0.2,50.0,downpour,medium,landslide,0,NASA_GLC,0,320029,train
c9c9911b284ba6b6,93.0385,27.36,Arunachal Pradesh,East Kameng,2015-07-15,413.4979,7.8475,-0.5193,-0.8546,-0.0028,-0.0007,8.8515,13.6259,127.2068,118.9094,120.5791,122.679,185.3785,445.8882,167.473,2321.1013,1,0.6,5.0,monsoon,medium,landslide,3,NASA_GLC,0,200023,train
a58f7f07fb1937ca,91.8383,26.1309,Assam,Kamrup,2013-10-06,106.2124,12.6185,0.8701,0.4929,-0.0044,0.0005,15.0577,13.836,134.4109,29.8849,43.299,47.6036,123.8541,175.0934,78.7089,1511.5951,1,0.6,5.0,downpour,medium,landslide,1,NASA_GLC,0,150017,train
41c7716abd87e9ac,95.4112,28.3036,Arunachal Pradesh,East Siang,2010-09-09,1764.0216,46.3366,0.0521,0.9986,-0.0019,-0.0003,68.9634,11.6712,658.7364,21.016,46.1293,90.1491,143.5264,270.4125,101.0914,2976.0107,1,0.25,25.0,downpour,medium,landslide,10,NASA_GLC,0,290027,train
8410b64d865f32f8,93.8474,25.1555,Manipur,Senapati,2011-05-31,1338.2352,13.1973,-0.2956,-0.9553,0.0294,-0.0002,45.6132,13.3306,497.9231,8.4944,29.7686,58.2697,87.5011,171.0583,63.6487,1501.3524,1,0.3,25.0,continuous_rain,small,landslide,0,NASA_GLC,0,230013,val
326055d306211028,94.0212,25.2745,Manipur,Senapati,2010-10-08,1061.8728,6.3328,-0.4314,0.9021,0.0047,0.0005,7.4995,14.1912,127.7197,56.5396,90.1066,95.9536,160.2842,278.0884,122.4938,1512.6017,1,0.6,5.0,downpour,medium,landslide,0,NASA_GLC,0,230014,train
8879f72a9fe983f0,92.7106,23.735,Mizoram,Aizawl,2010-09-13,932.2318,18.0866,-0.146,0.9893,-0.0005,0.0013,20.0977,13.7229,233.6764,10.8912,40.2885,63.7369,228.8756,402.4349,134.1744,2282.0493,1,0.85,1.0,downpour,medium,landslide,0,NASA_GLC,1,180007,train
16ba5b0c4cc9bac5,92.8551,25.0888,Assam,North Cachar Hills,2011-05-24,285.6072,18.31,0.9969,-0.079,-0.0007,0.0003,23.0233,13.0612,275.0624,59.9792,98.8922,312.5443,355.1206,455.1614,271.2707,2501.4507,1,0.45,10.0,downpour,medium,complex,0,NASA_GLC,0,190013,val
8ece00c3ce1b80fc,88.6188,27.3392,Sikkim,East,2010-08-27,1861.6674,17.66,-0.7735,0.6338,-0.0006,-0.0005,22.6715,13.1162,420.0336,70.5605,159.861,277.785,476.5526,731.0438,319.1126,3050.8796,1,0.6,5.0,downpour,medium,landslide,0,NASA_GLC,0,20023,test
ddc0490390b4fff8,93.0748,23.3439,Mizoram,Champhai,2010-09-13,1308.6677,31.6869,-0.157,0.9876,-0.0004,0.0004,41.6098,12.7345,421.4008,9.3739,64.8739,91.7675,299.7439,531.731,177.8074,2246.7551,1,0.3,25.0,downpour,medium,landslide,0,NASA_GLC,0,200005,train
6b6abb4654ccddd4,90.2191,25.5084,Meghalaya,West Garo Hills,2015-06-16,322.2913,13.7936,0.5133,-0.8582,-0.001,0.0007,17.5676,13.3499,210.3474,16.1797,41.4785,287.398,533.7328,995.1749,345.2396,3075.9753,1,0.85,1.0,downpour,small,rock_fall,1,NASA_GLC,1,80015,train
69ff628a6c80081d,94.693,26.7103,Nagaland,Mokokchung,2013-08-11,688.3138,12.4184,-0.0387,-0.9993,0.0003,-0.0005,17.2151,14.4345,303.6449,26.7422,48.2623,145.2804,190.1412,461.772,149.9526,1983.6088,1,0.45,10.0,downpour,very_large,landslide,0,NASA_GLC,0,260020,val
aff721833bd1b00b,88.6428,27.3543,Sikkim,East,2010-05-31,2098.4736,21.7584,0.1488,0.9889,0.0034,0.0002,26.2788,12.6483,442.6222,23.7938,59.5839,93.4937,169.7756,251.1325,113.0538,3612.4756,1,0.6,5.0,downpour,medium,landslide,0,NASA_GLC,0,20023,test
34c0f79164486fa6,93.4108,24.7679,Manipur,Tamenglong,2010-10-08,516.931,21.6307,0.6471,-0.7624,-0.0051,0.0002,28.8479,13.1066,407.3074,33.8321,91.1272,91.1272,120.5256,189.9226,101.7851,1640.2489,1,0.3,25.0,downpour,medium,landslide,0,NASA_GLC,0,210011,train
8dff04db6bbe3c60,94.6219,25.72,Nagaland,Phek,2015-08-02,1639.9541,40.2074,-0.915,-0.4035,-0.0009,-0.0,60.6135,12.1963,529.3872,1.3097,16.929,21.0545,128.9143,290.6369,71.4699,1679.2863,1,0.45,10.0,continuous_rain,medium,landslide,0,NASA_GLC,0,260016,train
60574daf2e06ca9d,94.5282,26.0101,Nagaland,Zunheboto,2016-07-26,1709.0533,16.1341,-0.2401,0.9708,-0.0052,-0.0016,25.3266,13.5556,330.8856,20.4471,32.8168,54.2956,162.4798,319.9675,95.7166,1802.7754,1,0.6,5.0,downpour,medium,landslide,0,NASA_GLC,0,250017,val
6a5f3838e4dbf277,94.1076,25.682,Nagaland,Kohima,2010-10-09,1459.3822,12.4492,0.0726,-0.9974,-0.0066,0.0006,16.2407,13.8862,241.8304,54.9475,90.3362,92.8492,146.2014,336.468,129.9674,1523.0817,1,0.85,1.0,downpour,medium,landslide,0,NASA_GLC,1,240015,train
0c289c4c2f12b82a,92.7187,23.7348,Mizoram,Aizawl,2015-09-14,1047.514,14.0106,-0.0438,0.999,-0.0081,-0.0008,21.6799,13.5851,277.9053,0.0,4.1823,12.2713,65.2538,407.545,62.3794,2282.0493,1,0.6,5.0,downpour,large,landslide,0,NASA_GLC,0,180007,train
1355ea8fa046b395,90.5549,25.2193,Meghalaya,South Garo Hills,2015-08-19,277.8585,2.0063,0.9427,0.3337,-0.019,-0.0018,14.5199,15.7735,108.5222,568.7945,1125.3584,1666.8672,1751.727,2312.5793,1496.5033,5971.0938,1,0.45,10.0,continuous_rain,medium,landslide,0,NASA_GLC,0,100013,train
510bf756eb88cc33,91.8644,27.5748,Arunachal Pradesh,Tawang,2016-07-28,2683.9397,10.6649,-0.2536,0.9673,-0.0112,-0.0003,12.7285,13.6548,334.7803,7.138,30.6594,66.0614,189.4504,362.8282,105.6378,1919.8044,1,0.6,5.0,monsoon,medium,landslide,0,NASA_GLC,0,150024,train
b7a12b20ea9a6ea2,94.0441,25.318,Manipur,Senapati,2013-08-09,995.3193,10.9517,0.0135,0.9999,1e-04,0.0013,12.3046,13.8182,183.8703,0.8403,49.2691,93.2761,149.8676,314.8024,105.6771,1512.6017,1,0.2,50.0,downpour,large,landslide,0,NASA_GLC,0,240014,train
be64657e55df83af,93.5291,24.7016,Manipur,Tamenglong,2015-08-11,686.2766,17.783,0.9967,0.0808,0.0044,0.0005,24.4621,13.0203,534.2193,0.0,67.6012,84.502,224.9866,417.2915,130.276,1640.2489,1,0.6,5.0,continuous_rain,medium,landslide,0,NASA_GLC,0,210011,train
09624f4bad418f02,92.8025,25.0633,Assam,Cachar,2010-06-16,77.3129,7.4387,-0.749,0.6625,0.0003,0.002,11.3793,13.9594,189.725,9.5797,25.377,46.3262,231.2558,362.0772,117.9583,2501.4507,1,0.3,25.0,downpour,medium,landslide,0,NASA_GLC,0,190013,val
a3051ef34ad33533,94.1095,25.6703,Nagaland,Kohima,2011-07-11,1421.8208,19.9789,0.0598,0.9982,-0.0007,-0.0003,23.8762,13.23,138.1249,31.0422,31.613,55.2052,185.5655,254.4756,88.5458,1523.0817,1,0.3,25.0,downpour,medium,landslide,0,NASA_GLC,0,240015,train
d762e7131466de33,94.04,25.705,Nagaland,Kohima,2008-08-07,1035.6846,16.9672,0.5816,0.8135,0.0015,-1e-04,19.6045,13.0924,316.0046,11.3584,27.1295,129.0894,231.5377,439.9324,155.3821,1523.0817,1,0.45,10.0,downpour,medium,landslide,0,NASA_GLC,0,240016,train
08bc1c6eb5624696,94.5121,26.3186,Nagaland,Mokokchung,2011-06-20,1248.0583,16.0304,-0.9908,0.1356,0.0005,0.0006,20.2082,13.5012,302.5029,9.7661,12.4732,19.8925,105.94,258.3682,56.8965,1860.061,1,0.6,5.0,downpour,medium,landslide,0,NASA_GLC,0,250018,train
bc3db1e67608559b,94.3591,25.1122,Manipur,Ukhrul,2015-08-01,1848.7253,11.9757,0.2508,-0.968,0.0009,-0.0016,13.2179,13.8142,227.1588,83.2733,120.1193,137.654,291.0384,383.016,184.9771,1404.2817,1,0.45,10.0,continuous_rain,medium,landslide,0,NASA_GLC,0,250013,train
b2bd81ba69de45c6,94.8885,28.9986,Arunachal Pradesh,Upper Siang,2012-07-05,594.8462,5.9651,0.0358,0.9994,0.0034,-1e-04,7.8258,15.9815,619.905,0.0,0.0,0.0,0.0,0.0,0.0,2428.2751,1,0.6,5.0,downpour,large,landslide,0,NASA_GLC,0,270030,train
f73c42ee23b50ae5,88.497,27.2319,Sikkim,East,2010-08-26,360.6449,6.0983,-1.0,-0.0038,0.0012,0.0034,10.1729,13.8003,330.5546,64.7636,110.4152,215.7373,420.5522,664.568,276.3614,3050.8796,1,0.45,10.0,downpour,medium,landslide,0,NASA_GLC,0,10022,test
744c42534c59be88,95.0283,26.7215,Nagaland,Mon,2010-07-19,716.6863,6.6279,-0.9798,-0.1999,-0.0065,-0.001,13.2205,14.6156,157.3638,43.5513,94.0983,165.9316,286.0481,583.5469,200.6319,2070.655,1,0.6,5.0,downpour,medium,landslide,0,NASA_GLC,0,280020,train
214f2a09e9f24e84,88.2816,27.2872,Sikkim,South Sikkim,2007-09-18,599.2384,24.2268,0.5952,-0.8036,0.0014,0.0024,29.5954,11.7517,463.049,10.6428,25.53,67.3805,343.1072,473.1137,155.6476,2572.1633,1,0.2,50.0,rain,medium,landslide,0,NASA_GLC,0,23,train
87ff718e450098df,92.7146,23.7365,Mizoram,Aizawl,2010-08-06,1053.8304,28.1584,-0.1915,-0.9815,0.0008,-0.001,37.6165,12.9549,243.0912,40.9489,56.9526,124.1416,294.6468,451.187,180.5467,2282.0493,1,0.85,1.0,downpour,medium,landslide,0,NASA_GLC,1,180007,train
99277702a3755b77,92.5217,23.7705,Mizoram,Mamit,2012-11-11,93.6038,20.3634,0.2471,-0.969,-1e-04,0.0011,25.2606,13.1408,209.5222,0.0,0.0,0.0,0.0,0.9057,0.0437,2299.678,1,0.6,5.0,downpour,medium,landslide,4,NASA_GLC,0,170007,train
364b51078900979b,94.6055,26.1498,Nagaland,Zunheboto,2013-08-04,1688.1412,29.15,-0.9938,0.1113,-0.0002,-0.0003,37.7944,12.393,428.6994,0.0,27.6597,40.6293,147.6558,338.9963,92.3381,1860.061,1,0.45,10.0,monsoon,medium,landslide,0,NASA_GLC,0,260017,test
dd651632f0a29ddf,94.8422,26.148,Nagaland,Tuensang,2010-08-14,1537.883,29.433,0.941,0.3385,-0.0019,1e-04,38.4991,12.4245,417.7492,19.0467,38.312,69.3661,175.2086,370.9735,110.1139,1903.9517,1,0.45,10.0,downpour,medium,landslide,0,NASA_GLC,0,270017,train
3c6a9478644a8085,90.2167,25.5144,Meghalaya,West Garo Hills,2011-08-16,321.9621,6.6782,-0.3125,-0.9499,0.0113,1e-04,11.855,14.2503,117.0489,48.9482,80.4078,93.4121,217.9379,384.7054,143.4295,3075.9753,1,0.25,25.0,downpour,medium,landslide,6,NASA_GLC,0,80015,train
ce09a2ce4b935f74,91.27,25.52,Meghalaya,West Khasi Hills,2007-09-11,1354.5061,5.6316,0.8457,-0.5337,-0.0063,0.0004,11.0449,14.9272,111.0642,33.5798,314.1306,1020.85,1246.1855,1410.9288,843.1212,5616.389,1,0.25,25.0,rain,medium,landslide,0,NASA_GLC,0,120015,val
22288efb7a6aca11,91.7652,26.1964,Assam,Kamrup,2014-06-28,73.968,6.8857,0.4094,0.9124,0.0069,-1e-04,8.2052,14.2379,136.2856,29.1107,48.3508,122.4452,155.4663,233.872,111.6688,1511.5951,1,1.0,0.1,rain,medium,landslide,0,NASA_GLC,1,140018,train
010750a5b7cb92a7,94.1913,24.4265,Manipur,Chandel,2015-08-01,1322.7771,5.1576,0.5655,0.8248,-0.0257,-0.0005,13.8156,14.8234,274.7239,87.6,126.1,144.6,303.0,388.0,191.8897,1068.4564,1,0.3,25.0,continuous_rain,medium,landslide,0,NASA_GLC,0,240010,train
1141bfd656d59ed0,92.715,23.7299,Mizoram,Aizawl,2010-09-13,980.8763,22.2828,-0.4204,-0.9074,-0.0016,0.0007,28.9284,13.1606,208.7629,10.8912,40.2885,63.7369,228.8756,402.4349,134.1744,2282.0493,1,0.85,1.0,downpour,medium,landslide,1,NASA_GLC,1,180007,train
9698f44e8026ab82,91.8,26.1833,Assam,Kamrup,2007-09-13,63.9414,1.3421,-0.9598,-0.2807,0.0003,-1e-04,1.77,16.0273,49.2186,2.1081,10.367,172.3834,333.217,530.76,189.0066,1511.5951,1,0.45,10.0,rain,medium,landslide,0,NASA_GLC,0,150018,train
655f967bdb344e20,88.35,27.1667,Sikkim,South Sikkim,2007-09-09,1156.6174,26.9586,-0.0056,-1.0,0.0034,-0.0002,32.917,13.1819,662.4064,14.5932,63.879,231.8368,323.6528,438.9348,211.5758,2572.1633,1,0.2,50.0,rain,medium,landslide,1,NASA_GLC,0,10022,test
0ef1b68e3850d1db,91.8587,25.9702,Meghalaya,Ri-Bhoi,2014-10-05,275.1396,7.3038,-0.9842,-0.1773,0.0114,0.0005,12.2237,14.2538,122.8113,0.0,0.0,1.9327,231.3009,366.9796,79.5452,1519.5187,1,0.6,5.0,rain,medium,landslide,1,NASA_GLC,0,150017,train
683178440e54fe3f,88.633,27.7344,Sikkim,North Sikkim,2011-08-25,3477.4705,22.9277,-0.7612,0.6485,-0.0014,0.0014,27.5735,11.7696,487.0476,5.8756,27.653,67.172,178.609,395.6886,108.7894,2626.8398,1,0.45,10.0,downpour,medium,landslide,2,NASA_GLC,0,20025,train
6b5dd8f9aeb85bf6,88.6065,27.339,Sikkim,East,2012-06-14,1516.7773,19.3797,-0.4719,-0.8816,-0.0041,-0.0002,25.0123,12.7006,429.1036,11.0573,40.2235,168.721,248.5603,343.6402,151.3722,3050.8796,1,0.6,5.0,downpour,medium,landslide,0,NASA_GLC,0,20023,test
73dfd9ff62cbf50d,94.1192,25.4993,Manipur,Senapati,2007-09-09,1963.7094,24.7676,0.743,-0.6693,-0.0002,0.0004,29.9722,13.0419,243.8108,6.7667,21.7121,90.389,225.5594,435.0429,132.9459,1517.4457,1,0.3,25.0,rain,medium,landslide,0,NASA_GLC,0,240015,train
853ef89c7f5aefad,90.232,25.5212,Meghalaya,West Garo Hills,2007-07-27,587.0264,20.3183,-0.6825,-0.7308,-0.0005,0.0004,24.9586,13.0528,397.5698,265.735,479.314,586.2523,797.282,914.8768,614.5578,3075.9753,1,0.45,10.0,rain,large,rock_fall,8,NASA_GLC,0,80015,train
05f078414edb9c1f,94.0906,23.9278,Manipur,Chandel,2015-08-01,938.9624,7.7755,0.8795,0.4759,-0.0227,-0.0008,15.9788,14.1248,187.6805,87.598,126.0972,144.5968,302.9975,388.0002,191.8873,1078.8973,1,0.6,5.0,rain,medium,landslide,0,NASA_GLC,0,240008,train
95f5bb23f3f8be83,93.55,24.9667,Manipur,Tamenglong,2007-08-26,569.6266,16.6341,-0.4807,-0.8769,-0.0015,0.0006,19.2819,13.3121,209.4928,2.4731,5.5863,32.8127,81.8058,109.016,42.6256,1509.9784,1,0.6,5.0,continuous_rain,medium,mudslide,1,NASA_GLC,0,220012,train
53a5ed22959ab599,93.0123,25.1775,Assam,North Cachar Hills,2012-06-03,680.0578,18.0934,0.9966,-0.0823,-0.0014,0.0009,24.767,13.3427,207.3324,20.1204,70.5434,91.8043,115.0455,188.921,98.2053,1708.6143,1,0.6,5.0,downpour,medium,landslide,0,NASA_GLC,0,190013,val
b575d15d4b6f1ca4,93.1265,25.3056,Assam,North Cachar Hills,2012-06-03,303.2662,13.594,-0.1258,-0.9921,-0.0024,0.0005,15.7296,13.6137,147.9045,13.4096,54.5807,63.6891,72.0241,109.3146,64.4091,1481.8857,1,0.6,5.0,downpour,medium,landslide,0,NASA_GLC,0,200014,val
3269a9a2175d9542,94.4481,25.1941,Manipur,Ukhrul,2015-08-01,1737.5483,11.6169,0.2284,-0.9736,-0.0033,-0.0013,14.3747,13.7274,189.814,63.3883,92.6399,105.7404,236.1172,360.2888,153.241,1518.0431,1,0.3,25.0,continuous_rain,medium,landslide,0,NASA_GLC,0,250013,train
c20ef10c247295bc,94.1054,25.4196,Manipur,Senapati,2010-07-29,1379.3099,13.96,-0.9772,-0.2121,0.003,1e-04,18.2728,13.3758,187.9381,28.9466,81.7285,109.6771,245.3136,371.5266,155.0799,1517.4457,1,0.6,5.0,downpour,medium,landslide,0,NASA_GLC,0,240014,train
58e868dae57723f4,94.13,25.83,Nagaland,Kohima,2011-08-18,1035.5443,14.256,0.9795,0.2016,0.001,0.0007,17.235,13.4816,196.2623,0.0,12.5211,66.3563,145.0746,290.4926,80.7363,1561.039,1,1.0,0.1,monsoon,medium,landslide,0,NASA_GLC,1,240016,train
f21b93397e8e2687,93.4946,24.9926,Manipur,Tamenglong,2013-05-12,1136.5438,6.3166,-0.0887,-0.9961,0.0029,0.0002,6.4879,14.0365,191.2302,10.9963,44.7667,117.3557,207.4059,250.3347,124.5923,1509.9784,1,0.3,25.0,rain,medium,mudslide,0,NASA_GLC,0,210012,train
234d9d9ec7093dc5,92.8112,23.4495,Mizoram,Serchhip,2015-08-28,837.4319,27.5694,0.047,0.9989,-0.0037,0.0005,37.7092,13.0098,308.2354,0.0,115.5435,269.0008,353.5847,479.5132,246.4602,2244.7188,1,0.3,25.0,downpour,large,landslide,0,NASA_GLC,0,190006,val
1757b4c31e58f609,93.948,24.7992,Manipur,East Imphal,2011-07-22,780.6831,0.406,0.8196,-0.5729,-0.0029,0.0,0.8533,17.4494,5.0904,0.8112,8.9617,50.0046,84.1559,261.4096,64.6287,1428.1997,1,0.25,25.0,downpour,medium,landslide,0,NASA_GLC,0,230012,train
331f176b07b5533e,91.7049,26.1665,Assam,Kamrup,2013-10-06,214.3157,10.5788,-0.9553,-0.2958,-0.0003,1e-04,13.4096,13.9075,174.7856,29.8849,43.299,47.6036,123.8541,175.0934,78.7089,1511.5951,1,0.6,5.0,downpour,medium,landslide,0,NASA_GLC,0,140018,train
c536bfe2c4a41c85,94.5512,26.3335,Nagaland,Mokokchung,2010-06-15,1367.7626,8.9768,-0.9172,-0.3984,-0.0036,-0.0004,13.9124,14.7929,185.1389,29.6644,57.2429,82.7889,155.151,240.0188,103.3713,1860.061,1,0.85,1.0,downpour,medium,landslide,0,NASA_GLC,1,260018,train
447e29fc7b5cc868,94.2156,24.954,Manipur,Ukhrul,2015-08-01,952.9957,17.4217,0.6049,-0.7963,0.0023,0.0003,21.2086,13.1487,237.7291,83.2733,120.1193,137.654,291.0384,383.016,184.9771,1404.2817,1,0.2,50.0,continuous_rain,small,landslide,0,NASA_GLC,0,240012,train
725529e752b87166,93.0083,25.1796,Assam,North Cachar Hills,2010-10-09,688.883,6.7392,0.0603,0.9982,-0.0,-1e-04,7.8332,14.9612,169.5584,60.0646,91.8744,94.7073,132.6749,255.8308,116.5163,1708.6143,1,0.6,5.0,downpour,medium,mudslide,1,NASA_GLC,0,190013,val
8e530b9b6e49e1d5,94.1162,25.4379,Manipur,Senapati,2007-10-19,1485.1719,23.6927,-0.9822,0.1878,-0.0019,1e-04,31.6379,12.8504,363.9315,1.8216,29.281,103.6337,118.685,193.2069,88.959,1517.4457,1,0.2,50.0,rain,medium,landslide,0,NASA_GLC,0,240014,train
1f8296c16fdb420e,94.0132,25.7055,Nagaland,Kohima,2007-10-16,1446.8561,17.1945,-0.7686,0.6398,-0.0029,-0.0003,21.0994,12.5884,306.7088,20.1467,66.4475,76.9678,147.533,173.3017,87.4306,1523.0817,1,0.6,5.0,rain,large,landslide,0,NASA_GLC,0,230016,train
5620dda6cacddb4c,93.804,27.3034,Arunachal Pradesh,Papum Pare,2016-07-16,718.2056,26.7284,-0.2366,0.9716,-0.0007,0.0009,30.7199,12.0654,451.5138,115.3471,187.7947,308.7623,481.4208,765.963,338.0926,3117.1023,1,0.6,5.0,downpour,medium,mudslide,1,NASA_GLC,0,230023,train
2d7364bfc0648178,95.4149,28.3092,Arunachal Pradesh,East Siang,2010-10-03,1870.936,42.2302,-0.5207,-0.8537,0.0012,-0.0004,58.5722,12.5504,853.8632,0.0,1.3369,18.9281,106.7921,388.2404,69.6887,2976.0107,1,0.3,25.0,downpour,medium,landslide,10,NASA_GLC,0,290027,train
1026169495dd60a7,88.6463,27.6047,Sikkim,North Sikkim,2013-09-08,1605.3484,6.8473,-0.9729,0.2313,-0.0118,0.0014,8.8987,13.5491,335.289,4.4403,78.047,127.2749,242.3651,420.2062,152.6635,2887.921,1,0.2,50.0,rain,medium,rock_fall,1,NASA_GLC,0,20024,test
598a3f153141d537,93.1658,25.2269,Assam,North Cachar Hills,2010-06-15,393.116,1.8727,0.6525,-0.7578,0.0338,0.0006,4.1606,15.6205,108.5555,18.795,43.3816,82.1716,176.3565,285.908,110.4184,1481.8857,1,0.3,25.0,downpour,medium,landslide,0,NASA_GLC,0,200013,train
6579bd3855285297,95.0281,26.7225,Nagaland,Mon,2010-07-06,714.2729,5.9178,0.7109,-0.7033,0.0002,-0.0009,8.6119,14.7398,154.4728,33.4893,108.6321,153.7348,292.6708,626.055,210.8313,2070.655,1,0.6,5.0,monsoon,medium,mudslide,0,NASA_GLC,0,280020,train
336b0672dd8c2c94,92.2845,25.3612,Meghalaya,Jaintia Hills,2010-04-21,1217.2832,1.8227,-0.9216,-0.3881,0.0191,-0.0003,5.6431,15.9577,57.6733,23.4087,86.1646,138.7694,182.76,437.6678,157.7927,2435.8306,1,0.3,25.0,downpour,medium,landslide,0,NASA_GLC,0,160014,train
2170cfdb7119b800,90.3852,25.7354,Meghalaya,West Garo Hills,2014-09-21,339.2927,6.0265,-0.551,0.8345,-0.0055,-0.0003,13.5736,14.622,77.2541,43.1319,97.8447,113.3972,133.7949,340.6517,119.2707,2815.9084,1,0.3,25.0,continuous_rain,large,landslide,0,NASA_GLC,0,90016,val
5dd452d85355fdd7,90.5763,25.8143,Meghalaya,East Garo Hills,2014-09-24,59.0,1.2096,-0.0643,0.9979,0.0127,0.0008,1.2915,16.0865,151.1642,7.9148,370.9404,468.7852,490.1262,584.8709,387.3086,2815.9084,1,0.25,25.0,continuous_rain,large,landslide,0,NASA_GLC,0,100016,train
f8d8e8d0dd18029d,94.1111,25.6396,Nagaland,Kohima,2010-09-12,1479.7635,16.4293,-0.3453,0.9385,-0.0082,-0.0013,23.8833,12.842,308.4685,0.219,6.0843,44.2194,125.4026,352.4341,80.708,1523.0817,1,0.3,25.0,downpour,medium,landslide,0,NASA_GLC,0,240015,train
cc44221652717c59,92.5121,24.5308,Assam,Hailakandi,2016-05-18,84.3854,5.4685,0.5958,0.8032,-0.0119,-1e-04,13.6182,15.2563,96.1151,188.9328,228.1858,271.4377,285.5911,532.4837,278.1656,2719.7605,1,0.85,1.0,continuous_rain,small,landslide,1,NASA_GLC,1,170010,val
71e772520c65a0c9,88.2891,27.2676,Sikkim,West Sikkim,2016-10-12,601.9652,42.7317,0.6911,0.7228,-0.0009,0.0013,61.4012,11.4326,552.5664,52.957,57.1854,68.0854,106.1079,327.4273,98.9934,2572.1633,1,0.45,10.0,continuous_rain,medium,landslide,0,NASA_GLC,0,22,train
bf27579129a6a35d,92.7265,23.7269,Mizoram,Aizawl,2015-08-27,833.517,24.7822,-0.3929,0.9196,0.0035,0.0006,31.4563,12.7478,212.2875,82.9789,134.1383,263.7468,367.5454,480.5034,269.1397,2282.0493,1,0.6,5.0,downpour,medium,landslide,0,NASA_GLC,0,180007,train
72b63c9ed9bafe08,94.0926,25.3908,Manipur,Senapati,2015-07-22,1270.6503,20.7437,-0.8553,0.5181,-0.0004,-0.0007,25.3946,13.0816,192.6643,11.1686,43.9182,121.6747,186.7667,310.5978,114.3481,1517.4457,1,0.45,10.0,continuous_rain,small,landslide,0,NASA_GLC,0,240014,train
6f4146df3e44573a,91.4663,24.0896,Tripura,West Tripura,2013-05-08,109.1772,2.0707,0.9472,-0.3206,0.0012,0.0003,3.3451,15.7658,45.652,131.0623,216.9725,344.2228,406.4029,461.0528,319.6272,2331.065,1,0.6,5.0,rain,medium,landslide,1,NASA_GLC,0,130008,train
7d24c3240ed326ee,91.802,26.1966,Assam,Kamrup,2016-07-20,140.7581,9.0448,0.8757,-0.4828,-0.0027,-0.0019,15.4781,14.4236,125.2409,9.5949,44.8629,86.3584,126.3437,194.2602,90.3155,1511.5951,1,0.6,5.0,rain,medium,landslide,0,NASA_GLC,0,150018,train
351f14e1748d6f36,93.1477,25.4749,Assam,North Cachar Hills,2010-10-09,171.499,9.0079,0.9462,-0.3235,-0.0035,-0.0,11.4196,13.9922,42.3726,45.3319,99.7128,109.7772,137.4393,241.4613,121.597,1358.4022,1,0.2,50.0,downpour,medium,landslide,0,NASA_GLC,0,200015,val
908b2c68b5ee573c,91.7747,26.1097,Assam,Kamrup,2014-09-22,59.8958,0.7427,0.8101,-0.5863,0.0065,0.0002,0.9289,16.426,72.2189,65.7547,108.5892,127.4545,213.4563,305.8683,157.3616,1519.5187,1,0.6,5.0,rain,small,landslide,1,NASA_GLC,0,140017,val
04cf77ae7135f40d,94.6654,26.2753,Nagaland,Tuensang,2010-08-17,1179.68,21.9889,0.466,-0.8848,-0.0023,-0.0018,27.0032,12.9444,373.3454,16.1935,80.3276,124.7999,220.3722,424.5772,150.2066,1903.9517,1,0.3,25.0,downpour,medium,landslide,0,NASA_GLC,0,260018,train
08895b0b1de7ae31,91.6849,26.1001,Assam,Kamrup,2014-09-22,78.2183,19.0165,0.9141,0.4055,0.003,0.0008,26.885,13.1221,199.4129,65.7547,108.5892,127.4545,213.4563,305.8683,157.3616,1519.5187,1,0.6,5.0,rain,small,landslide,0,NASA_GLC,0,140017,val
ada6db0478479477,94.9612,28.235,Arunachal Pradesh,East Siang,2016-07-19,385.9531,38.4141,0.973,0.231,-0.0013,-0.0002,55.3184,11.9464,586.5758,46.8704,148.8238,234.2947,326.1178,760.5257,263.5999,2906.0732,1,0.2,50.0,downpour,medium,landslide,0,NASA_GLC,0,270027,train
3d8ffd7bcb964110,91.7986,26.1699,Assam,Kamrup,2007-07-19,138.266,3.5068,-0.9521,-0.3059,0.0224,-0.0006,8.3965,15.2096,165.2346,39.7015,92.1025,171.221,304.2932,459.2302,198.7605,1511.5951,1,0.3,25.0,rain,medium,landslide,6,NASA_GLC,0,150018,train
5c42131e3a324d7a,88.12,27.4,Sikkim,West Sikkim,2008-06-15,3431.6057,26.3318,-0.2364,-0.9717,0.0055,0.0007,41.3624,12.311,676.2556,1.7303,33.617,107.5397,214.5501,310.0264,126.6716,2561.9763,0,1.0,0.05,none,none,none,0,none,1,23,train
be00ec988a6cb7a7,91.1,25.96,Assam,Kamrup,2010-09-13,48.6354,0.2327,-0.1001,-0.995,0.0014,1e-04,0.2871,17.9452,7.7236,0.0,41.8853,105.1036,227.02,391.3636,125.577,1971.9532,0,1.0,0.05,none,none,none,0,none,1,120017,train
ad6dea0f25be10e8,94.36,27.96,Arunachal Pradesh,Upper Subansiri,2009-08-30,636.1179,18.1245,-0.6185,-0.7858,-0.0019,0.0002,21.9472,13.2488,313.8054,2.6824,28.1667,41.4008,196.9544,556.0128,134.0134,2552.9524,0,1.0,0.05,none,none,none,0,none,1,250025,train
2e2f184c72cfff9d,92.34,23.72,Mizoram,Mamit,2007-09-07,224.4513,9.1306,-0.2452,-0.9695,0.0035,0.0004,11.1052,13.9182,194.8611,66.0602,86.0257,158.5015,309.0255,440.3652,193.8669,2264.1365,0,1.0,0.05,none,none,none,0,none,1,170007,train
6e341d682558dd59,92.18,24.46,Tripura,North Tripura,2010-07-21,20.4141,2.7889,-0.4542,-0.8909,0.0019,-1e-04,3.6822,15.3892,20.8649,15.3047,29.1654,60.9643,122.2013,265.2038,82.0462,2333.497,0,1.0,0.05,none,none,none,0,none,1,160010,train
67e94cb774e28bb7,92.84,22.74,Mizoram,Lunglei,2011-08-16,508.4674,18.3386,0.5201,0.8541,0.0026,0.0025,27.7276,13.5591,375.479,0.0,12.5,12.5,361.7,501.8,148.6606,2456.0713,0,1.0,0.05,none,none,none,0,none,1,190002,test
782497faa6fb0428,92.12,25.42,Meghalaya,Jaintia Hills,2011-05-31,1324.8354,0.6936,-0.5766,-0.817,-0.0485,-0.0002,6.4286,16.7548,122.2111,5.8631,18.6309,33.4546,65.8386,116.9901,41.3635,1845.431,0,1.0,0.05,none,none,none,0,none,1,160014,train
9da90e7e922ccccf,94.28,25.3,Manipur,Senapati,2013-05-11,1807.5386,15.2549,-0.0517,-0.9987,-0.0044,1e-04,17.4555,13.3267,259.9494,10.521,86.0338,134.6408,170.0965,272.6332,131.6402,1482.4136,0,1.0,0.05,none,none,none,0,none,1,240014,train
b6e344b82333903c,93.28,23.54,Mizoram,Champhai,2007-09-11,928.8446,33.4665,0.204,-0.979,-0.0014,0.0002,44.8785,12.1452,289.3637,9.2518,46.6338,169.3529,317.2586,568.4221,204.1594,2192.367,0,1.0,0.05,none,none,none,0,none,1,200006,train
0adb5bb00e3bff1a,96.08,28.26,Arunachal Pradesh,Lower Dibang Valley,2007-07-26,1551.9033,32.0842,0.1664,0.9861,1e-04,0.001,40.1964,12.103,486.482,32.2,70.2,215.8,379.0,603.8,246.0405,2465.5806,0,1.0,0.05,none,none,none,0,none,1,320027,val
a2ee85a48a98e23c,93.7,24.6,Manipur,Churachandpur,2015-08-20,1076.7354,24.7364,-0.6395,-0.7688,0.0017,0.0012,30.0098,12.8452,483.4924,0.428,2.1307,17.5551,90.1882,290.6156,56.5614,1690.2374,0,1.0,0.05,none,none,none,0,none,1,220011,train
4aab88e15b032b3b,92.78,25.72,Assam,Karbi Anglong,2015-07-22,213.3386,8.1505,0.5427,0.84,0.0043,0.0005,15.6932,14.481,72.5191,14.7185,24.6151,37.9379,92.966,184.1232,53.5483,1197.331,0,1.0,0.05,none,none,none,0,none,1,180016,train
b9620eb3ca62a7aa,93.96,24.08,Manipur,Chandel,2011-06-17,1627.7794,26.4337,0.8948,-0.4464,-0.0,-0.0007,34.0096,12.598,416.7693,0.0,0.0,0.0,0.0,0.0,0.0,1078.8973,0,1.0,0.05,none,none,none,0,none,1,230008,train
d76fa86741a2e8ca,92.16,27.4,Arunachal Pradesh,West Kameng,2015-07-15,2195.18,25.454,-0.0575,0.9983,-0.0057,-0.0004,32.4413,12.5132,655.3668,43.2314,55.0183,65.4971,138.072,291.4307,97.9501,1974.4858,0,1.0,0.05,none,none,none,0,none,1,160023,train
ac57ac856e94bab2,94.54,28.56,Arunachal Pradesh,West Siang,2013-08-04,1641.0383,35.6075,-0.9117,-0.4109,-0.0018,-0.0004,50.7484,11.8924,868.0941,1.2324,2.805,38.6551,149.5504,406.7293,86.9709,2954.0256,0,1.0,0.05,none,none,none,0,none,1,260028,train
2ae3cbce21519b96,92.58,24.82,Assam,Hailakandi,2015-06-16,18.1994,1.4961,-0.2677,-0.9635,0.0015,0.0,2.4754,15.9524,28.0762,14.7475,48.9976,115.4401,183.0228,325.883,120.7923,2848.4004,0,1.0,0.05,none,none,none,0,none,1,180012,train
a27588a6edf552b9,90.88,25.5,Meghalaya,West Khasi Hills,2012-06-13,546.2878,9.1812,0.9391,-0.3436,-0.002,-0.0003,11.4327,14.2553,94.1373,35.0056,38.5165,107.0594,243.9144,313.0063,135.3935,5871.3726,0,1.0,0.05,none,none,none,0,none,1,110015,test
225b1f75cee6cf9c,95.9,28.78,Arunachal Pradesh,Upper Dibang Valley,2008-10-29,1222.8983,16.2975,0.0687,-0.9976,0.0014,0.0031,18.0506,13.1573,304.9122,0.0,65.7433,90.9047,94.0678,153.0457,77.8588,2203.6106,0,1.0,0.05,none,none,none,0,none,1,310029,val
eec88c44118f82dd,90.88,25.9,Meghalaya,East Garo Hills,2010-08-26,85.6913,4.08,-0.9635,-0.2676,0.0033,0.0011,5.2632,14.5599,152.3174,0.1121,20.1262,111.2273,165.3252,226.813,95.8921,1971.9532,0,1.0,0.05,none,none,none,0,none,1,110016,train
a4fceaaf4b270d42,93.86,27.78,Arunachal Pradesh,Lower Subansiri,2011-07-29,795.1758,26.8996,0.9996,0.0266,-0.0037,-0.0006,37.3963,12.0982,563.1504,23.442,26.9912,138.5141,608.2347,1111.3462,311.7354,3174.538,0,1.0,0.05,none,none,none,0,none,1,230025,val
16e891b1e463e6ad,93.6,27.26,Arunachal Pradesh,Papum Pare,2011-08-23,1370.9119,19.3912,-0.961,-0.2766,0.0122,0.0005,32.0816,13.1777,453.0139,6.8015,30.0214,68.9462,233.6531,428.231,142.6749,2792.7346,0,1.0,0.05,none,none,none,0,none,1,220022,train
090552d75d9a0ca2,91.34,23.4,Tripura,West Tripura,2015-07-25,55.7273,2.672,-0.8294,0.5587,0.0167,0.0,9.9538,15.6006,41.006,90.2718,147.1273,291.2742,418.3235,655.7479,297.1255,2064.2112,0,1.0,0.05,none,none,none,0,none,1,130005,train
c8c1bce98d551f10,93.3,26.22,Assam,Karbi Anglong,2013-07-01,629.1222,0.7387,0.4155,-0.9096,0.16,-0.0,10.4811,16.4448,133.4376,10.3818,50.5514,94.3422,125.0004,145.0237,82.2711,1321.9994,0,1.0,0.05,none,none,none,0,none,1,210018,val
9a28bc7912234cf5,92.88,23.08,Mizoram,Lunglei,2010-06-15,431.3176,2.0067,-0.9999,0.0132,0.0204,0.0025,13.895,15.5404,206.0367,22.7975,91.7666,183.9365,241.7074,546.4528,196.0165,1765.0507,0,1.0,0.05,none,none,none,0,none,1,190004,train
031db5a20a068f29,94.74,27.52,Assam,Dhemaji,2010-08-27,100.4598,2.0057,0.9966,-0.0823,-0.0017,1e-04,2.2317,16.0951,11.4406,61.5215,66.3494,110.2178,241.7713,440.7527,147.3014,2199.3425,0,1.0,0.05,none,none,none,0,none,1,260024,test
f92c8e3a7576bd39,92.94,24.78,Assam,Cachar,2011-07-06,24.3848,1.4492,0.4455,0.8953,0.0016,1e-04,1.8758,16.2438,13.8014,28.0049,72.1275,124.5088,286.2997,515.1035,170.9436,2521.342,0,1.0,0.05,none,none,none,0,none,1,190011,train
9c0a65d2f51e1d8b,95.24,26.82,Arunachal Pradesh,Tirap,2015-08-11,1099.4084,35.9284,-0.1721,0.9851,0.0018,-0.0008,47.5153,12.1774,440.8532,0.1508,13.6863,57.3791,97.0117,233.3049,68.4497,2056.824,0,1.0,0.05,none,none,none,0,none,1,280020,train
8f19352348c75ae8,92.2,24.58,Assam,,2011-07-11,32.0839,1.9261,-0.1321,-0.9912,-0.0055,-0.0003,3.0121,16.0725,27.1163,17.5639,21.7414,53.2319,133.9737,260.7055,84.3258,2333.497,0,1.0,0.05,none,none,none,0,none,1,160011,train
0261d9dca0ab238a,94.32,27.04,Assam,Jorhat,2013-09-01,88.1107,3.226,0.3225,0.9466,0.0009,1e-04,3.9541,15.2886,14.2251,1.5048,3.4322,13.8437,37.1345,392.6772,62.319,2007.1422,0,1.0,0.05,none,none,none,0,none,1,250021,train
b3d848037c61bf44,93.36,27.78,Arunachal Pradesh,Kurung Kumey,2008-10-29,1843.042,16.0307,-0.7684,0.64,0.008,0.002,23.8192,13.086,367.3876,0.0,27.9873,27.9873,27.9873,151.2348,34.1509,3149.5457,0,1.0,0.05,none,none,none,0,none,1,210025,test
592a324ebf9dad66,90.02,25.7,Meghalaya,West Garo Hills,2011-07-29,31.3061,0.1473,0.5151,-0.8571,-0.0021,0.0,0.2015,18.2186,29.0025,53.5034,86.8645,90.0086,252.2028,552.5622,170.1654,2964.5413,0,1.0,0.05,none,none,none,0,none,1,70016,train
2ef455bb5acfd63e,95.0,27.32,Assam,Dibrugarh,2010-08-14,103.858,0.5038,0.8763,-0.4817,0.011,1e-04,0.8801,17.3139,10.1942,27.404,38.296,78.2631,221.5239,599.4422,149.304,2168.1624,0,1.0,0.05,none,none,none,0,none,1,270023,val
7a3a56b2c0105b03,95.8,28.5,Arunachal Pradesh,Lower Dibang Valley,2015-08-18,490.8919,34.5811,-0.5173,-0.8558,0.0025,0.0015,47.1358,12.192,415.3432,49.0015,131.9371,190.0185,275.7254,435.8993,200.6034,2221.3835,0,1.0,0.05,none,none,none,0,none,1,310028,val
867f3da04ccfd4a2,93.4,27.36,Arunachal Pradesh,Papum Pare,2016-06-14,2221.9407,21.0071,0.6869,0.7268,0.0017,-0.0003,25.0133,12.7363,450.429,11.179,76.362,131.4839,175.8322,375.5781,141.6002,2792.7346,0,1.0,0.05,none,none,none,0,none,1,210023,test
4aa8912834433df4,92.82,22.82,Mizoram,Lunglei,2007-09-09,1494.3778,23.8287,0.4704,-0.8824,-0.0014,-0.0017,29.7789,13.1436,295.583,34.3898,88.9899,140.4159,370.9728,596.351,214.4903,2456.0713,0,1.0,0.05,none,none,none,0,none,1,190003,train
0a99f646b4126cf6,93.6,27.34,Arunachal Pradesh,Papum Pare,2010-09-13,2136.5537,24.5772,-0.9885,-0.1511,0.001,-0.0007,33.0302,13.2169,287.0548,12.2604,26.4086,175.0369,297.5876,646.1894,211.9509,2792.7346,0,1.0,0.05,none,none,none,0,none,1,220023,train
9458592358900378,92.34,25.6,Meghalaya,Jaintia Hills,2011-08-16,1066.1545,4.3152,0.6254,0.7803,0.0055,0.0004,4.9638,15.4653,76.4437,7.9967,18.1782,27.8637,72.6094,138.8946,47.6377,1368.0874,0,1.0,0.05,none,none,none,0,none,1,170015,train
daf4bb0bf2f987e3,91.6,23.94,Tripura,West Tripura,2008-08-07,43.5985,0.4217,0.9878,0.1555,-0.0303,-0.0,1.3061,17.375,17.2767,0.0,8.2705,68.7374,144.3482,284.3778,84.7309,2331.065,0,1.0,0.05,none,none,none,0,none,1,140008,train
bb054c37d13203d5,92.66,26.6,Assam,Sonitpur,2015-07-22,58.0,1.3996,-0.853,-0.522,0.0032,1e-04,1.9129,16.3794,5.4522,7.7015,24.0481,49.9637,105.8864,241.8013,72.1462,1578.4004,0,1.0,0.05,none,none,none,0,none,1,180019,train
3d27b5f5e3ab7436,94.42,28.2,Arunachal Pradesh,West Siang,2013-05-11,1539.031,24.9607,-0.1597,0.9872,-0.0003,0.0009,29.8005,12.5764,338.7739,0.3887,3.1563,38.7125,116.7014,209.1114,65.4555,2507.0193,0,1.0,0.05,none,none,none,0,none,1,250027,train
b7851b199fd6ed5b,91.48,23.46,Tripura,South Tripura,2011-05-22,47.9027,1.7533,0.7758,-0.631,-0.0111,-1e-04,7.8729,15.9962,31.7027,29.3174,44.0533,62.9323,101.9638,146.6012,75.3187,2146.7825,0,1.0,0.05,none,none,none,0,none,1,130006,test
172d16eab2148ca0,92.54,26.18,Assam,Nagaon,2012-06-02,57.8063,0.0936,-0.7873,-0.6166,0.0052,0.0,0.1414,18.6189,6.1535,7.9419,20.0349,20.5953,59.5743,88.1344,33.5543,1466.0713,0,1.0,0.05,none,none,none,0,none,1,180018,train
e2f5212e97a96cdf,94.12,27.58,Arunachal Pradesh,Lower Subansiri,2015-06-19,867.1578,39.4086,0.5334,0.8458,-0.0022,0.0,57.8193,11.9925,679.3329,76.3469,251.9312,374.4384,690.3383,1064.8293,434.3514,3442.205,0,1.0,0.05,none,none,none,0,none,1,240024,train
4bd800e43fc16e3e,91.74,25.28,Meghalaya,East Khasi Hills,2015-07-31,810.6484,32.3403,0.5902,0.8072,-0.0021,-0.0002,39.6702,11.9732,692.3742,14.3015,14.8728,42.8,179.5022,514.3742,122.1839,4364.0254,0,1.0,0.05,none,none,none,0,none,1,140014,test
e699d735c9ae2d73,92.54,26.58,Assam,Sonitpur,2013-09-01,57.0,0.3191,0.6692,-0.7431,0.0022,1e-04,0.3433,17.1582,3.9065,1.6964,15.6433,49.1682,57.6504,175.0787,50.2711,1580.5195,0,1.0,0.05,none,none,none,0,none,1,180019,train
fdd2b5dc64b86693,96.82,27.44,Arunachal Pradesh,Changlang,2016-10-12,2306.5347,34.3869,-0.9468,0.3219,-0.0006,-0.0015,51.7429,12.4684,548.2984,36.3718,80.3848,84.207,85.4057,253.2772,105.0701,1533.874,0,1.0,0.05,none,none,none,0,none,1,350023,train
70c351a986404305,90.16,25.48,Meghalaya,West Garo Hills,2013-07-01,143.8935,13.873,0.9378,0.3473,-0.0003,-0.0016,17.7623,13.7279,92.4098,20.7121,75.7639,157.738,195.6078,420.372,150.2404,3075.9753,0,1.0,0.05,none,none,none,0,none,1,80015,train
a580da288fb87153,93.72,26.4,Assam,Karbi Anglong,2015-08-01,681.9864,18.4716,0.9991,0.0433,0.0023,-0.0002,25.4435,12.957,355.672,5.0202,5.9394,6.3391,163.6233,259.9083,81.084,1527.8926,0,1.0,0.05,none,none,none,0,none,1,220019,train
7117c39d6b2da3f0,90.8,25.44,Meghalaya,West Khasi Hills,2011-08-12,137.0898,11.0629,-0.027,0.9996,-0.0,0.0031,13.1802,14.1023,134.6008,0.4771,2.3764,47.9964,149.6888,304.4955,81.7667,5979.785,0,1.0,0.05,none,none,none,0,none,1,110014,test
45158734d167f5d1,96.92,28.3,Arunachal Pradesh,Lohit,2011-05-24,3672.661,31.9371,0.9957,-0.0925,-0.0098,-0.0004,49.9989,11.9679,920.4548,0.0,0.0,0.0,0.0,0.0,0.0,1534.3989,0,1.0,0.05,none,none,none,0,none,1,350027,train
2d77a52e551d9e9b,94.52,27.5,Assam,Dhemaji,2015-07-15,104.4888,2.0093,-0.0831,0.9965,-0.0008,0.0002,2.0925,15.7614,8.8726,37.9213,47.727,77.7395,195.9253,351.2182,115.6173,2084.6584,0,1.0,0.05,none,none,none,0,none,1,250023,train
ddb55e87a8b0317d,95.38,28.62,Arunachal Pradesh,Lower Dibang Valley,2014-09-22,3911.5715,9.4673,0.879,0.4768,-0.0197,-0.0002,27.1099,13.7009,339.4812,43.7984,144.43,157.3214,247.3196,473.3724,176.5267,2920.928,0,1.0,0.05,none,none,none,0,none,1,290028,train
ed6ace22796d0f17,94.08,26.94,Assam,Jorhat,2010-06-03,84.1011,0.4229,-0.9832,-0.1826,-0.0073,0.0,1.3607,17.3793,10.8163,16.6203,48.385,60.8465,138.6408,314.4123,99.1626,1961.5522,0,1.0,0.05,none,none,none,0,none,1,240021,train
98a87554a0c61905,91.62,24.12,Tripura,,2015-09-01,37.1272,1.3118,0.4409,-0.8976,-0.0038,0.0003,3.1266,16.4867,23.6378,11.5517,49.5613,134.448,235.1971,308.5802,134.0353,2331.065,0,1.0,0.05,none,none,none,0,none,1,140009,train
1e2932f5f446a8c6,92.14,27.08,Arunachal Pradesh,West Kameng,2010-06-28,1324.8403,32.4223,-0.5911,-0.8066,-0.0006,-0.0,41.3732,12.0203,469.855,44.6776,133.1866,267.4989,444.9513,611.485,289.1531,2339.4036,0,1.0,0.05,none,none,none,0,none,1,160022,train
9f54452cc8104cf7,94.52,27.82,Arunachal Pradesh,West Siang,2013-08-17,919.2191,13.1342,0.4239,-0.9057,-0.0093,-0.0005,27.2282,13.6788,261.2397,11.4454,15.5179,26.8072,106.7368,186.6842,57.2189,2104.0234,0,1.0,0.05,none,none,none,0,none,1,250025,train
65a6d2f32eb362bd,96.36,27.42,Arunachal Pradesh,Changlang,2010-07-25,951.6007,19.4651,0.891,-0.4539,-0.0024,0.001,24.1313,12.9618,193.764,15.56,21.5786,136.8712,247.962,413.3758,155.8798,2101.511,0,1.0,0.05,none,none,none,0,none,1,330023,test
ad265a182bda1de1,91.66,25.64,Meghalaya,West Khasi Hills,2015-07-22,1425.9243,11.942,-0.0466,-0.9989,0.0022,-0.0013,13.8042,13.9792,183.3503,10.0796,23.7708,46.769,78.1449,212.3158,62.5204,1795.0524,0,1.0,0.05,none,none,none,0,none,1,140015,train
9838562026236c14,91.76,25.62,Meghalaya,West Khasi Hills,2016-10-15,1302.0638,20.3922,0.9905,0.1378,0.001,0.0008,26.098,12.8839,352.236,0.0,43.1767,125.5666,161.9116,339.803,115.0345,2416.0737,0,1.0,0.05,none,none,none,0,none,1,140015,train
694c8a0b19cc6c0f,94.14,24.98,Manipur,Senapati,2013-08-04,953.9949,18.8576,0.4165,-0.9091,-1e-04,-1e-04,22.6342,13.2589,195.4608,0.0,13.3977,32.4006,75.3533,295.1479,61.169,1404.2817,0,1.0,0.05,none,none,none,0,none,1,240012,train
add6003ce581c81f,93.24,27.24,Arunachal Pradesh,Papum Pare,2013-10-06,2083.4177,30.5004,0.7944,0.6074,-1e-04,-0.0004,39.0844,12.658,419.197,14.3176,71.9933,72.2663,209.11,224.2973,125.6882,2825.927,0,1.0,0.05,none,none,none,0,none,1,200022,train
b28d9e80d524a312,95.1,26.96,Nagaland,Mon,2015-03-19,127.443,1.0597,-0.944,-0.33,0.0044,-0.0,2.2651,16.5854,34.3427,3.4771,3.4771,3.4771,7.1348,26.239,6.9866,2199.4968,0,1.0,0.05,none,none,none,0,none,1,280021,train
e5a3f0680da23218,93.52,24.58,Manipur,Tamenglong,2010-10-09,940.0931,29.1778,0.9899,-0.1417,0.0009,-0.0013,40.0716,12.4989,260.3502,88.2075,178.2317,183.3109,200.7632,286.5642,184.1755,1713.9587,0,1.0,0.05,none,none,none,0,none,1,210011,train
827a7f826934ab26,96.84,28.0,Arunachal Pradesh,Lohit,2016-05-18,3359.892,34.4709,-0.8123,0.5832,-0.0015,-0.0009,45.9969,12.0276,733.0052,37.1551,164.5093,216.4258,230.359,725.01,225.5045,1542.9478,0,1.0,0.05,none,none,none,0,none,1,350026,test
18f0a8f5f842876a,88.5,27.96,Sikkim,North Sikkim,2016-05-01,4704.786,36.3665,-0.0942,0.9956,-0.0014,0.0004,46.0833,11.1328,556.5976,5.6743,19.4363,19.4363,194.5279,287.2488,95.1164,2516.4265,0,1.0,0.05,none,none,none,0,none,1,10025,train
ba2386c8e0224750,94.76,27.92,Arunachal Pradesh,West Siang,2014-06-26,1174.3806,24.0906,-0.9704,0.2416,0.0033,-0.0002,33.2886,12.8274,511.2181,0.0,20.7772,99.7199,128.7397,374.9736,102.7674,2645.5813,0,1.0,0.05,none,none,none,0,none,1,260025,train
a4488aae3f8d651b,93.72,27.96,Arunachal Pradesh,Kurung Kumey,2015-08-01,651.2862,14.2568,0.9728,-0.2316,0.0031,0.007,41.8102,12.8293,514.1514,0.0,0.0,0.0,114.3033,228.4085,57.5147,3189.8923,0,1.0,0.05,none,none,none,0,none,1,220025,test
12a55bc28e144bd0,96.62,28.44,Arunachal Pradesh,Lohit,2015-07-25,3778.1597,31.6761,-0.4223,0.9065,0.0017,-0.0002,39.1884,11.3299,657.2097,1.2,39.7865,46.8341,85.1761,235.444,62.2127,1895.3857,0,1.0,0.05,none,none,none,0,none,1,340028,val
0f29b67c7f64dde8,93.38,23.24,Mizoram,Champhai,2009-08-20,616.5895,8.5635,0.2022,-0.9793,0.007,0.0021,10.2167,14.3664,257.0842,0.0,0.0,0.0,0.0,0.0,0.0,0.0,0,1.0,0.05,none,none,none,0,none,1,210005,train
e28887d90b699696,92.74,24.38,Mizoram,Kolasib,2011-06-21,253.6958,11.3678,-0.5363,-0.844,-0.0005,-0.0008,15.5825,14.1668,132.5776,4.6728,40.3763,96.0097,258.578,469.4333,150.2104,2745.4338,0,1.0,0.05,none,none,none,0,none,1,180010,test
805c5a9d06cd718e,92.42,24.32,Assam,Karimganj,2010-10-08,82.2072,4.0029,-0.5989,-0.8008,0.0048,0.0002,4.801,15.0371,48.9389,57.1302,82.4176,107.9926,151.3926,486.64,146.8282,2265.9148,0,1.0,0.05,none,none,none,0,none,1,170009,train
43504f94b8bc818a,93.74,25.22,Manipur,Tamenglong,2015-07-24,1747.5156,38.1205,0.9849,-0.1733,0.0019,-0.0,56.017,12.276,700.9362,18.0861,37.4644,129.4439,195.6356,362.0926,131.4183,1501.3524,0,1.0,0.05,none,none,none,0,none,1,220013,train
689241bd642e86c5,96.06,28.48,Arunachal Pradesh,Lower Dibang Valley,2013-09-02,2740.3677,42.2432,0.3743,-0.9273,-0.0019,-0.0003,59.7076,11.9662,694.7927,10.1326,17.6328,42.5102,51.4674,115.2286,41.2491,2017.1823,0,1.0,0.05,none,none,none,0,none,1,320028,train
e83b2f3ffe26b5de,91.86,25.96,Meghalaya,Ri-Bhoi,2008-10-29,460.6121,15.7384,0.8528,-0.5223,0.0017,-0.002,21.0838,13.4512,243.7875,0.0,62.7934,66.7729,67.4929,97.8286,58.5599,1519.5187,0,1.0,0.05,none,none,none,0,none,1,150017,train
79c12defd40fff95,94.08,25.94,Nagaland,Kohima,2013-10-05,378.3093,14.9401,0.5731,-0.8195,-0.0008,0.0,16.4929,12.8683,211.7438,22.3758,31.0421,38.6585,91.1542,179.6729,64.4234,1490.7953,0,1.0,0.05,none,none,none,0,none,1,240017,test
38159c8079ab6a51,88.08,27.44,Sikkim,West Sikkim,2011-07-24,4296.4956,18.3927,-0.9789,-0.2045,0.0008,0.0029,26.7062,13.3264,355.2642,10.9611,51.2534,110.0921,227.0455,433.9588,141.6883,2561.9763,0,1.0,0.05,none,none,none,0,none,1,23,train
29e24573334f8e21,92.5,26.36,Assam,Marigaon,2011-09-06,56.0035,0.1341,-0.7904,0.6126,0.0024,0.0,0.2831,18.5108,4.6643,23.0968,49.6977,98.0889,123.794,256.6846,106.0614,1466.0713,0,1.0,0.05,none,none,none,0,none,1,170018,train
4c3720141af2fc5a,94.42,26.18,Nagaland,Zunheboto,2010-08-14,850.8196,14.6572,0.0753,0.9972,-0.0044,-0.0012,18.3724,13.3616,256.214,16.4943,27.6824,53.6433,167.5801,354.5731,99.9529,1860.061,0,1.0,0.05,none,none,none,0,none,1,250018,train
52df8d02dd2e4814,91.4,25.98,Assam,Kamrup,2012-09-16,51.3083,0.2764,-0.4899,-0.8718,0.0311,1e-04,0.9347,17.6991,96.9624,0.0,0.0,0.0,0.0,156.7356,17.6845,1731.2534,0,1.0,0.05,none,none,none,0,none,1,130017,test
52d6333e59a92fbb,93.82,26.16,Assam,Karbi Anglong,2010-06-03,119.1421,0.5221,0.4985,-0.8669,0.0012,-1e-04,1.4413,17.0507,15.4815,15.4767,45.6675,58.7081,130.4757,279.2722,91.3491,1396.0863,0,1.0,0.05,none,none,none,0,none,1,230018,train
b34bac1b80a14e01,93.48,26.52,Assam,Karbi Anglong,2016-07-16,177.5525,15.1043,0.9055,0.4243,0.0045,0.0019,20.6732,13.3122,273.1422,17.5054,51.725,114.5401,287.0823,499.6644,158.5781,1433.8859,0,1.0,0.05,none,none,none,0,none,1,210019,test
806fd1f8f6ff0f07,95.82,28.28,Arunachal Pradesh,Lower Dibang Valley,2007-09-07,2277.745,35.7806,0.1704,-0.9854,-0.0041,-0.001,49.7221,12.1449,545.3272,8.7355,97.0271,175.1854,318.9854,452.9854,202.0672,2659.9675,0,1.0,0.05,none,none,none,0,none,1,310027,train
3f5f422f6b6e3247,92.92,24.2,Mizoram,Aizawl,2012-06-20,390.6542,22.9117,-0.042,0.9991,-0.0044,-0.0003,41.9797,13.0301,290.5272,17.1839,116.3402,192.869,259.2331,493.0412,210.5165,2505.0334,0,1.0,0.05,none,none,none,0,none,1,190009,val
ebb78bae3d4ab530,90.3,25.34,Meghalaya,South Garo Hills,2015-08-01,38.7161,0.2536,0.734,0.6792,0.0012,-0.0,0.3393,17.952,49.5632,15.7038,17.9343,18.6209,212.0686,462.2311,120.0764,3768.6863,0,1.0,0.05,none,none,none,0,none,1,90014,val
20c7d51f69e59c0c,92.12,26.08,Assam,Kamrup,2008-06-14,474.086,10.4867,0.5636,-0.826,0.0024,0.0012,13.6559,13.8587,229.8974,1.3415,28.0997,32.9381,56.8077,105.5405,37.8188,1174.9448,0,1.0,0.05,none,none,none,0,none,1,160017,train
342a279d7e98b400,90.34,25.88,Meghalaya,West Garo Hills,2015-06-19,219.7485,3.6375,-0.0076,1.0,0.0051,1e-04,6.7785,15.5013,37.8816,0.2386,6.3812,80.8739,652.6222,1195.4823,317.7618,2521.091,0,1.0,0.05,none,none,none,0,none,1,90016,val
4d993aee68bf3a0d,91.3,25.22,Meghalaya,West Khasi Hills,2011-09-23,395.0046,24.7172,-0.9797,-0.2006,0.0002,-0.0011,33.1742,12.8275,411.3438,3.7544,20.3731,38.4837,110.4197,247.6709,73.2253,8121.935,0,1.0,0.05,none,none,none,0,none,1,130013,train
e3f357abd9d66292,93.44,26.58,Assam,Golaghat,2010-09-13,92.7918,1.7401,0.9924,0.123,0.0005,1e-04,2.2821,15.4401,106.5376,0.0,0.6879,15.2708,37.2375,136.6054,28.0785,1433.8859,0,1.0,0.05,none,none,none,0,none,1,210019,test
c4f43cc307fdbe50,94.04,24.22,Manipur,Chandel,2011-05-31,1607.1874,34.202,0.7296,0.6838,0.0019,0.0003,44.965,12.3387,294.9114,63.6,118.2,121.6,320.8,442.8,196.5794,1498.743,0,1.0,0.05,none,none,none,0,none,1,240009,train
583ec37553e0b835,91.02,26.14,Assam,Barpeta,2015-08-01,40.5474,0.2525,-0.7835,-0.6214,0.0043,0.0,0.2834,18.06,5.1758,0.2191,0.356,0.356,90.2134,225.3782,52.0186,1876.0208,0,1.0,0.05,none,none,none,0,none,1,110017,train
061356e4aaaa916c,94.52,28.32,Arunachal Pradesh,West Siang,2010-10-08,1114.7811,30.9149,0.3186,0.9479,0.0,0.0006,39.9511,11.9437,513.0894,3.7971,10.8352,17.3979,123.7174,353.1385,66.4038,2507.0193,0,1.0,0.05,none,none,none,0,none,1,250027,train
ec77801d2c6d532b,95.08,28.92,Arunachal Pradesh,Upper Siang,2010-10-09,1919.289,43.1142,-0.9161,-0.401,0.0007,1e-04,67.0465,11.8366,833.8386,10.028,21.9229,57.4136,209.2029,352.5351,99.6789,2428.2751,0,1.0,0.05,none,none,none,0,none,1,280030,test
8a0eca6ba9377933,90.34,25.34,Meghalaya,South Garo Hills,2010-07-19,134.1246,9.0287,0.9433,-0.3319,-0.0017,-0.0021,13.3644,14.131,88.2094,17.9312,37.4612,189.7455,755.9758,1937.2086,443.2836,3768.6863,0,1.0,0.05,none,none,none,0,none,1,90014,val
77e4fa6c8f015e12,93.16,25.46,Assam,North Cachar Hills,2013-08-04,244.5778,13.3535,0.4962,0.8682,-0.003,-0.0004,16.1287,14.1452,104.012,38.9085,62.9961,82.9875,125.4541,274.2496,104.6536,1358.4022,0,1.0,0.05,none,none,none,0,none,1,200014,val
e7360329e475a301,93.32,27.72,Arunachal Pradesh,Kurung Kumey,2007-08-26,1542.8027,22.7192,0.3928,-0.9196,-0.0031,-0.0002,28.6718,13.0782,315.1277,16.6442,42.9434,76.8663,382.8759,537.5518,185.8778,3149.5457,0,1.0,0.05,none,none,none,0,none,1,210024,train
a9067c83b0798579,95.1,26.08,Nagaland,Tuensang,2011-08-05,2074.548,30.023,-0.9883,-0.1527,-0.0016,-0.0003,39.2431,12.8331,491.4055,24.4184,50.0798,50.606,290.9788,554.7412,153.2202,1871.9,0,1.0,0.05,none,none,none,0,none,1,280017,val
3d28cba8c00edc13,95.72,28.84,Arunachal Pradesh,Upper Dibang Valley,2015-08-26,3075.8037,7.6411,-0.9382,0.3461,0.0014,0.002,16.3004,13.9256,341.251,0.926,18.3254,80.4844,338.9717,461.9265,163.8902,2352.1077,0,1.0,0.05,none,none,none,0,none,1,300029,test
7de0595c4e03383f,94.34,27.62,Arunachal Pradesh,West Siang,2013-08-04,373.5142,5.6381,-0.1722,0.9851,-0.0359,-0.0004,21.7412,15.0286,196.3373,0.0,8.2343,30.2793,111.7704,222.0089,58.8199,2261.6345,0,1.0,0.05,none,none,none,0,none,1,250024,test
76be6a352852e013,91.36,23.9,Tripura,West Tripura,2011-08-13,41.6368,2.6341,-0.4308,0.9025,-0.0045,-0.0003,4.7588,15.9498,23.8088,0.3337,3.4556,47.9703,99.5039,257.5598,70.5091,2207.221,0,1.0,0.05,none,none,none,0,none,1,130008,train
06282b7a4193b0f1,90.0,25.56,Meghalaya,West Garo Hills,2015-06-24,59.698,12.4842,0.3121,0.9501,0.0024,0.0012,16.2563,14.0203,75.7089,25.0095,63.3696,68.3512,341.7338,881.5055,197.3435,3184.4531,0,1.0,0.05,none,none,none,0,none,1,70015,train
95acc90067532edd,94.78,28.68,Arunachal Pradesh,Upper Siang,2015-08-01,1444.3425,35.677,-0.8162,-0.5778,0.0033,0.0009,52.9379,12.4668,509.2742,1.1157,12.7531,13.0959,87.3616,302.5031,61.0426,2703.382,0,1.0,0.05,none,none,none,0,none,1,270029,test
6fa2b19da6b82830,92.68,27.48,Arunachal Pradesh,West Kameng,2013-07-15,2637.0933,37.0768,0.5286,-0.8489,-0.0007,0.0004,48.4379,12.4248,593.3042,3.328,16.2046,48.3007,193.5118,368.9208,112.4831,1866.9108,0,1.0,0.05,none,none,none,0,none,1,180023,test
c552a3ed727a6f6f,91.64,23.02,Tripura,South Tripura,2010-10-09,33.1303,1.3609,-0.6247,0.7809,0.0142,0.0,7.3316,16.3468,29.3164,0.0,0.0,0.0,0.0,0.0,0.0,0.0,0,1.0,0.05,none,none,none,0,none,1,140004,train
fcaf3397b6984ede,96.56,27.6,Arunachal Pradesh,Changlang,2012-09-19,1845.3398,32.5411,0.8526,-0.5225,0.0025,-0.0002,45.9318,12.326,757.2458,0.0,0.0,0.0,0.0,0.0,0.0,1532.976,0,1.0,0.05,none,none,none,0,none,1,340024,val
bd21d159d079732f,92.7,25.24,Meghalaya,Jaintia Hills,2015-08-02,1212.5206,6.4592,-0.395,0.9187,-0.0067,-0.0004,11.9746,14.0875,183.5172,0.0,29.5622,29.7103,169.1045,323.3398,93.1692,2058.8271,0,1.0,0.05,none,none,none,0,none,1,180013,train
f8b7ec2e0e66c8fd,92.92,26.12,Assam,Nagaon,2015-06-16,69.7949,1.4652,0.9449,-0.3275,-0.0043,-0.0,2.1618,16.0667,8.2372,5.7085,9.0511,65.1687,88.3439,149.7312,63.3572,1288.5543,0,1.0,0.05,none,none,none,0,none,1,190017,val
2c04846d9a1fbc2c,94.44,27.52,Assam,Dhemaji,2010-08-27,119.4682,1.7596,0.4681,-0.8837,-0.0008,-0.0002,2.0833,16.0686,9.8737,69.5989,69.9408,112.3608,251.5286,394.577,150.2524,2084.6584,0,1.0,0.05,none,none,none,0,none,1,250024,test
5fb28330c3d063e0,95.3,27.84,Assam,Dhemaji,2012-06-22,133.7805,0.7313,0.9424,0.3344,0.0003,-0.0,1.0841,17.0217,10.9994,7.3942,14.1875,61.8504,156.0451,262.1271,97.7364,2200.1365,0,1.0,0.05,none,none,none,0,none,1,290025,train
098c90feb4aeb978,93.94,25.96,Assam,Golaghat,2012-06-07,159.7773,0.5392,0.9655,0.2603,-0.0012,-1e-04,2.3475,17.1321,14.6422,1.4398,19.0485,57.0623,65.4204,103.644,47.6401,1490.7953,0,1.0,0.05,none,none,none,0,none,1,230017,test
c6c505c6cc34f851,91.68,26.76,Assam,Nalbari,2013-05-11,116.7891,0.3216,-0.896,-0.444,-0.0047,0.0,0.642,17.7945,13.4673,12.5179,43.0246,62.209,118.6876,197.9928,79.3551,1812.6598,0,1.0,0.05,none,none,none,0,none,1,140020,train
f3467f81079cce66,90.44,25.94,Meghalaya,East Garo Hills,2015-07-22,222.5616,7.4032,-0.5215,0.8532,0.0016,0.0008,8.1475,14.4471,131.9048,6.2885,26.8367,80.7763,177.1179,397.6135,110.6257,2566.6904,0,1.0,0.05,none,none,none,0,none,1,90017,val
0f5a0c50ccca6c8a,94.74,27.08,Assam,Sibsagar,2010-08-27,95.7522,0.1937,-0.9383,0.3458,0.0468,-0.0,0.5068,18.5343,14.6459,17.8292,56.2097,128.0245,271.9796,473.7938,157.5524,2140.0574,0,1.0,0.05,none,none,none,0,none,1,260022,train
85ee25736ab2f6ea,88.06,27.38,Sikkim,West Sikkim,2014-06-26,3328.7668,30.7692,0.6912,0.7226,-0.0006,0.0005,39.5584,12.3143,626.8118,0.0,33.0367,144.1869,273.4582,491.0886,169.8107,2561.9763,0,1.0,0.05,none,none,none,0,none,1,23,train
23e4a3d559d67057,93.48,25.96,Assam,Karbi Anglong,2013-10-13,148.6034,1.7443,0.996,-0.0889,0.0056,0.0005,6.919,16.0835,41.1025,0.0,0.0,23.426,91.0022,125.4702,44.8875,1281.5579,0,1.0,0.05,none,none,none,0,none,1,210017,train
a02390e64b00602d,93.42,26.7,Assam,Golaghat,2008-08-14,74.5587,0.3483,0.8706,-0.492,0.0044,1e-04,0.5946,17.6419,7.2633,12.046,25.8773,43.756,77.0888,185.4421,62.0696,1584.6074,0,1.0,0.05,none,none,none,0,none,1,210020,test
8e903fc7585305f5,96.18,27.84,Arunachal Pradesh,Lohit,2015-08-01,203.5532,3.1984,-0.9855,-0.1694,-0.0032,0.0,3.969,15.193,13.15,0.1707,0.2962,0.2962,52.7777,131.5175,29.5331,2141.388,0,1.0,0.05,none,none,none,0,none,1,320025,train
46a02933b0938625,92.9,22.68,Mizoram,Lunglei,2007-10-21,619.5988,21.2144,0.8193,-0.5733,0.0028,0.0006,26.6666,12.9325,468.176,0.0,4.6528,41.2476,121.2041,314.2129,74.1002,1909.7992,0,1.0,0.05,none,none,none,0,none,1,190002,test
c8697667cfb30ab0,93.4,27.74,Arunachal Pradesh,Kurung Kumey,2015-06-24,1439.5054,13.3763,-0.5264,-0.8502,-0.0089,-0.0023,20.8388,13.929,258.9634,12.7632,32.6075,67.2643,223.5416,585.4784,150.5384,3170.427,0,1.0,0.05,none,none,none,0,none,1,210025,test
ae43bed195cf04ac,94.36,24.78,Manipur,Ukhrul,2010-06-17,1303.8583,22.3677,0.3887,0.9214,0.0023,0.0005,30.6345,12.9937,448.8354,6.0262,44.9378,75.9339,191.04,303.8876,114.5869,1092.0088,0,1.0,0.05,none,none,none,0,none,1,250011,train
7e7d4d936abb3677,95.6,28.58,Arunachal Pradesh,Lower Dibang Valley,2010-10-09,1774.7706,32.9398,-0.9278,0.3731,0.0027,0.0004,45.2869,12.1423,558.9956,13.53,13.53,19.4562,65.0474,337.2986,55.6911,2920.928,0,1.0,0.05,none,none,none,0,none,1,300028,train
515dd6a463dbed3c,95.82,27.14,Arunachal Pradesh,Changlang,2014-09-22,1052.787,27.7284,-0.4869,-0.8735,-0.0022,-1e-04,37.7701,13.0048,554.2668,29.0836,106.9429,114.0238,179.5052,316.9168,125.926,2151.4668,0,1.0,0.05,none,none,none,0,none,1,310022,train
a173026ac00f7be9,93.1,24.66,Assam,East Imphal,2015-09-23,43.9515,1.3979,-0.9715,0.2372,-0.019,-1e-04,6.5395,16.202,48.6103,13.0131,27.844,43.8363,77.2199,204.5336,61.721,2521.342,0,1.0,0.05,none,none,none,0,none,1,200011,train
6f8c31b514324304,93.86,27.72,Arunachal Pradesh,Lower Subansiri,2009-08-30,1784.889,21.0281,-0.8017,0.5977,0.001,0.001,27.5892,13.133,308.4451,3.6112,47.1353,68.4968,314.9112,854.5586,221.6934,3174.538,0,1.0,0.05,none,none,none,0,none,1,230024,train
a7628bc04755756d,89.9,25.82,Assam,Dhuburi,2012-06-07,20.5,1.8519,-0.0236,-0.9997,-0.0003,0.0002,2.0276,16.1429,9.2586,49.3883,87.4136,219.6208,251.7735,362.6692,193.5481,2964.5413,0,1.0,0.05,none,none,none,0,none,1,70016,train
8a0ed298f5260235,89.98,25.48,Meghalaya,West Garo Hills,2010-08-14,58.7964,8.5628,0.9983,0.0585,-0.0019,0.0004,11.3564,14.3946,62.1372,11.6302,14.0285,15.0562,33.5429,242.8785,38.7664,3184.4531,0,1.0,0.05,none,none,none,0,none,1,70015,train
8fc9ca9751012a09,96.6,28.44,Arunachal Pradesh,Lohit,2012-09-16,3849.3591,28.3156,0.0151,-0.9999,0.0035,1e-04,36.6208,11.712,551.1552,0.0,0.0,0.0,0.0,0.0,0.0,1895.3857,0,1.0,0.05,none,none,none,0,none,1,340028,val
27a3f6083ea41c26,96.04,28.68,Arunachal Pradesh,Upper Dibang Valley,2014-06-26,1529.467,29.4111,0.1194,0.9928,-0.0011,0.0044,37.0711,12.2227,499.2784,0.0,1.2316,9.3025,30.924,58.5936,17.0293,2203.6106,0,1.0,0.05,none,none,none,0,none,1,320029,train
39d1bb5346f21b37,93.94,24.0,Manipur,Chandel,2010-09-09,1714.8737,27.6438,0.6638,-0.7479,-0.0029,-0.0014,34.9325,12.4725,395.8774,0.1999,13.0976,32.593,49.7998,106.513,37.1285,1078.8973,0,1.0,0.05,none,none,none,0,none,1,230008,train
2923f0f238f3a18e,96.74,28.4,Arunachal Pradesh,Lohit,2008-08-19,4068.891,29.9237,-0.8849,-0.4659,0.0008,1e-04,40.9852,12.1509,684.428,7.9985,24.9979,100.5827,167.1271,310.0103,105.5835,1588.8076,0,1.0,0.05,none,none,none,0,none,1,340027,test
26dfcd5adef07eeb,91.6,26.58,Assam,Nalbari,2012-06-25,63.2715,0.8646,-0.0473,-0.9989,-0.0036,0.0,0.8227,17.5461,14.1724,26.9782,32.058,111.2852,417.8078,684.6833,217.707,1702.7764,0,1.0,0.05,none,none,none,0,none,1,140019,train
59f12a6c3568c122,92.48,24.38,Assam,Karimganj,2012-09-16,137.7687,10.0161,-0.8806,-0.4738,0.0047,0.001,14.4497,14.2715,165.4823,14.6391,74.2326,89.6252,138.7062,404.5169,127.0251,2719.7605,0,1.0,0.05,none,none,none,0,none,1,170010,val
bc5eec6cc7f1de44,96.66,27.64,Arunachal Pradesh,Changlang,2016-06-14,3609.8025,42.3872,0.5893,-0.8079,-0.0008,-0.0003,58.021,11.9997,619.4256,12.0622,67.8472,108.2588,115.6218,303.0626,96.6895,1539.3256,0,1.0,0.05,none,none,none,0,none,1,340024,val
a4accc9965a4a7bf,93.06,26.46,Assam,Nagaon,2015-08-18,78.1995,0.8975,-0.2103,0.9776,0.0013,1e-04,1.1257,16.8548,9.938,9.985,17.9674,55.8394,127.496,217.444,70.8982,1615.9535,0,1.0,0.05,none,none,none,0,none,1,200019,train
502933991325d268,94.06,25.98,Nagaland,Wokha,2007-09-10,287.3636,7.5866,-0.6908,0.7231,0.0129,0.0024,26.5089,14.6219,243.9816,2.8513,20.3188,103.5609,242.6521,416.9509,131.4896,1490.7953,0,1.0,0.05,none,none,none,0,none,1,240017,test
ad5ac79ea0bffb8a,94.7,25.8,Nagaland,Tuensang,2010-10-08,1073.371,20.4085,-0.9999,0.0117,0.014,0.001,37.0822,12.9791,521.5444,8.3722,20.621,36.7668,106.5444,233.0393,60.6638,1784.5413,0,1.0,0.05,none,none,none,0,none,1,260016,train
5be2cabc62119bdf,90.1,25.52,Meghalaya,West Garo Hills,2010-07-21,103.7771,7.3888,0.8668,0.4987,0.0023,-0.0014,9.5494,13.8962,105.2034,46.5357,104.5773,124.8096,273.0566,466.3861,181.7725,3184.4531,0,1.0,0.05,none,none,none,0,none,1,80015,train
41b44b2bad043434,96.84,27.6,Arunachal Pradesh,Changlang,2016-06-22,2950.0176,33.4041,-0.9968,0.0802,0.0036,-0.0004,47.0798,12.2532,729.3758,1.2075,73.61,108.1907,224.008,242.1136,124.8918,1533.874,0,1.0,0.05,none,none,none,0,none,1,350024,test
d227f70a0a5abbc9,96.86,27.52,Arunachal Pradesh,Changlang,2010-06-09,2043.4506,30.4856,-0.9429,-0.333,-0.0013,-0.0005,42.338,12.3591,474.4256,1.3041,13.0297,96.6241,226.4709,532.0246,139.6022,1533.874,0,1.0,0.05,none,none,none,0,none,1,350024,test
6a75639af414b426,95.6,27.46,Assam,Tinsukia,2010-03-27,136.738,0.5715,-0.5516,-0.8341,-0.0018,1e-04,0.8645,17.0516,5.0478,16.8412,24.1182,34.1303,36.3927,136.9612,39.7541,2123.9753,0,1.0,0.05,none,none,none,0,none,1,300023,train
eca727bd8001e7d7,94.12,28.62,Arunachal Pradesh,West Siang,2007-09-07,2089.2969,17.0415,-0.849,-0.5284,0.0038,0.0006,22.0756,13.0343,293.5159,37.094,87.3047,260.8762,385.9576,807.8918,278.0428,3323.6445,0,1.0,0.05,none,none,none,0,none,1,240028,train
d6fb793856a55a4f,94.02,24.92,Manipur,East Imphal,2010-10-09,928.0945,23.1172,0.7261,0.6876,0.0005,0.0006,28.7715,13.0683,325.9768,51.8949,148.8833,160.5335,193.3488,301.2334,168.9819,1422.8877,0,1.0,0.05,none,none,none,0,none,1,230012,train
768d583613d80dc8,95.6,27.02,Arunachal Pradesh,Tirap,2013-06-08,1360.2781,42.0944,0.6903,0.7236,-0.0017,-0.0,60.104,11.8373,738.6706,4.7332,36.0634,57.7143,100.6893,279.2261,75.6797,2022.789,0,1.0,0.05,none,none,none,0,none,1,300021,train
e75fce89b5e819cc,94.58,25.4,Manipur,Ukhrul,2015-07-22,1599.6329,26.0852,0.005,-1.0,0.0037,1e-04,31.6024,12.7086,307.4569,10.6015,47.5442,125.7119,198.9785,313.9058,119.1629,1582.398,0,1.0,0.05,none,none,none,0,none,1,260014,test
d3b42594973f69a2,91.98,27.52,Arunachal Pradesh,Tawang,2015-08-16,4165.7915,10.0835,0.9724,0.2335,0.0018,-0.001,16.1968,14.0095,410.4746,2.4722,30.6657,90.6457,129.7957,181.1677,78.5192,2002.7416,0,1.0,0.05,none,none,none,0,none,1,150024,train
6ff927bd0cc0ec02,93.9,25.8,Nagaland,Dimapur,2014-09-22,414.9801,3.8431,-0.8569,-0.5155,-0.0189,-0.0011,16.7842,15.1739,157.8903,3.3895,17.5284,36.9329,88.3443,143.4866,48.7453,1523.0817,0,1.0,0.05,none,none,none,0,none,1,230016,train
78bdeb4df99e0822,92.46,23.38,Mizoram,Mamit,2013-08-04,198.6016,14.5378,-0.9817,0.1905,-0.0014,-0.0004,18.0608,13.7725,141.1874,13.7684,31.0733,45.9117,121.708,198.6084,73.5654,2342.9277,0,1.0,0.05,none,none,none,0,none,1,170005,val
d9dbcdcb25b93a9c,92.58,25.08,Assam,Cachar,2010-10-09,488.7388,24.4373,-0.9872,-0.1598,-0.0014,0.0003,31.8984,12.6111,422.7454,91.3338,120.6848,125.4028,187.1152,455.3236,169.1931,2559.657,0,1.0,0.05,none,none,none,0,none,1,180013,train
08a46e755f7186be,90.02,26.0,Assam,Dhuburi,2010-08-19,28.6931,0.2137,-0.9392,-0.3435,-0.0264,-0.0008,0.3009,19.313,29.7601,16.7179,135.2069,189.1705,192.5155,408.9459,172.7768,2481.9448,0,1.0,0.05,none,none,none,0,none,1,70017,val
ba37ac49762e2369,91.2,25.92,Assam,Kamrup,2010-06-16,138.7442,7.793,-0.3314,0.9435,-0.0035,0.0015,13.4626,14.4665,140.424,0.0,31.9754,44.5097,287.1216,438.1404,130.081,1765.9095,0,1.0,0.05,none,none,none,0,none,1,120016,train
b66de479333e02c2,95.54,28.42,Arunachal Pradesh,Lower Dibang Valley,2012-06-03,1746.9338,32.2565,0.8447,-0.5352,-0.0013,-0.0011,43.9387,12.521,523.036,23.2,27.6,30.0,62.6,230.4,57.2617,2920.928,0,1.0,0.05,none,none,none,0,none,1,300028,train
e1251a7a93a4c9b1,93.52,24.1,Manipur,Churachandpur,2010-08-14,692.9403,20.0706,-0.2363,0.9717,0.0017,-0.0002,27.0855,13.1457,221.9026,11.4685,46.8313,50.3552,130.7298,267.7748,82.7413,1882.7554,0,1.0,0.05,none,none,none,0,none,1,210008,train
959eb4bb792f18d5,93.1,23.14,Mizoram,Serchhip,2014-09-22,955.624,13.785,0.9018,0.4322,-0.0086,0.0003,28.7975,13.6256,404.0254,3.6112,22.6807,152.1129,324.9535,565.196,196.2919,2246.7551,0,1.0,0.05,none,none,none,0,none,1,200004,train
6f4d238d504959b3,88.14,27.9,Sikkim,North Sikkim,2015-08-28,6029.7246,33.1429,0.8711,0.4911,-0.001,0.0006,44.959,11.7952,845.8501,36.4766,95.2973,162.2684,247.7239,424.7423,179.5686,2499.117,0,1.0,0.05,none,none,none,0,none,1,25,train
b2f13e4ab8519d0b,91.52,23.3,Tripura,South Tripura,2011-08-15,36.9388,3.8101,-0.4522,-0.8919,-0.0002,0.0011,5.315,15.2944,41.4032,6.9265,8.1857,73.1948,296.136,421.2866,138.9251,2277.1672,0,1.0,0.05,none,none,none,0,none,1,130005,train
c23f6345d12185bb,96.2,27.72,Arunachal Pradesh,Lohit,2010-10-08,233.4815,0.4485,-0.969,0.247,0.0025,-1e-04,1.7765,17.1585,24.259,0.4054,2.1087,2.1087,66.5018,253.6184,34.4778,2141.388,0,1.0,0.05,none,none,none,0,none,1,320024,test
7615f1e23cb43fb6,93.26,25.32,Assam,North Cachar Hills,2007-08-26,557.3711,22.2402,-0.3406,0.9402,0.0026,-0.0002,26.4881,13.1083,232.3343,5.1935,14.7986,63.7945,114.8438,157.7765,65.5207,1481.8857,0,1.0,0.05,none,none,none,0,none,1,200014,val
ad134612067e9631,91.98,26.18,Assam,Kamrup,2010-07-20,83.3558,9.6488,-1.0,-0.0058,-0.0057,0.0007,13.2867,13.8706,86.0491,9.1929,29.5,40.9297,58.0435,320.321,70.9893,1300.8937,0,1.0,0.05,none,none,none,0,none,1,150018,train
c39d19f6c527601c,93.04,24.4,Manipur,Churachandpur,2014-06-26,104.7373,9.3457,-0.9157,0.4019,-0.0058,-0.001,14.0335,14.4947,91.6977,3.2604,20.5703,45.7393,190.6507,369.5693,113.4951,2542.821,0,1.0,0.05,none,none,none,0,none,1,200010,val
5771131c66ac7d62,96.82,27.78,Arunachal Pradesh,Lohit,2008-08-14,2694.8977,32.9769,-0.9635,-0.2676,-0.0021,-1e-04,46.4226,11.7598,686.3684,17.158,60.506,114.3936,136.4446,288.1719,112.2118,1539.3256,0,1.0,0.05,none,none,none,0,none,1,350025,test
a6b1eb10e72d33e7,90.38,25.16,Meghalaya,,2010-09-13,18.1829,0.3457,0.0551,0.9985,-0.0029,0.0,0.7264,17.4855,7.1145,1.1844,97.3991,251.1202,437.9398,1638.3342,348.0018,5971.0938,0,1.0,0.05,none,none,none,0,none,1,90013,train
48c73f643eb35e33,94.9,26.96,Assam,Sibsagar,2016-07-19,108.4579,1.1183,0.2282,-0.9736,-0.0004,-1e-04,1.292,16.4569,15.3535,1.9564,28.5793,88.5983,160.1676,389.1666,109.4153,2199.4968,0,1.0,0.05,none,none,none,0,none,1,270021,train
c9cb46184dad5688,91.06,25.46,Meghalaya,West Khasi Hills,2012-06-22,758.3298,10.0218,-0.9441,-0.3296,-0.0069,-0.0011,16.3226,14.1686,127.0435,17.8865,25.1001,58.8685,166.8382,381.7406,121.4274,5871.3726,0,1.0,0.05,none,none,none,0,none,1,120014,train
07985369d142f480,93.12,23.98,Mizoram,Aizawl,2015-08-16,1075.8955,24.4905,0.7537,-0.6572,0.0005,0.0015,31.3607,12.3424,363.3893,0.3216,7.2119,103.8482,140.112,357.0,96.377,2389.096,0,1.0,0.05,none,none,none,0,none,1,200008,train
ff871c21757ea5bd,95.14,28.04,Arunachal Pradesh,East Siang,2015-08-19,1215.6516,26.3461,0.819,0.5738,0.0012,0.0021,36.7256,12.7892,406.8972,34.8578,120.8993,217.0388,270.2183,450.0836,203.8691,2851.7588,0,1.0,0.05,none,none,none,0,none,1,280026,train
e43bedd5e77c8d51,92.2,27.54,Arunachal Pradesh,West Kameng,2010-08-20,3499.0889,38.9092,-0.942,-0.3356,0.0011,0.0004,58.9665,12.1672,752.826,16.2963,40.6297,115.6915,146.0385,316.6623,112.8872,1974.4858,0,1.0,0.05,none,none,none,0,none,1,160024,train
9a270936a9159400,96.5,27.42,Arunachal Pradesh,Changlang,2013-08-09,1260.7931,11.6488,-0.4366,0.8997,-0.0025,1e-04,15.4381,13.3995,221.79,4.0213,17.0412,127.4358,157.5998,305.9482,108.9582,1532.976,0,1.0,0.05,none,none,none,0,none,1,330023,test
7a8abf09d8aa4eba,93.92,27.12,Assam,Lakhimpur,2010-08-14,91.5934,0.1867,-0.9999,-0.0125,0.0012,0.0,0.2668,17.8178,7.7785,20.9475,60.091,97.2328,157.084,417.2803,126.8089,1961.5522,0,1.0,0.05,none,none,none,0,none,1,230022,train
e05f012e7863703f,92.8,27.16,Arunachal Pradesh,East Kameng,2015-08-01,561.4128,12.438,-0.7279,-0.6857,0.013,-0.0006,27.1506,13.3001,351.168,3.96,3.96,15.6275,49.6013,121.6186,32.3273,1706.4838,0,1.0,0.05,none,none,none,0,none,1,190022,train
e19a3c1da81f1e95,90.72,25.82,Meghalaya,East Garo Hills,2009-08-20,483.9852,26.9797,-0.4083,0.9128,-0.0003,-0.0004,33.3024,13.0428,155.9047,74.4354,154.4291,741.2574,856.129,1111.0713,586.37,2868.5374,0,1.0,0.05,none,none,none,0,none,1,100016,train
c07f674039cfa510,94.88,27.02,Assam,Sibsagar,2013-07-12,100.4637,0.2098,-0.7356,-0.6774,-0.0004,-0.0,0.4177,18.2266,5.5982,19.7881,61.8748,126.0491,288.2303,509.6726,187.079,2199.4968,0,1.0,0.05,none,none,none,0,none,1,270021,train
ce018d4ff0800c82,93.22,25.82,Assam,Nagaon,2011-06-28,224.5946,5.0201,-0.1911,-0.9816,0.0012,0.0015,10.6701,15.5779,65.834,12.7322,39.6008,77.905,154.0088,248.1479,95.2923,1237.9149,0,1.0,0.05,none,none,none,0,none,1,200016,test
590e0028359d30e3,88.2,27.62,Sikkim,North Sikkim,2008-06-15,4476.0176,25.2768,0.3956,0.9184,0.0031,0.002,29.0796,12.2287,290.4531,2.4456,18.2787,109.6925,201.1609,282.7472,119.484,2567.263,0,1.0,0.05,none,none,none,0,none,1,24,test
f9e019be19d0348c,93.84,27.12,Assam,Lakhimpur,2010-10-08,101.9543,0.3351,-0.3451,0.9386,0.0036,-0.0,0.4433,17.3649,12.5667,1.3905,14.2269,15.1181,69.0641,246.7223,47.1893,2033.2314,0,1.0,0.05,none,none,none,0,none,1,230022,train
9748cd0cb7428efa,91.24,25.98,Assam,Kamrup,2011-07-15,51.8623,0.604,-0.6975,-0.7165,0.0444,0.0002,2.1062,17.1485,88.5904,38.1906,52.4053,62.4474,192.2656,287.9808,103.7317,1765.9095,0,1.0,0.05,none,none,none,0,none,1,120017,train
8cc1a63cc22f30b8,92.74,23.82,Mizoram,Aizawl,2013-05-11,1088.9514,19.4227,-0.0916,0.9958,-0.0025,0.0003,24.8727,13.0366,293.6436,24.6138,74.8912,158.649,196.2427,218.8305,135.049,2282.0493,0,1.0,0.05,none,none,none,0,none,1,180007,train
297e3c444170b56f,96.46,27.72,Arunachal Pradesh,Lohit,2010-07-06,1236.2317,27.0997,0.7737,0.6336,-0.0078,-0.0024,49.8257,12.3154,537.7258,10.0799,20.8345,35.101,168.5641,329.9128,89.8636,1546.5621,0,1.0,0.05,none,none,none,0,none,1,330024,val
8b34b3a9f7faa90c,89.92,25.88,Assam,Dhuburi,2013-08-04,21.0,1.5655,-0.9976,0.0697,-0.0027,0.0002,1.7984,15.8082,7.236,0.0,7.5347,11.9832,57.1358,152.834,35.0684,2481.9448,0,1.0,0.05,none,none,none,0,none,1,70016,train
2278c2f487f7d1cb,94.46,26.68,Assam,Jorhat,2012-06-20,126.8483,0.71,0.0361,0.9993,-0.0093,-1e-04,1.6029,16.4768,19.9253,0.2777,62.6502,103.2106,238.4593,309.5219,136.9019,1925.8818,0,1.0,0.05,none,none,none,0,none,1,250020,train
4a92f0a66f602b58,92.46,23.84,Mizoram,Mamit,2012-06-03,426.5952,16.7584,0.5926,-0.8055,0.0005,0.0003,19.3261,12.5871,371.9673,19.2954,71.3618,132.7342,170.319,310.638,138.7243,2299.678,0,1.0,0.05,none,none,none,0,none,1,170007,train
2eb6c2823cf5398c,94.32,27.7,Arunachal Pradesh,West Siang,2011-08-23,282.9721,25.8652,0.8457,-0.5336,-0.0008,-0.0004,34.8189,12.5407,300.177,10.911,39.9677,89.1392,303.8065,484.1599,176.8328,2398.842,0,1.0,0.05,none,none,none,0,none,1,250024,test
0450197d55c17561,94.22,24.56,Manipur,Chandel,2007-10-16,1131.8165,20.1823,0.9262,0.3769,0.0023,0.0004,25.6602,12.8446,410.9196,31.1531,32.9412,50.1232,76.2608,103.6134,56.049,1068.4564,0,1.0,0.05,none,none,none,0,none,1,240010,train
55fbb082b8e61eca,92.9,27.58,Arunachal Pradesh,East Kameng,2010-08-27,1572.4398,35.8701,1.0,0.0055,-0.0016,0.0004,52.4308,12.7587,378.8955,34.7646,36.6856,136.6204,200.0589,274.9178,124.3541,2243.7942,0,1.0,0.05,none,none,none,0,none,1,190024,train
a144200428712623,94.04,25.66,Nagaland,Kohima,2010-06-28,1888.903,23.7437,0.7512,0.6601,-0.0111,-0.0008,43.1156,13.0899,454.4729,0.0,15.9754,76.2227,243.7316,361.9733,117.8525,1523.0817,0,1.0,0.05,none,none,none,0,none,1,240015,train
180a3421d32496b8,88.6,27.96,Sikkim,North Sikkim,2013-05-11,5050.834,16.6232,-0.0454,0.999,0.0002,-0.0007,19.0327,13.5114,277.1123,22.7827,41.55,173.6218,309.9013,461.5482,180.5004,2516.4265,0,1.0,0.05,none,none,none,0,none,1,20025,train
b0f55f020e0c3c95,93.82,26.18,Assam,Karbi Anglong,2011-07-19,124.3102,0.0822,-0.188,0.9822,-0.0573,-0.0,1.6737,19.0078,10.0418,36.5348,49.6498,147.5292,210.6486,325.737,139.6764,1396.0863,0,1.0,0.05,none,none,none,0,none,1,230018,train
290a2d44928093b8,91.74,23.94,Tripura,West Tripura,2013-07-01,159.4522,1.2098,-0.6159,0.7878,-0.0421,-0.0003,8.1431,16.5199,86.7288,0.0,0.32,32.7863,190.0354,296.0362,96.6213,2468.359,0,1.0,0.05,none,none,none,0,none,1,140008,train
2eb50fc16930517e,92.76,27.14,Arunachal Pradesh,East Kameng,2015-08-01,911.6536,29.8398,-0.7063,0.7079,-0.0009,-0.0014,36.6132,12.35,507.0556,3.96,3.96,15.6275,49.6013,121.6186,32.3273,1706.4838,0,1.0,0.05,none,none,none,0,none,1,180022,train
f32d9a994c52533d,93.08,23.02,Mizoram,Lunglei,2013-05-11,1452.7754,22.0572,0.1798,-0.9837,-0.0025,-0.0005,27.9081,13.2025,394.7536,23.8816,106.6601,275.3488,312.7002,344.1168,216.8013,1765.0507,0,1.0,0.05,none,none,none,0,none,1,200004,train
aabfe0d038fe71c4,93.3,26.44,Assam,Karbi Anglong,2015-08-26,601.5226,3.9504,0.2362,-0.9717,0.0041,0.0002,5.8465,14.7915,73.6588,0.2165,4.7167,19.3914,70.5374,147.9564,41.2439,1493.7881,0,1.0,0.05,none,none,none,0,none,1,210019,test
e96a331c7aca2946,96.62,28.32,Arunachal Pradesh,Lohit,2015-08-11,2189.761,37.2407,0.1841,-0.9829,-0.0042,-0.0011,49.4575,12.1689,984.6555,0.0,59.092,151.0119,212.3621,293.5652,149.3502,1665.5953,0,1.0,0.05,none,none,none,0,none,1,340027,test
cd010b6677aa6e06,91.36,26.16,Assam,Kamrup,2008-06-09,40.0,0.0,0.0,1.0,0.0,0.0,0.0,17.9301,3.4141,5.6228,17.5125,70.7193,104.8334,167.9354,72.3999,1700.1528,0,1.0,0.05,none,none,none,0,none,1,130018,train
87b8e384799648ef,88.34,27.42,Sikkim,South Sikkim,2008-06-14,2350.2703,20.5432,0.7232,0.6906,0.0139,0.0006,39.2153,13.15,436.9961,4.3522,58.4546,114.5078,201.9674,280.402,130.0474,2567.263,0,1.0,0.05,none,none,none,0,none,1,10023,train
e59e3ec6895411d7,94.2,28.22,Arunachal Pradesh,Upper Subansiri,2015-08-19,1334.7069,36.1148,0.8265,0.563,0.0007,0.0003,49.8934,12.325,446.721,21.9306,52.1523,123.3704,146.928,233.9835,107.9246,2689.161,0,1.0,0.05,none,none,none,0,none,1,240027,train
0f80da840d3f23dc,93.14,26.9,Assam,Sonitpur,2012-09-19,135.4702,0.6077,-0.9857,0.1684,-0.001,-0.0,0.7437,16.7136,10.4093,0.0,0.0,0.0,0.0,105.5612,9.082,2731.1904,0,1.0,0.05,none,none,none,0,none,1,200021,train
4d0e294d0321630b,94.32,27.76,Arunachal Pradesh,West Siang,2014-09-24,691.7448,32.0471,0.8261,-0.5635,-0.0008,0.0005,40.1744,12.3045,712.496,3.8833,58.8449,82.016,203.0521,271.4303,110.3798,2398.842,0,1.0,0.05,none,none,none,0,none,1,250025,train
7f1f2fefabdacad5,92.06,25.42,Meghalaya,East Khasi Hills,2008-06-15,1513.2186,3.3668,-0.5594,-0.8289,-0.0053,-1e-04,4.3758,15.3817,44.2972,0.7846,26.766,42.6903,110.8795,255.1579,71.2461,1845.431,0,1.0,0.05,none,none,none,0,none,1,160014,train
b8e521c85aa9fc63,95.86,27.88,Assam,Tinsukia,2010-10-10,146.1436,0.2851,-0.0955,-0.9954,0.0104,0.0,0.4073,17.7335,5.8079,11.03,27.2835,32.6198,60.5361,216.8969,54.0835,2483.8538,0,1.0,0.05,none,none,none,0,none,1,310025,val
20dc6fca8a522b8a,93.8,24.28,Manipur,Churachandpur,2011-07-25,976.3105,20.9184,0.7246,0.6892,0.0012,0.0008,29.3591,13.2797,314.7842,0.0,16.0908,53.1831,248.8349,531.6742,129.0395,1692.9233,0,1.0,0.05,none,none,none,0,none,1,230009,test
f4f67719bc1a8caa,93.78,24.12,Manipur,Chandel,2010-07-06,986.7838,25.0527,-0.5309,0.8474,-0.0008,-0.001,31.321,12.8524,232.6445,0.0,28.3667,68.2516,115.676,281.8824,77.9823,1730.1724,0,1.0,0.05,none,none,none,0,none,1,220009,train
05d43d4eb92fef89,94.38,25.4,Manipur,Senapati,2014-09-24,898.5128,29.1867,-0.4779,0.8784,0.0004,0.0011,37.5758,12.6048,242.1974,16.8498,43.3908,65.0938,84.8021,182.9753,74.0627,1582.398,0,1.0,0.05,none,none,none,0,none,1,250014,train
7c79e66601feba75,91.0,25.88,Meghalaya,East Garo Hills,2010-06-03,69.6354,0.2315,0.9681,-0.2504,0.0497,1e-04,0.6134,17.6203,78.0021,19.1831,88.4076,117.9999,217.7677,384.8124,148.019,1971.9532,0,1.0,0.05,none,none,none,0,none,1,110016,train
2af2bff2111bf21d,95.28,28.1,Arunachal Pradesh,East Siang,2010-07-29,296.393,23.0966,-0.0,1.0,-0.0038,-0.0011,25.2843,13.0138,270.2736,6.2648,8.5344,53.7356,153.3512,471.3823,111.4564,2851.7588,0,1.0,0.05,none,none,none,0,none,1,290026,val
39f83710d770221b,91.0,25.54,Meghalaya,West Khasi Hills,2011-07-19,827.1172,13.6467,0.8779,-0.4789,0.0034,-0.0,17.9583,14.078,124.7024,37.5321,89.2801,146.1908,175.8313,411.2906,160.1174,5871.3726,0,1.0,0.05,none,none,none,0,none,1,110015,test
4101dfad95509443,90.94,26.0,Assam,Goalpara,2015-06-19,44.56,0.2734,0.3909,0.9205,-0.2353,-0.0,0.3775,18.5238,55.651,0.0,21.3222,57.6936,203.5614,489.5503,133.0954,1971.9532,0,1.0,0.05,none,none,none,0,none,1,110017,train
f6eadb004b4c97c1,92.34,24.56,Assam,Karimganj,2013-10-13,48.2111,2.2828,0.5111,-0.8596,-0.0052,-0.0008,9.5743,15.6347,42.869,0.0,0.0,1.7893,33.9999,75.7892,16.5832,2333.497,0,1.0,0.05,none,none,none,0,none,1,170010,val
8b2f0086b7441231,94.88,27.78,Arunachal Pradesh,East Siang,2015-09-23,450.7564,39.4332,0.9715,0.237,-0.0035,-0.0002,57.6353,12.5492,483.2618,9.7367,46.2742,66.8697,116.0264,627.2616,117.5495,2465.6863,0,1.0,0.05,none,none,none,0,none,1,270025,train
f040864c59d84c83,91.78,25.24,Meghalaya,East Khasi Hills,2013-10-06,352.1592,13.5782,0.2612,0.9653,0.0196,-0.0002,33.2979,13.4114,517.1614,73.4905,150.3438,175.8728,244.3699,264.4642,181.7102,4364.0254,0,1.0,0.05,none,none,none,0,none,1,140013,train
c576f5dc7a03d420,92.44,23.56,Mizoram,Mamit,2016-10-12,710.0216,10.8304,0.5353,0.8447,-0.0051,-0.0002,14.8437,13.5464,156.4748,4.4411,18.6204,53.405,105.7862,372.0782,78.0448,2342.9277,0,1.0,0.05,none,none,none,0,none,1,170006,train
1761c393b153805a,91.26,25.64,Meghalaya,West Khasi Hills,2013-08-15,1303.0183,4.9652,-0.562,-0.8272,0.0013,0.0006,8.947,14.8268,171.7122,37.9143,42.0729,74.2032,169.0444,325.2777,117.4808,2138.8345,0,1.0,0.05,none,none,none,0,none,1,120015,val
cac48a9cb227560f,94.52,24.94,Manipur,Ukhrul,2011-05-24,966.973,23.7503,-0.2461,-0.9692,-0.0022,0.0023,26.2329,12.7842,383.9316,0.0,0.0,0.0,0.0,0.0,0.0,1197.038,0,1.0,0.05,none,none,none,0,none,1,250012,val
0eea74f48cb70ca2,95.06,28.48,Arunachal Pradesh,East Siang,2011-06-28,1172.7701,36.0181,0.5261,-0.8504,-0.0002,0.0003,48.992,12.1531,577.0971,2.4875,17.5508,39.0761,121.4629,218.2879,73.8356,2881.9834,0,1.0,0.05,none,none,none,0,none,1,280028,train
82a1c0c69767df3b,93.62,25.72,Nagaland,Dimapur,2013-08-04,229.21,7.8101,0.2159,0.9764,0.0009,-0.0003,9.3529,14.5347,46.3065,38.7703,57.2919,80.0221,122.426,308.1524,108.0068,1442.4777,0,1.0,0.05,none,none,none,0,none,1,220016,train
d71001fb8ca04f8e,90.48,25.2,Meghalaya,South Garo Hills,2013-08-11,25.7568,6.1657,0.0434,0.9991,0.0034,0.0019,6.6225,14.9171,163.4455,4.3629,22.8764,352.6636,574.7624,971.0539,349.9025,5971.0938,0,1.0,0.05,none,none,none,0,none,1,90013,train
f014b36f96c392d2,92.38,27.26,Arunachal Pradesh,West Kameng,2011-07-29,2904.3645,26.0557,-0.2482,-0.9687,-0.0028,-0.0016,31.9702,12.8256,497.4942,50.807,73.6717,92.6201,167.1964,332.0828,123.5048,1641.0282,0,1.0,0.05,none,none,none,0,none,1,170022,train
9110d21e8ec5e5db,93.42,27.1,Arunachal Pradesh,Papum Pare,2011-06-17,1176.451,19.9887,0.1034,0.9946,-0.004,-0.0007,27.9362,13.1765,386.0476,6.3383,15.9777,23.0388,83.5947,182.3112,46.4669,1850.1622,0,1.0,0.05,none,none,none,0,none,1,210022,train
d9ba3d54ea1b5fe3,96.2,28.16,Arunachal Pradesh,Lohit,2013-07-12,2599.4644,35.275,-0.1326,-0.9912,-0.0014,-0.0004,48.5039,11.9226,551.7624,1.5682,32.4892,117.5841,258.3324,407.9855,159.9915,1800.7133,0,1.0,0.05,none,none,none,0,none,1,320026,train
166ce643739bf398,96.7,27.96,Arunachal Pradesh,Lohit,2014-06-26,752.3849,36.8599,-0.9647,0.2635,-0.0004,0.0016,54.859,11.9899,349.28,0.0,18.2274,81.8321,108.2056,214.0773,75.5415,1542.9478,0,1.0,0.05,none,none,none,0,none,1,340025,val
7235663fd518cc02,93.0,24.56,Assam,Cachar,2011-09-23,564.8477,31.6249,0.3608,-0.9326,-0.0009,0.0002,41.4299,12.2599,455.862,16.896,44.7974,67.4546,139.2767,297.9155,101.0781,2542.821,0,1.0,0.05,none,none,none,0,none,1,190010,train
b5e593938d96c449,92.16,25.54,Meghalaya,Jaintia Hills,2013-07-01,1312.8053,2.7865,0.619,-0.7854,-0.0053,0.0002,4.3467,15.519,31.2186,3.8373,16.4064,90.2348,167.3346,269.8726,100.8719,1368.0874,0,1.0,0.05,none,none,none,0,none,1,160015,test
b854231dcf6033c5,92.74,24.2,Mizoram,Kolasib,2012-06-03,79.0,9.7,0.0567,-0.9984,-0.0019,0.002,11.29,14.2135,97.3718,20.5885,84.7547,130.5275,173.5846,325.4713,144.743,2410.2793,0,1.0,0.05,none,none,none,0,none,1,180009,val
f64b1af91c4ddfa0,93.62,24.24,Manipur,Churachandpur,2010-07-20,988.051,16.4194,-0.529,-0.8486,0.0013,0.0004,19.7243,13.4535,268.5253,10.3524,28.8549,99.5924,146.8147,278.0061,103.7755,1779.6031,0,1.0,0.05,none,none,none,0,none,1,220009,train
9726437c52bb0883,96.46,27.56,Arunachal Pradesh,Changlang,2009-08-27,957.9801,21.5626,0.9447,-0.3279,-0.0044,-0.0011,32.4814,13.3384,267.7226,5.0882,7.1761,33.7054,103.5574,170.6389,54.3795,1532.976,0,1.0,0.05,none,none,none,0,none,1,330024,val
586b13c0810257ee,92.04,25.72,Meghalaya,Ri-Bhoi,2013-05-11,874.6913,2.6758,-0.9479,-0.3185,0.0018,1e-04,3.3552,15.1966,35.4053,9.4141,54.0445,96.1392,129.173,208.6987,94.524,1448.103,0,1.0,0.05,none,none,none,0,none,1,150016,train
a4fd8837440ad3c2,88.48,27.74,Sikkim,North Sikkim,2007-09-11,4980.317,24.4248,0.1675,-0.9859,0.0022,-0.0005,30.4254,12.3533,504.272,24.7346,54.0525,117.7893,252.9574,426.6804,156.0478,2496.6716,0,1.0,0.05,none,none,none,0,none,1,10025,train
3b8bc40f0f51bb20,92.86,27.04,Arunachal Pradesh,East Kameng,2011-07-15,239.9514,4.6197,-0.1056,-0.9944,0.0015,0.0004,5.8477,13.9068,130.5152,35.9047,63.3357,79.4427,172.0195,325.594,116.4348,2103.0442,0,1.0,0.05,none,none,none,0,none,1,190021,train
5a3d2aeae6c7e287,93.12,26.04,Assam,Karbi Anglong,2010-07-06,90.1243,0.0648,0.5817,-0.8134,-0.0028,0.0,0.0874,18.3542,5.076,8.9321,21.2726,27.9501,92.8191,184.336,60.1472,1288.5543,0,1.0,0.05,none,none,none,0,none,1,200017,train
0b4da4fc4097fbd1,95.52,28.5,Arunachal Pradesh,Lower Dibang Valley,2015-08-19,2845.222,38.2938,-0.9851,-0.1722,0.0031,-0.0007,56.0052,12.3891,735.4221,43.4221,144.9409,238.0065,291.485,472.4727,224.4472,2920.928,0,1.0,0.05,none,none,none,0,none,1,290028,train
dc059e754160e672,94.3,28.28,Arunachal Pradesh,Upper Subansiri,2015-09-01,2053.5442,17.7239,0.7817,-0.6236,-0.0154,-0.0009,32.4986,13.0885,608.9908,32.5229,163.8412,273.4136,457.0188,577.9892,291.7681,2689.161,0,1.0,0.05,none,none,none,0,none,1,250027,train
e354d4e1e815d184,95.44,27.0,Arunachal Pradesh,Tirap,2010-07-25,763.6508,10.9891,-0.542,0.8404,-0.0069,-0.0028,18.2873,14.1836,183.1041,4.7454,43.8266,131.8525,253.8832,482.9616,165.9798,2022.789,0,1.0,0.05,none,none,none,0,none,1,290021,train
57147a879d071f11,93.18,27.92,Arunachal Pradesh,Kurung Kumey,2013-09-01,1785.4062,15.8869,0.9273,-0.3743,0.0078,-0.0005,23.1104,13.3327,400.0797,3.7141,46.1084,74.6178,123.877,366.5354,110.2327,3226.0361,0,1.0,0.05,none,none,none,0,none,1,200025,train
f0d6022c8f57666e,91.58,25.46,Meghalaya,East Khasi Hills,2013-09-02,1584.674,17.0103,-0.1893,0.9819,0.0012,0.0019,19.6661,13.3511,198.1532,16.527,44.4444,89.9038,158.7336,351.0072,121.6507,1991.6764,0,1.0,0.05,none,none,none,0,none,1,140014,test
c7de33e11c87fb45,94.68,28.08,Arunachal Pradesh,West Siang,2010-08-14,651.7505,17.2344,0.3743,0.9273,-0.0065,-0.0014,23.7829,13.1832,196.5706,1.9539,7.5467,39.2359,140.526,355.0209,78.7583,2645.5813,0,1.0,0.05,none,none,none,0,none,1,260026,val
891e664739003851,92.46,25.42,Meghalaya,Jaintia Hills,2015-08-01,1124.4365,3.0528,0.9992,-0.0391,0.0027,0.0,4.685,15.4349,112.6041,9.7854,18.2852,19.0256,101.1176,199.669,59.5909,1277.6556,0,1.0,0.05,none,none,none,0,none,1,170014,train
197c2b9267de0774,95.14,28.54,Arunachal Pradesh,Upper Siang,2012-06-02,1484.3354,30.184,0.0689,0.9976,-0.0017,0.0008,37.9537,12.6228,335.3905,4.4,4.4,6.8,39.4,207.2,37.8463,2858.215,0,1.0,0.05,none,none,none,0,none,1,280028,train
948c7b79c677f4b3,96.44,27.38,Arunachal Pradesh,Changlang,2009-09-17,1170.4686,17.5697,-0.5135,0.8581,0.0026,-0.0007,20.8536,13.2796,268.4712,1.2216,4.6796,12.4582,39.3089,95.2978,22.4455,1532.976,0,1.0,0.05,none,none,none,0,none,1,330023,test
2a0e805bf3c5bee4,94.54,25.36,Manipur,Ukhrul,2015-08-27,1199.5487,1.2674,-0.548,0.8365,-0.0113,0.0007,5.3852,15.1906,354.0258,19.1888,24.9837,63.0838,83.5315,252.4384,72.4344,1518.0431,0,1.0,0.05,none,none,none,0,none,1,260014,test
20e9be1d6c0c5e04,94.84,26.16,Nagaland,Tuensang,2012-06-22,1185.9745,18.9567,0.9527,-0.3039,0.0039,0.0008,26.4964,12.8635,399.0033,8.4108,12.095,84.2974,205.9515,301.928,119.8612,1903.9517,0,1.0,0.05,none,none,none,0,none,1,270018,test
5b2b3e40ff12a515,95.6,27.1,Arunachal Pradesh,Tirap,2010-07-21,852.3788,14.6333,0.4783,-0.8782,0.0026,-0.0013,18.1155,13.2854,300.1403,14.9597,61.9696,160.3711,242.061,461.9802,170.5718,2022.789,0,1.0,0.05,none,none,none,0,none,1,300022,train
cf1744db4f527683,91.72,27.74,Arunachal Pradesh,Tawang,2015-08-19,2677.4333,30.2685,-0.9833,-0.182,-1e-04,1e-04,41.5662,11.8128,633.387,16.6116,51.3084,92.4672,189.9547,240.4603,108.4991,1786.4222,0,1.0,0.05,none,none,none,0,none,1,140025,train
7eb8c751001140f8,93.68,24.4,Manipur,Churachandpur,2012-06-03,1011.1727,11.6861,-0.8992,0.4375,0.0032,0.0006,14.9986,13.5913,202.952,29.7437,98.1839,135.9412,180.5343,337.9645,153.2424,1690.2374,0,1.0,0.05,none,none,none,0,none,1,220010,train
0def6cc043c7923f,94.1,25.08,Manipur,Senapati,2015-06-24,994.1822,24.7692,-0.1626,0.9867,-0.0059,-0.0003,34.6032,13.2994,298.9824,26.4788,28.7401,31.9878,91.8601,117.201,51.2886,1422.8877,0,1.0,0.05,none,none,none,0,none,1,240013,train
67d247f014f49b2e,92.1,23.92,Tripura,Dhalai,2008-08-29,243.4805,16.2746,-0.8449,0.5349,0.0013,-0.0002,20.509,13.7232,213.6654,13.1969,20.9079,34.9554,64.7829,129.7725,46.7529,2351.7805,0,1.0,0.05,none,none,none,0,none,1,160008,train
f60da48bcd50603e,90.62,25.44,Meghalaya,East Garo Hills,2007-07-26,512.6856,13.7376,0.8258,-0.564,0.004,0.0002,19.1377,13.4265,314.3264,138.892,485.774,568.1292,832.9387,957.008,617.601,4004.7107,0,1.0,0.05,none,none,none,0,none,1,100014,train
36d0c8ceef4bc715,93.46,26.78,Assam,Sonitpur,2009-08-12,72.0253,0.3209,0.937,-0.3493,0.001,1e-04,1.2818,18.0718,8.0413,7.7689,16.9742,30.5337,100.3342,184.6143,64.9075,1584.6074,0,1.0,0.05,none,none,none,0,none,1,210020,test
f4daa6caa791b8e9,92.2,25.12,Meghalaya,,2008-06-14,31.3473,5.2003,-0.9411,-0.3381,-0.0024,0.0,7.7885,14.5437,65.6872,7.8894,31.1736,59.4069,186.1484,357.784,104.8063,2864.3525,0,1.0,0.05,none,none,none,0,none,1,160013,test
cf13c9bf8164109c,95.66,27.82,Assam,Tinsukia,2011-05-31,128.0624,0.7939,0.7994,-0.6009,-0.0021,0.0,1.0642,17.2073,5.4608,13.601,19.8035,19.8035,79.2013,122.4021,44.5187,2281.7566,0,1.0,0.05,none,none,none,0,none,1,300025,train
51b56a381495c255,94.34,28.96,Arunachal Pradesh,Upper Siang,2012-06-02,3745.9983,16.5926,-0.9083,-0.4183,0.0006,-0.0006,22.0004,12.9338,460.586,0.0,0.0,0.0,0.0,0.0,0.0,2744.831,0,1.0,0.05,none,none,none,0,none,1,250030,train
d1a0b577b3b96a0a,92.54,27.42,Arunachal Pradesh,West Kameng,2010-08-20,1810.8672,26.1914,0.1927,-0.9812,0.0046,-0.0004,33.8561,12.4717,618.937,10.7177,25.5235,88.1569,109.3493,213.5052,80.8261,1772.682,0,1.0,0.05,none,none,none,0,none,1,180023,test
9c791ef0eae861f7,96.48,27.58,Arunachal Pradesh,Changlang,2015-06-16,1054.6641,23.8681,-0.9659,0.259,-0.0021,0.0027,30.5928,12.5375,340.4626,12.754,67.2008,200.1509,271.1383,364.2341,177.1961,1532.976,0,1.0,0.05,none,none,none,0,none,1,330024,val
f17d3f4e53f921c8,91.82,25.78,Meghalaya,Ri-Bhoi,2016-04-19,659.2392,5.1846,0.8085,-0.5884,-0.001,0.0008,8.092,15.0197,107.9511,5.8409,32.4395,41.9016,64.5932,123.174,47.7612,1795.0524,0,1.0,0.05,none,none,none,0,none,1,150016,train
9546614e3a1e8886,95.62,28.52,Arunachal Pradesh,Lower Dibang Valley,2015-07-22,1419.0579,50.2093,-0.487,0.8734,-0.0005,0.0009,79.5032,11.3645,587.7846,5.9563,22.0267,29.3061,168.1415,459.0526,118.104,2920.928,0,1.0,0.05,none,none,none,0,none,1,300028,train
bb82318e990a0ad3,92.52,23.86,Mizoram,Mamit,2009-09-17,54.9939,9.4812,0.098,0.9952,-0.0011,0.004,17.0664,14.0681,210.5424,9.6525,17.4595,112.5059,243.1671,396.8055,142.6064,2299.678,0,1.0,0.05,none,none,none,0,none,1,170007,train
d7f1a424e41099f6,92.38,24.62,Assam,Karimganj,2016-05-18,58.4667,2.8386,0.8013,-0.5983,0.0077,0.0005,8.0809,15.5007,89.5948,188.9328,228.1858,271.4377,285.5911,532.4837,278.1656,2719.7605,0,1.0,0.05,none,none,none,0,none,1,170011,val
11ec74c8ae04f44c,93.56,27.02,Arunachal Pradesh,Papum Pare,2011-09-06,555.576,23.1034,0.9837,0.18,0.0013,0.0002,29.0551,13.1645,232.007,1.852,1.852,29.8592,30.5622,122.8275,30.8371,1850.1622,0,1.0,0.05,none,none,none,0,none,1,220021,val
0c7ecd49912d3ac9,94.38,28.88,Arunachal Pradesh,West Siang,2007-08-26,3249.6545,17.2514,0.4673,-0.8841,0.0106,0.0023,27.7317,13.0202,701.7107,0.0,0.0,0.0,0.0,0.0,0.0,2744.8914,0,1.0,0.05,none,none,none,0,none,1,250030,train
3bb8379c0844fa06,95.96,27.58,Arunachal Pradesh,Lohit,2016-06-12,161.408,0.5413,-0.5588,0.8293,-0.0069,-0.0,1.2032,17.4266,9.6936,3.6901,3.8369,43.412,53.4655,251.6489,47.3031,2187.9792,0,1.0,0.05,none,none,none,0,none,1,310024,train
fc3cb6f6c8f7bd1f,93.5,26.7,Assam,Golaghat,2011-08-12,75.3988,0.4029,-0.993,0.1181,0.0032,0.0,1.2003,17.5393,14.1616,2.1822,12.6401,30.2858,184.1892,357.3837,87.9022,1584.6074,0,1.0,0.05,none,none,none,0,none,1,210020,test
180e311cd6c2e455,93.24,26.52,Assam,Karbi Anglong,2010-04-21,200.7622,15.844,0.9651,-0.2619,-0.0016,-0.0007,20.8589,13.7244,153.4545,1.7238,87.7944,121.6032,144.4436,262.7069,119.842,1493.7881,0,1.0,0.05,none,none,none,0,none,1,200019,train
3f7c10d08c1e87e4,92.92,25.1,Assam,North Cachar Hills,2013-09-01,408.0896,16.5597,0.9468,-0.3219,0.0059,0.0007,22.5207,13.1012,394.1572,0.0,3.4787,28.6236,63.6863,341.843,58.1231,2324.5488,0,1.0,0.05,none,none,none,0,none,1,190013,val
6a6d220d616d443a,93.44,25.16,Manipur,Tamenglong,2010-06-07,1212.9574,47.6717,0.6284,-0.7779,0.001,-0.0002,70.295,11.5848,588.0522,8.3927,79.5394,98.0493,154.6897,222.5896,113.1405,1468.9883,0,1.0,0.05,none,none,none,0,none,1,210013,train
5cb7af3a48b3a836,95.88,27.26,Arunachal Pradesh,Changlang,2010-05-31,555.5321,27.8625,0.4929,-0.8701,0.002,-0.0,34.0266,12.9396,311.1004,5.7165,20.4354,35.7666,112.3407,418.7078,91.7953,2156.661,0,1.0,0.05,none,none,none,0,none,1,310022,train
28bcba928cbc34c4,94.28,27.8,Arunachal Pradesh,Lower Subansiri,2013-06-01,853.8728,36.7099,-0.4871,0.8733,-0.0017,-0.0002,48.2939,13.0246,465.7642,6.1257,25.7698,40.9249,90.6718,253.3869,66.166,2398.842,0,1.0,0.05,none,none,none,0,none,1,240025,train
9e93c4decd97e705,93.6,27.62,Arunachal Pradesh,Lower Subansiri,2015-08-11,1817.6967,36.3383,1.0,1e-04,-0.002,0.0004,52.5782,12.3312,464.0778,0.7194,6.0596,53.1445,104.7836,328.3384,79.2704,3162.6768,0,1.0,0.05,none,none,none,0,none,1,220024,train
1c37d738aa84a93e,93.14,27.04,Arunachal Pradesh,East Kameng,2010-06-15,1447.9227,8.1243,0.2942,0.9558,-0.0365,-0.0005,29.621,14.306,426.0436,1.015,92.4247,152.836,419.1835,643.038,237.854,2731.1904,0,1.0,0.05,none,none,none,0,none,1,200021,train
d4dfedb945862dbe,94.82,28.82,Arunachal Pradesh,Upper Siang,2010-08-17,369.3567,19.7832,-0.5175,0.8557,-0.0007,0.0043,24.346,12.5058,407.7068,10.1369,13.8276,43.9175,82.6324,222.8326,57.7951,2703.382,0,1.0,0.05,none,none,none,0,none,1,270029,test
7f009aa46f65a11e,91.52,23.32,Tripura,South Tripura,2015-09-01,38.9599,2.0967,-0.8536,0.521,0.0032,-0.0,2.5064,15.9776,32.9247,56.6024,159.4398,174.8566,410.839,495.8348,233.7075,2277.1672,0,1.0,0.05,none,none,none,0,none,1,130005,train
4ca78d6e8a54a0b4,94.9,26.44,Nagaland,Tuensang,2013-07-01,402.0765,7.6119,-0.7296,-0.6838,-0.0006,-0.0004,9.6292,13.8862,126.5852,23.0809,35.4841,121.7925,207.4376,293.1147,127.2243,2031.727,0,1.0,0.05,none,none,none,0,none,1,270019,train
4b03de9c76bfb878,93.86,25.32,Manipur,Tamenglong,2010-03-27,2172.1257,31.4414,-0.9735,-0.2286,-0.0006,0.0002,43.8968,12.105,427.7219,37.203,37.9112,37.9112,38.0237,51.8933,38.9451,1501.3524,0,1.0,0.05,none,none,none,0,none,1,230014,train
270562424636ad10,96.28,28.78,Arunachal Pradesh,Upper Dibang Valley,2008-08-28,2832.076,42.2415,0.8322,-0.5545,0.0016,0.0009,62.0894,11.862,977.6304,11.0494,28.1464,40.1239,111.0048,237.0721,72.9788,2065.509,0,1.0,0.05,none,none,none,0,none,1,330029,train
7610339dbb8e0784,90.82,25.8,Meghalaya,East Garo Hills,2015-06-19,414.9486,13.0243,-0.6313,0.7755,0.0006,0.0004,15.3636,13.8139,168.4451,0.7444,28.2506,142.5558,742.8778,1170.2394,354.747,2868.5374,0,1.0,0.05,none,none,none,0,none,1,110016,train
11a2083a944da8fd,94.86,25.8,Nagaland,Tuensang,2016-07-07,751.3363,30.5869,-0.5769,0.8168,0.0019,0.0011,38.8387,12.2705,444.2146,12.8994,53.7287,108.3961,169.1397,326.8287,120.3386,1784.5413,0,1.0,0.05,none,none,none,0,none,1,270016,train
e966ab64a3bc1984,94.54,25.56,Manipur,Ukhrul,2013-07-12,1061.5159,25.7734,0.5347,-0.845,-0.0035,0.0002,32.2337,12.7742,421.8816,36.8591,77.2191,141.8187,273.4446,316.2114,168.354,1582.398,0,1.0,0.05,none,none,none,0,none,1,260015,train
9ae01134a06f6619,95.32,28.74,Arunachal Pradesh,Upper Siang,2010-08-27,2743.8704,25.8695,0.8843,0.4669,-0.0026,-0.0014,34.2723,12.6539,490.4612,8.8947,24.0565,71.3015,141.9647,294.8044,92.3213,2475.885,0,1.0,0.05,none,none,none,0,none,1,290029,test
194acb200d8329c3,96.64,28.44,Arunachal Pradesh,Lohit,2014-09-21,4008.8845,37.1221,-0.2129,-0.9771,-0.0002,0.0006,49.0348,11.6005,588.5337,53.4,88.4,90.0,156.6,361.4,114.5344,1588.8076,0,1.0,0.05,none,none,none,0,none,1,340028,val
b590772395d03ebb,91.22,25.32,Meghalaya,West Khasi Hills,2010-08-20,748.5136,32.7887,-0.7439,0.6682,0.0026,1e-04,47.8604,12.552,282.025,105.8696,371.5539,643.764,704.8584,1003.5657,557.8423,8121.935,0,1.0,0.05,none,none,none,0,none,1,120014,train
a58eea69aa8b75e1,92.92,24.7,Assam,Cachar,2007-08-26,21.4247,0.4455,-0.9188,0.3947,0.0114,0.0,0.6252,17.2934,7.2679,30.2894,55.2491,86.5195,157.4385,321.603,110.7294,2521.342,0,1.0,0.05,none,none,none,0,none,1,190011,train
e744104e60d30aa2,94.02,24.22,Manipur,Chandel,2015-09-01,1328.5776,31.0996,0.5134,-0.8582,0.0026,-0.0004,40.1972,12.4364,395.6446,3.004,4.6158,23.7387,67.0447,166.6499,42.2121,1498.743,0,1.0,0.05,none,none,none,0,none,1,230009,test
1c85fc9d52fd48db,94.56,26.6,Nagaland,Mokokchung,2010-09-13,781.5948,37.8529,0.3017,-0.9534,0.0013,0.0004,51.6651,12.2225,448.4562,8.8969,21.365,53.8224,96.7908,283.2073,72.8154,1907.999,0,1.0,0.05,none,none,none,0,none,1,260019,test
ca8c4829e8673757,92.24,26.82,Assam,Darrang,2007-05-23,123.8543,1.0231,-0.9949,0.101,-0.0004,1e-04,1.2536,16.2765,12.9653,21.0012,22.8953,38.6676,71.0332,153.4936,54.4859,1768.133,0,1.0,0.05,none,none,none,0,none,1,160020,train
1a90739f7625686e,93.26,23.1,Mizoram,Champhai,2016-06-12,1162.1796,24.2242,0.5283,0.849,-0.0043,-0.0011,29.5291,12.5676,359.3259,0.0,0.0,0.0,0.0,0.0,0.0,0.0,0,1.0,0.05,none,none,none,0,none,1,200004,train
866b3f133cbf96d6,94.18,28.3,Arunachal Pradesh,Upper Subansiri,2013-07-15,1274.4487,27.4538,0.996,-0.0892,-0.0066,-0.0009,39.2108,12.5221,575.3267,4.9928,44.0261,88.7676,218.9493,494.3776,152.7363,2689.161,0,1.0,0.05,none,none,none,0,none,1,240027,train
0f1febad19e4915b,92.72,27.42,Arunachal Pradesh,West Kameng,2010-10-08,2254.356,20.6598,0.8267,0.5626,-0.0028,-0.0008,27.2551,13.04,419.0447,6.8148,15.0672,15.0672,176.9224,299.0021,78.3533,1866.9108,0,1.0,0.05,none,none,none,0,none,1,180023,test
fdf31fd21de595ca,93.88,26.82,Assam,Golaghat,2010-06-03,73.5,1.8067,-0.6274,0.7787,-0.0011,1e-04,1.9282,16.6879,9.2637,40.5727,78.3422,82.5348,155.521,335.7532,121.3169,1871.4562,0,1.0,0.05,none,none,none,0,none,1,230020,train
8cbe96a8058cb339,93.78,26.0,Assam,Karbi Anglong,2007-07-16,138.7938,1.2026,0.8507,0.5256,-0.0122,-1e-04,3.5768,16.2174,9.6849,19.4814,36.8442,58.5183,106.3281,240.3608,81.3878,1440.5787,0,1.0,0.05,none,none,none,0,none,1,220017,test
08e771afc4fc5013,92.8,22.48,Mizoram,Lawngtlai,2014-09-22,470.9212,14.629,-0.4754,-0.8798,0.003,-0.0004,19.8455,13.5684,316.2969,1.001,29.9973,162.996,374.9818,668.9622,229.9529,2049.6504,0,1.0,0.05,none,none,none,0,none,1,190001,train
e5fcc3bd253f3b1d,92.22,25.44,Meghalaya,Jaintia Hills,2007-10-16,1211.3027,0.2057,0.3496,0.9369,0.0262,-0.0,0.4436,18.0056,71.6386,8.5214,15.3551,36.1125,78.9126,139.134,50.3718,1368.0874,0,1.0,0.05,none,none,none,0,none,1,160014,train
cfd96a9abf5a4c46,91.28,26.46,Assam,Nalbari,2012-06-20,48.0342,0.4798,0.9589,0.2838,-0.032,-0.0,2.4852,17.289,12.3383,10.4797,14.5073,154.7673,314.676,517.7328,186.4632,1857.67,0,1.0,0.05,none,none,none,0,none,1,120019,train
69c09a62ef9cd155,90.62,25.18,Meghalaya,South Garo Hills,2010-09-16,38.9579,4.6653,0.6493,0.7606,-0.0039,-0.0005,6.0415,15.216,41.8099,11.0659,138.638,303.8896,473.745,1525.5934,368.8959,5971.0938,0,1.0,0.05,none,none,none,0,none,1,100013,train
c5b17116de76406b,95.4,27.82,Assam,Dhemaji,2012-06-10,124.5108,0.4716,0.382,-0.9242,-0.0016,0.0,0.5768,17.7553,9.5206,17.4,17.4,90.4,120.8635,318.2443,90.8677,2267.1453,0,1.0,0.05,none,none,none,0,none,1,290025,train
e063a6ca2ab2f339,95.22,27.08,Assam,Sibsagar,2012-06-07,112.2651,0.61,0.8215,-0.5702,0.0054,1e-04,0.8339,16.9184,11.7233,2.1532,72.4252,99.7829,106.5333,289.7939,99.9568,2083.4573,0,1.0,0.05,none,none,none,0,none,1,280022,train
8354cc268d293ae2,91.72,27.54,Arunachal Pradesh,Tawang,2015-09-14,2245.2458,31.5534,0.8146,-0.58,-0.0006,-0.0011,40.5711,12.9253,480.8467,14.4718,51.879,79.195,156.5838,494.9509,127.6371,1919.8044,0,1.0,0.05,none,none,none,0,none,1,140024,val
b5b299dc99fda7ee,96.26,27.86,Arunachal Pradesh,Lohit,2015-09-23,235.7579,0.7152,0.9973,-0.0729,0.0015,0.0,1.3844,16.4072,21.4675,9.2538,46.2549,72.6742,133.1401,470.0046,111.704,2141.388,0,1.0,0.05,none,none,none,0,none,1,320025,train
6bca92e86cad46b0,91.74,23.74,Tripura,West Tripura,2010-04-21,266.0188,17.5087,0.7337,0.6795,-0.0019,-0.0007,26.0155,13.7092,150.5195,58.9616,99.633,120.8607,129.9987,259.0729,128.6703,2353.1294,0,1.0,0.05,none,none,none,0,none,1,140007,train
c7bedb84c2832b42,91.46,25.34,Meghalaya,West Khasi Hills,2009-08-20,1491.5692,7.1875,0.9035,0.4286,-0.0055,1e-04,11.3698,14.6161,146.2163,100.4367,372.7252,1099.105,1390.4629,2159.984,1003.3845,7738.2817,0,1.0,0.05,none,none,none,0,none,1,130014,train
3b345cfcfe4ba1c1,92.16,26.82,Assam,Darrang,2013-09-01,130.8184,0.3549,-0.5965,0.8026,-0.0026,-0.0,0.4291,16.931,12.634,2.4743,11.4589,62.9053,71.2353,201.3584,58.2014,1768.133,0,1.0,0.05,none,none,none,0,none,1,160020,train
76f1305643cbabce,92.74,22.84,Mizoram,Lunglei,2015-07-22,308.4237,11.6821,-0.5519,0.8339,-0.0072,0.0008,23.4603,13.9084,169.7793,11.1585,28.4205,97.565,213.9184,427.084,139.4021,2456.0713,0,1.0,0.05,none,none,none,0,none,1,180003,train
ffa6472dd3791673,90.96,25.24,Meghalaya,West Khasi Hills,2012-11-11,252.3577,24.224,0.1186,-0.9929,-0.0028,-0.0018,32.681,13.106,152.9945,0.0,0.0,0.0,0.0,7.1648,0.3703,6589.5503,0,1.0,0.05,none,none,none,0,none,1,110013,train
3c05b3664323583e,94.42,24.6,Manipur,Ukhrul,2007-09-07,556.2922,20.3991,-0.8454,0.5341,0.0015,1e-04,27.1862,12.9589,239.7968,0.0,0.0,0.0,0.0,0.0,0.0,0.0,0,1.0,0.05,none,none,none,0,none,1,250011,train
e4b2161ec9cdc747,93.22,27.82,Arunachal Pradesh,West Kameng,2008-06-19,2334.4067,28.7948,-0.4,-0.9165,0.0046,0.0009,39.549,12.6553,487.2151,15.8156,40.0609,228.7273,399.716,736.8305,258.571,3149.5457,0,1.0,0.05,none,none,none,0,none,1,200025,train
16c8c51217f1772c,92.18,25.9,Meghalaya,Ri-Bhoi,2013-07-12,656.3878,5.9462,-0.8161,-0.578,-0.0,-1e-04,11.7372,14.8299,112.7138,57.8533,70.1879,100.2051,170.4063,255.2796,123.1538,922.1728,0,1.0,0.05,none,none,none,0,none,1,160016,train
3714471ffd374bee,95.24,28.52,Arunachal Pradesh,Upper Siang,2010-06-03,1686.501,38.5958,-0.7047,-0.7095,-0.0021,-0.0,50.6991,12.222,567.9126,20.08,66.8352,75.0686,128.3546,338.9396,105.0626,2858.215,0,1.0,0.05,none,none,none,0,none,1,280028,train
01b9a0248a3955e7,92.4,24.42,Assam,Karimganj,2008-08-07,39.3153,4.4764,0.6962,0.7179,-0.0042,1e-04,5.4304,15.0564,28.5187,10.1811,51.9167,232.9777,395.7296,738.014,253.0468,2719.7605,0,1.0,0.05,none,none,none,0,none,1,170010,val
cdc0efb559235681,90.06,25.28,Meghalaya,West Garo Hills,2012-09-19,84.4126,2.693,0.3104,-0.9506,0.0183,-0.0002,10.6582,15.5468,58.2036,0.0,0.0,0.0,0.0,0.0,0.0,0.0,0,1.0,0.05,none,none,none,0,none,1,80014,train
512ec88574c9b362,92.04,23.68,Tripura,Dhalai,2007-08-26,163.655,4.7489,-0.9944,-0.1054,0.0142,-0.0018,11.9292,14.829,133.7113,19.2646,71.6527,105.2428,197.438,289.5074,128.7052,2236.3367,0,1.0,0.05,none,none,none,0,none,1,150007,train
1413a1762c18911d,92.3,25.66,Meghalaya,Jaintia Hills,2012-06-10,967.8786,4.0179,-0.2981,0.9545,-0.0009,0.0002,4.3434,15.0094,95.5117,0.2738,3.1558,23.3359,72.1591,93.8487,35.5653,1053.761,0,1.0,0.05,none,none,none,0,none,1,170015,train
58ddde2800352912,92.6,27.28,Arunachal Pradesh,West Kameng,2015-06-24,1344.4568,23.6441,0.0573,-0.9984,0.0053,0.0012,28.521,12.5007,453.0324,4.7104,23.8293,38.5567,107.6709,221.404,71.0408,1641.0282,0,1.0,0.05,none,none,none,0,none,1,180022,train
68e41e37eab77188,96.52,28.2,Arunachal Pradesh,Lohit,2015-08-11,808.9748,37.1393,0.7199,0.6941,0.0008,0.0025,49.8327,11.9469,496.9922,0.0,59.092,151.0119,212.3621,293.5652,149.3502,1665.5953,0,1.0,0.05,none,none,none,0,none,1,340027,test
83dd0813c19818fb,92.08,23.92,Tripura,Dhalai,2016-06-14,222.0187,16.8759,0.4528,-0.8916,-0.0092,-0.0004,25.2839,13.4746,203.6776,7.2155,18.3221,93.858,160.4149,432.8102,116.5722,2351.7805,0,1.0,0.05,none,none,none,0,none,1,160008,train
46dcba3447c3dfdc,95.34,28.48,Arunachal Pradesh,Lower Dibang Valley,2014-08-14,3014.5054,34.679,-0.5318,0.8469,0.0044,0.0009,47.1653,12.7061,622.2236,58.7547,193.8482,249.7726,357.694,519.5328,271.6366,2858.215,0,1.0,0.05,none,none,none,0,none,1,290028,train
3e5659f0ab205891,94.88,28.54,Arunachal Pradesh,Upper Siang,2015-08-01,2160.193,36.2854,0.1411,0.99,-0.0026,0.0002,53.6985,12.3389,607.985,2.3476,5.2825,6.0161,105.2225,388.656,76.4711,2881.9834,0,1.0,0.05,none,none,none,0,none,1,270028,test
af69f88077e5c3ee,94.1,27.86,Arunachal Pradesh,Lower Subansiri,2015-09-23,1893.9172,34.8822,-0.9787,0.2053,0.0015,-0.0,49.4121,12.2973,560.4867,19.8189,88.736,162.5886,228.6431,673.5948,201.516,3050.3108,0,1.0,0.05,none,none,none,0,none,1,240025,train
526fb169ffc0aaec,93.96,25.88,Nagaland,Dimapur,2016-04-22,664.5627,16.9393,-0.8009,-0.5988,-0.0052,-0.0012,21.2935,13.4999,331.8952,3.607,22.4738,67.4891,86.5419,137.1828,63.4745,1490.7953,0,1.0,0.05,none,none,none,0,none,1,230016,train
11b98d8a8eb926a3,95.18,26.86,Nagaland,Mon,2011-07-25,361.0972,9.0293,-0.6335,0.7737,0.0118,0.0016,25.7783,13.8597,239.1139,28.47,46.5675,90.9726,196.195,422.1152,133.3967,2056.824,0,1.0,0.05,none,none,none,0,none,1,280021,train
7518c5990ad1e344,93.12,26.46,Assam,Nagaon,2014-09-22,96.9776,7.5695,0.8461,-0.533,0.0046,0.0005,11.2795,14.2533,123.3314,5.7374,33.393,60.7498,115.8231,170.7975,74.0755,1615.9535,0,1.0,0.05,none,none,none,0,none,1,200019,train
df2fb48613c90a33,95.84,29.0,Arunachal Pradesh,Upper Dibang Valley,2010-08-19,2569.4602,39.0994,0.5472,-0.837,-0.0651,-0.0099,50.544,12.3867,3002.2937,4.395,42.6101,57.8831,82.2719,258.0708,77.93,2546.5696,0,1.0,0.05,none,none,none,0,none,1,310030,train
e3c84deea802cc10,91.92,26.66,Assam,Darrang,2010-07-29,84.3636,1.1453,0.8244,-0.566,-0.0035,-0.0,1.4017,16.35,9.8298,2.7709,2.7709,31.8642,75.2319,132.698,40.5246,1956.7676,0,1.0,0.05,none,none,none,0,none,1,150020,val
355de586345f31ed,96.22,28.8,Arunachal Pradesh,Upper Dibang Valley,2013-08-16,2606.8188,31.9012,-0.3752,-0.9269,-0.0,0.0021,40.9196,12.0152,581.721,2.0125,15.0564,22.1383,51.7672,84.8238,33.2852,2065.509,0,1.0,0.05,none,none,none,0,none,1,320029,train
3b00146290f658f1,93.52,27.18,Arunachal Pradesh,Papum Pare,2015-08-01,1956.5322,38.0418,0.6646,-0.7472,0.0031,-0.0,53.6901,12.501,539.5488,2.0083,2.0083,2.7707,132.3896,349.2594,78.9767,2792.7346,0,1.0,0.05,none,none,none,0,none,1,210022,train
e2d447cef3928083,95.22,28.88,Arunachal Pradesh,Upper Siang,2007-10-16,2757.5435,35.3092,-0.3627,0.9319,0.0006,-0.0003,45.7966,12.3719,624.0061,0.0,0.0,0.0,0.0,0.0,0.0,2380.9229,0,1.0,0.05,none,none,none,0,none,1,280030,test
95b7e5c526900ba9,92.52,22.56,Mizoram,,2011-05-31,81.7015,5.3316,-0.9982,-0.0594,-0.0068,0.0006,8.4022,14.8513,70.652,2.5,57.5,142.6,236.6,352.9,142.076,2499.319,0,1.0,0.05,none,none,none,0,none,1,170002,train
5ebc818788421a66,93.68,25.24,Manipur,Tamenglong,2010-08-14,1124.074,23.7898,0.7424,0.6699,0.0022,0.0016,28.994,13.2817,349.604,8.1447,18.9399,47.2903,108.6465,456.5642,108.45,1501.3524,0,1.0,0.05,none,none,none,0,none,1,220013,train
8de2628660b41af2,93.56,26.04,Assam,Karbi Anglong,2015-08-01,586.5296,21.233,-0.8893,0.4573,-0.0015,-0.0002,26.5191,13.3292,161.6626,14.6551,21.4804,22.4961,76.5368,222.9226,60.7644,1281.5579,0,1.0,0.05,none,none,none,0,none,1,220017,test
03fbbfb6fc4b99cb,96.62,28.24,Arunachal Pradesh,Lohit,2010-04-17,3462.6455,39.9599,0.1065,-0.9943,-0.0032,-0.0009,51.4178,12.106,591.5864,0.0,0.5849,103.4972,239.0381,415.2533,133.1623,1665.5953,0,1.0,0.05,none,none,none,0,none,1,340027,test
7f303c2074d3800a,94.8,28.72,Arunachal Pradesh,Upper Siang,2015-08-28,1033.8104,35.2309,-0.3132,-0.9497,0.0005,0.0,45.9192,12.0097,776.574,62.7005,94.4372,176.127,437.8974,517.1065,249.497,2703.382,0,1.0,0.05,none,none,none,0,none,1,270029,test
ea8c89b91feae470,91.36,25.96,Assam,Kamrup,2015-07-22,178.9764,14.2215,-0.6093,0.793,0.0044,0.0006,18.7954,13.6058,151.4419,4.9699,46.9637,62.5107,124.7049,202.7788,82.2035,1765.9095,0,1.0,0.05,none,none,none,0,none,1,130017,test
d57bb309b54f042a,92.34,26.96,Arunachal Pradesh,West Kameng,2016-07-10,524.099,6.987,0.2212,0.9752,-0.0056,0.0,14.96,14.3861,221.9703,3.9886,38.6333,93.9816,277.7218,428.0266,150.9184,2339.4036,0,1.0,0.05,none,none,none,0,none,1,170021,train
f57f3af3e5eb019f,96.28,28.28,Arunachal Pradesh,Lohit,2007-08-28,3065.992,39.7498,-0.6446,0.7645,0.0017,0.0006,53.2559,12.0988,544.4878,0.0,0.0,0.0,0.0,0.0,0.0,1800.7133,0,1.0,0.05,none,none,none,0,none,1,330027,train
c94c12fd2280e3f1,95.56,28.86,Arunachal Pradesh,Upper Dibang Valley,2007-10-21,2411.2585,12.9063,-0.5718,0.8204,0.0031,0.0006,15.198,13.2251,162.4587,0.0,0.0,0.0,0.0,0.0,0.0,2312.5342,0,1.0,0.05,none,none,none,0,none,1,300029,test
09016bcfe7c0fb53,94.88,28.58,Arunachal Pradesh,Upper Siang,2015-06-24,1878.6884,39.3914,-0.1371,0.9906,-0.0006,-0.0007,52.8952,12.1676,506.7354,16.4063,45.8713,124.851,252.4272,692.0038,194.6269,2881.9834,0,1.0,0.05,none,none,none,0,none,1,270028,test
408d1ef091c86611,93.6,25.1,Manipur,Tamenglong,2016-06-14,1622.7511,14.6902,-0.0028,-1.0,-0.0018,-1e-04,17.7302,13.4177,276.0447,0.7714,6.7433,61.5235,71.9559,312.7276,62.9472,1509.9784,0,1.0,0.05,none,none,none,0,none,1,220013,train
d62c1da6029eb9ce,93.8,24.76,Manipur,West Imphal,2010-07-25,783.1422,0.7971,0.5166,0.8562,0.0002,0.0,0.9149,15.582,11.954,4.6351,14.452,51.1517,145.9853,241.8506,76.1376,1624.7101,0,1.0,0.05,none,none,none,0,none,1,230011,test
fb4a9f2b64444a34,95.22,27.12,Assam,Sibsagar,2015-07-25,113.2325,0.3758,0.6304,-0.7763,-0.0071,-0.0,1.014,17.4031,7.3864,8.5063,64.0354,73.4384,140.1112,255.1644,96.4186,2083.4573,0,1.0,0.05,none,none,none,0,none,1,280022,train
18474fd268ecc15b,95.22,28.78,Arunachal Pradesh,Upper Siang,2015-08-19,1927.3926,32.5838,0.2977,-0.9547,-0.0014,0.0011,41.6263,12.1064,404.3877,49.9041,156.6515,223.9377,273.6644,417.4581,214.55,2475.885,0,1.0,0.05,none,none,none,0,none,1,280029,train
8b1e5178c60168fd,91.76,23.48,Tripura,South Tripura,2011-06-20,67.4845,11.5129,0.5998,0.8002,-0.0014,0.0008,13.5144,14.1656,48.7265,0.0,24.6226,64.3006,174.9777,400.097,104.6572,2197.9744,0,1.0,0.05,none,none,none,0,none,1,140006,train
471ec8e3d19d7ea6,90.54,25.64,Meghalaya,East Garo Hills,2010-07-06,433.4406,4.4559,0.9957,0.0922,-0.0059,0.0009,6.3901,15.0524,111.5065,9.2635,53.3093,68.6673,351.5755,697.1414,210.0057,2815.9084,0,1.0,0.05,none,none,none,0,none,1,90015,train
e2442a3b4bd2724a,94.72,28.1,Arunachal Pradesh,West Siang,2015-08-19,917.6364,24.335,-0.4816,0.8764,0.0039,-1e-04,30.3637,12.8889,481.065,43.0474,133.4465,214.456,257.2092,408.223,200.3736,2645.5813,0,1.0,0.05,none,none,none,0,none,1,260026,val
6ac643ffd73d6be1,95.92,27.52,Arunachal Pradesh,Changlang,2010-09-12,155.1953,0.0779,0.5779,-0.8161,0.0048,-0.0,0.0936,19.0034,7.8915,0.0,27.2191,125.9962,194.7218,361.4604,137.5964,2187.9792,0,1.0,0.05,none,none,none,0,none,1,310024,train
a3d953c3962a2e9e,96.8,28.12,Arunachal Pradesh,Lohit,2013-06-27,3393.881,30.4847,-0.9214,0.3885,-0.0002,0.0022,42.0344,11.2745,519.6548,72.2355,159.175,185.676,214.8093,302.5002,182.0511,1542.9478,0,1.0,0.05,none,none,none,0,none,1,350026,test
d4bfa8d4b09c86f0,93.5,27.04,Arunachal Pradesh,Papum Pare,2007-09-11,209.2656,1.4223,0.0336,-0.9994,0.0241,1e-04,4.3718,15.6168,85.1852,15.0257,46.8914,165.3055,322.9866,482.2176,196.555,1850.1622,0,1.0,0.05,none,none,none,0,none,1,210021,train
5c9836270d875a2d,94.14,27.48,Arunachal Pradesh,Papum Pare,2010-07-06,537.764,22.3092,0.1886,0.9821,-0.001,-0.0,23.1084,13.6137,401.1822,6.7405,15.3443,31.9498,98.8471,235.957,63.2179,2261.6345,0,1.0,0.05,none,none,none,0,none,1,240023,train
6433bee8685262f9,93.16,25.88,Assam,Nagaon,2012-06-25,147.0582,2.4394,-0.9073,-0.4205,0.006,-0.0,4.8967,15.3887,39.3244,6.4999,12.8371,200.0471,231.8532,295.9445,151.668,1227.3585,0,1.0,0.05,none,none,none,0,none,1,200016,test
75e6310d8484f6f7,92.66,23.98,Mizoram,Kolasib,2011-08-15,529.0576,12.7889,-0.795,-0.6066,0.001,-0.0,15.317,13.6902,256.178,8.4482,16.5468,79.5953,168.1832,323.9677,101.5757,2286.9666,0,1.0,0.05,none,none,none,0,none,1,180008,test
fdd49977fc3d553d,95.92,28.48,Arunachal Pradesh,Lower Dibang Valley,2016-05-18,2075.4187,15.9832,1.0,0.0092,0.0165,0.0016,33.8941,13.1234,416.319,69.3448,187.1377,263.8355,265.835,790.5107,271.549,2017.1823,0,1.0,0.05,none,none,none,0,none,1,310028,val
dc00afe0026724bd,92.78,27.92,Arunachal Pradesh,West Kameng,2011-07-16,4588.0005,35.3541,-0.0295,0.9996,0.0022,0.0013,44.0433,12.9779,464.5581,31.5273,210.679,286.1764,585.9327,846.8445,348.9592,2422.7266,0,1.0,0.05,none,none,none,0,none,1,180025,train
442949c2f7c96c65,92.22,25.52,Meghalaya,Jaintia Hills,2015-08-01,1272.6393,1.027,-0.4419,-0.8971,0.0014,0.0002,1.0806,16.5203,41.1511,21.2291,30.0475,30.8816,112.7932,279.5912,79.1431,1368.0874,0,1.0,0.05,none,none,none,0,none,1,160015,test
62c0e32229cff852,93.8,27.96,Arunachal Pradesh,Kurung Kumey,2007-09-29,1765.4636,29.8329,0.6385,0.7696,-0.0115,-0.0,61.2468,12.6178,461.3636,0.0,11.7454,11.7454,24.9882,441.4646,52.9412,3189.8923,0,1.0,0.05,none,none,none,0,none,1,230025,val
7cfbb6de5dbda9b6,94.34,25.16,Manipur,Ukhrul,2014-09-22,1761.826,11.3253,0.2724,-0.9622,-0.0057,-0.0004,15.2061,13.9729,248.2543,2.4423,24.6183,36.7869,62.4484,117.5535,41.2007,1482.4136,0,1.0,0.05,none,none,none,0,none,1,250013,train
c77ac5814de66c52,93.06,24.62,Assam,Cachar,2007-10-19,164.8726,5.9352,0.4498,0.8931,-0.0128,-0.0005,14.4252,14.6645,148.3434,0.0,45.7531,103.0749,155.8773,224.3075,103.776,2542.821,0,1.0,0.05,none,none,none,0,none,1,200011,train
a4fc4bd16b0e5672,95.94,28.34,Arunachal Pradesh,Lower Dibang Valley,2013-07-01,1363.3464,19.4616,0.5732,0.8194,-0.0,0.0002,22.5164,11.9675,406.5174,5.2053,19.038,144.0571,165.1558,195.8272,109.4148,2465.5806,0,1.0,0.05,none,none,none,0,none,1,310027,train
f48f2c39d206cbee,94.8,27.44,Assam,Dibrugarh,2011-05-22,98.0,0.0,0.0,1.0,0.0,0.0,0.0,17.7221,3.4084,0.5733,31.0678,35.128,56.916,121.3836,42.7736,2199.3425,0,1.0,0.05,none,none,none,0,none,1,270023,val
8720c7dc3b253144,90.3,25.98,Meghalaya,Goalpara,2015-08-26,35.6997,0.181,0.821,-0.5709,-0.0026,0.0,0.228,17.7206,13.0976,1.6678,25.6428,358.6898,523.6774,612.8952,287.4671,2521.091,0,1.0,0.05,none,none,none,0,none,1,90017,val
723c362a8475de63,91.74,24.02,Tripura,West Tripura,2013-08-17,128.4427,16.8971,-0.1474,0.9891,-0.0005,0.0008,20.316,13.6868,119.0489,4.9545,52.546,107.3712,173.5732,340.4351,122.5516,2468.359,0,1.0,0.05,none,none,none,0,none,1,140008,train
8a0eb76b5a5f02a2,91.98,26.34,Assam,Darrang,2013-02-18,48.0,0.0,0.0,1.0,0.0,0.0,0.0,17.9098,4.6837,7.6086,7.6086,7.6086,7.6086,7.6086,7.6086,1300.8937,0,1.0,0.05,none,none,none,0,none,1,150018,train
e8318c7aacf49ab8,90.6,25.88,Meghalaya,East Garo Hills,2010-10-08,201.5496,17.0867,-0.9095,0.4156,0.0005,-0.0008,21.1356,13.6397,186.6836,10.5952,28.6291,28.6291,112.5014,611.5696,95.936,2566.6904,0,1.0,0.05,none,none,none,0,none,1,100016,train
be24156485200ea1,90.58,25.5,Meghalaya,East Garo Hills,2016-10-12,279.0125,5.4086,0.2857,-0.9583,-0.0014,0.0008,6.1894,14.807,54.084,11.4244,99.7535,170.387,181.9888,290.687,158.8895,4004.7107,0,1.0,0.05,none,none,none,0,none,1,100015,test
ea388b88f534f6cc,91.58,26.62,Assam,Nalbari,2014-09-22,68.7793,1.9062,0.1496,0.9887,-0.004,0.0004,2.1212,15.9945,13.881,135.118,146.2949,166.03,188.4911,297.9591,177.94,1702.7764,0,1.0,0.05,none,none,none,0,none,1,140020,train
cc1572be6ff208bc,94.3,26.86,Assam,Jorhat,2010-08-27,86.609,0.2389,-0.4142,0.9102,-0.0033,-1e-04,0.5137,18.1203,4.1019,3.4599,13.1294,45.108,133.3746,318.2308,80.8224,1932.9202,0,1.0,0.05,none,none,none,0,none,1,250021,train
7d01f8bdd35bc476,91.0,25.78,Meghalaya,West Khasi Hills,2007-07-27,645.4678,5.066,-0.9946,0.104,-0.0004,-0.0004,6.5433,14.7032,86.8044,205.1639,664.4071,964.543,1309.0316,1497.0068,949.6038,3144.3613,0,1.0,0.05,none,none,none,0,none,1,110016,train
e8c0831dfb031d39,94.92,28.56,Arunachal Pradesh,Upper Siang,2015-08-18,2360.9673,30.7634,-0.2763,0.9611,0.0024,-0.0011,36.0154,12.3205,615.228,54.664,136.9543,185.5853,254.0768,396.5193,193.704,2881.9834,0,1.0,0.05,none,none,none,0,none,1,270028,test
4cb70607a3e58cd4,93.02,26.42,Assam,Karbi Anglong,2013-09-02,484.6733,3.4398,-0.465,0.8853,-0.0011,-0.0,5.2839,15.1316,58.6003,19.4295,28.5372,139.0747,162.4454,373.028,118.2483,1615.9535,0,1.0,0.05,none,none,none,0,none,1,190019,train
3f525b0d8ba7f63a,94.12,28.36,Arunachal Pradesh,Upper Subansiri,2007-09-18,2578.2278,32.0155,-0.9449,-0.3274,0.0029,0.0005,46.5381,12.1321,504.1894,0.0,12.2541,23.4707,291.1471,585.5864,147.0702,2978.9082,0,1.0,0.05,none,none,none,0,none,1,240027,train
9e70cf2ea477f0ae,94.04,27.52,Arunachal Pradesh,Lower Subansiri,2007-07-27,1219.031,29.9507,0.9312,-0.3646,-0.0025,-0.0009,41.2674,12.6615,297.8987,33.8553,190.1089,412.4525,609.442,918.1456,426.8361,3442.205,0,1.0,0.05,none,none,none,0,none,1,240024,train
2fba1769439680b9,95.34,27.94,Arunachal Pradesh,East Siang,2016-05-18,147.3036,1.1143,0.6258,-0.78,-0.0022,-0.0,1.8568,16.3514,17.1296,62.8136,167.0275,222.0601,222.6426,615.5512,226.3101,2851.7588,0,1.0,0.05,none,none,none,0,none,1,290025,train
84f22904ed3d31eb,94.7,27.44,Assam,Dhemaji,2015-08-01,99.4439,0.1347,0.396,-0.9182,-0.0067,-0.0,0.1809,18.6154,9.7862,0.0,0.1099,0.1099,155.4014,287.8416,73.9511,2199.3425,0,1.0,0.05,none,none,none,0,none,1,260023,train
0261855dfbb5eee8,92.46,26.44,Assam,Nagaon,2010-10-09,56.7179,1.0787,0.9982,-0.0592,-0.0009,-0.0,1.792,16.6469,8.2685,35.0636,48.5403,48.6965,99.7573,255.0041,77.8283,1580.5195,0,1.0,0.05,none,none,none,0,none,1,170019,train
3739faad9016567b,91.1,26.48,Assam,Barpeta,2014-09-23,44.0362,0.2195,0.9993,-0.0362,0.0108,0.0,0.356,18.0515,7.4089,54.8112,187.4638,218.3519,238.698,356.204,213.2638,2034.3862,0,1.0,0.05,none,none,none,0,none,1,120019,train
130b5a0c54f47ac6,92.96,26.16,Assam,Karbi Anglong,2011-06-21,69.3864,0.0764,0.8782,0.4783,0.011,0.0,0.1577,18.7628,0.8441,0.7166,5.6209,81.0615,186.4924,246.5344,89.9705,1401.1378,0,1.0,0.05,none,none,none,0,none,1,190018,test
f7ce07e55a4e3d54,93.74,26.64,Assam,Golaghat,2014-08-14,78.9451,0.048,0.3275,-0.9448,0.0098,0.0,0.1014,18.6553,5.8226,8.6103,19.0512,99.2911,125.952,363.119,102.6824,1759.2518,0,1.0,0.05,none,none,none,0,none,1,220020,train
37ef4ff0a8919c29,93.44,24.18,Manipur,Churachandpur,2013-07-12,916.9813,12.6839,-0.9894,0.1452,-0.0007,-0.0025,16.366,13.4835,236.3478,23.6197,122.5309,137.0984,201.6308,282.8007,154.193,1779.6031,0,1.0,0.05,none,none,none,0,none,1,210009,train
af6b9d55c86cbc1e,94.3,27.1,Assam,Lakhimpur,2010-10-08,82.0,0.8012,-0.9093,-0.4161,0.0015,0.0002,0.826,17.0246,5.9247,0.8352,23.6059,23.6059,56.28,288.7676,53.0644,2007.1422,0,1.0,0.05,none,none,none,0,none,1,250022,train
043bcd1ae9ed2933,96.12,27.58,Arunachal Pradesh,Changlang,2015-06-16,341.5326,4.2165,-0.3608,0.9327,0.041,-1e-04,19.7148,14.9439,158.3911,12.7806,67.4973,200.2912,271.3418,364.7716,177.3259,2187.9792,0,1.0,0.05,none,none,none,0,none,1,320024,test
51fd40b95e71aacf,95.56,28.8,Arunachal Pradesh,Upper Dibang Valley,2007-08-26,2233.519,9.445,0.1286,0.9917,0.0067,-0.0008,15.0767,13.4575,202.7412,0.0,0.0,0.0,0.0,0.0,0.0,2312.5342,0,1.0,0.05,none,none,none,0,none,1,300029,test
d4d5b7ea0b220d74,92.3,24.66,Assam,Karimganj,2016-05-01,18.7115,0.3071,0.6779,0.7351,0.0184,1e-04,0.4664,17.5739,7.4271,9.0715,41.3501,213.6732,525.6931,976.1605,298.8041,2772.989,0,1.0,0.05,none,none,none,0,none,1,170011,val
ef740b57be9959d4,88.78,27.92,Sikkim,North Sikkim,2010-10-09,5580.475,31.9194,0.1126,-0.9936,0.0019,0.0005,41.991,12.5946,368.7363,0.2398,1.7403,27.1344,37.2444,150.36,28.9435,2546.3318,0,1.0,0.05,none,none,none,0,none,1,20025,train
8b5ab88ee67d5ade,93.48,27.48,Arunachal Pradesh,Papum Pare,2012-06-14,1482.389,3.8297,-0.7256,0.6881,-0.0109,-0.0,11.6254,14.7255,288.3866,32.5488,104.0015,145.0474,280.5963,522.524,202.1794,3162.6768,0,1.0,0.05,none,none,none,0,none,1,210023,test
a6da9c300a602e33,95.28,26.96,Arunachal Pradesh,Tirap,2007-07-26,452.1368,17.6333,-0.9996,-0.0282,-0.0025,0.0009,24.0013,13.4986,285.7501,45.3432,79.6917,205.0213,359.0026,558.4462,235.5552,2083.4573,0,1.0,0.05,none,none,none,0,none,1,290021,train
8fc783d4fab7a8c5,92.28,27.6,Arunachal Pradesh,West Kameng,2011-06-17,3976.6335,27.7954,0.0463,0.9989,0.0032,0.0,34.9272,12.7103,562.4187,3.1634,6.5417,65.0212,153.3804,200.3602,63.5288,1974.4858,0,1.0,0.05,none,none,none,0,none,1,160024,train
2a8897539619f8a7,94.96,26.82,Nagaland,Mon,2015-03-19,202.2991,4.2556,0.2927,-0.9562,0.0043,-0.0,7.6149,14.5216,186.3576,3.0813,3.0813,3.0813,5.1923,22.801,6.03,2070.655,0,1.0,0.05,none,none,none,0,none,1,270020,val
ca8cf21c2f2140a0,93.6,26.26,Assam,Karbi Anglong,2014-10-20,786.7783,14.7319,-0.6332,0.774,-0.0016,0.0015,19.415,13.8616,184.1254,0.0,0.0,16.0532,23.685,95.068,17.5827,1354.5645,0,1.0,0.05,none,none,none,0,none,1,220018,train
88e9758a6bd6968e,92.72,24.92,Assam,Cachar,2013-08-15,25.9079,1.0799,-0.9596,0.2812,-0.0015,-0.0003,4.0728,16.2681,15.763,1.4939,39.9667,84.649,229.3225,362.5664,130.0404,2501.4507,0,1.0,0.05,none,none,none,0,none,1,180012,train
886e18423e0d0f15,95.56,27.08,Arunachal Pradesh,Tirap,2010-07-29,900.3995,22.6775,0.7243,-0.6895,-0.0026,-0.0026,31.4897,12.766,315.8728,7.7797,20.1042,64.1416,250.5691,450.6555,126.1837,2022.789,0,1.0,0.05,none,none,none,0,none,1,300022,train
331bae6358bac851,92.72,26.96,Assam,Sonitpur,2007-10-16,211.9687,8.3257,0.6433,0.7656,0.0046,0.001,11.3439,14.558,130.1882,6.0219,7.4045,31.3376,49.4987,61.8462,29.9713,2103.0442,0,1.0,0.05,none,none,none,0,none,1,180021,train
99171170a647c723,88.22,27.74,Sikkim,North Sikkim,2010-06-15,5520.3423,27.8361,-0.568,-0.823,0.0056,0.0002,43.0568,12.5347,490.0874,29.0433,54.9595,117.4263,342.3078,530.6498,189.4214,2456.155,0,1.0,0.05,none,none,none,0,none,1,25,train
a9681ffa2af4a26c,92.86,22.92,Mizoram,Lunglei,2015-08-26,451.6708,17.8831,-0.7109,0.7033,-0.0016,-0.0012,21.6888,12.9814,301.2396,27.4926,118.0688,188.6137,221.3806,307.8345,172.7372,2272.8691,0,1.0,0.05,none,none,none,0,none,1,190003,train
049c3b131e9862d5,93.38,26.22,Assam,Karbi Anglong,2010-06-09,571.6419,21.2718,-0.2646,0.9644,0.0004,0.0006,25.4602,13.4108,166.0621,50.2449,50.529,85.8079,141.2182,256.6166,102.2107,1354.5645,0,1.0,0.05,none,none,none,0,none,1,210018,val
86b9ce0c2af992cd,94.44,28.92,Arunachal Pradesh,Upper Siang,2011-07-07,4007.7048,29.3437,0.187,0.9824,0.0028,-0.0002,36.8603,12.6385,543.8372,0.0,0.0,0.0,0.0,0.0,0.0,2744.8914,0,1.0,0.05,none,none,none,0,none,1,250030,train
9ec3cf5f9560106f,94.14,27.46,Arunachal Pradesh,Papum Pare,2013-09-01,264.5258,24.3628,-0.7587,0.6515,0.0003,0.0011,31.8477,13.3035,332.7447,11.2586,30.4715,62.5365,95.8891,259.2706,76.9216,2261.6345,0,1.0,0.05,none,none,none,0,none,1,240023,train
600f6dc3125370f6,93.12,24.72,Manipur,East Imphal,2011-06-20,25.5015,4.882,0.9418,-0.3363,0.0041,0.0017,6.2256,14.7008,64.4478,15.2337,47.0418,107.5135,224.504,486.738,146.1759,2521.342,0,1.0,0.05,none,none,none,0,none,1,200011,train
2c3999a2dd194506,93.72,26.22,Assam,Karbi Anglong,2007-07-27,165.1622,6.788,-0.7664,0.6424,0.0025,0.0004,8.7533,13.7216,132.0607,7.6582,51.4636,90.5293,150.2746,234.2692,99.7831,1396.0863,0,1.0,0.05,none,none,none,0,none,1,220018,train
72efda6dfac462b3,93.8,26.84,Assam,Lakhimpur,2010-08-27,72.0,0.0,0.0,1.0,0.0,0.0,0.0,18.5535,8.6062,3.6391,10.5604,72.5002,194.621,290.6453,97.6806,1759.2518,0,1.0,0.05,none,none,none,0,none,1,230021,train
1c0e5dd2a7ca330c,94.6,26.14,Nagaland,Zunheboto,2015-03-19,1419.5903,3.5542,-0.4467,0.8947,0.0292,-1e-04,23.5341,14.6556,191.5418,3.3176,3.3176,3.3176,3.3176,17.5373,5.2211,1860.061,0,1.0,0.05,none,none,none,0,none,1,260017,test
da877ef85d47fa5c,91.36,25.66,Meghalaya,West Khasi Hills,2015-07-22,1588.9423,7.9741,0.8903,0.4553,0.0002,-0.0006,10.5517,14.2651,220.9696,11.3975,40.3468,62.7364,116.4491,274.6118,85.9369,2138.8345,0,1.0,0.05,none,none,none,0,none,1,130015,val
fac8dfe8c3bf9f58,92.72,24.82,Assam,Cachar,2010-10-09,90.6327,2.9805,0.9178,-0.397,0.0028,-0.0022,8.7726,15.4814,87.0294,18.9173,99.5682,111.585,141.0483,284.5718,123.425,2752.3135,0,1.0,0.05,none,none,none,0,none,1,180012,train
d12cf5043ff07953,91.04,26.68,Assam,Barpeta,2009-10-05,61.8276,0.0983,0.8105,0.5858,0.016,0.0,0.2703,18.9685,3.0022,7.8027,8.1262,8.1262,19.1746,121.6648,28.9365,2260.0564,0,1.0,0.05,none,none,none,0,none,1,110020,test
746f5141c73c43c9,90.68,25.38,Meghalaya,South Garo Hills,2015-08-27,588.769,14.8738,-0.8265,-0.5629,0.0038,-1e-04,18.9375,13.7122,209.5871,1.7871,3.0203,353.6388,2273.41,2481.673,958.8949,5979.785,0,1.0,0.05,none,none,none,0,none,1,100014,train
1959540b6504967b,92.02,25.74,Meghalaya,Ri-Bhoi,2007-09-13,897.2576,11.6116,-0.6102,-0.7923,-0.0037,-0.0003,17.556,14.1013,114.0461,7.5914,15.783,153.8626,207.0513,311.4097,130.0971,1448.103,0,1.0,0.05,none,none,none,0,none,1,150016,train
ee0419c1178079d4,96.86,28.04,Arunachal Pradesh,Lohit,2013-08-17,3088.1438,19.9701,0.4616,-0.8871,0.0216,0.0003,42.9458,12.7519,629.3037,5.3957,16.2886,83.811,215.8328,261.8752,101.8795,1542.9478,0,1.0,0.05,none,none,none,0,none,1,350026,test
8dd18c418bb881ce,90.36,25.24,Meghalaya,South Garo Hills,2013-07-12,113.4214,7.3465,-0.1297,-0.9916,0.003,-0.0003,9.9436,14.3137,101.7269,2.4946,21.3085,85.1986,220.058,324.199,113.3543,3768.6863,0,1.0,0.05,none,none,none,0,none,1,90013,train
db9b9392d8fb525e,92.96,26.92,Assam,Sonitpur,2014-09-22,115.9795,0.3252,-0.9997,-0.0227,-0.0004,-0.0,0.5543,17.2274,5.2962,16.2324,41.3325,89.0015,184.5092,265.2163,108.1349,2360.2695,0,1.0,0.05,none,none,none,0,none,1,190021,train
5adb2352fc1da7ab,94.52,28.8,Arunachal Pradesh,West Siang,2015-08-19,3373.0408,45.4964,-0.8363,-0.5482,-1e-04,0.0,69.017,12.088,553.9006,51.0659,148.6793,172.7308,223.3225,286.4147,172.5839,3713.1577,0,1.0,0.05,none,none,none,0,none,1,250029,train
0b30081be60d1e14,95.62,28.06,Arunachal Pradesh,Lower Dibang Valley,2007-07-19,177.5858,1.4201,0.0121,0.9999,-0.0007,1e-04,1.6636,16.3649,15.1803,23.443,61.1254,144.7319,267.1004,449.8276,181.3262,2807.7942,0,1.0,0.05,none,none,none,0,none,1,300026,train
5f64412eb0413c1b,94.56,25.62,Manipur,Ukhrul,2011-05-24,1078.9376,5.1304,0.9579,0.287,-0.0138,-0.0009,9.5783,14.6391,236.8972,3.7343,9.7855,37.4765,64.9714,141.2865,46.5479,1582.398,0,1.0,0.05,none,none,none,0,none,1,260015,train
9443373cd278093b,91.74,25.7,Meghalaya,West Khasi Hills,2010-08-14,905.5419,17.9941,0.9112,-0.4119,0.0009,0.0009,24.0743,13.7726,136.8507,30.1906,43.1762,58.5023,87.8539,253.2692,79.2978,1795.0524,0,1.0,0.05,none,none,none,0,none,1,140016,train
73d6a120157dcee0,96.22,28.16,Arunachal Pradesh,Lohit,2015-08-27,2322.3337,31.8026,-0.1818,0.9833,0.0042,0.0005,43.0226,12.114,682.1386,0.0,7.3974,38.7452,157.8133,340.8418,90.2297,1800.7133,0,1.0,0.05,none,none,none,0,none,1,320026,train
ed6e99111e3f4ad1,92.42,25.06,Meghalaya,Jaintia Hills,2010-06-28,381.507,7.2829,-0.1702,-0.9854,-0.0231,-0.0005,13.9909,14.1521,232.4361,6.2976,23.9487,40.5752,127.5105,378.1104,87.644,2559.657,0,1.0,0.05,none,none,none,0,none,1,170013,train
cf1049a10f7c4603,94.36,25.14,Manipur,Ukhrul,2011-08-23,1598.8044,23.2519,0.5708,-0.8211,0.0005,-0.0023,28.1045,12.8174,320.7502,27.6284,79.8343,80.7331,147.1701,221.8781,101.5865,1482.4136,0,1.0,0.05,none,none,none,0,none,1,250013,train
b7dc369c4b6c1651,94.4,27.72,Arunachal Pradesh,West Siang,2010-10-08,323.1293,32.8817,0.9046,-0.4262,0.0032,0.0017,47.8569,12.661,382.8836,2.6681,9.6238,10.2967,73.5233,230.2492,39.9888,2104.0234,0,1.0,0.05,none,none,none,0,none,1,250024,test
928fba1b114b2be2,94.12,23.9,Manipur,Chandel,2016-06-12,564.8768,17.2892,0.0418,0.9991,-0.0076,-0.0007,26.7609,13.3367,278.2023,3.4002,22.0001,64.4024,66.9024,328.1082,74.5906,1078.8973,0,1.0,0.05,none,none,none,0,none,1,240008,train
a18a17addbbfbfe8,91.1,25.64,Meghalaya,West Khasi Hills,2007-10-19,1012.5831,8.0208,-0.5994,0.8004,0.0011,0.0005,9.1384,14.2827,97.3561,2.8183,14.2158,49.4129,218.0662,268.9371,100.9315,3144.3613,0,1.0,0.05,none,none,none,0,none,1,120015,val
1e329502f3007233,94.0,27.76,Arunachal Pradesh,Lower Subansiri,2013-07-17,365.6047,41.5771,0.9857,0.1686,0.0008,0.0012,63.7518,11.95,420.7119,37.0365,59.0528,135.5998,312.9504,692.3026,210.0947,3050.3108,0,1.0,0.05,none,none,none,0,none,1,230025,val
671d8e1452d0e6d5,91.1,26.0,Assam,Kamrup,2012-06-02,46.6386,1.5608,0.9976,-0.0698,0.0009,-0.0,2.0366,16.3561,8.9236,4.6571,4.6571,4.6571,40.2743,139.7352,30.6825,1971.9532,0,1.0,0.05,none,none,none,0,none,1,120017,train
e9df430229acdbe1,95.76,26.98,Arunachal Pradesh,Changlang,2016-07-10,1906.921,28.6288,-0.799,-0.6014,0.0003,0.0004,36.3127,12.6228,471.2108,9.5883,13.5136,44.7823,124.258,320.3514,82.3867,2093.899,0,1.0,0.05,none,none,none,0,none,1,300021,train
026e7be074c4aa05,96.66,28.18,Arunachal Pradesh,Lohit,2014-09-22,1408.5658,36.6555,-0.6414,-0.7672,-0.0033,0.001,48.6057,12.2886,626.9391,32.5993,117.8001,122.2014,189.2026,327.202,132.8505,1556.0211,0,1.0,0.05,none,none,none,0,none,1,340026,train
a288bafa8f6149d2,96.76,28.06,Arunachal Pradesh,Lohit,2010-09-04,2491.51,39.3135,-0.6052,-0.796,-0.0012,-0.0008,51.5605,12.0922,668.9685,15.3341,22.1968,22.6544,139.7082,226.0462,63.1561,1542.9478,0,1.0,0.05,none,none,none,0,none,1,340026,train
33220998d42ae801,96.96,28.18,Arunachal Pradesh,Lohit,2015-08-01,3390.684,43.3953,-0.8163,-0.5776,-0.0009,1e-04,64.7173,11.3046,821.5691,0.0,0.0,0.0,44.8,112.2,24.8364,1534.3989,0,1.0,0.05,none,none,none,0,none,1,350026,test
e3f2acee5ff474b2,94.54,27.56,Assam,Dhemaji,2011-08-12,108.1235,0.0736,-0.9352,0.3541,0.0129,0.0,0.1187,18.4143,5.6647,0.0,2.9515,11.609,92.7507,259.9794,56.1705,2084.6584,0,1.0,0.05,none,none,none,0,none,1,260024,test
775f721d56b15b66,91.3,25.32,Meghalaya,West Khasi Hills,2016-10-12,759.1123,42.0275,0.9868,-0.1621,-0.0007,-0.0,63.665,12.1867,545.8845,37.5868,214.6571,235.6126,254.0095,351.2002,225.9754,8121.935,0,1.0,0.05,none,none,none,0,none,1,130014,train
62f501d9e6be48d9,94.28,28.58,Arunachal Pradesh,West Siang,2014-05-08,2800.4087,42.133,-0.8835,0.4684,-0.0003,0.0009,60.4518,11.8503,710.3445,28.4595,46.2338,64.7957,86.8559,214.1954,75.1047,3254.8916,0,1.0,0.05,none,none,none,0,none,1,240028,train
cfd696431be18b37,93.08,24.74,Assam,Cachar,2013-02-18,57.4584,6.8489,-0.9952,-0.0975,-0.0024,0.0003,9.8022,14.3341,55.8223,2.9795,2.9795,2.9795,2.9795,2.9795,2.9795,2521.342,0,1.0,0.05,none,none,none,0,none,1,200011,train
23b7ac6bf2d9d59a,95.08,27.22,Assam,Dibrugarh,2014-06-27,108.3711,0.4941,0.8434,-0.5372,-0.0058,0.0,0.82,17.0887,7.4444,13.8133,26.3662,84.1817,147.893,286.5031,106.2829,2168.1624,0,1.0,0.05,none,none,none,0,none,1,280022,train
cf057ba188c394f4,92.52,26.32,Assam,Marigaon,2015-08-01,57.2893,0.333,0.8849,0.4657,0.0,0.0,0.4368,17.7597,6.2044,3.0587,4.0049,4.2162,81.9426,196.7015,48.0875,1466.0713,0,1.0,0.05,none,none,none,0,none,1,170018,train
1b74d9c5683494e1,92.22,27.44,Arunachal Pradesh,West Kameng,2010-04-02,2216.5693,27.7037,-0.2959,-0.9552,-0.0017,-0.0002,33.2151,12.3861,474.0487,1.0664,19.403,48.82,66.4169,71.9164,41.5918,1974.4858,0,1.0,0.05,none,none,none,0,none,1,160023,train
c450d838c84f9036,92.6,22.46,Mizoram,Lawngtlai,2010-09-09,350.1916,13.381,0.4305,-0.9026,-0.0037,-0.0009,15.6772,14.0349,126.4339,17.7807,52.8637,149.0055,188.2048,551.3759,165.0829,2499.319,0,1.0,0.05,none,none,none,0,none,1,180001,train
454caa400cf77372,94.34,27.1,Assam,Lakhimpur,2015-09-01,86.606,0.3537,-0.6972,-0.7168,0.0024,-0.0,0.4506,17.211,11.8111,21.5768,88.4355,102.4278,164.2554,353.7566,128.9754,2007.1422,0,1.0,0.05,none,none,none,0,none,1,250022,train
78b2924bdc22b698,88.7,27.28,Sikkim,East,2010-08-20,1749.8958,29.3692,0.009,1.0,0.0004,0.0009,35.2656,12.0113,492.8584,5.7189,105.0218,203.9291,402.3919,758.6414,277.7197,3612.4756,0,1.0,0.05,none,none,none,0,none,1,20022,train
85f6c32691ded12e,96.44,27.98,Arunachal Pradesh,Lohit,2013-07-15,907.9152,27.9312,0.9427,-0.3338,0.0021,0.001,38.0778,12.3373,430.8874,15.956,36.7901,94.7039,295.8691,550.9095,175.6422,1580.7848,0,1.0,0.05,none,none,none,0,none,1,330026,train
3186b32acc36ec93,92.9,22.08,Mizoram,Saiha,2014-06-28,118.6277,15.5093,0.7184,0.6956,-0.0028,0.0026,22.6982,13.5672,227.2371,13.999,40.7955,100.9891,318.8629,411.5814,162.8999,1948.8636,0,1.0,0.05,none,none,none,0,none,1,190000,train
6d2ca718f5a7641f,91.98,24.32,Tripura,North Tripura,2010-10-09,22.6574,3.1948,-0.5582,0.8297,-0.0032,0.0002,3.561,15.4344,23.2524,75.2586,121.1679,132.0866,160.9449,363.9828,149.9044,2247.2273,0,1.0,0.05,none,none,none,0,none,1,150009,train
7441cbf41a9258c5,90.1,25.24,Meghalaya,West Garo Hills,2010-10-08,85.0418,4.1185,-0.9788,0.2048,0.0017,0.0002,9.9137,15.1832,61.4617,0.0,0.0,0.0,0.0,0.0,0.0,0.0,0,1.0,0.05,none,none,none,0,none,1,80013,test
8a466cfc70e7a596,88.6,27.98,Sikkim,North Sikkim,2013-08-04,4882.7104,23.034,-0.9989,0.0465,0.0,0.0002,30.4664,12.746,298.5293,3.2619,23.621,92.7718,253.781,505.9286,148.0647,2516.4265,0,1.0,0.05,none,none,none,0,none,1,20026,train
556c26c098fe08b7,91.76,23.64,Tripura,South Tripura,2011-05-31,164.0374,6.8451,-0.4266,0.9044,0.0019,-1e-04,11.0754,14.5243,58.9289,32.9639,62.6533,154.3342,385.0912,483.241,205.7914,2353.1294,0,1.0,0.05,none,none,none,0,none,1,140006,train
b9c4a5b785642872,96.64,27.6,Arunachal Pradesh,Changlang,2011-07-01,2269.9724,29.7625,-0.0166,0.9999,-0.0065,-0.0009,44.1483,12.3807,642.2538,0.0,0.0,0.0,0.0,0.0,0.0,1533.874,0,1.0,0.05,none,none,none,0,none,1,340024,val
2d8d5abcdb522913,94.64,25.86,Nagaland,Tuensang,2008-08-07,2008.8512,28.9679,0.2534,0.9674,0.0002,0.0006,38.2549,12.1751,547.414,13.7904,32.516,142.9877,258.9432,494.704,174.1753,1784.5413,0,1.0,0.05,none,none,none,0,none,1,260016,train
a00bc89b83c620e9,94.48,27.22,Assam,Lakhimpur,2010-09-04,89.9886,0.24,0.9919,0.1267,0.0145,1e-04,0.7468,17.9669,7.4208,2.3279,5.4786,31.1079,150.0681,411.0016,94.298,2071.8245,0,1.0,0.05,none,none,none,0,none,1,250022,train
80f443f879bc9873,91.78,25.7,Meghalaya,West Khasi Hills,2010-10-08,797.5886,6.3693,-0.9982,0.0592,0.0018,1e-04,7.8278,14.5204,78.1318,45.0333,73.3084,111.402,174.8093,344.012,131.0359,1795.0524,0,1.0,0.05,none,none,none,0,none,1,140016,train
dd9427ebad04cb23,91.7,26.66,Assam,Kamrup,2011-07-07,77.9515,0.2524,-0.8282,0.5605,-0.001,1e-04,0.3292,17.6785,8.6238,1.5707,27.4107,68.7411,208.8853,303.2588,105.0997,1812.6598,0,1.0,0.05,none,none,none,0,none,1,140020,train
5d1f1d09f191f3d2,91.28,26.16,Assam,Nalbari,2015-08-01,39.0,0.0,0.0,1.0,0.0,0.0,0.0,20.0128,5.5779,0.223,0.3623,0.3623,88.7645,212.7064,50.8821,1700.1528,0,1.0,0.05,none,none,none,0,none,1,120018,train
3f74443488660b44,93.24,23.3,Mizoram,Champhai,2015-08-01,1171.1813,20.8958,0.8622,0.5065,-0.0002,-0.0008,27.4265,13.2479,290.2196,17.4638,26.1968,51.9028,213.3184,383.9794,114.9156,2111.6243,0,1.0,0.05,none,none,none,0,none,1,200005,train
c1cdef9938abb381,95.56,28.28,Arunachal Pradesh,Lower Dibang Valley,2014-06-26,744.4112,43.4725,-0.9689,0.2473,1e-04,0.0009,68.9934,12.0493,484.3899,0.0,21.6381,64.9894,94.1344,278.6151,71.1845,2976.0107,0,1.0,0.05,none,none,none,0,none,1,300027,train
9f5a9d03530aff9c,95.6,26.84,Arunachal Pradesh,Tirap,2016-07-28,1638.017,33.1836,0.9449,-0.3272,-0.0009,0.0008,47.3857,12.3023,437.2784,0.0,0.0,0.0,0.0,0.0,0.0,0.0,0,1.0,0.05,none,none,none,0,none,1,300021,train
1f55475b9ec0f919,93.42,25.52,Nagaland,Kohima,2015-08-27,427.6252,2.5086,0.9892,0.1466,0.0624,-0.0004,10.2471,15.9518,96.9035,31.3776,43.1945,71.5456,94.052,195.4033,80.4759,1470.1566,0,1.0,0.05,none,none,none,0,none,1,210015,val
4e2c158f3eef425c,96.0,27.88,Arunachal Pradesh,Lohit,2015-08-11,174.4502,1.5793,-0.2109,-0.9775,-0.0099,0.0003,2.5466,16.0255,16.9317,0.0,39.293,113.0572,165.9007,276.3649,117.8065,2276.973,0,1.0,0.05,none,none,none,0,none,1,310025,val
0579ad013a57480d,95.4,27.38,Assam,Dibrugarh,2010-09-04,123.6937,0.69,-0.988,-0.1544,0.0016,0.0,0.913,16.8742,6.3388,42.7156,57.2015,99.9241,177.8664,292.9549,123.079,2123.9753,0,1.0,0.05,none,none,none,0,none,1,290023,train
8e1bd8e0317b06dc,94.08,27.98,Arunachal Pradesh,Upper Subansiri,2007-07-16,1775.3938,25.5758,0.9888,-0.1494,-0.003,-0.0004,34.975,12.7593,368.2744,66.6059,91.923,206.2331,307.7769,556.2892,217.8316,2936.8262,0,1.0,0.05,none,none,none,0,none,1,240026,train
00ea769b6265b832,95.26,26.88,Arunachal Pradesh,Tirap,2014-06-27,1014.9724,27.0177,0.3252,0.9456,-0.006,-0.0003,39.304,12.6015,385.8636,20.5759,32.4672,80.6951,155.3496,283.1062,109.5847,2083.4573,0,1.0,0.05,none,none,none,0,none,1,280021,train
bb10dba1b56c8d98,92.92,22.24,Mizoram,Saiha,2012-06-22,208.9164,2.0459,-0.0951,-0.9955,0.0119,1e-04,2.4787,15.3121,168.3254,0.0,0.0,0.0,0.0,0.0,0.0,1930.1353,0,1.0,0.05,none,none,none,0,none,1,190000,train
fa509137a2263e2e,91.6,23.16,Tripura,South Tripura,2010-09-13,46.7242,2.0849,0.9956,0.0937,0.0022,-0.0,2.8447,15.8544,26.7709,11.5866,18.845,26.8255,34.4179,156.6949,38.3943,2277.1672,0,1.0,0.05,none,none,none,0,none,1,140004,train
67d02265585038ea,91.66,27.82,Arunachal Pradesh,Tawang,2010-04-21,3957.121,28.8722,0.7782,0.6281,0.0045,-0.0003,38.6357,12.3517,507.367,27.8523,37.0517,55.3162,108.3198,357.6504,93.1183,1786.4222,0,1.0,0.05,none,none,none,0,none,1,140025,train
d1aa0c5c9aaead31,94.1,23.86,Manipur,,2015-07-22,556.9984,15.9866,-0.067,0.9978,-0.0008,0.0004,19.4379,13.4171,277.1643,0.0,0.0,0.0,0.0,0.0,0.0,0.0,0,1.0,0.05,none,none,none,0,none,1,240007,train
83fd0c9c0255a6df,90.9,25.56,Meghalaya,West Khasi Hills,2013-08-16,737.8736,5.8619,-0.9442,-0.3292,-0.0003,-0.0002,8.2107,14.9082,59.9382,5.0196,47.4274,77.7665,502.51,869.9418,253.9141,5871.3726,0,1.0,0.05,none,none,none,0,none,1,110015,test
63fa4aeb66f84401,93.4,24.64,Manipur,Tamenglong,2014-09-24,782.472,19.0964,-0.7408,0.6717,-0.0,-0.002,27.3356,13.0729,369.6267,21.799,37.7001,71.4004,83.8022,128.3112,65.6312,1640.2489,0,1.0,0.05,none,none,none,0,none,1,210011,train
c57955ac3c1837c7,96.16,27.94,Arunachal Pradesh,Lohit,2010-06-15,231.8994,1.3472,-0.9006,0.4346,0.0025,1e-04,2.0007,15.6927,16.2021,14.7213,23.4522,71.4678,333.2155,444.7324,147.4789,1634.2084,0,1.0,0.05,none,none,none,0,none,1,320025,train
7ca283bf92ff47fb,96.5,28.08,Arunachal Pradesh,Lohit,2010-06-28,701.0343,40.2256,-0.8577,0.5142,-0.0006,0.0007,58.6609,11.5686,600.708,28.3955,74.1462,136.8358,224.0333,521.4298,162.6709,1580.7848,0,1.0,0.05,none,none,none,0,none,1,330026,train
08bcbc4dbcc927fa,94.52,26.66,Nagaland,Mokokchung,2010-10-08,455.7916,19.1178,-0.1082,0.9941,0.0081,0.0011,33.7417,13.4167,340.5414,6.0665,35.9008,43.8501,109.3769,339.4087,77.3642,1925.8818,0,1.0,0.05,none,none,none,0,none,1,250020,train
f3e2fbcdde1368b7,90.68,25.64,Meghalaya,East Garo Hills,2015-08-19,369.138,8.3366,0.5297,-0.8482,0.0012,0.0005,9.2101,14.5282,68.9635,99.6944,248.2461,361.3702,413.6065,535.9416,334.0426,2868.5374,0,1.0,0.05,none,none,none,0,none,1,100015,test
97d0e22544fb1513,92.84,23.18,Mizoram,Lunglei,2016-06-14,685.2654,19.2512,0.7272,0.6864,-0.0003,0.0004,24.5268,13.1458,340.2133,0.6529,5.4873,29.4144,72.9994,158.0789,47.6498,2267.057,0,1.0,0.05,none,none,none,0,none,1,190004,train
bc05fb8fd396c577,92.76,22.26,Mizoram,Lawngtlai,2012-06-25,144.3066,9.6394,-0.1374,-0.9905,-0.0029,-0.0011,11.6826,14.317,99.162,0.0,0.0,0.0,0.0,0.0,0.0,1934.581,0,1.0,0.05,none,none,none,0,none,1,180000,train
4d093d40ab7e8fc9,93.14,24.04,Mizoram,Aizawl,2012-06-25,1013.7617,22.1977,0.508,0.8613,-1e-04,-0.0013,29.5278,12.932,289.0021,9.5604,37.3021,239.5953,350.9131,580.0166,216.2797,2162.6948,0,1.0,0.05,none,none,none,0,none,1,200008,train
3d0b00f457e79662,95.94,28.4,Arunachal Pradesh,Lower Dibang Valley,2010-07-19,1565.9614,47.2847,-0.4482,-0.8939,0.0012,-1e-04,69.3407,11.7274,756.2721,10.3945,59.2817,83.2707,424.1546,694.095,211.0315,2017.1823,0,1.0,0.05,none,none,none,0,none,1,310027,train
675c2443b306ce81,92.58,24.08,Mizoram,Kolasib,2011-06-28,54.3504,4.9035,-0.699,0.7151,-0.0064,0.0011,8.5548,14.7197,109.648,14.3368,36.3482,105.3035,202.1351,433.0736,127.2814,2236.2275,0,1.0,0.05,none,none,none,0,none,1,180008,test
d8c2e432c6304d6a,94.18,27.4,Assam,Lakhimpur,2011-07-15,99.3095,0.0467,0.8359,-0.5489,0.1249,-0.0,1.757,18.539,7.2868,55.2614,138.7059,163.3322,345.293,517.3149,220.2494,2261.6345,0,1.0,0.05,none,none,none,0,none,1,240023,train
38316488df445f33,94.0,24.88,Manipur,East Imphal,2015-06-24,783.4464,0.1379,-0.9412,-0.3377,0.0006,0.0,0.1702,17.633,6.4981,26.4788,28.7401,31.9878,91.8601,117.201,51.2886,1422.8877,0,1.0,0.05,none,none,none,0,none,1,230012,train
09d66fc079dbeca1,91.4,25.2,Meghalaya,East Khasi Hills,2013-09-02,27.7689,0.1195,0.8956,-0.4449,-0.0496,-1e-04,1.0331,18.5518,58.6623,116.6795,392.542,707.1506,788.1688,1228.1012,621.8398,7738.2817,0,1.0,0.05,none,none,none,0,none,1,130013,train
69172ffd15514e48,94.06,25.88,Nagaland,Kohima,2010-08-21,572.5138,18.5009,-0.0938,0.9956,-0.003,0.0007,23.6806,13.1783,310.0594,37.4739,84.8496,145.7775,193.6346,377.4855,152.0246,1490.7953,0,1.0,0.05,none,none,none,0,none,1,240016,train
ddda64e99e4d029c,92.22,23.96,Tripura,North Tripura,2012-09-19,76.4294,2.3806,-0.4857,0.8741,0.0048,0.0002,5.3206,15.5381,36.6673,0.0,49.2861,124.3293,177.0842,371.2107,128.3139,2305.5317,0,1.0,0.05,none,none,none,0,none,1,160008,train
e632eb47104dd952,96.6,27.84,Arunachal Pradesh,Lohit,2016-05-18,2241.203,30.8745,-0.4505,-0.8928,-0.0013,-0.0044,39.8485,12.5364,584.52,37.6864,164.3907,216.5564,229.8896,720.9323,225.3722,1546.5621,0,1.0,0.05,none,none,none,0,none,1,340025,val
a4d7760001c65607,94.06,28.16,Arunachal Pradesh,Upper Subansiri,2015-08-01,1006.1515,38.1174,-0.8027,0.5964,0.0007,-0.0014,53.281,12.3759,361.3201,0.8751,1.8514,2.0172,93.7652,230.3775,53.8037,2978.9082,0,1.0,0.05,none,none,none,0,none,1,240026,train
58459ec7a457b0c9,92.18,27.74,Arunachal Pradesh,Tawang,2015-08-19,4878.2,27.5669,-0.5947,-0.8039,-0.0043,-0.0013,33.5035,12.2157,499.5234,12.8584,40.9218,71.8737,128.9032,168.0014,78.78,1939.842,0,1.0,0.05,none,none,none,0,none,1,160025,train
54bd51037041387d,92.86,24.24,Mizoram,Kolasib,2013-07-01,67.9406,12.961,0.2139,-0.9768,-0.0027,0.0018,14.7047,13.8406,170.2459,2.1479,27.8029,32.8462,74.674,174.7166,49.6218,2410.2793,0,1.0,0.05,none,none,none,0,none,1,190009,val
7d42588397499f8f,92.4,27.46,Arunachal Pradesh,West Kameng,2010-10-09,2928.9448,22.1262,-0.8696,0.4937,0.0011,0.0003,29.8643,12.9897,560.9021,12.7331,23.7022,30.3806,154.2538,246.069,74.6899,1772.682,0,1.0,0.05,none,none,none,0,none,1,170023,train
72ce5c4f2a1f79f1,94.02,27.5,Arunachal Pradesh,Lower Subansiri,2011-06-17,1634.8291,22.1114,0.7472,0.6646,-0.0074,-0.0004,29.4188,12.6678,465.7777,7.4433,9.1767,90.9402,259.1865,455.112,126.6144,3442.205,0,1.0,0.05,none,none,none,0,none,1,230023,train
9b8d99a99305e453,93.88,24.0,Manipur,Chandel,2010-10-09,1314.5812,17.8633,-0.9851,-0.172,0.0022,0.0014,21.6811,13.03,309.5608,96.9758,184.492,188.0971,204.8935,286.6885,188.5678,1078.8973,0,1.0,0.05,none,none,none,0,none,1,230008,train
866270725d3e2e79,92.54,24.88,Assam,Cachar,2010-07-21,15.4418,0.5534,0.9928,-0.1195,0.0002,-0.0,0.7979,16.7415,13.9665,5.1924,19.3935,50.5545,97.1841,268.2924,74.4374,2559.657,0,1.0,0.05,none,none,none,0,none,1,180012,train
06799dc733bf4374,93.36,25.26,Assam,North Cachar Hills,2015-09-01,1338.5409,9.5942,-0.971,0.2389,0.0002,1e-04,12.2346,13.4519,264.7608,8.7079,12.5188,45.5345,91.3524,170.9742,55.5511,1481.8857,0,1.0,0.05,none,none,none,0,none,1,210014,train
35d4a21ee141f413,93.48,26.4,Assam,Karbi Anglong,2012-06-25,389.8819,9.2978,0.6221,0.7829,-0.0018,-0.0002,12.2424,14.0698,240.2593,12.1784,30.2771,103.5034,131.467,226.3824,92.6309,1433.8859,0,1.0,0.05,none,none,none,0,none,1,210019,test
3b4c685394139fb6,94.84,27.66,Assam,Dhemaji,2010-09-13,115.2289,0.4578,-0.8568,-0.5156,0.0006,1e-04,0.5891,17.0929,10.5195,0.0,20.9512,172.2362,269.4458,402.6651,172.6673,2325.5544,0,1.0,0.05,none,none,none,0,none,1,270024,test
ff0584d9a9ecd143,92.94,25.7,Assam,North Cachar Hills,2010-08-06,152.3201,5.5967,-0.0061,1.0,-0.0002,1e-04,6.0015,14.9366,51.0245,3.6569,11.1967,29.9241,87.4858,137.9371,53.3893,1224.8934,0,1.0,0.05,none,none,none,0,none,1,190016,train
8481ea16b2264679,94.92,28.82,Arunachal Pradesh,Upper Siang,2015-08-01,654.7924,46.5176,-0.946,0.324,0.0022,0.0005,76.4724,11.9083,689.3134,2.1596,9.8981,10.5729,89.6975,317.7569,64.6915,2463.3228,0,1.0,0.05,none,none,none,0,none,1,270029,test
b11ebbd95f509e47,93.04,27.58,Arunachal Pradesh,East Kameng,2012-06-22,1083.7748,31.0889,0.9961,0.0884,-0.0018,0.0002,43.7719,12.4005,494.8684,6.7814,41.1376,62.6042,158.9268,377.7446,117.8254,2243.7942,0,1.0,0.05,none,none,none,0,none,1,200024,train
bc49f80e3799d7c4,96.96,28.24,Arunachal Pradesh,Lohit,2015-08-01,2403.8757,22.9413,-0.9723,0.2339,-0.0009,0.0039,30.2209,12.0926,546.363,0.0,0.0,0.0,44.8,112.2,24.8364,1534.3989,0,1.0,0.05,none,none,none,0,none,1,350027,train
10e958548d70f9d6,91.06,26.72,Assam,Barpeta,2011-08-05,66.2304,0.3583,0.8443,0.5359,0.0014,-0.0,0.4676,17.6523,8.7135,104.2788,126.3073,132.1822,215.2998,382.2251,177.3475,2260.0564,0,1.0,0.05,none,none,none,0,none,1,120020,train
d770eea544e9a5e1,94.74,28.32,Arunachal Pradesh,West Siang,2011-06-20,1173.812,29.4857,0.9227,-0.3856,-0.0038,-0.0007,42.1105,12.7233,540.7762,1.2184,2.8478,16.2025,64.6208,157.7413,36.8614,2138.3577,0,1.0,0.05,none,none,none,0,none,1,260027,test
b9b6de4cbf511f8e,94.66,28.36,Arunachal Pradesh,West Siang,2014-09-22,876.306,25.8637,-0.6484,0.7613,-0.0032,-0.0032,32.9497,12.7432,371.8883,24.9772,37.557,37.8189,81.0179,242.8829,57.0564,2138.3577,0,1.0,0.05,none,none,none,0,none,1,260027,test
6f1b33b962404eeb,96.18,28.24,Arunachal Pradesh,Lower Dibang Valley,2015-08-02,3234.7646,29.8057,-0.7187,-0.6954,-0.001,0.0004,36.5985,12.3422,763.6738,0.0,0.0,0.0,60.2237,146.3926,29.8953,1800.7133,0,1.0,0.05,none,none,none,0,none,1,320027,val
7d3071dca95a5774,94.38,27.28,Assam,Lakhimpur,2013-09-02,89.7992,0.6853,-0.9875,-0.1578,-0.0021,0.0,0.9257,16.8626,11.9001,14.0752,50.1225,76.0145,139.7575,342.06,99.6771,2071.8245,0,1.0,0.05,none,none,none,0,none,1,250022,train
6428ec0f5acb0062,92.0,26.68,Assam,Darrang,2010-08-19,91.6495,0.9742,0.6017,-0.7987,-0.0087,-0.0002,2.5851,16.2835,10.1706,1.1553,58.7955,89.3156,145.1301,207.9779,101.7634,1956.7676,0,1.0,0.05,none,none,none,0,none,1,150020,val
9234ed822afab628,95.94,28.16,Arunachal Pradesh,Lower Dibang Valley,2009-08-20,1839.0532,24.4627,0.9407,0.3392,-1e-04,-0.0027,32.0863,12.8559,378.8021,15.8181,28.8931,99.4028,161.2406,251.6623,103.3621,2465.5806,0,1.0,0.05,none,none,none,0,none,1,310026,train
7efa1dd645be2bc3,93.04,25.28,Assam,North Cachar Hills,2014-08-17,333.2869,7.9659,0.1961,0.9806,-0.0018,-1e-04,8.4,13.8541,126.7105,26.1214,62.6364,77.5769,154.7462,337.3139,117.2273,1708.6143,0,1.0,0.05,none,none,none,0,none,1,200014,val
f7c05cec682f8d92,92.62,22.5,Mizoram,Lawngtlai,2010-09-09,129.5989,8.6094,0.5724,0.82,-0.0003,0.0004,12.4907,14.333,148.2061,17.7807,52.8637,149.0055,188.2048,551.3759,165.0829,2499.319,0,1.0,0.05,none,none,none,0,none,1,180001,train
d132ef38cd99a8f6,95.62,28.12,Arunachal Pradesh,Lower Dibang Valley,2015-08-19,212.5506,1.0556,0.1339,0.991,-0.0038,0.0,1.1369,16.4343,7.9318,32.8729,112.2573,202.0732,259.5517,432.6404,193.3238,2807.7942,0,1.0,0.05,none,none,none,0,none,1,300026,train
aa8fe0e5ef3f1a2b,92.62,25.66,Assam,Karbi Anglong,2007-10-19,716.9812,5.9855,-0.1312,-0.9914,0.0034,0.0003,9.3359,14.8575,96.1952,0.2899,23.4588,39.0605,86.2906,129.7042,53.2647,1071.4011,0,1.0,0.05,none,none,none,0,none,1,180015,test
83a4019902fd2e02,92.98,25.64,Assam,North Cachar Hills,2015-08-01,126.7878,2.2384,0.4795,0.8776,0.0142,0.0003,6.6738,16.228,61.4799,11.5644,15.4928,15.9623,61.133,163.0138,43.321,1224.8934,0,1.0,0.05,none,none,none,0,none,1,190015,val
96913d4198ba452a,92.74,25.78,Assam,Karbi Anglong,2012-06-25,234.8673,8.8301,-0.7412,0.6713,-0.0018,-0.0003,15.0596,14.3603,157.2325,19.9645,25.8536,71.5433,102.8151,161.6775,69.8256,1197.331,0,1.0,0.05,none,none,none,0,none,1,180016,train
49f1eca2d38f9e30,93.82,27.04,Assam,Lakhimpur,2016-06-22,91.1964,0.153,-0.5082,0.8612,-0.0031,0.0,0.2047,17.9552,7.1739,17.5794,41.979,129.1149,210.7806,311.7096,130.9358,2033.2314,0,1.0,0.05,none,none,none,0,none,1,230021,train
a55fb9c627d636e9,92.28,23.98,Tripura,North Tripura,2011-08-05,660.0896,8.5973,-0.952,0.3062,-0.0057,-0.002,16.6507,14.0856,314.9984,6.1446,39.0199,54.109,113.2752,346.7102,90.9303,2305.5317,0,1.0,0.05,none,none,none,0,none,1,160008,train
9a748a87a257d7f7,94.02,27.1,Assam,Lakhimpur,2016-05-01,86.0467,0.6606,0.7297,0.6838,0.0008,0.0,1.0599,17.0297,4.8404,20.7206,42.1576,68.6712,346.5168,503.1695,171.4219,1961.5522,0,1.0,0.05,none,none,none,0,none,1,230022,train
0986a6fd4798e7e5,90.0,25.9,Assam,Dhuburi,2011-07-25,23.0,0.0,0.0,1.0,0.0,0.0,0.0,18.7033,5.4744,0.0,3.2078,122.0241,183.3658,580.5781,135.8456,2481.9448,0,1.0,0.05,none,none,none,0,none,1,70016,train
522341c4d34e8b4f,92.44,23.58,Mizoram,Mamit,2010-10-09,711.1087,16.7956,-0.5362,0.8441,0.0053,0.0003,22.2206,13.0227,345.6882,29.0043,146.8335,157.853,174.7675,406.6824,167.3996,2342.9277,0,1.0,0.05,none,none,none,0,none,1,170006,train
e6dc9eaa69331b38,95.16,27.28,Assam,Dibrugarh,2010-06-15,108.2403,1.2942,-0.7279,0.6856,0.0018,0.0003,1.637,16.0238,14.9552,2.9253,25.2267,54.4408,171.1955,265.2645,86.6625,2087.193,0,1.0,0.05,none,none,none,0,none,1,280022,train
0eb893cc3a994349,94.52,27.08,Assam,Jorhat,2009-08-26,87.0,0.0,0.0,1.0,0.0,0.0,0.0,18.8361,4.3026,0.0,0.0,80.846,255.6161,438.6098,117.4626,1988.5624,0,1.0,0.05,none,none,none,0,none,1,250022,train
0ab988b4d59d9dba,95.12,26.7,Nagaland,Mon,2010-10-09,1022.2919,10.1134,0.2434,-0.9699,0.0034,-0.0003,12.4986,13.7206,230.8174,17.0726,32.7516,47.8489,98.1467,427.9715,87.1018,2070.655,0,1.0,0.05,none,none,none,0,none,1,280020,train
fbffd0c54c71fa59,93.38,24.4,Manipur,Churachandpur,2015-07-22,441.4186,16.0746,-0.8606,-0.5092,-0.0006,-0.0008,21.0095,13.4655,279.0878,13.4936,64.0411,156.9659,202.9565,394.7984,145.1723,1713.9587,0,1.0,0.05,none,none,none,0,none,1,210010,train
6965483a79ffadb3,94.6,27.86,Arunachal Pradesh,West Siang,2010-09-12,1459.3772,33.7551,-0.9921,-0.1257,-0.0065,-1e-04,50.4888,12.6795,565.5823,0.5254,41.1395,103.4342,153.2707,421.3056,125.272,2104.0234,0,1.0,0.05,none,none,none,0,none,1,260025,train
92019f2fb6847b90,92.08,27.5,Arunachal Pradesh,West Kameng,2015-08-01,3989.4429,34.6231,-0.7268,0.6868,-0.0039,-0.0014,52.8858,12.6113,513.1372,2.4535,2.4535,7.1823,51.372,242.3893,42.9449,2002.7416,0,1.0,0.05,none,none,none,0,none,1,160023,train
355e3a6953642d31,93.98,25.18,Manipur,Senapati,2013-07-15,1192.0713,12.9709,0.3796,-0.9251,0.0023,0.0011,15.9057,13.6482,171.8141,6.4174,21.3543,114.6238,218.7051,297.1092,126.4031,1512.6017,0,1.0,0.05,none,none,none,0,none,1,230013,val
d675ee07493f186a,94.84,28.4,Arunachal Pradesh,West Siang,2009-08-27,1271.3625,18.6463,-0.6022,0.7984,-0.0076,-0.0029,37.3574,13.027,510.1644,0.5927,0.933,95.9784,522.573,764.263,234.6742,2669.8972,0,1.0,0.05,none,none,none,0,none,1,270027,train
88370e75fd747de0,96.84,27.7,Arunachal Pradesh,Lohit,2014-08-17,3694.662,27.4351,-0.9412,0.3377,0.0041,0.0016,37.5292,12.45,514.148,2.5991,38.1748,207.834,232.8578,321.5606,157.7162,1539.3256,0,1.0,0.05,none,none,none,0,none,1,350024,test
0cc71fd503f11a12,92.62,22.46,Mizoram,Lawngtlai,2007-09-11,178.682,23.0247,-0.0759,-0.9971,-0.0003,-1e-04,28.1151,12.9155,104.0446,1.4002,25.1148,154.6752,349.7748,578.8206,189.7459,2499.319,0,1.0,0.05,none,none,none,0,none,1,180001,train
b1e8467944c0fd62,93.78,27.14,Arunachal Pradesh,Papum Pare,2016-07-25,114.9454,0.3627,-0.7663,-0.6425,0.011,1e-04,0.8773,17.3873,56.0974,10.8226,68.1834,134.9846,371.5095,742.474,235.3899,3117.1023,0,1.0,0.05,none,none,none,0,none,1,220022,train
455c71dac6c6ef91,92.46,27.76,Arunachal Pradesh,West Kameng,2007-08-28,5567.9194,27.3273,-0.5056,0.8627,0.0037,-0.0032,38.252,12.8459,594.5493,6.4882,43.6467,100.5392,277.173,400.6916,141.4292,1914.414,0,1.0,0.05,none,none,none,0,none,1,170025,val
91cd7a5b7c669ac4,93.34,24.3,Manipur,Churachandpur,2016-07-19,494.2126,20.9666,0.1229,-0.9924,0.0042,0.0011,27.4418,12.9345,387.6993,4.045,21.9965,97.9547,181.0829,363.2222,122.2078,2028.8696,0,1.0,0.05,none,none,none,0,none,1,210009,train
941a30e3f2f941d7,96.04,27.88,Arunachal Pradesh,Lohit,2015-03-19,165.4764,0.2701,-0.6871,0.7266,-0.0021,0.0,0.3265,17.4901,10.6265,4.6724,6.4181,7.1005,11.1774,51.3232,13.6564,2276.973,0,1.0,0.05,none,none,none,0,none,1,320025,train
65c7dae39834b093,93.0,26.34,Assam,Karbi Anglong,2010-07-19,463.2823,2.9613,-0.852,-0.5236,0.0083,0.0009,8.7338,15.4881,122.2921,16.6246,43.6958,56.9895,117.5962,238.1892,79.3832,1401.1378,0,1.0,0.05,none,none,none,0,none,1,190018,test
ad8174a350b2be3b,91.22,25.68,Meghalaya,West Khasi Hills,2013-08-09,1140.6384,14.1238,-0.4682,0.8836,-0.0032,0.0017,16.3661,13.8118,162.7926,2.6091,46.96,82.3326,179.809,299.3631,107.4816,2138.8345,0,1.0,0.05,none,none,none,0,none,1,120015,val
a9744febb64d1a0b,92.7,26.14,Assam,Nagaon,2014-09-21,61.6673,0.2905,0.994,-0.1096,0.0186,1e-04,2.9498,17.8081,13.0471,2.8426,69.336,75.1625,155.0604,243.7509,100.8416,1465.6539,0,1.0,0.05,none,none,none,0,none,1,180017,train
c38005ddf4e34c6f,88.7,27.32,Sikkim,East,2011-06-28,2898.9507,25.0942,-0.3635,-0.9316,0.0031,-1e-04,31.5982,12.7665,426.5127,12.9866,31.3366,191.9234,391.827,675.2322,241.2296,3612.4756,0,1.0,0.05,none,none,none,0,none,1,20023,test
097bc3ea79b7338a,94.76,25.56,Nagaland,Phek,2011-08-25,1235.015,21.5959,0.1619,0.9868,0.003,0.0016,25.8472,12.5858,478.8823,0.0,0.0,0.0,0.0,0.0,0.0,0.0,0,1.0,0.05,none,none,none,0,none,1,260015,train
4a16e12315a2502c,93.36,24.34,Manipur,Churachandpur,2007-05-23,407.6756,11.3623,-0.6536,-0.7568,-0.0003,0.001,14.4483,13.7988,183.32,9.39,28.2594,94.7647,214.2174,304.0703,117.9352,2028.8696,0,1.0,0.05,none,none,none,0,none,1,210009,train
e508eb25fba5d65f,95.4,28.22,Arunachal Pradesh,East Siang,2011-07-24,1103.1095,36.2781,-0.5576,0.8301,0.001,0.0015,45.8245,12.5416,485.4084,0.2,34.8,58.6,158.4,368.9998,96.5945,2976.0107,0,1.0,0.05,none,none,none,0,none,1,290027,train
b7f7f465a31acba2,93.22,26.6,Assam,Nagaon,2013-08-16,67.0,0.0883,-0.6692,0.7431,0.0029,0.0,0.095,18.4264,3.8225,0.1129,4.2001,69.1437,250.0682,360.2969,123.5788,1493.7881,0,1.0,0.05,none,none,none,0,none,1,200019,train
be65e4771b32327f,96.08,28.38,Arunachal Pradesh,Lower Dibang Valley,2015-08-01,3393.7043,47.7701,0.9116,-0.4111,-0.005,0.0002,79.5173,11.5622,765.4104,0.0,0.0,0.0,91.3271,238.4246,52.5118,2017.1823,0,1.0,0.05,none,none,none,0,none,1,320027,val
f94a0624b4f067f8,94.82,28.08,Arunachal Pradesh,West Siang,2012-06-25,373.348,3.7063,0.3709,0.9287,-0.0,0.0009,4.3745,14.9915,168.0313,7.8008,65.5121,115.0167,226.4414,359.2306,134.6677,2645.5813,0,1.0,0.05,none,none,none,0,none,1,270026,train
f149069a7cd91e3d,93.24,25.9,Assam,Karbi Anglong,2014-09-22,252.4175,2.9399,-0.8601,0.5101,-0.0275,-0.0005,10.0602,15.7447,58.8482,0.8829,14.1586,27.6313,76.0058,107.2011,39.9385,1227.3585,0,1.0,0.05,none,none,none,0,none,1,200016,test
a99ad043da46ab15,91.7,26.44,Assam,Kamrup,2011-07-11,62.0409,1.8671,0.2738,0.9618,0.0016,-0.0004,3.0505,15.9403,15.7464,1.4708,3.2794,35.3197,148.6998,285.4784,77.9021,1673.381,0,1.0,0.05,none,none,none,0,none,1,140019,train
745d8e25c5e311b7,94.66,28.7,Arunachal Pradesh,West Siang,2013-06-27,731.229,9.4073,-0.3624,-0.932,-0.0007,0.0043,20.3967,12.9299,311.3368,90.6708,158.9767,167.9554,178.59,330.1324,172.994,2703.382,0,1.0,0.05,none,none,none,0,none,1,260029,val
a0d9e1ae0dd96255,88.58,27.28,Sikkim,East,2015-08-19,1285.9111,27.8821,-0.9892,-0.1464,-0.0027,-0.0015,36.4905,12.7186,389.6942,14.0294,22.7924,78.5945,170.5902,387.7736,105.9281,3050.8796,0,1.0,0.05,none,none,none,0,none,1,20022,train
5d9e7a45ed48edba,92.88,26.98,Assam,Sonitpur,2013-10-06,224.996,3.928,0.7184,0.6956,-0.0065,-0.0006,5.6798,15.085,49.6756,37.4715,78.7633,79.5815,194.125,217.9995,125.8468,2360.2695,0,1.0,0.05,none,none,none,0,none,1,190021,train
4418db105390a1b5,93.6,26.92,Assam,Sonitpur,2016-06-12,94.6101,0.566,0.8947,0.4466,-0.0146,-1e-04,3.373,17.0747,7.6218,8.833,33.3904,44.3074,56.1684,241.973,58.2839,1850.1622,0,1.0,0.05,none,none,none,0,none,1,220021,val
69ad4a035fdd5227,93.46,24.4,Manipur,Churachandpur,2013-05-12,1155.5629,17.9934,-0.373,0.9278,0.0034,0.0004,22.7278,13.0147,333.2848,11.0212,45.7837,115.7355,208.922,249.5156,124.6639,1713.9587,0,1.0,0.05,none,none,none,0,none,1,210010,train
504b40cf01200e01,95.36,28.76,Arunachal Pradesh,Upper Siang,2011-07-22,3239.2246,28.2044,-0.7112,-0.7029,0.0064,0.0005,41.8221,12.5828,542.2112,0.0,0.0,0.0,0.0,0.0,0.0,2475.885,0,1.0,0.05,none,none,none,0,none,1,290029,test
f806ffb3460ff3c1,91.76,26.48,Assam,Kamrup,2015-08-19,57.5824,2.1305,-0.5988,0.8009,0.0023,-0.0,2.8281,15.6678,12.7326,21.007,53.979,78.0306,122.9068,178.7429,81.2494,1673.381,0,1.0,0.05,none,none,none,0,none,1,140019,train
7675e2c6fb2809a0,88.26,27.62,Sikkim,North Sikkim,2011-05-22,3690.5352,27.4335,-1.0,0.0056,0.0018,-0.0003,37.4037,12.2447,878.489,18.5177,32.557,56.5316,101.3978,129.5299,62.7234,2567.263,0,1.0,0.05,none,none,none,0,none,1,24,test
f60c35c394e8f1bd,91.98,23.92,Tripura,Dhalai,2015-07-22,76.8849,2.0793,-0.9534,0.3016,0.0099,0.0009,7.5578,15.8548,45.8076,8.4104,33.8502,127.7014,169.294,264.6438,117.3168,2351.7805,0,1.0,0.05,none,none,none,0,none,1,150008,train
b79bf1268892b6cc,92.22,24.46,Tripura,North Tripura,2008-06-19,22.3549,3.1022,-0.7128,-0.7014,-0.0016,1e-04,4.125,15.3695,14.7708,9.5376,26.3687,60.4439,111.4814,288.0618,85.1656,2333.497,0,1.0,0.05,none,none,none,0,none,1,160010,train
69667a5817e9e87b,94.82,26.72,Nagaland,Tuensang,2015-08-01,429.5888,17.1976,-0.8487,0.5289,-0.0069,-0.0004,23.5836,13.0925,295.4508,0.0,0.208,0.208,168.5798,269.2328,74.8378,1983.6088,0,1.0,0.05,none,none,none,0,none,1,270020,val
0379324d9de2089a,96.08,27.32,Arunachal Pradesh,Changlang,2010-08-27,597.8166,16.4199,-0.9983,0.0575,-1e-04,-1e-04,20.7326,13.0201,249.1195,1.8382,7.4274,105.0497,155.189,401.286,102.2153,2156.661,0,1.0,0.05,none,none,none,0,none,1,320023,test
31bee351083c7130,91.82,23.56,Tripura,Dhalai,2009-08-27,90.6329,0.2397,0.0159,0.9999,-0.0083,1e-04,0.3629,17.9958,6.5437,2.3291,80.2493,173.1673,253.5711,483.1403,178.603,2197.9744,0,1.0,0.05,none,none,none,0,none,1,150006,train
e4a223be3fe35c05,93.42,24.3,Manipur,Churachandpur,2010-10-09,1941.944,11.8036,-0.7831,-0.6218,-0.0042,-0.0008,15.3285,14.1633,179.7063,87.2219,172.4308,178.1563,196.8627,294.9304,181.148,1779.6031,0,1.0,0.05,none,none,none,0,none,1,210009,train
0239ddde7d296491,90.32,25.44,Meghalaya,West Garo Hills,2012-06-13,466.2561,19.7552,-0.7024,0.7118,0.0003,0.0,25.36,12.8499,228.8614,40.8877,54.1689,115.7326,265.6983,374.8318,154.4977,3075.9753,0,1.0,0.05,none,none,none,0,none,1,90014,val
8e6c997c770d914e,94.64,28.64,Arunachal Pradesh,West Siang,2013-07-12,737.8925,36.2359,0.9456,0.3253,0.0022,0.001,51.2003,12.3764,546.4375,8.4499,48.9426,156.7531,343.533,522.123,201.5672,2703.382,0,1.0,0.05,none,none,none,0,none,1,260029,val
bf03452492669b2c,91.1,26.12,Assam,Kamrup,2013-05-07,39.6704,0.8952,0.9744,0.225,-0.001,1e-04,1.1472,16.4548,6.5278,26.8626,51.4485,96.5715,141.9759,199.0446,98.9684,1971.9532,0,1.0,0.05,none,none,none,0,none,1,120017,train
50d61de1218b2965,91.52,26.4,Assam,Nalbari,2007-07-30,48.1223,0.4452,0.894,0.4481,-0.0039,1e-04,0.5104,17.071,13.0143,33.3476,88.7852,251.4337,327.9174,487.599,232.8312,1702.7764,0,1.0,0.05,none,none,none,0,none,1,130019,train
2baf81be8eb0e7d5,91.72,27.72,Arunachal Pradesh,Tawang,2013-07-12,2446.9736,23.9533,0.5189,0.8548,-0.0035,-0.0002,33.2296,12.7413,542.1101,9.7886,10.8887,38.1491,102.3277,214.2052,62.6423,1786.4222,0,1.0,0.05,none,none,none,0,none,1,140024,val
c27777d19c1d2d3f,94.08,24.52,Manipur,Chandel,2013-09-01,838.0725,2.5135,-0.9086,-0.4176,0.0073,0.0005,3.413,15.1705,98.3864,0.3437,0.9223,44.6119,80.6247,316.9867,65.0658,1680.3857,0,1.0,0.05,none,none,none,0,none,1,240010,train
2f21ef64063a76cb,91.8,26.68,Assam,Darrang,2011-06-20,87.718,1.8188,-0.7985,-0.6019,0.0045,0.0,3.7223,15.888,9.2615,36.6451,37.998,44.2167,108.3164,198.4309,76.6663,1812.6598,0,1.0,0.05,none,none,none,0,none,1,150020,val
d2c8df6f622c9cdb,93.72,25.0,Manipur,Tamenglong,2010-04-01,1088.6138,23.6157,-0.3873,-0.922,-0.0004,0.0,29.1475,12.8152,356.744,35.6858,66.8286,121.931,121.931,135.2646,101.072,1426.5697,0,1.0,0.05,none,none,none,0,none,1,220012,train
b44e3a066d7c36a1,94.86,27.32,Assam,Dibrugarh,2016-07-14,99.1305,0.016,0.5142,-0.8576,-0.0764,-0.0,0.1939,18.837,7.6279,5.3783,18.5871,58.0118,158.4165,353.1188,95.3304,2175.5618,0,1.0,0.05,none,none,none,0,none,1,270023,val
65170a57b02f7c76,91.68,26.28,Assam,Kamrup,2015-06-19,47.3734,0.1554,-0.8173,-0.5762,0.0025,0.0,0.2263,18.711,8.6032,12.278,19.3121,44.5776,103.3132,245.1146,72.4723,1511.5951,0,1.0,0.05,none,none,none,0,none,1,140018,train
0271ae88a27b14fc,96.42,27.9,Arunachal Pradesh,Lohit,2011-07-16,1186.0889,47.7562,0.1635,-0.9865,0.0012,0.0005,70.0009,11.4194,801.8032,0.0,0.0,0.0,0.0,0.0,0.0,1580.7848,0,1.0,0.05,none,none,none,0,none,1,330025,val
d932838354e57208,91.12,26.04,Assam,Kamrup,2013-08-04,44.7271,0.4733,-0.3595,-0.9331,-0.0169,-0.0,3.023,17.4224,8.5586,0.0,2.5105,12.7973,104.6793,215.2472,53.5888,1971.9532,0,1.0,0.05,none,none,none,0,none,1,120017,train
d46e229664b84395,93.78,26.64,Assam,Golaghat,2010-10-09,79.7182,0.0628,0.9994,-0.0343,-0.0022,0.0,0.0867,18.5181,8.4992,65.3669,72.9858,74.4706,83.1127,218.7421,87.2679,1759.2518,0,1.0,0.05,none,none,none,0,none,1,220020,train
b57f2485b42d8247,93.5,25.34,Nagaland,Kohima,2012-06-07,1007.9362,25.9934,-0.945,-0.327,0.0009,0.0003,33.6713,13.3244,403.9386,1.7844,16.0211,69.0952,81.9969,120.8979,55.9921,1468.9883,0,1.0,0.05,none,none,none,0,none,1,210014,train
969b4c043d7a0de1,95.06,28.1,Arunachal Pradesh,East Siang,2008-08-07,1239.058,11.2046,0.0154,-0.9999,-0.0138,-0.0005,18.1854,13.7696,338.8682,3.3748,76.3061,83.7445,209.8204,777.484,193.5642,3105.1804,0,1.0,0.05,none,none,none,0,none,1,280026,train
18f8b9ca53081fe3,93.5,26.6,Assam,Karbi Anglong,2013-06-27,316.1028,12.4665,0.9798,0.2001,0.0011,-0.0006,15.7201,13.7812,296.8762,5.9243,53.097,97.6944,116.6606,131.5579,80.1742,1433.8859,0,1.0,0.05,none,none,none,0,none,1,210019,test
0d99988ba35b08d8,93.2,25.58,Assam,Karbi Anglong,2010-10-09,292.6435,9.0308,0.9998,0.0179,0.0008,0.0005,12.2214,14.6042,66.2011,45.3319,99.7128,109.7772,137.4393,241.4613,121.597,1358.4022,0,1.0,0.05,none,none,none,0,none,1,200015,val
7b1f60bde50e4d8a,93.36,27.86,Arunachal Pradesh,Kurung Kumey,2008-08-14,2634.0508,34.4209,0.8886,-0.4586,-0.0006,-0.0009,47.0906,12.6119,652.0757,14.9641,68.7062,140.0342,341.3146,505.1058,206.4559,3149.5457,0,1.0,0.05,none,none,none,0,none,1,210025,test
17dff103772285de,90.42,25.48,Meghalaya,East Garo Hills,2011-06-17,989.4653,8.1681,0.5568,-0.8307,0.0038,0.0016,14.1642,14.008,138.7524,13.486,64.3823,70.989,188.9185,373.3819,108.3198,4004.7107,0,1.0,0.05,none,none,none,0,none,1,90015,train
52e4c740e812072f,96.36,27.78,Arunachal Pradesh,Lohit,2007-09-09,664.723,12.1578,0.8287,-0.5596,-0.0085,-0.001,17.5034,13.4722,274.4362,36.4,78.0,229.3,240.3,240.3,175.3164,2141.388,0,1.0,0.05,none,none,none,0,none,1,330025,val
36acb1ec8548d379,95.7,27.56,Assam,Tinsukia,2010-05-31,139.0928,0.3443,0.1141,0.9935,-0.0103,0.0,0.378,17.4111,7.8006,5.5021,19.5923,35.5109,115.1925,430.5371,93.2934,2216.1912,0,1.0,0.05,none,none,none,0,none,1,300024,train
6a9cf838e0eb5ec8,91.82,24.0,Tripura,Dhalai,2012-11-11,60.3697,1.4322,-0.9687,0.2484,0.0066,0.0009,7.398,15.9941,31.7169,0.0,0.0,0.0,0.0,4.6407,0.2389,2468.359,0,1.0,0.05,none,none,none,0,none,1,150008,train
97a705ed18d6a7b9,94.14,26.14,Nagaland,Wokha,2014-09-23,368.3002,12.8328,0.7981,-0.6026,0.0002,0.0004,15.3817,13.5484,344.03,23.725,55.2879,92.3682,122.9906,180.6737,95.7996,1789.5958,0,1.0,0.05,none,none,none,0,none,1,240017,test
f5918f829759b25f,94.1,28.12,Arunachal Pradesh,Upper Subansiri,2016-04-19,494.8274,52.9088,0.9473,0.3204,0.0011,0.0008,96.3013,11.7711,573.4803,11.8987,19.7667,121.8943,198.8438,300.2762,117.4227,2936.8262,0,1.0,0.05,none,none,none,0,none,1,240026,train
68846afc7569b904,93.92,27.84,Arunachal Pradesh,Lower Subansiri,2009-09-17,752.7838,24.331,-0.7688,0.6394,0.0097,0.0005,37.3981,13.0598,534.2827,0.0,2.7317,7.8805,81.626,285.1911,48.7658,3050.3108,0,1.0,0.05,none,none,none,0,none,1,230025,val
99af612594e4af90,92.0,24.08,Tripura,Dhalai,2013-07-01,74.94,0.4619,0.7042,-0.71,-0.0246,-0.0002,4.6927,17.425,33.5527,0.4088,2.1447,20.85,81.6066,179.518,47.5319,2351.7805,0,1.0,0.05,none,none,none,0,none,1,150008,train
ce30c89a4cfd87c0,92.92,25.26,Assam,North Cachar Hills,2007-09-09,762.0818,6.6627,0.8865,-0.4627,0.0081,1e-04,9.4981,14.2994,151.6183,19.9676,68.5972,100.0603,231.9243,371.0709,157.9778,1708.6143,0,1.0,0.05,none,none,none,0,none,1,190014,test
7352ca770d892a2c,94.82,25.8,Nagaland,Tuensang,2007-08-28,1379.078,29.9426,0.9167,0.3996,-0.0009,-0.0014,40.8985,12.5425,414.8362,26.0709,59.6339,126.6633,248.75,355.5568,145.3052,1784.5413,0,1.0,0.05,none,none,none,0,none,1,270016,train
f2bed963054f5a4c,92.52,24.08,Mizoram,Mamit,2010-08-14,461.3396,19.7092,-0.2661,0.9639,-0.01,-0.0008,39.3206,13.2828,386.6397,2.1942,90.3863,200.8218,317.772,526.6042,216.388,2236.2275,0,1.0,0.05,none,none,none,0,none,1,170008,val
419b1832bbdf0ed4,95.5,28.72,Arunachal Pradesh,Upper Dibang Valley,2007-09-11,3117.071,31.311,0.9754,0.2204,-0.0037,-0.0006,44.5496,12.3469,534.7881,0.0,0.0,0.0,0.0,0.0,0.0,2312.5342,0,1.0,0.05,none,none,none,0,none,1,290029,test
06a6d6a1a729c21a,94.64,28.88,Arunachal Pradesh,Upper Siang,2011-07-06,1227.8905,40.8547,-0.9969,-0.0789,-0.0029,-0.0006,61.1579,11.8563,692.4795,0.0,0.0,0.0,0.0,0.0,0.0,2647.6824,0,1.0,0.05,none,none,none,0,none,1,260030,train
fb2e1650002c6aa3,92.28,24.44,Assam,Karimganj,2010-09-16,66.2736,1.0231,0.8851,-0.4653,-0.0004,0.0005,5.4896,16.6066,54.7123,50.3411,96.9029,165.0416,245.3523,425.3452,186.764,2333.497,0,1.0,0.05,none,none,none,0,none,1,160010,train
e5de80aabdc17145,93.28,25.28,Assam,North Cachar Hills,2010-06-15,823.9635,15.3208,0.6533,-0.7571,0.0013,0.0,17.857,13.1183,290.0994,18.795,43.3816,82.1716,176.3565,285.908,110.4184,1481.8857,0,1.0,0.05,none,none,none,0,none,1,200014,val
7b26bf7058ad8cd4,94.14,26.94,Assam,Jorhat,2010-08-20,83.2778,1.5337,0.9989,0.046,-0.0002,-0.0,2.9089,16.2537,9.9932,46.7163,46.7163,109.888,240.8905,429.0949,152.7084,2007.1422,0,1.0,0.05,none,none,none,0,none,1,240021,train
522c2222bf41fad9,96.24,28.3,Arunachal Pradesh,Lower Dibang Valley,2008-06-19,3574.7017,26.4746,-0.4946,0.8691,0.0,0.0005,32.5774,12.481,461.805,5.2151,16.9585,46.1514,224.5536,248.9843,101.3536,1800.7133,0,1.0,0.05,none,none,none,0,none,1,320027,val
f52bcee2e5139834,92.48,27.26,Arunachal Pradesh,West Kameng,2015-06-09,2221.553,18.1162,-0.2555,0.9668,-0.002,-0.0008,20.9689,13.0208,544.6771,11.7656,31.8812,88.4004,113.7331,183.7026,84.9608,1641.0282,0,1.0,0.05,none,none,none,0,none,1,170022,train
2aa7312ec5153e3a,95.52,28.58,Arunachal Pradesh,Lower Dibang Valley,2012-09-19,1603.5708,29.9386,0.9696,0.2447,0.0008,0.0007,42.4604,12.3752,471.159,0.0,0.0,0.0,0.0,14.4,1.6419,2920.928,0,1.0,0.05,none,none,none,0,none,1,290028,train
1cdb480ae601bb42,91.66,25.6,Meghalaya,West Khasi Hills,2010-10-09,1622.3733,11.0341,-0.6016,-0.7988,-0.0022,0.0007,12.3317,14.1904,73.1272,123.1797,202.8421,257.8886,338.0289,477.7312,264.7841,2416.0737,0,1.0,0.05,none,none,none,0,none,1,140015,train
882484a000e1107c,94.06,28.46,Arunachal Pradesh,Upper Subansiri,2010-06-15,1232.0963,9.437,-0.3593,0.9332,0.014,0.0042,17.9173,13.1334,539.74,9.3133,51.8632,104.3096,278.0322,446.9056,155.1766,3323.6445,0,1.0,0.05,none,none,none,0,none,1,240028,train
3097532a4173f5d8,91.06,26.7,Assam,Barpeta,2010-09-16,61.1582,0.3705,-0.5235,0.852,0.0136,-1e-04,1.2316,17.5225,6.0849,14.1674,24.4258,112.2642,233.3665,438.334,126.8523,2260.0564,0,1.0,0.05,none,none,none,0,none,1,120020,train
558fb6ad4bc0ce10,94.26,28.72,Arunachal Pradesh,West Siang,2015-08-01,2844.2798,25.013,0.6811,0.7322,-0.0074,-0.0,38.4891,12.804,309.096,0.187,15.6476,15.6476,85.255,282.4928,57.2314,3703.2676,0,1.0,0.05,none,none,none,0,none,1,240029,val
7638830af5b8f2e9,94.32,27.9,Arunachal Pradesh,Upper Subansiri,2007-07-30,344.6753,36.6181,0.584,0.8117,-0.0021,0.0002,48.6791,12.2867,413.0212,6.9163,37.5085,243.153,444.5366,662.25,259.2433,2552.9524,0,1.0,0.05,none,none,none,0,none,1,250025,train
92b28ac1ed592dc9,92.84,27.42,Arunachal Pradesh,East Kameng,2007-07-26,1322.7808,33.6511,0.0723,-0.9974,-0.0035,-0.0006,39.9329,12.4556,570.1034,92.8888,119.4168,211.4507,323.9356,466.3972,232.9192,1866.9108,0,1.0,0.05,none,none,none,0,none,1,190023,val
1a7d5e8f932ceb69,95.28,26.82,Arunachal Pradesh,Tirap,2015-08-01,913.3333,26.4276,0.5427,-0.8399,0.0019,0.0002,32.6171,12.9342,356.7254,3.0415,5.0049,5.0049,84.0883,225.7342,51.104,2056.824,0,1.0,0.05,none,none,none,0,none,1,290020,train
f95ec4fdd054e413,93.32,23.22,Mizoram,Champhai,2011-06-28,1607.7335,19.0863,-0.9921,-0.1252,0.0032,-0.0003,25.1193,13.2782,418.2562,14.0,47.4,158.0,330.4,583.8,184.3416,2111.6243,0,1.0,0.05,none,none,none,0,none,1,210005,train
f2e5ae85fcb0d9eb,91.54,25.68,Meghalaya,West Khasi Hills,2007-04-11,1106.4113,2.2333,-0.9996,-0.0272,0.0178,0.001,6.0583,15.5686,169.627,17.0957,45.356,91.0457,91.5741,116.5521,73.4334,1925.8158,0,1.0,0.05,none,none,none,0,none,1,130015,val
fe9f81be1d7d9507,94.22,26.76,Assam,Jorhat,2015-08-19,92.6796,1.3303,0.4681,0.8837,-1e-04,0.0,1.5245,16.3198,13.0528,4.8259,8.2572,41.5328,135.4819,298.1602,67.383,1932.9202,0,1.0,0.05,none,none,none,0,none,1,240020,train
285f77a7c5f53c88,95.4,26.98,Arunachal Pradesh,Tirap,2010-06-15,404.0928,11.725,0.9513,-0.3083,-0.0023,0.0014,13.4632,14.5642,205.6097,4.3376,33.348,108.464,221.7256,326.7283,125.3834,2022.789,0,1.0,0.05,none,none,none,0,none,1,290021,train
e51fcec1683fc6dd,95.32,26.86,Arunachal Pradesh,Tirap,2016-07-14,1120.8202,20.5782,0.596,0.803,-0.0053,-0.0011,27.2081,13.5155,395.2302,4.267,24.1919,50.8611,164.8766,349.8164,96.5911,2056.824,0,1.0,0.05,none,none,none,0,none,1,290021,train
8cd35324765d318d,95.32,28.34,Arunachal Pradesh,Upper Siang,2007-07-30,1583.3356,39.2352,0.6138,-0.7895,0.0009,0.0005,54.1911,11.8462,700.8727,0.7884,52.7026,192.3925,404.4985,593.3687,231.6946,3071.301,0,1.0,0.05,none,none,none,0,none,1,290027,train
382ec724996ba932,92.42,25.92,Assam,Karbi Anglong,2012-07-05,659.1944,8.0717,0.9071,-0.4208,-0.0037,0.0007,14.7507,14.3724,110.0552,0.0,30.9979,55.7746,137.9636,194.6838,77.4877,1194.068,0,1.0,0.05,none,none,none,0,none,1,170016,val
e393523e30f7e2da,95.18,26.94,Nagaland,Mon,2007-09-18,970.7171,10.858,0.998,0.0631,-0.0203,-0.0017,38.3193,13.9298,390.4648,0.1784,11.8811,45.2829,262.7857,528.5854,128.2439,2083.4573,0,1.0,0.05,none,none,none,0,none,1,280021,train
ffec21751339b05e,94.44,25.66,Nagaland,Phek,2016-07-26,1649.6846,20.9387,-0.9856,-0.1688,-0.0048,-0.0002,31.0318,12.6578,355.1715,14.1542,20.0582,43.1562,140.7261,287.9521,80.2439,1679.2863,0,1.0,0.05,none,none,none,0,none,1,250015,train
5b696edeac7e4a7d,93.8,24.44,Manipur,Bishnupur,2012-06-03,773.707,1.0808,0.9751,0.2219,-0.0015,-1e-04,1.5852,16.2587,12.3245,29.7437,98.1839,135.9412,180.5343,337.9645,153.2424,1690.2374,0,1.0,0.05,none,none,none,0,none,1,230010,train
fa6b0532381b8fd3,96.66,27.56,Arunachal Pradesh,Changlang,2015-08-26,1264.162,34.4217,0.483,0.8756,0.0034,0.0003,46.3855,12.0563,671.435,8.391,8.391,64.5705,157.6755,380.012,108.8682,1533.874,0,1.0,0.05,none,none,none,0,none,1,340024,val
40b55de8e8c5b5db,92.72,24.56,Assam,Hailakandi,2013-05-08,52.534,4.1997,-0.6359,0.7718,1e-04,0.0002,9.9236,15.1382,33.567,29.7367,123.2062,291.778,323.6881,387.8442,232.8978,2745.4338,0,1.0,0.05,none,none,none,0,none,1,180010,test
c97762bac76f2a23,91.32,23.1,Tripura,,2010-08-14,7.1466,0.9283,0.1078,-0.9942,0.0048,1e-04,1.8208,16.8025,7.1318,0.0,0.0,0.0,0.0,0.0,0.0,0.0,0,1.0,0.05,none,none,none,0,none,1,130004,test
d474afe094feeb58,90.68,25.52,Meghalaya,East Garo Hills,2016-07-26,336.4813,14.6137,0.3695,0.9292,0.0014,-0.0004,18.9794,13.3847,148.2513,137.4906,538.0374,1181.1744,2085.427,2739.3357,1298.8977,5979.785,0,1.0,0.05,none,none,none,0,none,1,100015,test
fd21a33fd61c53ef,95.84,28.78,Arunachal Pradesh,Upper Dibang Valley,2015-09-01,1513.6019,32.3071,0.9934,0.1149,-0.0005,-0.0011,45.3695,12.283,478.669,46.5299,313.7981,452.653,636.7356,911.509,457.4772,2352.1077,0,1.0,0.05,none,none,none,0,none,1,310029,val
c596392de8714ed3,92.96,26.28,Assam,Karbi Anglong,2010-08-27,212.3691,28.899,0.7992,0.601,-0.0012,0.0013,37.2752,12.78,308.6552,2.751,6.874,46.9822,135.7463,243.6618,74.4694,1401.1378,0,1.0,0.05,none,none,none,0,none,1,190018,test
f86ab4785892eebb,94.44,26.86,Assam,Jorhat,2012-06-03,90.0469,0.9928,0.6376,-0.7704,0.0075,0.0,2.2258,16.7511,14.4829,10.6641,13.357,28.7242,55.6907,171.2068,43.8572,1925.8818,0,1.0,0.05,none,none,none,0,none,1,250021,train
6f6da5ad83015f7e,90.98,25.88,Meghalaya,East Garo Hills,2011-07-06,104.0384,15.4077,0.9997,0.0252,-1e-04,0.0016,18.9346,13.7378,247.5369,0.0,19.7799,152.57,229.61,280.8045,134.6835,1971.9532,0,1.0,0.05,none,none,none,0,none,1,110016,train
d682288d1247626d,91.66,26.18,Assam,Kamrup,2010-05-31,41.5,0.0,0.0,1.0,0.0,0.0,0.0,17.7072,12.0073,17.0666,35.292,103.1803,133.6701,256.3781,97.3344,1511.5951,0,1.0,0.05,none,none,none,0,none,1,140018,train
d1b53a22ba68fa51,93.9,27.58,Arunachal Pradesh,Lower Subansiri,2011-05-24,2204.8818,16.99,-0.0859,-0.9963,-0.0006,0.0,18.7994,12.6651,309.2294,7.1463,79.1957,81.5911,117.3424,195.4518,91.7312,3442.205,0,1.0,0.05,none,none,none,0,none,1,230024,train
7a1c66de9fdbb294,94.22,24.9,Manipur,Ukhrul,2011-07-01,1850.1945,20.1948,0.021,-0.9998,-0.0091,-0.0005,32.4325,13.1581,267.8636,1.8476,7.0207,125.2478,163.246,305.8533,109.7774,1404.2817,0,1.0,0.05,none,none,none,0,none,1,240012,train
de632bb27ee77c9c,96.08,29.0,Arunachal Pradesh,Upper Dibang Valley,2011-03-22,3648.504,12.2034,-0.5243,-0.8515,-0.3455,-0.0268,36.7956,15.0862,3985.4817,0.0,0.0,0.0,0.0,0.0,0.0,2431.763,0,1.0,0.05,none,none,none,0,none,1,320030,train
9880b2b27c7da952,91.26,23.74,Tripura,West Tripura,2008-08-07,13.4613,0.4047,-0.4285,0.9035,0.0065,-0.0,0.999,17.4623,16.4613,0.1123,37.2679,61.4015,94.9236,248.6695,71.4455,2097.209,0,1.0,0.05,none,none,none,0,none,1,120007,train
c71d837e8139f04e,92.18,27.48,Arunachal Pradesh,West Kameng,2014-09-23,3058.1985,40.1791,-0.4612,-0.8873,-0.0008,0.0004,55.3768,11.6684,776.8738,13.3862,54.8444,68.6774,160.9385,222.3828,95.7669,1974.4858,0,1.0,0.05,none,none,none,0,none,1,160023,train
d5ba2b20734dde1b,90.08,25.32,Meghalaya,West Garo Hills,2013-08-04,129.7095,6.4366,-0.9705,-0.2411,-0.0017,-1e-04,11.2813,14.6818,79.7808,0.0,0.0,0.0,0.0,0.0,0.0,0.0,0,1.0,0.05,none,none,none,0,none,1,80014,train
b4135f2296037bda,90.6,25.5,Meghalaya,East Garo Hills,2012-06-13,257.4096,6.5604,0.5663,0.8242,0.0015,1e-04,7.8749,14.9231,52.0399,36.2431,47.5613,106.8055,247.6522,354.3664,143.5008,4004.7107,0,1.0,0.05,none,none,none,0,none,1,100015,test
42eaaba5dde9b371,93.08,23.86,Mizoram,Aizawl,2016-05-18,784.815,29.2538,-0.3957,-0.9184,0.0012,0.0019,38.0622,12.6059,591.7384,28.6147,41.4497,58.6264,72.5966,166.1809,66.8209,2255.5479,0,1.0,0.05,none,none,none,0,none,1,200007,train
1f606d1acc70ea1e,91.78,23.7,Tripura,Dhalai,2011-08-16,196.0706,3.6157,0.2234,0.9747,-0.01,-0.0022,11.6059,15.2109,84.9918,24.2043,24.2043,60.5853,162.7912,291.76,99.1216,2353.1294,0,1.0,0.05,none,none,none,0,none,1,140007,train
45f3445021b04b5f,94.58,28.46,Arunachal Pradesh,West Siang,2015-08-01,1772.4072,25.2766,0.7807,0.6249,-0.0003,-0.0011,31.4426,12.9607,558.1236,2.4729,10.3389,11.0905,80.7288,285.1098,59.1797,2954.0256,0,1.0,0.05,none,none,none,0,none,1,260028,train
9ec075eadfa249ce,91.2,26.0,Assam,Kamrup,2013-09-02,47.65,1.8327,-0.8883,-0.4592,-0.0019,-0.0002,2.4416,16.0227,9.8333,0.1884,5.6329,71.0156,82.6415,166.2451,54.6203,1765.9095,0,1.0,0.05,none,none,none,0,none,1,120017,train
301ee1020ffbe1fc,91.06,26.0,Assam,Goalpara,2010-09-13,42.4628,0.2183,0.9068,0.4215,0.0029,1e-04,0.3528,17.8242,10.1989,0.0,41.8853,105.1036,227.02,391.3636,125.577,1971.9532,0,1.0,0.05,none,none,none,0,none,1,120017,train
e48ac1df27f834da,88.4,27.46,Sikkim,South Sikkim,2013-08-04,3095.9836,26.0524,0.3411,-0.94,-0.002,1e-04,31.826,12.4965,526.0452,3.1897,23.0752,90.7026,251.0813,501.9824,146.2842,2545.4712,0,1.0,0.05,none,none,none,0,none,1,10023,train
49e1dcdbe7401203,94.86,27.3,Assam,Dibrugarh,2013-10-05,108.0566,0.8952,-0.7841,0.6206,-0.0199,-1e-04,5.4781,16.3478,18.7211,18.9942,19.682,19.682,88.1186,217.6243,64.284,2175.5618,0,1.0,0.05,none,none,none,0,none,1,270023,val
d2f3963425005945,91.72,25.24,Meghalaya,East Khasi Hills,2013-08-01,1169.268,5.6609,-0.7316,-0.6817,0.0004,-1e-04,6.9673,14.608,62.6569,9.6793,35.6746,132.9567,225.5178,626.8296,164.6576,4364.0254,0,1.0,0.05,none,none,none,0,none,1,140013,train
b05244ba690c79c5,94.18,25.9,Nagaland,Kohima,2007-09-11,1060.5907,14.5126,0.8492,-0.5281,0.0011,1e-04,19.3112,12.8624,275.1812,18.8357,25.5669,97.1349,212.7752,419.6709,124.9801,1640.4707,0,1.0,0.05,none,none,none,0,none,1,240016,train
29ba181a9c9c1233,92.26,27.1,Arunachal Pradesh,West Kameng,2015-09-23,2274.1047,33.0552,-0.7262,-0.6875,0.0019,0.0002,44.4981,12.5407,385.7544,12.4387,56.6204,149.7971,280.4019,532.938,169.4403,2339.4036,0,1.0,0.05,none,none,none,0,none,1,160022,train
1db19a0f079ef2b4,93.14,23.34,Mizoram,Champhai,2010-09-13,1051.5184,22.1139,-0.6171,0.7869,-0.0056,-1e-04,32.0888,12.9121,356.6268,9.0082,68.9942,95.5917,300.1956,528.5502,179.9483,2111.6243,0,1.0,0.05,none,none,none,0,none,1,200005,train
fcd999415edc7c7e,92.56,22.42,Mizoram,,2015-06-24,141.993,6.2737,-0.3312,0.9436,-0.0019,-0.0008,8.6598,14.5318,96.0497,31.9985,69.9985,159.3766,263.3738,289.3705,163.1699,2499.319,0,1.0,0.05,none,none,none,0,none,1,180001,train
39ea12a84478d6cc,93.64,24.86,Manipur,Tamenglong,2010-10-08,695.0062,17.5433,0.7814,-0.624,-0.0025,-0.001,21.7084,13.307,402.8377,39.19,95.2359,95.4881,127.5566,199.9134,107.5249,1624.7101,0,1.0,0.05,none,none,none,0,none,1,220012,train
bf47f177a4bb090a,91.84,23.9,Tripura,Dhalai,2007-08-31,98.4049,2.0512,0.9734,-0.229,0.006,-1e-04,3.5482,15.7314,36.3982,2.5194,37.5714,137.6591,240.7499,359.2009,145.6755,2468.359,0,1.0,0.05,none,none,none,0,none,1,150008,train
83f55fc9686412d8,88.48,27.72,Sikkim,North Sikkim,2011-05-22,4689.5063,23.6677,-0.9256,0.3786,0.0032,0.0004,32.103,12.1007,445.4604,18.3657,32.4064,56.4067,107.2213,138.3155,65.4434,2496.6716,0,1.0,0.05,none,none,none,0,none,1,10024,train
a70302120d4f19e0,92.46,25.88,Assam,Karbi Anglong,2010-08-20,608.4084,6.613,-0.9762,0.217,-0.0023,0.0004,9.3093,14.5466,71.2572,13.0986,21.561,65.6471,161.1606,244.2058,96.4574,1194.068,0,1.0,0.05,none,none,none,0,none,1,170016,val
a4080b4d9bf33389,93.72,26.04,Assam,Karbi Anglong,2016-06-22,161.3046,3.4903,0.1254,0.9921,-0.0045,0.0003,5.2004,15.4357,31.9668,2.9617,3.8073,82.054,118.2833,197.8008,73.7456,1440.5787,0,1.0,0.05,none,none,none,0,none,1,220017,test
8f087da5c5333a73,92.1,26.48,Assam,Darrang,2010-08-19,54.8406,0.1745,-0.9767,-0.2147,0.0597,1e-04,0.5871,18.352,10.0133,13.406,52.1317,104.6606,131.192,259.3442,103.2715,1558.1068,0,1.0,0.05,none,none,none,0,none,1,160019,train
ff0664e48620fd39,92.38,27.14,Arunachal Pradesh,West Kameng,2010-07-06,2202.7668,31.4181,0.7003,0.7139,-0.002,0.0002,40.0801,12.3926,443.6206,7.3226,20.0249,35.2639,104.1856,213.9414,68.0764,1641.0282,0,1.0,0.05,none,none,none,0,none,1,170022,train
9e8b2c5b79646b4d,92.62,23.86,Mizoram,Mamit,2010-10-09,327.898,9.6494,0.6377,0.7703,-0.0006,-0.0002,11.8628,13.7656,144.9331,54.1942,132.0089,138.8436,160.4676,387.6727,158.1991,2299.678,0,1.0,0.05,none,none,none,0,none,1,180007,train
8bc602d7db0aaa26,93.74,26.7,Assam,Golaghat,2008-08-14,78.6729,0.795,0.3076,0.9515,-0.0065,0.0,1.2068,16.9828,13.3547,2.5747,13.5616,54.4328,178.2699,283.3652,95.4395,1759.2518,0,1.0,0.05,none,none,none,0,none,1,220020,train
01285adedd2dff5d,94.54,27.14,Assam,Jorhat,2010-10-09,89.0,0.0,0.0,1.0,0.0,0.0,0.0,16.0592,0.0,19.0814,21.261,24.1017,72.5032,268.803,54.6936,2071.8245,0,1.0,0.05,none,none,none,0,none,1,260022,train
570a207bd87fc108,92.34,23.54,Mizoram,Mamit,2011-06-17,168.8954,11.6535,0.7303,-0.6831,-0.0065,-0.0002,22.6708,14.0158,93.897,5.2567,32.0202,101.9868,210.6716,479.7414,139.4897,2325.3127,0,1.0,0.05,none,none,none,0,none,1,170006,train
236bca2dffcd6bd8,95.76,28.96,Arunachal Pradesh,Upper Dibang Valley,2014-06-26,2235.5415,22.6795,0.949,0.3152,-0.0014,0.0012,28.5984,12.8077,295.3911,0.0,1.0519,17.6733,45.4186,91.9826,27.3815,2546.5696,0,1.0,0.05,none,none,none,0,none,1,300030,train
f4430e053747581e,88.18,27.28,Sikkim,West Sikkim,2010-10-08,1976.3118,34.5513,-0.8669,0.4984,-0.005,-1e-04,49.3272,12.2067,605.0293,0.9661,10.6294,61.7514,84.8739,349.2966,71.596,2572.1633,0,1.0,0.05,none,none,none,0,none,1,22,train
729d0a9f26522be5,92.38,26.84,Assam,Sonitpur,2014-10-20,130.4329,0.4681,-0.9635,0.2677,0.0022,-0.0,0.673,16.6195,7.6755,1.064,1.5638,12.2197,12.4416,222.7063,23.0143,1853.2246,0,1.0,0.05,none,none,none,0,none,1,170021,train
54e5fe8aff71ba8b,93.74,25.06,Manipur,Tamenglong,2013-07-01,1739.6112,23.8085,0.96,0.2801,-0.0023,-0.001,30.932,13.2345,329.2608,6.1927,31.483,65.7458,108.7306,138.216,67.1569,1426.5697,0,1.0,0.05,none,none,none,0,none,1,220013,train
2ea53907982917a5,88.58,27.74,Sikkim,North Sikkim,2008-06-09,3736.6172,46.6142,-0.6889,-0.7249,-0.0012,-0.0003,69.8194,11.7158,761.4306,13.5614,30.1854,94.5009,153.4727,204.753,95.8341,2496.6716,0,1.0,0.05,none,none,none,0,none,1,20025,train
bf74ba55d3205388,91.9,26.16,Assam,Kamrup,2010-08-19,145.2108,27.5442,-0.9989,-0.0459,-0.0,0.0007,36.5262,12.7483,223.8055,0.4667,45.9477,106.8703,117.6473,267.1067,98.8342,1300.8937,0,1.0,0.05,none,none,none,0,none,1,150018,train
3de6739da5ca4caa,92.7,24.46,Assam,Hailakandi,2013-02-18,70.5897,5.1998,-0.3341,0.9426,-0.004,-0.0012,11.2942,14.6021,95.1439,3.0008,3.0008,3.0008,3.0008,3.0008,3.0008,2745.4338,0,1.0,0.05,none,none,none,0,none,1,180010,test
c48907dc7a5c683e,92.8,26.54,Assam,Nagaon,2010-05-31,64.8498,0.9,0.7491,0.6624,-0.0037,1e-04,1.1836,16.8371,8.2677,4.1267,5.2783,42.2378,98.9064,258.2701,69.028,1578.4004,0,1.0,0.05,none,none,none,0,none,1,190019,train
4279baaf09093387,93.64,24.7,Manipur,Tamenglong,2010-06-15,936.4064,26.5023,-0.9023,0.4312,-0.0022,-1e-04,35.3213,12.2089,469.6609,8.2272,35.9109,99.7371,179.6925,286.0839,107.5348,1624.7101,0,1.0,0.05,none,none,none,0,none,1,220011,train
fcf5784375f4f490,91.74,25.44,Meghalaya,East Khasi Hills,2010-06-03,1782.9468,9.7328,-0.0982,-0.9952,0.0049,-0.0004,16.1282,14.4884,152.5222,4.8559,13.9593,32.7984,504.105,578.8818,149.8996,2416.0737,0,1.0,0.05,none,none,none,0,none,1,140014,test
1815a67f267534b5,94.3,26.42,Nagaland,Mokokchung,2015-08-28,220.998,9.0325,-0.6028,-0.7979,0.0008,0.0,10.8086,13.6732,211.2631,3.5866,5.1894,36.3748,100.1495,228.5148,60.5838,1896.8643,0,1.0,0.05,none,none,none,0,none,1,250019,train
0461523eef4d745d,92.62,23.74,Mizoram,Mamit,2013-08-04,590.2217,8.6476,0.9998,0.0194,-0.0003,0.0002,11.5854,13.8091,362.6353,13.7172,27.8938,47.2458,160.1327,238.3308,84.5188,2299.678,0,1.0,0.05,none,none,none,0,none,1,180007,train
ed36ac074bbb0863,95.62,27.1,Arunachal Pradesh,Tirap,2007-08-26,974.3715,22.9185,0.8854,-0.4648,-0.0005,-0.0,30.2281,13.1805,330.3895,22.6967,22.6967,62.6176,144.7937,245.0536,77.7709,2022.789,0,1.0,0.05,none,none,none,0,none,1,300022,train
bba664e20d8fef20,91.26,25.78,Assam,Kamrup,2011-05-31,744.3102,5.5653,0.5739,0.8189,0.015,0.0008,12.3629,14.8157,111.0402,0.1898,1.1236,37.7181,81.5781,257.5219,62.5264,2138.8345,0,1.0,0.05,none,none,none,0,none,1,120016,train
88a437379ae934f0,93.96,24.52,Manipur,Thoubal,2014-06-26,777.6494,0.7363,-0.1728,0.985,-0.0064,-0.0,0.9364,16.5427,10.5956,6.9462,7.6678,76.5332,272.3338,319.9267,120.7806,1680.3857,0,1.0,0.05,none,none,none,0,none,1,230010,train
0e337662552b7e2f,94.24,24.5,Manipur,Chandel,2010-07-06,981.4689,32.178,-0.5579,0.8299,0.0013,-0.0002,41.1729,12.5248,423.8742,0.0,24.552,69.6502,121.0896,290.2552,80.8973,1068.4564,0,1.0,0.05,none,none,none,0,none,1,240010,train
aabdf7364d05dbce,95.0,28.76,Arunachal Pradesh,Upper Siang,2014-09-23,1868.5406,33.2499,-0.4909,-0.8712,-0.0044,0.0002,46.4736,12.1782,767.97,19.8705,83.7577,103.6257,193.4876,321.2153,130.0931,2463.3228,0,1.0,0.05,none,none,none,0,none,1,270029,test
2ac61e6d5260e4fd,91.82,26.22,Assam,Darrang,2014-09-24,49.7322,1.3429,0.9569,-0.2904,-0.0007,-0.0,1.8039,16.1918,4.9964,6.0291,188.1694,225.7153,312.1022,359.9096,219.5425,1511.5951,0,1.0,0.05,none,none,none,0,none,1,150018,train
492d9b921afd6f20,91.76,25.26,Meghalaya,East Khasi Hills,2010-08-06,808.1419,28.0076,0.5115,0.8593,-0.0035,-0.0011,42.1023,12.6478,674.7186,2.6316,10.5942,66.1436,223.1622,696.7846,131.3103,4364.0254,0,1.0,0.05,none,none,none,0,none,1,140014,test
dc5663b433f55d64,94.92,26.94,Nagaland,Mon,2007-07-16,157.9762,5.7489,-0.929,-0.3701,0.01,-0.0004,8.5463,14.6722,82.5546,62.6799,85.2852,156.469,242.1838,457.0406,176.1162,2199.4968,0,1.0,0.05,none,none,none,0,none,1,270021,train
13260c82e5a81a74,94.54,26.9,Assam,Sibsagar,2015-07-22,90.4155,1.286,-0.9415,-0.3371,0.0009,1e-04,1.612,16.1861,11.4494,17.7275,54.0147,69.1069,128.2116,213.2528,94.6886,1988.5624,0,1.0,0.05,none,none,none,0,none,1,260021,train
da10532d709604f7,95.62,28.8,Arunachal Pradesh,Upper Dibang Valley,2007-09-11,2860.6382,21.2619,-0.0928,0.9957,-0.001,-0.0,24.2158,13.0838,310.0452,0.0,0.0,0.0,0.0,0.0,0.0,2312.5342,0,1.0,0.05,none,none,none,0,none,1,300029,test
8d21211c666cc705,94.12,23.92,Manipur,Chandel,2010-10-09,696.5445,25.1365,0.9966,-0.0823,-0.0,-0.0015,32.3701,12.9003,266.8874,96.9758,184.492,188.0971,204.8935,286.6885,188.5678,1078.8973,0,1.0,0.05,none,none,none,0,none,1,240008,train
4092b1007cdbcc3c,92.66,24.34,Assam,Kolasib,2016-06-14,38.5897,0.3723,0.8403,-0.5421,0.0269,0.0003,0.4716,17.4241,44.7447,2.1513,25.6488,77.215,161.5716,578.3498,122.3266,2410.2793,0,1.0,0.05,none,none,none,0,none,1,180009,val
97d6c33c0fa5b50d,94.86,27.82,Arunachal Pradesh,West Siang,2015-08-26,567.3828,25.5501,0.9828,0.1847,0.0019,0.0002,31.6359,12.5934,411.2858,0.0,15.0819,107.9056,303.3359,434.5297,152.79,2325.5544,0,1.0,0.05,none,none,none,0,none,1,270025,train
f11e047fff0bfbfc,94.32,28.06,Arunachal Pradesh,Upper Subansiri,2010-09-09,671.1737,37.9199,-0.8226,-0.5686,-0.0,-1e-04,54.2929,12.1462,393.7969,16.3016,34.5838,86.4313,166.1994,528.6422,136.4787,2552.9524,0,1.0,0.05,none,none,none,0,none,1,250026,train
5050728512ed1214,93.06,25.32,Assam,North Cachar Hills,2013-05-11,323.6526,9.6381,-0.4536,0.8912,0.0006,-0.0002,11.5815,14.2224,109.3574,15.1744,53.9959,118.381,224.6398,299.6816,138.1453,1708.6143,0,1.0,0.05,none,none,none,0,none,1,200014,val
a734f76ff491fd0c,90.56,25.86,Meghalaya,East Garo Hills,2011-06-29,313.7786,18.986,-0.3517,0.9361,-0.0032,0.0013,24.2785,13.5486,160.9726,7.1378,27.0723,131.6759,208.8737,380.6081,134.4477,2815.9084,0,1.0,0.05,none,none,none,0,none,1,100016,train
4abae3cb71a9698e,93.48,25.82,Assam,Karbi Anglong,2011-08-05,209.3807,5.0946,-0.3192,-0.9477,0.0022,1e-04,7.6196,14.8832,42.375,2.2523,7.41,12.6329,76.1719,208.8708,45.2143,1442.4777,0,1.0,0.05,none,none,none,0,none,1,210016,val
43367ed7fc27f48a,90.5,25.5,Meghalaya,East Garo Hills,2013-09-01,533.4645,24.6129,0.8492,0.5281,-0.0009,0.0003,31.6154,12.7591,301.0033,84.7734,222.1177,352.1612,426.708,705.8459,332.905,4004.7107,0,1.0,0.05,none,none,none,0,none,1,90015,train
e582c6760ecc3594,94.06,25.56,Nagaland,Senapati,2010-08-27,2459.4412,1.4495,0.9992,0.0389,0.0777,-0.0003,8.2454,15.6525,134.4585,12.1166,23.9838,154.0351,245.4678,354.3272,144.9898,1517.4457,0,1.0,0.05,none,none,none,0,none,1,240015,train
d1045f0c878cc050,95.34,28.0,Arunachal Pradesh,East Siang,2007-10-21,151.2078,3.7959,-0.5133,-0.8582,-0.0043,-0.0002,4.6872,15.1616,21.8979,0.6368,10.16,38.5474,71.0781,132.8143,46.6398,2851.7588,0,1.0,0.05,none,none,none,0,none,1,290026,val
33e80404a5c73ba5,92.12,26.7,Assam,Darrang,2007-09-11,91.0102,1.7328,-0.973,0.231,0.0007,0.0,2.2726,15.7107,9.7953,4.316,44.5026,151.5648,232.0077,369.1803,152.6079,1956.7676,0,1.0,0.05,none,none,none,0,none,1,160020,train
5e8c4d9f21bb3a22,96.02,28.84,Arunachal Pradesh,Upper Dibang Valley,2015-08-19,2624.5771,31.6305,0.0427,-0.9991,0.0046,-0.0003,42.4933,12.2817,515.1822,39.3866,129.4276,214.8333,276.6702,449.8404,208.3108,2203.6106,0,1.0,0.05,none,none,none,0,none,1,310029,val
3c288b5c3ea1b56b,92.12,24.42,Tripura,,2013-05-11,28.8503,0.8819,0.0046,1.0,-0.0069,1e-04,1.49,16.5657,36.0349,52.6984,137.7344,265.0298,384.1795,426.8928,258.8089,2299.0305,0,1.0,0.05,none,none,none,0,none,1,160010,train
8ac082db58e66a04,96.76,27.84,Arunachal Pradesh,Lohit,2008-08-14,1986.139,16.8066,-0.0147,0.9999,-0.0006,0.0056,23.8212,12.7688,443.7346,17.158,60.506,114.3936,136.4446,288.1719,112.2118,1539.3256,0,1.0,0.05,none,none,none,0,none,1,340025,val
43ac2ab72c7c9059,94.02,26.86,Assam,Jorhat,2007-09-11,79.5,0.1731,-0.0,-1.0,0.0,-0.0,0.1875,15.3455,0.5,6.4858,26.666,119.0062,255.3491,461.6539,156.7931,1871.4562,0,1.0,0.05,none,none,none,0,none,1,230021,train
183b5a52d181c791,94.42,26.88,Assam,Jorhat,2011-07-22,86.712,0.0526,0.3227,0.9465,0.0058,-0.0,0.0743,18.9533,8.5623,29.6682,29.6682,78.9557,229.3556,439.571,149.9253,1988.5624,0,1.0,0.05,none,none,none,0,none,1,250021,train
e711d3f1262b38ad,92.26,24.16,Tripura,North Tripura,2010-09-04,142.3208,7.9175,-0.6496,0.7602,0.0059,0.0012,12.2809,14.0818,112.7535,0.7654,6.5578,66.8322,266.31,533.8062,141.1269,2146.661,0,1.0,0.05,none,none,none,0,none,1,160009,train
8e39a050a335891b,94.12,24.26,Manipur,Chandel,2010-07-06,822.9684,21.071,0.7173,0.6968,0.0004,0.0026,25.8961,13.2223,365.8517,0.0,27.6654,68.6636,115.3066,278.8394,77.7334,1498.743,0,1.0,0.05,none,none,none,0,none,1,240009,train
f9166a37e3e2479d,94.86,27.02,Assam,Sibsagar,2010-04-17,101.4615,1.2857,-0.2035,0.9791,-0.0048,-1e-04,2.6504,16.1952,6.3623,2.4805,21.6686,93.0286,148.6014,266.4026,97.8622,2140.0574,0,1.0,0.05,none,none,none,0,none,1,270021,train
bf99445f32ff976d,94.24,25.08,Manipur,Ukhrul,2012-06-25,1532.2866,16.7004,-0.6857,0.7279,-0.001,-0.0003,19.4575,13.0351,309.0361,6.0,12.0,204.7,236.5,302.8,154.773,1404.2817,0,1.0,0.05,none,none,none,0,none,1,240013,train
6ac3cac8e3caaac2,92.38,26.14,Assam,Marigaon,2007-07-26,70.8051,7.5672,-0.6456,-0.7637,1e-04,0.0006,8.6238,14.2038,91.0357,58.7097,85.6519,89.9236,187.5873,352.2,140.0312,1466.0713,0,1.0,0.05,none,none,none,0,none,1,170017,train
84f01dca4f2cf94b,94.04,25.34,Manipur,Senapati,2016-05-18,1101.2601,12.6274,0.4324,0.9017,-0.0002,0.0007,15.4227,13.2923,192.9965,36.7916,62.6869,79.2885,81.8449,171.1111,81.2715,1512.6017,0,1.0,0.05,none,none,none,0,none,1,240014,train
3dd1ad3d4b700de4,93.96,27.52,Arunachal Pradesh,Lower Subansiri,2013-04-07,2619.9683,22.9607,-0.9899,-0.1416,-0.0006,0.0009,29.4965,13.0458,196.144,0.0,6.1894,8.0864,53.5379,101.3372,34.2606,3442.205,0,1.0,0.05,none,none,none,0,none,1,230024,train
91fdbed6f2b44b9a,93.32,24.22,Manipur,Churachandpur,2015-09-01,821.9837,33.9494,-0.6285,0.7778,-0.0039,1e-04,43.7654,12.5548,397.94,5.3157,12.8538,41.7024,99.256,236.3498,65.2787,2028.8696,0,1.0,0.05,none,none,none,0,none,1,210009,train
a700d1a0f22b684b,94.16,26.62,Assam,Jorhat,2011-05-31,89.7468,0.701,-0.5037,0.8639,-0.0035,0.0002,0.7714,16.8557,11.407,37.6673,71.4622,76.4199,141.0419,222.0219,102.8313,1896.8643,0,1.0,0.05,none,none,none,0,none,1,240020,train
a731a4821b576aac,92.9,25.26,Assam,North Cachar Hills,2015-07-22,663.6861,13.9763,-0.8903,-0.4555,-0.0004,-0.0004,17.783,13.3212,237.8158,53.8035,82.7265,122.5674,215.2374,303.9487,145.1824,1708.6143,0,1.0,0.05,none,none,none,0,none,1,190014,test
abae94b145b73fc0,95.72,27.92,Assam,Tinsukia,2007-10-19,144.7822,0.1712,-0.1243,0.9922,-0.0084,-0.0002,1.8963,18.3658,11.6954,0.3791,4.5059,29.9329,56.2796,105.3879,39.229,2483.8538,0,1.0,0.05,none,none,none,0,none,1,300025,train
65543554b68a412e,93.52,27.86,Arunachal Pradesh,Kurung Kumey,2011-07-15,1208.3917,31.996,-0.1199,-0.9928,0.0014,0.0012,39.193,12.6954,551.5943,86.7224,218.9104,266.0993,557.6394,817.6594,355.6467,3170.427,0,1.0,0.05,none,none,none,0,none,1,210025,test
35cbda49b8cd0770,90.74,25.86,Meghalaya,East Garo Hills,2010-04-17,206.0332,18.179,0.6273,-0.7787,-0.0014,0.0002,22.866,13.1645,192.75,10.8777,18.1623,80.9139,217.1678,423.3091,124.7631,2868.5374,0,1.0,0.05,none,none,none,0,none,1,100016,train
ed2f7d77eaa10612,92.78,24.06,Mizoram,Kolasib,2014-09-24,993.2476,29.6586,0.4829,-0.8757,0.0008,1e-04,38.5805,13.1441,394.6131,8.3158,20.9321,93.8327,200.9725,471.1518,140.0079,2286.9666,0,1.0,0.05,none,none,none,0,none,1,180008,test
4ac359378c60f3bc,92.18,26.34,Assam,Marigaon,2014-09-21,57.3837,1.2693,-0.9988,-0.0488,-0.0073,-1e-04,2.1242,16.1289,12.3311,11.3724,55.0865,61.2656,162.46,239.2499,98.531,1292.4878,0,1.0,0.05,none,none,none,0,none,1,160018,train
51048dfbfae42ed4,94.64,28.4,Arunachal Pradesh,West Siang,2013-06-01,1173.0654,21.7708,0.6326,-0.7745,-0.0026,-0.002,29.5849,13.1136,422.2114,7.2087,19.4374,41.6057,141.9249,309.2462,81.3519,2669.8972,0,1.0,0.05,none,none,none,0,none,1,260027,test
c4aab454cd743cf9,94.44,28.06,Arunachal Pradesh,Upper Subansiri,2016-07-26,1599.2385,17.2402,0.9743,0.2251,-0.0097,-0.0013,24.7648,13.2211,320.2654,16.8007,69.4628,151.9045,258.9562,495.8261,175.2257,2391.1406,0,1.0,0.05,none,none,none,0,none,1,250026,train
6fe8d26d8af93a43,93.42,26.8,Assam,Sonitpur,2015-08-19,80.9814,0.4104,-0.4287,0.9034,-0.0052,0.0,0.842,17.9348,7.0217,1.3014,14.9984,38.6026,120.3318,213.6596,59.6466,1584.6074,0,1.0,0.05,none,none,none,0,none,1,210020,test
b38703cfb0907fc6,93.34,27.88,Arunachal Pradesh,Kurung Kumey,2013-08-16,1382.3748,29.0507,1.0,0.0,0.0003,0.0012,40.8236,12.0764,558.6748,104.0836,105.7437,130.5259,240.4013,410.4505,178.559,3226.0361,0,1.0,0.05,none,none,none,0,none,1,210025,test
