sample_id,lon,lat,state,district,event_date,label,split,temporal_risk,temporal_alert,alert_level,rainfall_24h,rainfall_72h,rainfall_7d,rainfall_30d,api,rainfall_acceleration,rainfall_concentration
59cfc8cc762cc224,88.527,27.478,Sikkim,North Sikkim,2009-07-01,1,train,52.76,True,ELEVATED,12.9662,67.4974,147.226,371.9279,148.0656,1.815,0.181
42f02219a21059e1,94.4822,25.3099,Manipur,Ukhrul,2010-07-29,1,train,56.34,True,ELEVATED,27.3683,100.3679,130.9986,389.7174,169.2596,2.575,0.258
fa39470544c8c2c2,88.556,27.8385,Sikkim,North Sikkim,2012-09-19,1,train,55.37,True,ELEVATED,35.8535,61.0191,144.0715,364.8764,150.6023,1.672,0.167
5832ea6720e739c3,88.605,27.6558,Sikkim,North Sikkim,2012-09-19,1,test,55.37,True,ELEVATED,35.8535,61.0191,144.0715,364.8764,150.6023,1.672,0.167
9b229fd26c091009,93.9413,25.7658,Nagaland,Dimapur,2013-07-17,1,train,42.92,False,NORMAL,3.1867,7.5207,80.7575,342.0514,117.022,0.22,0.022
35ae45ac9c84082a,94.0885,25.7131,Nagaland,Kohima,2013-07-17,1,train,42.92,False,NORMAL,3.1867,7.5207,80.7575,342.0514,117.022,0.22,0.022
99ec301510ef3287,94.1078,24.1419,Manipur,Chandel,2015-08-01,1,train,60.65,True,ELEVATED,87.5269,125.9941,144.4806,388.0046,191.7988,3.247,0.325
644b6c8402291933,94.1167,25.616,Nagaland,Kohima,2013-07-12,1,train,56.49,True,ELEVATED,36.7575,76.4867,137.3862,307.6978,163.623,2.486,0.249
ebcb3be65efbaf91,94.1351,25.4769,Manipur,Senapati,2010-10-08,1,train,55.8,True,ELEVATED,35.5651,59.6647,70.1875,284.5788,101.4018,2.097,0.21
51fd6bd5b303632a,93.1645,25.5215,Assam,North Cachar Hills,2009-08-20,1,val,43.27,False,NORMAL,2.4427,8.7887,46.9551,173.1982,56.6009,0.507,0.051
38c17725b6f43ea8,91.2,25.8833,Assam,Kamrup,2010-06-09,1,train,54.18,True,ELEVATED,25.5831,65.1817,199.6275,465.6732,204.835,1.4,0.14
bed399e53b8b884c,94.0462,25.3179,Manipur,Senapati,2010-10-09,1,train,57.37,True,ELEVATED,28.1382,107.721,120.4043,301.1526,138.1676,3.577,0.358
07f2a4d865fe136a,93.4333,24.75,Manipur,Tamenglong,2007-10-21,1,train,54.37,True,ELEVATED,24.5871,40.9789,92.8962,146.0231,84.5724,2.806,0.281
256d963e70da0b7e,91.885,25.5728,Meghalaya,East Khasi Hills,2010-06-28,1,train,58.92,True,ELEVATED,55.8392,144.9385,196.6081,605.5562,281.0212,2.393,0.239
87407dce58c3fdbf,95.0243,26.7223,Nagaland,Mon,2016-04-19,1,val,56.7,True,ELEVATED,37.4786,84.7734,102.7147,362.6704,167.4978,2.337,0.234
d186a083e0aef6ce,93.4341,24.7625,Manipur,Tamenglong,2013-08-17,1,train,50.31,True,ELEVATED,15.9979,25.7009,134.2057,332.217,144.7003,0.774,0.077
49016c9439d0487b,93.816,27.0987,Arunachal Pradesh,Papum Pare,2015-06-09,1,train,55.11,True,ELEVATED,28.1567,76.9748,137.2205,469.2506,178.9797,1.64,0.164
1a7654451e2262d1,88.6193,27.4459,Sikkim,North Sikkim,2007-04-11,1,test,44.8,False,NORMAL,0.6559,32.0223,56.8648,178.5167,71.0381,1.794,0.179
09da3a5d65e6cef3,93.028,25.1553,Assam,North Cachar Hills,2010-04-01,1,val,58.19,True,ELEVATED,37.5519,72.3398,133.173,149.7027,109.031,4.832,0.483
8854fae2ae364c2c,92.899,22.533,Mizoram,Lawngtlai,2007-07-30,1,test,47.32,True,ELEVATED,6.4488,24.7677,113.4455,511.2115,196.2952,0.484,0.048
aa27deaa3e1c121f,92.8573,25.1175,Assam,North Cachar Hills,2012-06-03,1,val,56.19,True,ELEVATED,25.882,94.6655,136.9106,344.5054,156.7342,2.748,0.275
8f628615e1c7fca8,92.9296,23.591,Mizoram,Aizawl,2010-09-13,1,val,50.81,True,ELEVATED,9.5705,53.6358,73.7925,489.8057,162.5655,1.095,0.11
89fa1a3d32a8cee0,88.6069,27.3383,Sikkim,East,2007-05-23,1,test,58.97,True,ELEVATED,39.2324,124.1508,128.0129,304.264,147.615,4.08,0.408
0f2262ee8dac3f6a,93.5063,24.9829,Manipur,Tamenglong,2013-09-01,1,train,35.48,False,NORMAL,0.1382,0.7133,43.2043,312.8482,63.6001,0.023,0.002
a60a796a73497a61,93.3613,25.5125,Nagaland,North Cachar Hills,2011-06-29,1,val,50.58,True,ELEVATED,4.6909,71.9394,104.756,316.5112,121.8272,2.273,0.227
a4839c0007459431,94.4826,25.3101,Manipur,Ukhrul,2010-08-15,1,train,51.44,True,ELEVATED,14.8026,36.3975,46.3728,345.8684,83.9524,1.052,0.105
cce73772114603d3,93.5,24.9925,Manipur,Tamenglong,2009-08-20,1,train,45.17,False,NORMAL,5.5858,9.4355,95.8902,207.5699,78.9039,0.455,0.045
be787d175f185c21,95.3429,28.9205,Arunachal Pradesh,Upper Dibang Valley,2014-06-26,1,train,36.81,False,NORMAL,0.0,2.1459,25.852,152.3679,42.304,0.141,0.014
ee9f01c75ec86047,93.871,27.6438,Arunachal Pradesh,Lower Subansiri,2016-06-12,1,train,50.88,True,ELEVATED,20.7347,21.8842,56.5841,424.5136,74.03,0.516,0.052
a79386d94487c362,93.5935,24.8286,Manipur,Tamenglong,2011-05-31,1,train,60.11,True,ELEVATED,85.9707,131.8829,136.6422,528.1602,240.9348,2.497,0.25
70a9d61b030cd260,94.0989,27.2298,Assam,Lakhimpur,2008-06-15,1,train,51.14,True,ELEVATED,5.3188,108.651,209.9308,640.0134,248.6162,1.698,0.17
a92eaacfe9b3088b,90.2023,25.5145,Meghalaya,West Garo Hills,2015-08-18,1,train,55.58,True,ELEVATED,28.853,66.7481,108.0294,275.4514,119.4401,2.423,0.242
5af77063076be418,91.88,25.38,Meghalaya,East Khasi Hills,2007-07-26,1,test,61.51,True,ELEVATED,87.2279,197.6594,215.7425,594.0493,310.7434,3.327,0.333
79dd3c55cf39aa51,91.7351,26.1548,Assam,Kamrup,2011-09-23,1,train,41.07,False,NORMAL,0.3358,10.9185,40.9385,159.7557,52.4439,0.683,0.068
c4c9456272eb99a5,92.967,22.479,Mizoram,Saiha,2007-07-30,1,train,47.32,True,ELEVATED,6.4488,24.7677,113.4455,511.2115,196.2952,0.484,0.048
346653d773c7d4c6,96.1779,27.8965,Arunachal Pradesh,Lohit,2010-04-21,1,train,61.27,True,ELEVATED,95.7088,177.4802,213.0267,620.0422,281.6535,2.862,0.286
78b0916dcc2c8273,94.1099,25.6682,Nagaland,Kohima,2011-06-28,1,train,55.87,True,ELEVATED,18.7986,97.7352,114.0474,288.7331,127.9116,3.385,0.338
ba64c73b4cb49baf,93.9815,24.004,Manipur,Chandel,2015-08-01,1,train,60.66,True,ELEVATED,87.598,126.0972,144.5968,388.0002,191.8873,3.25,0.325
bc992dc61500f0d1,88.2579,27.2879,Sikkim,West Sikkim,2011-06-23,1,train,51.08,True,ELEVATED,20.2708,23.6104,110.823,256.2037,103.5026,0.922,0.092
f03356acdfa7dde2,92.9914,25.5242,Assam,North Cachar Hills,2010-10-09,1,val,60.95,True,ELEVATED,79.3075,98.578,98.9636,213.2482,114.7638,4.623,0.462
a7d7f9f5412be407,93.9157,24.6869,Manipur,Thoubal,2011-07-25,1,test,51.82,True,ELEVATED,22.0327,25.6242,48.2261,246.6344,70.5759,1.039,0.104
56609da2e8759da5,96.174,27.9032,Arunachal Pradesh,Lohit,2014-05-08,1,train,60.08,True,ELEVATED,58.4991,87.6348,116.869,173.2012,112.745,5.06,0.506
3f3c69e37e0115bf,94.1079,25.4191,Manipur,Senapati,2011-07-07,1,train,45.17,False,NORMAL,2.1808,23.931,57.3691,336.298,99.6435,0.712,0.071
1e3b7a842e390590,94.9921,26.8716,Nagaland,Mon,2010-07-20,1,train,53.79,True,ELEVATED,16.5278,88.6187,148.3365,577.3352,196.1325,1.535,0.153
faa13b60ef2d03ee,92.35,27.4,Arunachal Pradesh,West Kameng,2008-10-29,1,train,45.53,False,NORMAL,0.0,78.1028,78.1028,364.5041,90.9152,2.143,0.214
f974f8fddce46e35,88.7334,27.3702,Sikkim,East,2010-09-04,1,test,49.27,True,ELEVATED,9.7748,35.7915,58.5663,821.6443,220.0936,0.436,0.044
9e0f8fc911fa303d,96.5242,28.0791,Arunachal Pradesh,Lohit,2011-03-22,1,train,36.04,False,NORMAL,0.0,0.0,0.0,0.0,0.0,0.0,0.0
b289ef16c8b71b78,88.6083,27.3341,Sikkim,East,2010-04-17,1,test,51.51,True,ELEVATED,20.9947,27.6385,96.7794,308.6311,110.7073,0.896,0.09
d758348a021f9e53,94.5466,26.0319,Nagaland,Zunheboto,2015-06-24,1,test,48.3,True,ELEVATED,1.304,78.4969,88.5638,303.1763,109.1149,2.589,0.259
94e00e76c4656b44,94.2442,26.1677,Nagaland,Wokha,2016-06-12,1,train,49.17,True,ELEVATED,8.5635,28.5738,59.4094,341.2368,81.5531,0.837,0.084
fc6e8190484c987c,95.8011,27.174,Arunachal Pradesh,Changlang,2012-06-25,1,train,48.78,True,ELEVATED,3.4,54.6,101.2,313.6464,116.2746,1.741,0.174
8ddb9a236db6eae7,95.86,28.4659,Arunachal Pradesh,Lower Dibang Valley,2012-04-08,1,val,36.04,False,NORMAL,0.0,0.0,0.0,0.0,0.0,0.0,0.0
8ce51b6b205287da,93.4221,24.7505,Manipur,Tamenglong,2010-08-27,1,train,42.74,False,NORMAL,1.0112,11.6155,17.6162,157.1561,32.5574,0.739,0.074
30692290dbb597e6,94.0489,25.4477,Manipur,Senapati,2015-07-22,1,train,51.15,True,ELEVATED,11.1686,43.9182,121.6747,310.5978,114.3481,1.414,0.141
1b0f517cf4d67e3b,94.5808,26.284,Nagaland,Tuensang,2013-08-04,1,train,42.14,False,NORMAL,0.0,27.6597,40.6293,338.9963,92.3381,0.816,0.082
6f46c58b918adfe8,91.7351,26.149,Assam,Kamrup,2012-06-20,1,val,46.05,False,NORMAL,5.1633,14.7244,69.348,239.8899,86.7997,0.614,0.061
0224f797ffbdf9c6,93.4093,25.0672,Manipur,Tamenglong,2011-05-22,1,train,50.7,True,ELEVATED,2.1864,101.8213,113.1722,264.6673,126.9457,3.847,0.385
1e61073d6af7eac5,94.1016,24.1988,Manipur,Chandel,2015-08-01,1,train,60.65,True,ELEVATED,87.5269,125.9941,144.4806,388.0046,191.7988,3.247,0.325
6f8dedfb16c340c9,94.25,27.8776,Arunachal Pradesh,Upper Subansiri,2013-06-01,1,train,47.37,True,ELEVATED,4.1875,27.17,42.8353,269.8712,69.9681,1.007,0.101
5d29eac3db803a39,91.7356,26.1475,Assam,Kamrup,2012-06-02,1,val,46.68,False,NORMAL,5.8871,10.9118,11.0847,97.6941,27.4834,1.117,0.112
398ad4d1a90c6f27,93.487,24.9037,Manipur,Tamenglong,2013-09-01,1,train,35.48,False,NORMAL,0.1382,0.7133,43.2043,312.8482,63.6001,0.023,0.002
186f655dd46aa6c8,93.9827,25.4538,Manipur,Senapati,2015-07-22,1,train,51.15,True,ELEVATED,11.1686,43.9182,121.6747,310.5978,114.3481,1.414,0.141
3141328e6fd38528,94.3864,26.1147,Nagaland,Wokha,2013-07-01,1,val,47.83,True,ELEVATED,4.9907,22.5038,55.7386,149.1479,54.7114,1.509,0.151
f3b59da6028b6319,88.6236,27.3425,Sikkim,East,2007-09-10,1,test,56.18,True,ELEVATED,42.8509,96.2612,362.3848,811.7311,372.0036,1.186,0.119
e9b6159454d010ee,92.7239,24.5202,Assam,Hailakandi,2016-05-18,1,test,64.05,True,ELEVATED,182.6838,214.4782,260.3884,593.0526,274.4598,3.617,0.362
611916460dd86c12,93.5142,24.9818,Manipur,Tamenglong,2015-07-24,1,train,52.28,True,ELEVATED,19.657,41.3864,151.8718,388.43,141.5225,1.065,0.107
d4a0bcc6368d8776,91.7998,26.1985,Assam,Kamrup,2014-09-22,1,train,60.99,True,ELEVATED,90.2191,112.9435,128.2589,289.2668,162.8177,3.904,0.39
305f2cfd7ff9fb66,94.1139,25.6269,Nagaland,Kohima,2013-07-12,1,train,56.67,True,ELEVATED,39.6041,78.5802,150.4076,328.8984,176.0366,2.389,0.239
f3a17590074884e1,94.1139,25.6269,Nagaland,Kohima,2013-07-15,1,train,41.79,False,NORMAL,1.2757,10.4458,107.7485,338.1249,137.2484,0.309,0.031
6cd119923584db2b,94.0564,24.4279,Manipur,Chandel,2007-09-11,1,train,46.14,False,NORMAL,3.5299,21.6291,129.1356,233.4188,100.1814,0.927,0.093
122e6a17a5f43ef6,94.9275,26.8727,Nagaland,Mon,2013-08-16,1,train,54.81,True,ELEVATED,28.3837,60.5453,98.6434,346.8796,126.793,1.745,0.175
dccdb8d1a261ddb2,93.7273,27.0011,Assam,Lakhimpur,2010-09-10,1,val,55.52,True,ELEVATED,31.7536,72.628,121.0936,414.3595,144.2008,1.753,0.175
122fab367a8c4a2b,92.7463,23.7327,Mizoram,Aizawl,2014-07-14,1,train,54.52,True,ELEVATED,25.9242,47.9644,63.5873,224.3156,76.8713,2.138,0.214
207170d74f9a6cac,88.708,27.3721,Sikkim,East,2013-06-08,1,test,54.65,True,ELEVATED,19.1192,92.6699,202.4746,432.5423,222.8068,2.142,0.214
8385b2e5a977b617,90.5573,25.203,Meghalaya,South Garo Hills,2016-07-19,1,train,63.8,True,ELEVATED,149.0001,399.5124,551.1612,1601.8368,605.3016,2.494,0.249
eb2eed37a08a62f9,94.8158,26.1984,Nagaland,Tuensang,2010-08-19,1,test,51.58,True,ELEVATED,16.9139,38.6466,133.1707,414.2938,142.2878,0.933,0.093
a0cdc823adc90038,92.4943,24.4638,Assam,Karimganj,2016-05-18,1,val,64.69,True,ELEVATED,188.9328,228.1858,271.4377,532.4837,278.1656,4.285,0.429
d5c98ed6ce12909d,92.7413,23.7541,Mizoram,Aizawl,2010-09-13,1,train,50.51,True,ELEVATED,10.8912,40.2885,63.7369,402.4349,134.1744,1.001,0.1
27675a07de25e91e,94.803,26.0814,Nagaland,Tuensang,2010-08-14,1,train,49.84,True,ELEVATED,12.534,25.1979,45.8286,329.8034,88.6438,0.764,0.076
2e517f00f2a91034,94.1318,25.7902,Nagaland,Kohima,2016-07-10,1,train,45.16,False,NORMAL,3.5268,15.9689,82.442,306.1323,99.9832,0.522,0.052
f5b42479a06f9bae,93.4957,24.8961,Manipur,Tamenglong,2010-08-19,1,train,47.73,True,ELEVATED,9.8814,12.8467,42.8571,213.6626,53.4359,0.601,0.06
a857c9c7f5ebe240,93.9136,25.7428,Nagaland,Dimapur,2007-08-28,1,train,53.99,True,ELEVATED,23.81,56.0126,117.0766,341.2079,135.7316,1.642,0.164
18f4729e5ddd7509,92.7878,23.3572,Mizoram,Aizawl,2015-08-26,1,train,57.08,True,ELEVATED,27.5317,117.9506,208.6069,367.8323,195.7736,3.207,0.321
64f9fb81d4fe084f,94.116,25.6156,Nagaland,Kohima,2010-08-19,1,train,50.45,True,ELEVATED,15.0931,26.055,78.8364,341.3924,87.2126,0.763,0.076
801f5d017ea68a1f,94.8833,26.4333,Nagaland,Tuensang,2010-06-17,1,train,54.22,True,ELEVATED,18.7148,83.4113,182.5672,448.3348,192.4591,1.86,0.186
0aa116ae821cedf5,88.4909,27.2084,Sikkim,East,2007-09-11,1,test,57.73,True,ELEVATED,60.2345,115.7514,391.1474,844.8317,393.8876,1.37,0.137
46c57e3200245f52,91.7548,26.1314,Assam,Kamrup,2014-09-22,1,val,60.99,True,ELEVATED,90.2191,112.9435,128.2589,289.2668,162.8177,3.904,0.39
1d444272e53f8c82,94.1167,27.2333,Assam,Lakhimpur,2008-10-29,1,train,44.04,False,NORMAL,0.2297,27.3791,28.1757,141.5691,32.6273,1.934,0.193
9cb8003d229e7afe,92.6921,24.1293,Mizoram,Kolasib,2007-09-29,1,val,53.0,True,ELEVATED,14.6686,68.9897,69.8375,516.0739,113.9232,1.337,0.134
b26f52e5ac142386,94.0144,25.0356,Manipur,Senapati,2011-06-28,1,val,55.3,True,ELEVATED,22.3974,77.9006,109.1961,300.1388,127.5562,2.595,0.26
f7c4e4faae084ad3,94.1884,25.3833,Manipur,Senapati,2013-08-15,1,train,52.65,True,ELEVATED,14.1275,53.1392,72.662,280.3882,109.5172,1.895,0.19
ab5997c309f5c486,91.7042,26.1666,Assam,Kamrup,2015-09-23,1,train,57.44,True,ELEVATED,47.2928,58.6752,60.2839,187.5926,76.245,3.128,0.313
5adc9bab82ec7302,94.1383,25.48,Manipur,Senapati,2016-07-25,1,train,43.56,False,NORMAL,2.6438,10.2287,27.0574,292.158,71.2564,0.35,0.035
b7d83339dea78f30,92.9974,24.7979,Assam,Cachar,2015-07-22,1,train,60.12,True,ELEVATED,80.4473,133.0955,213.871,472.7592,244.897,2.815,0.282
2027777806b3f0ee,91.7082,26.1044,Assam,Kamrup,2014-09-22,1,val,59.77,True,ELEVATED,65.7547,108.5892,127.4545,305.8683,157.3616,3.55,0.355
fbf1922554318a32,93.8275,24.9336,Manipur,Senapati,2008-06-19,1,train,49.76,True,ELEVATED,9.9709,21.4982,46.4493,119.9509,55.9551,1.792,0.179
cf077a8369b4c06f,94.9731,26.4205,Nagaland,Mon,2013-08-16,1,train,57.25,True,ELEVATED,56.1356,77.4736,147.2549,443.5322,174.1058,1.747,0.175
679b0a37670c4278,93.6885,27.1034,Arunachal Pradesh,Papum Pare,2011-08-05,1,train,55.9,True,ELEVATED,37.2028,70.8329,107.0283,413.9096,143.1762,1.711,0.171
d6f6317769b9428a,93.0153,27.4888,Arunachal Pradesh,East Kameng,2011-08-15,1,val,54.35,True,ELEVATED,28.2766,56.815,61.4889,461.91,117.815,1.23,0.123
0d0e53980aed893e,94.3136,25.0118,Manipur,Ukhrul,2016-07-07,1,val,48.99,True,ELEVATED,7.8076,28.2725,89.2677,262.1401,90.9154,1.079,0.108
d4a633470c12ec91,95.1645,28.1193,Arunachal Pradesh,East Siang,2013-02-18,1,train,53.29,True,ELEVATED,11.541,13.8107,13.8107,20.187,13.9131,6.841,0.684
3cb36ef484cb9927,93.3729,25.1019,Manipur,Tamenglong,2015-08-11,1,train,44.58,False,NORMAL,0.0,66.157,88.1485,411.9138,126.304,1.606,0.161
9f83676796a67783,88.559,27.3773,Sikkim,East,2010-07-21,1,test,55.22,True,ELEVATED,32.6742,71.3765,133.5,501.2458,179.4596,1.424,0.142
4b2d9167bcf307d3,94.8133,26.2363,Nagaland,Tuensang,2010-07-06,1,test,53.79,True,ELEVATED,25.4108,50.2087,94.7442,359.6913,126.4684,1.396,0.14
619a161fadd40861,94.1051,25.6278,Nagaland,Kohima,2015-08-19,1,train,41.36,False,NORMAL,2.4875,3.4672,17.1416,157.1325,42.452,0.221,0.022
27f0fcf5dfb3b629,92.7142,23.7418,Mizoram,Aizawl,2010-09-13,1,train,50.51,True,ELEVATED,10.8912,40.2885,63.7369,402.4349,134.1744,1.001,0.1
4ff3ebb1eb0eddc7,91.7174,23.0137,Tripura,South Tripura,2014-08-14,1,train,36.04,False,NORMAL,0.0,0.0,0.0,0.0,0.0,0.0,0.0
6cbd9baf67bb5790,88.7628,27.3765,Sikkim,East,2013-06-27,1,test,51.37,True,ELEVATED,6.4798,88.5231,113.2037,547.6904,151.902,1.616,0.162
7bf046ae192c6ec2,94.9152,26.222,Nagaland,Tuensang,2010-08-14,1,test,53.56,True,ELEVATED,24.1468,49.551,79.4404,392.0192,119.329,1.264,0.126
cdeb500e659b4748,94.5163,26.0137,Nagaland,Zunheboto,2013-08-04,1,val,41.3,False,NORMAL,0.0,18.9144,33.2933,297.0366,67.7378,0.637,0.064
7fdec4cf6ec37dbe,91.7645,26.1407,Assam,Kamrup,2014-06-26,1,val,42.07,False,NORMAL,0.2501,19.1589,92.2253,204.621,81.7877,0.936,0.094
19a99c6d6e7c21ab,93.117,24.808,Assam,East Imphal,2011-09-06,1,val,57.98,True,ELEVATED,73.5134,77.6116,106.2998,490.7534,162.7806,1.581,0.158
431c481fc29351d2,88.4575,27.1344,Sikkim,South Sikkim,2009-08-20,1,test,57.19,True,ELEVATED,31.1071,160.5953,290.1626,768.9588,314.8124,2.088,0.209
31f89b2b49167315,90.215,25.5114,Meghalaya,West Garo Hills,2015-06-16,1,train,50.77,True,ELEVATED,16.1797,41.4785,287.398,995.1749,345.2396,0.417,0.042
f57cfc4582e223df,94.7861,25.8877,Nagaland,Tuensang,2010-07-06,1,train,51.53,True,ELEVATED,18.5063,32.0423,83.3468,337.9369,112.0148,0.948,0.095
3c58ba8a33bc3b0c,94.1072,25.6623,Nagaland,Kohima,2010-10-10,1,train,45.29,False,NORMAL,0.0,73.3218,92.8492,330.6028,116.7221,2.218,0.222
5c619ecae89e0b1b,91.3681,25.9611,Assam,Kamrup,2016-07-07,1,test,52.46,True,ELEVATED,23.446,34.4827,63.6792,374.7962,99.0849,0.92,0.092
a6107177b94d6c02,93.9161,24.7339,Manipur,West Imphal,2010-03-27,1,test,49.96,True,ELEVATED,9.4691,9.6452,9.6452,25.4457,11.3528,3.79,0.379
16235c041f652cb6,91.7665,26.1978,Assam,Kamrup,2010-04-20,1,train,57.44,True,ELEVATED,28.9444,85.7995,119.325,202.7015,112.3939,4.233,0.423
6acb195b47f932e3,94.3551,24.819,Manipur,Ukhrul,2015-07-31,1,val,54.17,True,ELEVATED,33.3951,42.3903,60.1273,327.268,116.9627,1.295,0.13
dd26486485cd280a,92.2121,25.463,Meghalaya,Jaintia Hills,2015-06-13,1,train,58.27,True,ELEVATED,57.5013,88.1214,162.2917,330.7792,163.7753,2.664,0.266
a4ae753ff1f1297b,94.4759,24.9111,Manipur,Ukhrul,2015-08-01,1,val,60.51,True,ELEVATED,85.5459,123.2649,141.3081,385.7425,188.6282,3.196,0.32
f29685af8b698e60,95.2253,27.8458,Assam,East Siang,2012-09-19,1,val,35.54,False,NORMAL,0.0,0.0,0.0,14.3884,1.6396,0.0,0.0
781670ffcc6c81e0,91.7599,23.8986,Tripura,West Tripura,2010-06-03,1,train,54.71,True,ELEVATED,42.1157,52.8212,196.8739,600.0956,239.6021,0.88,0.088
dead14799aac1978,93.8673,25.5265,Manipur,Senapati,2010-10-09,1,train,55.42,True,ELEVATED,10.9644,126.3673,146.7716,300.3552,155.6983,4.207,0.421
3779ba7481f192c2,91.8717,26.1062,Assam,Kamrup,2015-07-25,1,train,49.02,True,ELEVATED,3.9574,46.8027,70.2946,240.9556,94.0998,1.942,0.194
41f5ce779a0a3bf2,94.1399,25.4788,Manipur,Senapati,2010-10-09,1,train,57.88,True,ELEVATED,41.8844,96.1842,103.1976,321.8527,132.9506,2.988,0.299
c17eac1353189d16,88.1365,27.2644,Sikkim,West Sikkim,2009-08-19,1,train,59.5,True,ELEVATED,84.8386,106.6599,212.7524,460.9613,212.4754,2.314,0.231
8a437805544a1229,90.0896,25.5006,Meghalaya,West Garo Hills,2014-10-20,1,train,34.05,False,NORMAL,0.0,0.0,15.3568,640.3285,46.259,0.0,0.0
f41a14ffa116712c,91.7138,26.1662,Assam,Kamrup,2013-05-11,1,train,54.5,True,ELEVATED,18.4606,50.2481,63.1985,149.6784,70.892,3.357,0.336
667936e7d8d61a01,94.5234,25.8376,Nagaland,Zunheboto,2013-08-04,1,train,41.98,False,NORMAL,0.346,17.1131,30.3135,287.7245,60.7573,0.595,0.059
6d3920aa92128af1,94.4619,26.0481,Nagaland,Zunheboto,2013-08-04,1,val,41.3,False,NORMAL,0.0,18.9144,33.2933,297.0366,67.7378,0.637,0.064
08dd4a5eb18de9ba,91.8342,26.1324,Assam,Kamrup,2014-09-22,1,train,60.99,True,ELEVATED,90.2191,112.9435,128.2589,289.2668,162.8177,3.904,0.39
96bd54fad404672d,88.6458,27.1748,Sikkim,East,2012-06-07,1,train,44.92,False,NORMAL,2.1644,19.3849,65.179,224.8068,73.9695,0.862,0.086
a8555bb86a51a812,94.7844,25.8702,Nagaland,Tuensang,2016-07-28,1,train,49.95,True,ELEVATED,9.4501,33.5312,63.9436,314.513,87.248,1.066,0.107
e4f2fa5944f4f3e8,94.5224,26.0214,Nagaland,Zunheboto,2015-08-19,1,val,44.11,False,NORMAL,4.346,8.1863,41.5512,338.5426,76.1905,0.242,0.024
00701395f55e9b06,93.4251,24.7459,Manipur,Tamenglong,2015-08-11,1,train,44.63,False,NORMAL,0.0,67.6012,84.502,417.2915,130.276,1.62,0.162
c4daa2c7b793d5ae,92.3825,25.2568,Meghalaya,Jaintia Hills,2015-08-19,1,train,51.27,True,ELEVATED,16.6889,29.7262,41.1904,313.4858,76.7816,0.948,0.095
974abf22bb01889c,96.9262,27.8835,Arunachal Pradesh,Lohit,2015-08-16,1,test,51.78,True,ELEVATED,17.2,37.2,103.1,307.1,128.3624,1.211,0.121
cc3d2b06326de6cb,96.5316,28.0822,Arunachal Pradesh,Lohit,2016-05-01,1,train,55.47,True,ELEVATED,33.6899,94.4406,190.2926,876.3864,303.9057,1.078,0.108
ef18beeeb2d1f7b9,91.7056,26.1295,Assam,Kamrup,2014-09-22,1,val,60.99,True,ELEVATED,90.2191,112.9435,128.2589,289.2668,162.8177,3.904,0.39
d09fa66d91b7c1dc,88.3652,27.167,Sikkim,South Sikkim,2010-08-20,1,test,53.28,True,ELEVATED,8.9923,117.0167,138.9266,524.0574,176.3638,2.233,0.223
c8efd1a1b75a9fa1,94.1211,25.5718,Nagaland,Kohima,2010-08-21,1,train,55.39,True,ELEVATED,32.5909,60.2803,103.6041,313.6136,111.615,1.922,0.192
ca8c11a9efe8b924,94.5497,26.1807,Nagaland,Zunheboto,2013-08-04,1,train,42.14,False,NORMAL,0.0,27.6597,40.6293,338.9963,92.3381,0.816,0.082
c028303630cf57bd,88.7648,27.3746,Sikkim,East,2009-08-26,1,test,51.7,True,ELEVATED,21.0339,42.4046,148.2146,1006.6963,292.4946,0.421,0.042
29fa666ce9ae5545,91.8074,26.1963,Assam,Kamrup,2016-07-14,1,train,45.53,False,NORMAL,5.4633,9.6306,39.1995,157.0204,49.4577,0.613,0.061
84918c900a054ecb,88.6475,27.5509,Sikkim,North Sikkim,2010-07-21,1,test,57.38,True,ELEVATED,54.7892,100.8146,204.7012,710.6632,259.8216,1.419,0.142
f2d0d8044336259d,94.4703,25.6633,Nagaland,Phek,2010-10-08,1,train,50.38,True,ELEVATED,12.8836,26.0424,41.3277,237.6149,66.3661,1.096,0.11
31ebe904bf253c1e,88.4883,27.201,Sikkim,East,2007-09-07,1,test,62.77,True,ELEVATED,128.0914,234.6516,347.191,746.3582,392.238,3.144,0.314
4a1a7c2b72841a7d,91.8178,26.159,Assam,Kamrup,2014-09-22,1,train,60.99,True,ELEVATED,90.2191,112.9435,128.2589,289.2668,162.8177,3.904,0.39
0bc17b9978141760,91.25,26.3333,Assam,Barpeta,2008-10-29,1,train,46.87,False,NORMAL,0.0,42.406,42.406,74.4354,40.2198,5.697,0.57
e089a6b82e0f2293,95.029,26.72,Nagaland,Mon,2013-07-01,1,train,49.86,True,ELEVATED,11.3596,29.3246,115.7486,313.9475,121.0225,0.934,0.093
5d470d4e72499a1e,94.108,25.4192,Manipur,Senapati,2011-07-29,1,train,47.3,True,ELEVATED,10.2381,12.0823,72.6993,275.137,88.7312,0.439,0.044
711f9d9a6c068b0b,88.7323,27.3736,Sikkim,East,2013-09-07,1,test,59.28,True,ELEVATED,56.4342,149.3529,216.85,561.7652,238.7592,2.659,0.266
b7585260422f3c39,93.123,25.1718,Assam,North Cachar Hills,2009-08-27,1,train,54.41,True,ELEVATED,29.4385,44.7582,49.4157,263.346,80.2668,1.7,0.17
ce6a386f06eecf69,94.6024,25.426,Manipur,Ukhrul,2013-10-13,1,test,34.02,False,NORMAL,0.0,0.0,41.5309,144.9324,47.8279,0.0,0.0
c26f1b718d5a54e4,94.5238,26.0093,Nagaland,Zunheboto,2010-07-06,1,val,51.67,True,ELEVATED,19.6222,31.4362,81.9956,330.4752,110.2182,0.951,0.095
6b114649b8c17286,93.7525,27.1614,Arunachal Pradesh,Papum Pare,2013-09-02,1,train,57.03,True,ELEVATED,57.0678,83.2181,231.6806,623.9462,234.5798,1.334,0.133
7b9fc1274fa9b90f,91.6739,26.1868,Assam,Kamrup,2015-09-01,1,train,51.76,True,ELEVATED,12.4572,48.8701,64.9468,332.5517,117.5828,1.47,0.147
f478ae730b0675ba,94.2341,25.5162,Nagaland,Phek,2011-06-21,1,train,40.92,False,NORMAL,2.2594,3.5582,37.6193,222.1893,66.5649,0.16,0.016
4c21573255ffe097,88.632,27.7565,Sikkim,North Sikkim,2012-06-07,1,train,44.95,False,NORMAL,1.4444,23.7337,59.9637,183.1481,68.0423,1.296,0.13
738c9a5ee2f1111a,93.0038,26.5836,Assam,Nagaon,2011-07-24,1,train,47.22,True,ELEVATED,4.6754,25.667,68.6864,300.4827,97.2216,0.854,0.085
8afae5bdbbf62853,93.9667,25.1333,Manipur,Senapati,2007-08-31,1,val,52.96,True,ELEVATED,19.4573,47.782,101.9766,320.0138,125.3157,1.493,0.149
c01bd1314871310f,91.8506,25.5576,Meghalaya,East Khasi Hills,2007-08-26,1,train,54.25,True,ELEVATED,21.1449,55.1997,100.4936,236.3828,99.7502,2.335,0.234
d438d54575ca237e,94.3415,25.0634,Manipur,Ukhrul,2015-07-31,1,train,53.92,True,ELEVATED,31.8659,40.7794,57.6006,325.1176,114.1994,1.254,0.125
c040ca783430e6dd,93.9128,24.837,Manipur,West Imphal,2010-10-08,1,train,59.5,True,ELEVATED,47.9554,100.7487,101.974,219.9329,116.9711,4.581,0.458
8275c86e72e7f8e8,88.38,27.1499,Sikkim,South Sikkim,2007-07-16,1,test,57.04,True,ELEVATED,50.9689,82.1474,168.7194,478.6752,189.4298,1.716,0.172
b752e4f5c35aaab8,88.6115,27.1954,Sikkim,East,2009-09-17,1,train,56.36,True,ELEVATED,47.9739,68.9016,84.5308,494.1256,147.9394,1.394,0.139
b6b5271146b091cf,93.6884,27.1032,Arunachal Pradesh,Papum Pare,2011-07-19,1,train,56.1,True,ELEVATED,50.4146,60.4922,175.2414,433.3632,173.3104,1.396,0.14
7b350e2fb7e2addd,91.2698,25.4916,Meghalaya,West Khasi Hills,2010-06-28,1,val,66.37,True,ELEVATED,275.9929,682.1832,960.6376,2763.7385,1179.9877,2.468,0.247
e175f51f0b419a73,88.2255,27.1386,Sikkim,West Sikkim,2011-08-23,1,train,48.38,True,ELEVATED,7.216,30.7433,77.029,526.8452,147.6652,0.584,0.058
31627d702ecabb5b,94.0,27.163,Assam,Lakhimpur,2008-08-14,1,train,43.95,False,NORMAL,0.6088,33.4431,41.9254,389.3754,110.2077,0.859,0.086
f7e30373333f71da,91.7697,26.1619,Assam,Kamrup,2014-06-27,1,train,50.84,True,ELEVATED,18.99,22.0396,100.3487,219.3289,92.4174,1.005,0.1
9306e7207fa96266,93.9877,25.0604,Manipur,Senapati,2007-09-08,1,val,52.9,True,ELEVATED,7.3226,86.9379,111.3474,266.6229,118.8664,3.261,0.326
21833b8cdd5be071,92.3567,25.0951,Meghalaya,Jaintia Hills,2012-06-13,1,train,41.84,False,NORMAL,0.2043,22.7384,48.8647,451.9616,129.027,0.503,0.05
ad4ca3b8b4692ccc,92.9064,27.2743,Arunachal Pradesh,East Kameng,2011-07-16,1,train,54.6,True,ELEVATED,16.304,94.5569,143.8732,391.0672,164.1146,2.418,0.242
f813fc7a7d574435,89.9032,25.7238,Assam,West Garo Hills,2014-09-23,1,train,64.15,True,ELEVATED,48.6773,497.9026,526.8352,700.682,494.3973,7.106,0.711
a21f6de403b8bb6d,93.9854,25.5007,Manipur,Senapati,2015-07-22,1,train,51.15,True,ELEVATED,11.1686,43.9182,121.6747,310.5978,114.3481,1.414,0.141
ce299a9eef47585b,93.125,24.3069,Manipur,Churachandpur,2010-09-16,1,val,53.39,True,ELEVATED,22.1912,57.2549,99.8827,508.6535,164.292,1.126,0.113
4d65b096cf813db0,94.1057,25.6263,Nagaland,Kohima,2015-08-20,1,train,46.88,False,NORMAL,7.7458,11.0668,20.2866,157.8685,45.6554,0.701,0.07
bd816c47b9c67401,93.6086,27.0869,Arunachal Pradesh,Papum Pare,2014-08-17,1,train,46.56,False,NORMAL,0.3633,93.5674,178.4124,429.2356,179.4015,2.18,0.218
dab906452c99f199,93.0514,23.8447,Mizoram,Aizawl,2015-08-26,1,train,56.16,True,ELEVATED,23.7168,106.2203,191.0542,375.6183,189.4196,2.828,0.283
addff0249da88b0b,91.8666,25.5772,Meghalaya,East Khasi Hills,2014-09-23,1,train,60.13,True,ELEVATED,55.0377,158.7408,253.1788,412.5669,234.3838,3.848,0.385
80bb7c4bb0768603,92.0757,25.5498,Meghalaya,East Khasi Hills,2012-06-13,1,test,40.93,False,NORMAL,0.0,12.4519,16.348,116.5737,38.6084,1.068,0.107
86d1aee9fbbd06a5,93.5444,24.8142,Manipur,Tamenglong,2012-06-10,1,train,49.59,True,ELEVATED,12.2125,27.2628,111.47,438.1114,140.9553,0.622,0.062
a99574c821a471dc,88.2426,27.3425,Sikkim,West Sikkim,2013-09-01,1,train,41.35,False,NORMAL,1.8149,6.1964,112.0781,288.8518,108.1464,0.215,0.021
20c026486dd58df1,92.801,25.0477,Assam,Cachar,2010-07-25,1,val,43.77,False,NORMAL,0.0,47.1279,68.7268,331.7076,98.7169,1.421,0.142
78c38b2ef0ecb2f7,94.0462,25.7022,Nagaland,Kohima,2010-08-13,1,train,48.39,True,ELEVATED,12.1535,14.1217,15.2881,303.1204,60.8216,0.466,0.047
4dc6ed2eaf26b743,94.5247,26.3185,Nagaland,Mokokchung,2016-06-14,1,train,48.7,True,ELEVATED,8.2713,24.5679,52.808,326.961,74.9753,0.751,0.075
4e83d7af467a6f28,91.7896,26.1844,Assam,Kamrup,2014-06-26,1,train,42.07,False,NORMAL,0.2501,19.1589,92.2253,204.621,81.7877,0.936,0.094
6abc33f14d790bb9,94.0691,24.2451,Manipur,Chandel,2007-09-10,1,train,48.1,True,ELEVATED,6.3093,25.4905,129.105,226.0461,107.6397,1.128,0.113
5edef54ce9994efd,94.1136,25.6237,Nagaland,Kohima,2015-08-12,1,train,47.19,True,ELEVATED,3.3096,31.1048,62.1346,264.5815,76.565,1.176,0.118
c84a98d64c57d327,88.3651,27.1675,Sikkim,South Sikkim,2012-09-16,1,test,52.55,True,ELEVATED,14.6126,62.9292,236.04,417.3804,197.849,1.508,0.151
b51bc02a9abc6216,94.0644,24.4072,Manipur,Chandel,2015-08-01,1,train,60.64,True,ELEVATED,87.3967,125.8064,144.2682,387.9936,191.6314,3.242,0.324
c9639e9c8c4d0073,92.694,23.7527,Mizoram,Aizawl,2010-09-16,1,train,53.56,True,ELEVATED,22.7779,55.6202,97.7079,436.8616,147.6292,1.273,0.127
421a209a31044465,94.25,26.138,Nagaland,Wokha,2008-08-19,1,test,46.86,False,NORMAL,6.2298,16.7956,41.5339,299.3533,80.5925,0.561,0.056
21fa573e955cd649,94.0573,23.9939,Manipur,Chandel,2015-08-01,1,train,60.66,True,ELEVATED,87.598,126.0972,144.5968,388.0002,191.8873,3.25,0.325
5ef323abfd394d5f,91.7214,26.4935,Assam,Kamrup,2015-09-01,1,train,55.73,True,ELEVATED,23.335,95.7021,156.6705,374.0342,172.1112,2.559,0.256
17551074a31e54a5,94.1066,25.67,Nagaland,Kohima,2008-08-29,1,train,49.36,True,ELEVATED,15.9346,17.4446,44.3354,413.6263,97.6931,0.422,0.042
6f8e9acb51f2113f,93.8443,24.9356,Manipur,Senapati,2010-07-31,1,train,54.87,True,ELEVATED,29.7022,62.4326,140.6191,370.0341,153.0725,1.687,0.169
c87d756f5495d013,93.5039,24.7543,Manipur,Tamenglong,2010-06-07,1,train,51.58,True,ELEVATED,15.0989,34.2299,67.9192,234.7766,88.5811,1.458,0.146
aaa2ea46f86dd831,92.7362,23.7131,Mizoram,Aizawl,2015-06-19,1,train,52.52,True,ELEVATED,6.2174,91.4198,103.0424,279.5732,135.1169,3.27,0.327
b31fc45650999a12,94.9439,26.3897,Nagaland,Mon,2013-08-16,1,train,57.25,True,ELEVATED,56.1356,77.4736,147.2549,443.5322,174.1058,1.747,0.175
eb824659ac8c98e0,92.3807,25.1416,Meghalaya,Jaintia Hills,2015-08-19,1,train,51.27,True,ELEVATED,16.6889,29.7262,41.1904,313.4858,76.7816,0.948,0.095
176c036f1972f1a3,92.7212,23.7348,Mizoram,Aizawl,2009-10-05,1,train,42.72,False,NORMAL,4.064,4.3184,4.7774,280.022,57.0124,0.154,0.015
7a17eb9aaf16da75,91.7825,26.1961,Assam,Kamrup,2016-06-22,1,train,47.95,True,ELEVATED,7.799,19.4997,54.7966,235.9578,87.1171,0.826,0.083
71eb294487b6fd15,92.3636,25.0728,Meghalaya,Jaintia Hills,2015-08-19,1,train,49.69,True,ELEVATED,12.9105,26.0113,62.0777,423.404,129.1664,0.614,0.061
60dcd849db279660,92.7187,23.7313,Mizoram,Aizawl,2015-09-14,1,train,37.77,False,NORMAL,0.0,4.1823,12.2713,407.545,62.3794,0.103,0.01
9da966c2773f672c,88.609,27.337,Sikkim,East,2008-08-28,1,test,60.47,True,ELEVATED,88.1646,169.7778,266.5234,762.7962,309.25,2.226,0.223
438f79e071171ce6,88.6087,27.322,Sikkim,East,2010-04-17,1,test,51.51,True,ELEVATED,20.9947,27.6385,96.7794,308.6311,110.7073,0.896,0.09
922f0d26b718fa1a,95.8776,28.4298,Arunachal Pradesh,Lower Dibang Valley,2010-05-31,1,val,39.4,False,NORMAL,1.034,3.3065,25.4067,296.624,61.3482,0.111,0.011
0c342d4df4dd88cf,92.7264,24.5204,Assam,Hailakandi,2016-05-18,1,test,64.05,True,ELEVATED,182.6838,214.4782,260.3884,593.0526,274.4598,3.617,0.362
50174c9484d46795,92.6351,27.0136,Assam,West Kameng,2016-07-01,1,train,55.06,True,ELEVATED,30.2245,60.0002,79.7698,327.6976,122.0349,1.831,0.183
9f37365d46bf1e5f,88.5577,27.7167,Sikkim,North Sikkim,2012-06-03,1,test,47.92,True,ELEVATED,5.2386,22.8449,53.2632,157.1764,57.7797,1.453,0.145
151bb729216fcf87,93.6287,27.0998,Arunachal Pradesh,Papum Pare,2008-06-14,1,train,60.67,True,ELEVATED,79.9929,122.5535,159.5273,329.7888,175.9062,3.716,0.372
8a2b177fad44f92a,91.7599,26.1771,Assam,Kamrup,2013-05-11,1,train,54.5,True,ELEVATED,18.4606,50.2481,63.1985,149.6784,70.892,3.357,0.336
103872148103d159,95.4993,26.9986,Arunachal Pradesh,Tirap,2012-06-25,1,train,48.77,True,ELEVATED,3.394,54.5669,101.2144,314.3912,116.3107,1.736,0.174
77987463bbabd5bf,93.8067,25.7713,Nagaland,Dimapur,2011-08-13,1,train,55.23,True,ELEVATED,40.0999,43.077,73.5117,240.3708,89.7732,1.792,0.179
ca141b4f04b6d939,93.0515,27.8837,Arunachal Pradesh,Kurung Kumey,2013-08-01,1,train,40.45,False,NORMAL,0.2913,11.208,68.5499,423.0963,92.1641,0.265,0.026
b34d5a56c05412ed,93.9482,24.8063,Manipur,East Imphal,2011-07-06,1,train,50.76,True,ELEVATED,12.1399,35.2413,92.2518,285.6766,109.295,1.234,0.123
c78477f8db08032e,92.8416,22.7176,Mizoram,Lunglei,2010-09-13,1,test,51.88,True,ELEVATED,6.8957,103.826,157.0452,573.359,210.2915,1.811,0.181
6d4128e7a4a5c7f9,92.8,27.7,Arunachal Pradesh,West Kameng,2009-08-12,1,train,50.05,True,ELEVATED,16.5343,25.0558,46.0182,611.2121,161.5381,0.41,0.041
53e7b1eb66f2c483,93.8794,25.5098,Manipur,Senapati,2015-07-22,1,train,51.15,True,ELEVATED,11.1686,43.9182,121.6747,310.5978,114.3481,1.414,0.141
ddaf98672422a96c,94.4182,24.8628,Manipur,Ukhrul,2009-08-30,1,val,41.36,False,NORMAL,1.4216,6.5245,20.8316,226.6052,64.2221,0.288,0.029
441b53b75492662a,93.5027,24.9786,Manipur,Tamenglong,2010-07-29,1,train,55.79,True,ELEVATED,31.3712,67.5353,84.4773,295.4572,114.312,2.286,0.229
62fbaa18a0dec6d2,92.8339,25.2946,Assam,North Cachar Hills,2007-08-26,1,test,54.7,True,ELEVATED,21.3032,77.6542,116.3911,392.7716,135.9552,1.977,0.198
c09cb53bd0b1b78a,91.7162,26.1226,Assam,Kamrup,2012-06-22,1,val,48.62,True,ELEVATED,10.8597,16.131,37.7378,190.8457,61.5282,0.845,0.085
3cd72894cc4a37ee,91.893,25.583,Meghalaya,East Khasi Hills,2015-09-23,1,train,58.41,True,ELEVATED,64.587,104.6766,158.7628,572.7589,186.7979,1.828,0.183
eb9761557474debd,92.3814,24.6005,Assam,Karimganj,2010-06-03,1,val,53.25,True,ELEVATED,16.5567,71.3993,112.1948,490.296,183.2326,1.456,0.146
6dbb9db05ff3a0f3,91.8569,27.5799,Arunachal Pradesh,Tawang,2016-04-22,1,train,58.98,True,ELEVATED,37.0514,97.1854,122.1891,191.4486,120.0157,5.076,0.508
eba18945918d7d11,91.9754,27.5754,Arunachal Pradesh,Tawang,2016-08-05,1,train,40.01,False,NORMAL,0.249,8.3168,15.2438,239.7786,58.2538,0.347,0.035
6194f895fc856de2,92.2833,27.44,Arunachal Pradesh,West Kameng,2011-08-12,1,train,38.86,False,NORMAL,1.4936,1.4936,10.6242,212.059,42.7818,0.07,0.007
fb74fa340bd03db2,94.5438,26.2083,Nagaland,Zunheboto,2013-08-04,1,train,42.14,False,NORMAL,0.0,27.6597,40.6293,338.9963,92.3381,0.816,0.082
6cf58a56ead23aae,93.9784,24.6596,Manipur,Thoubal,2008-06-09,1,test,49.9,True,ELEVATED,12.0674,18.2352,20.5414,136.1667,32.7393,1.339,0.134
5e517a0f674572ec,94.1497,25.8266,Nagaland,Kohima,2013-10-05,1,train,50.86,True,ELEVATED,15.2145,23.1008,31.6204,162.1349,59.4665,1.425,0.142
3d0c71898a2aa8eb,91.7702,26.1768,Assam,Kamrup,2016-07-14,1,train,45.53,False,NORMAL,5.4633,9.6306,39.1995,157.0204,49.4577,0.613,0.061
915f03f5397cc7c7,93.3497,27.8997,Arunachal Pradesh,Kurung Kumey,2010-04-02,1,test,56.2,True,ELEVATED,25.3047,80.8037,147.2298,242.5413,134.0601,3.332,0.333
850e59406854d348,92.7175,23.7281,Mizoram,Aizawl,2013-05-11,1,train,55.99,True,ELEVATED,24.6138,74.8912,158.649,218.8305,135.049,3.422,0.342
09d1015604b8dded,93.686,25.16,Manipur,Tamenglong,2015-06-19,1,train,41.14,False,NORMAL,0.4324,9.3422,31.1616,114.8102,41.948,0.814,0.081
260522469cacd394,92.2897,25.3433,Meghalaya,Jaintia Hills,2010-05-11,1,train,50.72,True,ELEVATED,15.7954,29.9553,61.695,452.8482,112.2011,0.661,0.066
14dacd88e1151f47,91.6906,26.1016,Assam,Kamrup,2013-05-11,1,val,53.21,True,ELEVATED,10.4089,59.6601,89.8255,174.4008,87.4244,3.421,0.342
38d8b77b44757a4c,92.6755,24.2315,Mizoram,Kolasib,2013-05-07,1,val,48.23,True,ELEVATED,3.9207,19.6246,32.8018,65.2773,30.6565,3.006,0.301
8fbb50de9baff18f,91.763,26.1965,Assam,Kamrup,2010-04-20,1,train,57.44,True,ELEVATED,28.9444,85.7995,119.325,202.7015,112.3939,4.233,0.423
83bf0b3bd95e7fb8,91.8806,26.1028,Assam,Kamrup,2015-08-22,1,train,46.87,False,NORMAL,2.8567,34.0049,135.3735,274.6264,115.6688,1.238,0.124
6294bcda1de41b02,94.564,26.0838,Nagaland,Zunheboto,2013-08-04,1,test,41.3,False,NORMAL,0.0,18.9144,33.2933,297.0366,67.7378,0.637,0.064
4a7980ad431f1f7b,92.6724,24.042,Mizoram,Kolasib,2015-08-27,1,test,59.15,True,ELEVATED,65.5222,114.6723,213.817,421.3241,225.4883,2.722,0.272
fefd9acfec5b1aed,93.7145,27.125,Arunachal Pradesh,Papum Pare,2011-07-15,1,train,59.09,True,ELEVATED,72.2925,95.4139,110.6675,375.936,153.5276,2.538,0.254
c508e24ff3c8dcf1,96.1509,28.8254,Arunachal Pradesh,Upper Dibang Valley,2013-04-07,1,train,49.12,True,ELEVATED,3.4624,56.1906,75.0822,276.3774,110.1031,2.033,0.203
b67bc68577946e0b,94.0984,24.416,Manipur,Chandel,2015-08-01,1,train,60.64,True,ELEVATED,87.3967,125.8064,144.2682,387.9936,191.6314,3.242,0.324
0109faacc161797c,94.1327,25.4786,Manipur,Senapati,2010-08-27,1,train,49.75,True,ELEVATED,13.4204,25.3497,150.4342,346.9062,140.8026,0.731,0.073
f93bd58647e319ef,88.4451,27.4885,Sikkim,North Sikkim,2011-06-17,1,train,51.64,True,ELEVATED,16.4895,33.0266,52.1332,264.4737,84.8,1.249,0.125
2c3d7db13615ebbc,94.1739,25.8782,Nagaland,Kohima,2011-07-01,1,train,43.36,False,NORMAL,2.2721,11.2208,87.9906,269.8616,87.628,0.416,0.042
ead122a3ffd94f7a,88.3664,27.1695,Sikkim,South Sikkim,2016-10-15,1,test,44.23,False,NORMAL,0.0,58.4056,117.1874,384.139,123.0868,1.52,0.152
564c3b7c12935945,92.4584,25.0318,Assam,Cachar,2015-03-19,1,train,35.43,False,NORMAL,0.0,0.0,0.0,20.2755,2.3126,0.0,0.0
646b0e07e3336685,94.9829,28.611,Arunachal Pradesh,Upper Siang,2013-09-02,1,test,52.9,True,ELEVATED,8.9927,80.4249,135.8997,293.361,122.5564,2.741,0.274
2ca917e01f8d26fc,93.3783,23.5397,Mizoram,Champhai,2016-07-28,1,train,36.04,False,NORMAL,0.0,0.0,0.0,0.0,0.0,0.0,0.0
d31dbfca1645fb04,91.7369,26.1049,Assam,Kamrup,2012-06-25,1,val,53.44,True,ELEVATED,27.6539,33.6642,55.3532,218.6605,77.277,1.54,0.154
920c2315ca7181ec,96.1517,28.8254,Arunachal Pradesh,Upper Dibang Valley,2012-06-02,1,train,36.04,False,NORMAL,0.0,0.0,0.0,0.0,0.0,0.0,0.0
c9c9911b284ba6b6,93.0385,27.36,Arunachal Pradesh,East Kameng,2015-07-15,1,train,61.16,True,ELEVATED,118.9094,120.5791,122.679,445.8882,167.473,2.704,0.27
a58f7f07fb1937ca,91.8383,26.1309,Assam,Kamrup,2013-10-06,1,train,54.9,True,ELEVATED,29.8849,43.299,47.6036,175.0934,78.7089,2.473,0.247
41c7716abd87e9ac,95.4112,28.3036,Arunachal Pradesh,East Siang,2010-09-09,1,train,53.36,True,ELEVATED,21.016,46.1293,90.1491,270.4125,101.0914,1.706,0.171
8410b64d865f32f8,93.8474,25.1555,Manipur,Senapati,2011-05-31,1,val,49.99,True,ELEVATED,8.4944,29.7686,58.2697,171.0583,63.6487,1.74,0.174
326055d306211028,94.0212,25.2745,Manipur,Senapati,2010-10-08,1,train,58.82,True,ELEVATED,56.5396,90.1066,95.9536,278.0884,122.4938,3.24,0.324
8879f72a9fe983f0,92.7106,23.735,Mizoram,Aizawl,2010-09-13,1,train,50.51,True,ELEVATED,10.8912,40.2885,63.7369,402.4349,134.1744,1.001,0.1
16ba5b0c4cc9bac5,92.8551,25.0888,Assam,North Cachar Hills,2011-05-24,1,val,58.07,True,ELEVATED,59.9792,98.8922,312.5443,455.1614,271.2707,2.173,0.217
8ece00c3ce1b80fc,88.6188,27.3392,Sikkim,East,2010-08-27,1,test,59.63,True,ELEVATED,70.5605,159.861,277.785,731.0438,319.1126,2.187,0.219
ddc0490390b4fff8,93.0748,23.3439,Mizoram,Champhai,2010-09-13,1,train,51.25,True,ELEVATED,9.3739,64.8739,91.7675,531.731,177.8074,1.22,0.122
6b6abb4654ccddd4,90.2191,25.5084,Meghalaya,West Garo Hills,2015-06-16,1,train,50.77,True,ELEVATED,16.1797,41.4785,287.398,995.1749,345.2396,0.417,0.042
69ff628a6c80081d,94.693,26.7103,Nagaland,Mokokchung,2013-08-11,1,val,53.51,True,ELEVATED,26.7422,48.2623,145.2804,461.772,149.9526,1.045,0.105
aff721833bd1b00b,88.6428,27.3543,Sikkim,East,2010-05-31,1,test,54.74,True,ELEVATED,23.7938,59.5839,93.4937,251.1325,113.0538,2.373,0.237
34c0f79164486fa6,93.4108,24.7679,Manipur,Tamenglong,2010-10-08,1,train,58.47,True,ELEVATED,33.8321,91.1272,91.1272,189.9226,101.7851,4.798,0.48
8dff04db6bbe3c60,94.6219,25.72,Nagaland,Phek,2015-08-02,1,train,43.49,False,NORMAL,1.3097,16.929,21.0545,290.6369,71.4699,0.582,0.058
60574daf2e06ca9d,94.5282,26.0101,Nagaland,Zunheboto,2016-07-26,1,val,52.03,True,ELEVATED,20.4471,32.8168,54.2956,319.9675,95.7166,1.026,0.103
6a5f3838e4dbf277,94.1076,25.682,Nagaland,Kohima,2010-10-09,1,train,58.34,True,ELEVATED,54.9475,90.3362,92.8492,336.468,129.9674,2.685,0.268
0c289c4c2f12b82a,92.7187,23.7348,Mizoram,Aizawl,2015-09-14,1,train,37.77,False,NORMAL,0.0,4.1823,12.2713,407.545,62.3794,0.103,0.01
1355ea8fa046b395,90.5549,25.2193,Meghalaya,South Garo Hills,2015-08-19,1,train,70.64,True,ELEVATED,568.7945,1125.3584,1666.8672,2312.5793,1496.5033,4.866,0.487
510bf756eb88cc33,91.8644,27.5748,Arunachal Pradesh,Tawang,2016-07-28,1,train,48.7,True,ELEVATED,7.138,30.6594,66.0614,362.8282,105.6378,0.845,0.085
b7a12b20ea9a6ea2,94.0441,25.318,Manipur,Senapati,2013-08-09,1,train,45.79,False,NORMAL,0.8403,49.2691,93.2761,314.8024,105.6771,1.565,0.157
be64657e55df83af,93.5291,24.7016,Manipur,Tamenglong,2015-08-11,1,train,44.63,False,NORMAL,0.0,67.6012,84.502,417.2915,130.276,1.62,0.162
09624f4bad418f02,92.8025,25.0633,Assam,Cachar,2010-06-16,1,val,48.9,True,ELEVATED,9.5797,25.377,46.3262,362.0772,117.9583,0.701,0.07
a3051ef34ad33533,94.1095,25.6703,Nagaland,Kohima,2011-07-11,1,train,53.36,True,ELEVATED,31.0422,31.613,55.2052,254.4756,88.5458,1.242,0.124
d762e7131466de33,94.04,25.705,Nagaland,Kohima,2008-08-07,1,train,49.31,True,ELEVATED,11.3584,27.1295,129.0894,439.9324,155.3821,0.617,0.062
08bc1c6eb5624696,94.5121,26.3186,Nagaland,Mokokchung,2011-06-20,1,train,47.53,True,ELEVATED,9.7661,12.4732,19.8925,258.3682,56.8965,0.483,0.048
bc3db1e67608559b,94.3591,25.1122,Manipur,Ukhrul,2015-08-01,1,train,60.34,True,ELEVATED,83.2733,120.1193,137.654,383.016,184.9771,3.136,0.314
b2bd81ba69de45c6,94.8885,28.9986,Arunachal Pradesh,Upper Siang,2012-07-05,1,train,36.04,False,NORMAL,0.0,0.0,0.0,0.0,0.0,0.0,0.0
f73c42ee23b50ae5,88.497,27.2319,Sikkim,East,2010-08-26,1,test,58.22,True,ELEVATED,64.7636,110.4152,215.7373,664.568,276.3614,1.661,0.166
744c42534c59be88,95.0283,26.7215,Nagaland,Mon,2010-07-19,1,train,56.81,True,ELEVATED,43.5513,94.0983,165.9316,583.5469,200.6319,1.613,0.161
214f2a09e9f24e84,88.2816,27.2872,Sikkim,South Sikkim,2007-09-18,1,train,48.94,True,ELEVATED,10.6428,25.53,67.3805,473.1137,155.6476,0.54,0.054
87ff718e450098df,92.7146,23.7365,Mizoram,Aizawl,2010-08-06,1,train,55.22,True,ELEVATED,40.9489,56.9526,124.1416,451.187,180.5467,1.262,0.126
99277702a3755b77,92.5217,23.7705,Mizoram,Mamit,2012-11-11,1,train,36.02,False,NORMAL,0.0,0.0,0.0,0.9057,0.0437,0.0,0.0
364b51078900979b,94.6055,26.1498,Nagaland,Zunheboto,2013-08-04,1,test,42.14,False,NORMAL,0.0,27.6597,40.6293,338.9963,92.3381,0.816,0.082
dd651632f0a29ddf,94.8422,26.148,Nagaland,Tuensang,2010-08-14,1,train,52.12,True,ELEVATED,19.0467,38.312,69.3661,370.9735,110.1139,1.033,0.103
3c6a9478644a8085,90.2167,25.5144,Meghalaya,West Garo Hills,2011-08-16,1,train,57.28,True,ELEVATED,48.9482,80.4078,93.4121,384.7054,143.4295,2.09,0.209
ce09a2ce4b935f74,91.27,25.52,Meghalaya,West Khasi Hills,2007-09-11,1,val,58.59,True,ELEVATED,33.5798,314.1306,1020.85,1410.9288,843.1212,2.226,0.223
22288efb7a6aca11,91.7652,26.1964,Assam,Kamrup,2014-06-28,1,train,54.62,True,ELEVATED,29.1107,48.3508,122.4452,233.872,111.6688,2.067,0.207
010750a5b7cb92a7,94.1913,24.4265,Manipur,Chandel,2015-08-01,1,train,60.66,True,ELEVATED,87.6,126.1,144.6,388.0,191.8897,3.25,0.325
1141bfd656d59ed0,92.715,23.7299,Mizoram,Aizawl,2010-09-13,1,train,50.51,True,ELEVATED,10.8912,40.2885,63.7369,402.4349,134.1744,1.001,0.1
9698f44e8026ab82,91.8,26.1833,Assam,Kamrup,2007-09-13,1,train,42.45,False,NORMAL,2.1081,10.367,172.3834,530.76,189.0066,0.195,0.02
655f967bdb344e20,88.35,27.1667,Sikkim,South Sikkim,2007-09-09,1,test,52.52,True,ELEVATED,14.5932,63.879,231.8368,438.9348,211.5758,1.455,0.146
0ef1b68e3850d1db,91.8587,25.9702,Meghalaya,Ri-Bhoi,2014-10-05,1,train,33.81,False,NORMAL,0.0,0.0,1.9327,366.9796,79.5452,0.0,0.0
683178440e54fe3f,88.633,27.7344,Sikkim,North Sikkim,2011-08-25,1,train,47.82,True,ELEVATED,5.8756,27.653,67.172,395.6886,108.7894,0.699,0.07
6b5dd8f9aeb85bf6,88.6065,27.339,Sikkim,East,2012-06-14,1,test,50.58,True,ELEVATED,11.0573,40.2235,168.721,343.6402,151.3722,1.171,0.117
73dfd9ff62cbf50d,94.1192,25.4993,Manipur,Senapati,2007-09-09,1,train,47.36,True,ELEVATED,6.7667,21.7121,90.389,435.0429,132.9459,0.499,0.05
853ef89c7f5aefad,90.232,25.5212,Meghalaya,West Garo Hills,2007-07-27,1,train,67.47,True,ELEVATED,265.735,479.314,586.2523,914.8768,614.5578,5.239,0.524
05f078414edb9c1f,94.0906,23.9278,Manipur,Chandel,2015-08-01,1,train,60.66,True,ELEVATED,87.598,126.0972,144.5968,388.0002,191.8873,3.25,0.325
95f5bb23f3f8be83,93.55,24.9667,Manipur,Tamenglong,2007-08-26,1,train,42.48,False,NORMAL,2.4731,5.5863,32.8127,109.016,42.6256,0.512,0.051
53a5ed22959ab599,93.0123,25.1775,Assam,North Cachar Hills,2012-06-03,1,val,55.65,True,ELEVATED,20.1204,70.5434,91.8043,188.921,98.2053,3.734,0.373
b575d15d4b6f1ca4,93.1265,25.3056,Assam,North Cachar Hills,2012-06-03,1,val,54.94,True,ELEVATED,13.4096,54.5807,63.6891,109.3146,64.4091,4.993,0.499
3269a9a2175d9542,94.4481,25.1941,Manipur,Ukhrul,2015-08-01,1,train,58.66,True,ELEVATED,63.3883,92.6399,105.7404,360.2888,153.241,2.571,0.257
c20ef10c247295bc,94.1054,25.4196,Manipur,Senapati,2010-07-29,1,train,55.8,True,ELEVATED,28.9466,81.7285,109.6771,371.5266,155.0799,2.2,0.22
58e868dae57723f4,94.13,25.83,Nagaland,Kohima,2011-08-18,1,train,40.12,False,NORMAL,0.0,12.5211,66.3563,290.4926,80.7363,0.431,0.043
f21b93397e8e2687,93.4946,24.9926,Manipur,Tamenglong,2013-05-12,1,train,51.36,True,ELEVATED,10.9963,44.7667,117.3557,250.3347,124.5923,1.788,0.179
234d9d9ec7093dc5,92.8112,23.4495,Mizoram,Serchhip,2015-08-28,1,val,46.11,False,NORMAL,0.0,115.5435,269.0008,479.5132,246.4602,2.41,0.241
1757b4c31e58f609,93.948,24.7992,Manipur,East Imphal,2011-07-22,1,train,41.2,False,NORMAL,0.8112,8.9617,50.0046,261.4096,64.6287,0.343,0.034
331f176b07b5533e,91.7049,26.1665,Assam,Kamrup,2013-10-06,1,train,54.9,True,ELEVATED,29.8849,43.299,47.6036,175.0934,78.7089,2.473,0.247
c536bfe2c4a41c85,94.5512,26.3335,Nagaland,Mokokchung,2010-06-15,1,train,55.35,True,ELEVATED,29.6644,57.2429,82.7889,240.0188,103.3713,2.385,0.238
447e29fc7b5cc868,94.2156,24.954,Manipur,Ukhrul,2015-08-01,1,train,60.34,True,ELEVATED,83.2733,120.1193,137.654,383.016,184.9771,3.136,0.314
725529e752b87166,93.0083,25.1796,Assam,North Cachar Hills,2010-10-09,1,val,59.3,True,ELEVATED,60.0646,91.8744,94.7073,255.8308,116.5163,3.591,0.359
8e530b9b6e49e1d5,94.1162,25.4379,Manipur,Senapati,2007-10-19,1,train,45.88,False,NORMAL,1.8216,29.281,103.6337,193.2069,88.959,1.516,0.152
1f8296c16fdb420e,94.0132,25.7055,Nagaland,Kohima,2007-10-16,1,train,55.64,True,ELEVATED,20.1467,66.4475,76.9678,173.3017,87.4306,3.834,0.383
5620dda6cacddb4c,93.804,27.3034,Arunachal Pradesh,Papum Pare,2016-07-16,1,train,61.58,True,ELEVATED,115.3471,187.7947,308.7623,765.963,338.0926,2.452,0.245
2d7364bfc0648178,95.4149,28.3092,Arunachal Pradesh,East Siang,2010-10-03,1,train,35.8,False,NORMAL,0.0,1.3369,18.9281,388.2404,69.6887,0.034,0.003
1026169495dd60a7,88.6463,27.6047,Sikkim,North Sikkim,2013-09-08,1,test,50.24,True,ELEVATED,4.4403,78.047,127.2749,420.2062,152.6635,1.857,0.186
598a3f153141d537,93.1658,25.2269,Assam,North Cachar Hills,2010-06-15,1,train,52.71,True,ELEVATED,18.795,43.3816,82.1716,285.908,110.4184,1.517,0.152
6579bd3855285297,95.0281,26.7225,Nagaland,Mon,2010-07-06,1,train,56.44,True,ELEVATED,33.4893,108.6321,153.7348,626.055,210.8313,1.735,0.174
336b0672dd8c2c94,92.2845,25.3612,Meghalaya,Jaintia Hills,2010-04-21,1,train,55.14,True,ELEVATED,23.4087,86.1646,138.7694,437.6678,157.7927,1.969,0.197
2170cfdb7119b800,90.3852,25.7354,Meghalaya,West Garo Hills,2014-09-21,1,val,57.99,True,ELEVATED,43.1319,97.8447,113.3972,340.6517,119.2707,2.872,0.287
5dd452d85355fdd7,90.5763,25.8143,Meghalaya,East Garo Hills,2014-09-24,1,train,58.08,True,ELEVATED,7.9148,370.9404,468.7852,584.8709,387.3086,6.342,0.634
f8d8e8d0dd18029d,94.1111,25.6396,Nagaland,Kohima,2010-09-12,1,train,38.98,False,NORMAL,0.219,6.0843,44.2194,352.4341,80.708,0.173,0.017
cc44221652717c59,92.5121,24.5308,Assam,Hailakandi,2016-05-18,1,val,64.69,True,ELEVATED,188.9328,228.1858,271.4377,532.4837,278.1656,4.285,0.429
71e772520c65a0c9,88.2891,27.2676,Sikkim,West Sikkim,2016-10-12,1,train,56.66,True,ELEVATED,52.957,57.1854,68.0854,327.4273,98.9934,1.747,0.175
bf27579129a6a35d,92.7265,23.7269,Mizoram,Aizawl,2015-08-27,1,train,60.17,True,ELEVATED,82.9789,134.1383,263.7468,480.5034,269.1397,2.792,0.279
72b63c9ed9bafe08,94.0926,25.3908,Manipur,Senapati,2015-07-22,1,train,51.15,True,ELEVATED,11.1686,43.9182,121.6747,310.5978,114.3481,1.414,0.141
6f4146df3e44573a,91.4663,24.0896,Tripura,West Tripura,2013-05-08,1,train,63.74,True,ELEVATED,131.0623,216.9725,344.2228,461.0528,319.6272,4.706,0.471
7d24c3240ed326ee,91.802,26.1966,Assam,Kamrup,2016-07-20,1,train,51.52,True,ELEVATED,9.5949,44.8629,86.3584,194.2602,90.3155,2.309,0.231
351f14e1748d6f36,93.1477,25.4749,Assam,North Cachar Hills,2010-10-09,1,val,59.0,True,ELEVATED,45.3319,99.7128,109.7772,241.4613,121.597,4.13,0.413
908b2c68b5ee573c,91.7747,26.1097,Assam,Kamrup,2014-09-22,1,val,59.77,True,ELEVATED,65.7547,108.5892,127.4545,305.8683,157.3616,3.55,0.355
04cf77ae7135f40d,94.6654,26.2753,Nagaland,Tuensang,2010-08-17,1,train,53.87,True,ELEVATED,16.1935,80.3276,124.7999,424.5772,150.2066,1.892,0.189
08895b0b1de7ae31,91.6849,26.1001,Assam,Kamrup,2014-09-22,1,val,59.77,True,ELEVATED,65.7547,108.5892,127.4545,305.8683,157.3616,3.55,0.355
ada6db0478479477,94.9612,28.235,Arunachal Pradesh,East Siang,2016-07-19,1,train,58.21,True,ELEVATED,46.8704,148.8238,234.2947,760.5257,263.5999,1.957,0.196
3d8ffd7bcb964110,91.7986,26.1699,Assam,Kamrup,2007-07-19,1,train,56.75,True,ELEVATED,39.7015,92.1025,171.221,459.2302,198.7605,2.006,0.201
5c42131e3a324d7a,88.12,27.4,Sikkim,West Sikkim,2008-06-15,0,train,45.64,False,NORMAL,1.7303,33.617,107.5397,310.0264,126.6716,1.084,0.108
be00ec988a6cb7a7,91.1,25.96,Assam,Kamrup,2010-09-13,0,train,43.11,False,NORMAL,0.0,41.8853,105.1036,391.3636,125.577,1.07,0.107
ad6dea0f25be10e8,94.36,27.96,Arunachal Pradesh,Upper Subansiri,2009-08-30,0,train,45.72,False,NORMAL,2.6824,28.1667,41.4008,556.0128,134.0134,0.507,0.051
2e2f184c72cfff9d,92.34,23.72,Mizoram,Mamit,2007-09-07,0,train,58.06,True,ELEVATED,66.0602,86.0257,158.5015,440.3652,193.8669,1.954,0.195
6e341d682558dd59,92.18,24.46,Tripura,North Tripura,2010-07-21,0,train,51.03,True,ELEVATED,15.3047,29.1654,60.9643,265.2038,82.0462,1.1,0.11
67e94cb774e28bb7,92.84,22.74,Mizoram,Lunglei,2011-08-16,0,test,39.7,False,NORMAL,0.0,12.5,12.5,501.8,148.6606,0.249,0.025
782497faa6fb0428,92.12,25.42,Meghalaya,Jaintia Hills,2011-05-31,0,train,48.01,True,ELEVATED,5.8631,18.6309,33.4546,116.9901,41.3635,1.593,0.159
9da90e7e922ccccf,94.28,25.3,Manipur,Senapati,2013-05-11,0,train,53.74,True,ELEVATED,10.521,86.0338,134.6408,272.6332,131.6402,3.156,0.316
b6e344b82333903c,93.28,23.54,Mizoram,Champhai,2007-09-11,0,train,50.05,True,ELEVATED,9.2518,46.6338,169.3529,568.4221,204.1594,0.82,0.082
0adb5bb00e3bff1a,96.08,28.26,Arunachal Pradesh,Lower Dibang Valley,2007-07-26,0,val,54.78,True,ELEVATED,32.2,70.2,215.8,603.8,246.0405,1.163,0.116
a2ee85a48a98e23c,93.7,24.6,Manipur,Churachandpur,2015-08-20,0,train,37.64,False,NORMAL,0.428,2.1307,17.5551,290.6156,56.5614,0.073,0.007
4aab88e15b032b3b,92.78,25.72,Assam,Karbi Anglong,2015-07-22,0,train,50.91,True,ELEVATED,14.7185,24.6151,37.9379,184.1232,53.5483,1.337,0.134
b9620eb3ca62a7aa,93.96,24.08,Manipur,Chandel,2011-06-17,0,train,36.04,False,NORMAL,0.0,0.0,0.0,0.0,0.0,0.0,0.0
d76fa86741a2e8ca,92.16,27.4,Arunachal Pradesh,West Kameng,2015-07-15,0,train,56.06,True,ELEVATED,43.2314,55.0183,65.4971,291.4307,97.9501,1.888,0.189
ac57ac856e94bab2,94.54,28.56,Arunachal Pradesh,West Siang,2013-08-04,0,train,39.16,False,NORMAL,1.2324,2.805,38.6551,406.7293,86.9709,0.069,0.007
2ae3cbce21519b96,92.58,24.82,Assam,Hailakandi,2015-06-16,0,train,52.24,True,ELEVATED,14.7475,48.9976,115.4401,325.883,120.7923,1.504,0.15
a27588a6edf552b9,90.88,25.5,Meghalaya,West Khasi Hills,2012-06-13,0,test,53.94,True,ELEVATED,35.0056,38.5165,107.0594,313.0063,135.3935,1.231,0.123
225b1f75cee6cf9c,95.9,28.78,Arunachal Pradesh,Upper Dibang Valley,2008-10-29,0,val,46.63,False,NORMAL,0.0,65.7433,90.9047,153.0457,77.8588,4.296,0.43
eec88c44118f82dd,90.88,25.9,Meghalaya,East Garo Hills,2010-08-26,0,train,41.72,False,NORMAL,0.1121,20.1262,111.2273,226.813,95.8921,0.887,0.089
a4fceaaf4b270d42,93.86,27.78,Arunachal Pradesh,Lower Subansiri,2011-07-29,0,val,50.76,True,ELEVATED,23.442,26.9912,138.5141,1111.3462,311.7354,0.243,0.024
16e891b1e463e6ad,93.6,27.26,Arunachal Pradesh,Papum Pare,2011-08-23,0,train,48.26,True,ELEVATED,6.8015,30.0214,68.9462,428.231,142.6749,0.701,0.07
090552d75d9a0ca2,91.34,23.4,Tripura,West Tripura,2015-07-25,0,train,60.22,True,ELEVATED,90.2718,147.1273,291.2742,655.7479,297.1255,2.244,0.224
c8c1bce98d551f10,93.3,26.22,Assam,Karbi Anglong,2013-07-01,0,val,52.88,True,ELEVATED,10.3818,50.5514,94.3422,145.0237,82.2711,3.486,0.349
9a28bc7912234cf5,92.88,23.08,Mizoram,Lunglei,2010-06-15,0,train,54.9,True,ELEVATED,22.7975,91.7666,183.9365,546.4528,196.0165,1.679,0.168
031db5a20a068f29,94.74,27.52,Assam,Dhemaji,2010-08-27,0,test,57.08,True,ELEVATED,61.5215,66.3494,110.2178,440.7527,147.3014,1.505,0.151
f92c8e3a7576bd39,92.94,24.78,Assam,Cachar,2011-07-06,0,train,54.8,True,ELEVATED,28.0049,72.1275,124.5088,515.1035,170.9436,1.4,0.14
9c0a65d2f51e1d8b,95.24,26.82,Arunachal Pradesh,Tirap,2015-08-11,0,train,40.92,False,NORMAL,0.1508,13.6863,57.3791,233.3049,68.4497,0.587,0.059
8f19352348c75ae8,92.2,24.58,Assam,,2011-07-11,0,train,50.53,True,ELEVATED,17.5639,21.7414,53.2319,260.7055,84.3258,0.834,0.083
0261d9dca0ab238a,94.32,27.04,Assam,Jorhat,2013-09-01,0,train,40.07,False,NORMAL,1.5048,3.4322,13.8437,392.6772,62.319,0.087,0.009
b3d848037c61bf44,93.36,27.78,Arunachal Pradesh,Kurung Kumey,2008-10-29,0,test,43.39,False,NORMAL,0.0,27.9873,27.9873,151.2348,34.1509,1.851,0.185
592a324ebf9dad66,90.02,25.7,Meghalaya,West Garo Hills,2011-07-29,0,train,57.29,True,ELEVATED,53.5034,86.8645,90.0086,552.5622,170.1654,1.572,0.157
2ef455bb5acfd63e,95.0,27.32,Assam,Dibrugarh,2010-08-14,0,val,52.76,True,ELEVATED,27.404,38.296,78.2631,599.4422,149.304,0.639,0.064
7a3a56b2c0105b03,95.8,28.5,Arunachal Pradesh,Lower Dibang Valley,2015-08-18,0,val,58.9,True,ELEVATED,49.0015,131.9371,190.0185,435.8993,200.6034,3.027,0.303
867f3da04ccfd4a2,93.4,27.36,Arunachal Pradesh,Papum Pare,2016-06-14,0,test,52.82,True,ELEVATED,11.179,76.362,131.4839,375.5781,141.6002,2.033,0.203
4aa8912834433df4,92.82,22.82,Mizoram,Lunglei,2007-09-09,0,train,55.86,True,ELEVATED,34.3898,88.9899,140.4159,596.351,214.4903,1.492,0.149
0a99f646b4126cf6,93.6,27.34,Arunachal Pradesh,Papum Pare,2010-09-13,0,train,49.15,True,ELEVATED,12.2604,26.4086,175.0369,646.1894,211.9509,0.409,0.041
9458592358900378,92.34,25.6,Meghalaya,Jaintia Hills,2011-08-16,0,train,48.52,True,ELEVATED,7.9967,18.1782,27.8637,138.8946,47.6377,1.309,0.131
daf4bb0bf2f987e3,91.6,23.94,Tripura,West Tripura,2008-08-07,0,train,39.09,False,NORMAL,0.0,8.2705,68.7374,284.3778,84.7309,0.291,0.029
bb054c37d13203d5,92.66,26.6,Assam,Sonitpur,2015-07-22,0,train,48.64,True,ELEVATED,7.7015,24.0481,49.9637,241.8013,72.1462,0.995,0.099
3d27b5f5e3ab7436,94.42,28.2,Arunachal Pradesh,West Siang,2013-05-11,0,train,38.19,False,NORMAL,0.3887,3.1563,38.7125,209.1114,65.4555,0.151,0.015
b7851b199fd6ed5b,91.48,23.46,Tripura,South Tripura,2011-05-22,0,test,55.26,True,ELEVATED,29.3174,44.0533,62.9323,146.6012,75.3187,3.005,0.3
172d16eab2148ca0,92.54,26.18,Assam,Nagaon,2012-06-02,0,train,49.58,True,ELEVATED,7.9419,20.0349,20.5953,88.1344,33.5543,2.273,0.227
e2f5212e97a96cdf,94.12,27.58,Arunachal Pradesh,Lower Subansiri,2015-06-19,0,train,60.9,True,ELEVATED,76.3469,251.9312,374.4384,1064.8293,434.3514,2.366,0.237
4bd800e43fc16e3e,91.74,25.28,Meghalaya,East Khasi Hills,2015-07-31,0,test,48.46,True,ELEVATED,14.3015,14.8728,42.8,514.3742,122.1839,0.289,0.029
e699d735c9ae2d73,92.54,26.58,Assam,Sonitpur,2013-09-01,0,train,44.16,False,NORMAL,1.6964,15.6433,49.1682,175.0787,50.2711,0.894,0.089
fdd2b5dc64b86693,96.82,27.44,Arunachal Pradesh,Changlang,2016-10-12,0,train,57.29,True,ELEVATED,36.3718,80.3848,84.207,253.2772,105.0701,3.174,0.317
70c351a986404305,90.16,25.48,Meghalaya,West Garo Hills,2013-07-01,0,train,54.38,True,ELEVATED,20.7121,75.7639,157.738,420.372,150.2404,1.802,0.18
a580da288fb87153,93.72,26.4,Assam,Karbi Anglong,2015-08-01,0,train,43.76,False,NORMAL,5.0202,5.9394,6.3391,259.9083,81.084,0.229,0.023
7117c39d6b2da3f0,90.8,25.44,Meghalaya,West Khasi Hills,2011-08-12,0,test,37.71,False,NORMAL,0.4771,2.3764,47.9964,304.4955,81.7667,0.078,0.008
45158734d167f5d1,96.92,28.3,Arunachal Pradesh,Lohit,2011-05-24,0,train,36.04,False,NORMAL,0.0,0.0,0.0,0.0,0.0,0.0,0.0
2d77a52e551d9e9b,94.52,27.5,Assam,Dhemaji,2015-07-15,0,train,54.88,True,ELEVATED,37.9213,47.727,77.7395,351.2182,115.6173,1.359,0.136
ddb55e87a8b0317d,95.38,28.62,Arunachal Pradesh,Lower Dibang Valley,2014-09-22,0,train,58.88,True,ELEVATED,43.7984,144.43,157.3214,473.3724,176.5267,3.051,0.305
ed6ace22796d0f17,94.08,26.94,Assam,Jorhat,2010-06-03,0,train,52.7,True,ELEVATED,16.6203,48.385,60.8465,314.4123,99.1626,1.539,0.154
98a87554a0c61905,91.62,24.12,Tripura,,2015-09-01,0,train,51.59,True,ELEVATED,11.5517,49.5613,134.448,308.5802,134.0353,1.606,0.161
1e2932f5f446a8c6,92.14,27.08,Arunachal Pradesh,West Kameng,2010-06-28,0,train,57.9,True,ELEVATED,44.6776,133.1866,267.4989,611.485,289.1531,2.178,0.218
9f54452cc8104cf7,94.52,27.82,Arunachal Pradesh,West Siang,2013-08-17,0,train,48.72,True,ELEVATED,11.4454,15.5179,26.8072,186.6842,57.2189,0.831,0.083
65a6d2f32eb362bd,96.36,27.42,Arunachal Pradesh,Changlang,2010-07-25,0,test,49.59,True,ELEVATED,15.56,21.5786,136.8712,413.3758,155.8798,0.522,0.052
ad265a182bda1de1,91.66,25.64,Meghalaya,West Khasi Hills,2015-07-22,0,train,49.52,True,ELEVATED,10.0796,23.7708,46.769,212.3158,62.5204,1.12,0.112
9838562026236c14,91.76,25.62,Meghalaya,West Khasi Hills,2016-10-15,0,train,43.37,False,NORMAL,0.0,43.1767,125.5666,339.803,115.0345,1.271,0.127
694c8a0b19cc6c0f,94.14,24.98,Manipur,Senapati,2013-08-04,0,train,40.44,False,NORMAL,0.0,13.3977,32.4006,295.1479,61.169,0.454,0.045
add6003ce581c81f,93.24,27.24,Arunachal Pradesh,Papum Pare,2013-10-06,0,train,54.24,True,ELEVATED,14.3176,71.9933,72.2663,224.2973,125.6882,3.21,0.321
b28d9e80d524a312,95.1,26.96,Nagaland,Mon,2015-03-19,0,train,43.79,False,NORMAL,3.4771,3.4771,3.4771,26.239,6.9866,1.325,0.133
e5a3f0680da23218,93.52,24.58,Manipur,Tamenglong,2010-10-09,0,train,63.4,True,ELEVATED,88.2075,178.2317,183.3109,286.5642,184.1755,6.22,0.622
827a7f826934ab26,96.84,28.0,Arunachal Pradesh,Lohit,2016-05-18,0,test,58.07,True,ELEVATED,37.1551,164.5093,216.4258,725.01,225.5045,2.269,0.227
18f0a8f5f842876a,88.5,27.96,Sikkim,North Sikkim,2016-05-01,0,train,46.96,False,NORMAL,5.6743,19.4363,19.4363,287.2488,95.1164,0.677,0.068
ba2386c8e0224750,94.76,27.92,Arunachal Pradesh,West Siang,2014-06-26,0,train,41.22,False,NORMAL,0.0,20.7772,99.7199,374.9736,102.7674,0.554,0.055
a4488aae3f8d651b,93.72,27.96,Arunachal Pradesh,Kurung Kumey,2015-08-01,0,test,33.98,False,NORMAL,0.0,0.0,0.0,228.4085,57.5147,0.0,0.0
12a55bc28e144bd0,96.62,28.44,Arunachal Pradesh,Lohit,2015-07-25,0,val,46.19,False,NORMAL,1.2,39.7865,46.8341,235.444,62.2127,1.69,0.169
0f29b67c7f64dde8,93.38,23.24,Mizoram,Champhai,2009-08-20,0,train,36.04,False,NORMAL,0.0,0.0,0.0,0.0,0.0,0.0,0.0
e28887d90b699696,92.74,24.38,Mizoram,Kolasib,2011-06-21,0,test,48.08,True,ELEVATED,4.6728,40.3763,96.0097,469.4333,150.2104,0.86,0.086
805c5a9d06cd718e,92.42,24.32,Assam,Karimganj,2010-10-08,0,train,57.51,True,ELEVATED,57.1302,82.4176,107.9926,486.64,146.8282,1.694,0.169
43504f94b8bc818a,93.74,25.22,Manipur,Tamenglong,2015-07-24,0,train,51.81,True,ELEVATED,18.0861,37.4644,129.4439,362.0926,131.4183,1.035,0.103
689241bd642e86c5,96.06,28.48,Arunachal Pradesh,Lower Dibang Valley,2013-09-02,0,train,49.32,True,ELEVATED,10.1326,17.6328,42.5102,115.2286,41.2491,1.53,0.153
e83b2f3ffe26b5de,91.86,25.96,Meghalaya,Ri-Bhoi,2008-10-29,0,train,48.11,True,ELEVATED,0.0,62.7934,66.7729,97.8286,58.5599,6.419,0.642
79c12defd40fff95,94.08,25.94,Nagaland,Kohima,2013-10-05,0,test,52.85,True,ELEVATED,22.3758,31.0421,38.6585,179.6729,64.4234,1.728,0.173
38159c8079ab6a51,88.08,27.44,Sikkim,West Sikkim,2011-07-24,0,train,51.21,True,ELEVATED,10.9611,51.2534,110.0921,433.9588,141.6883,1.181,0.118
29e24573334f8e21,92.5,26.36,Assam,Marigaon,2011-09-06,0,train,53.95,True,ELEVATED,23.0968,49.6977,98.0889,256.6846,106.0614,1.936,0.194
4c3720141af2fc5a,94.42,26.18,Nagaland,Zunheboto,2010-08-14,0,train,50.8,True,ELEVATED,16.4943,27.6824,53.6433,354.5731,99.9529,0.781,0.078
52df8d02dd2e4814,91.4,25.98,Assam,Kamrup,2012-09-16,0,test,34.55,False,NORMAL,0.0,0.0,0.0,156.7356,17.6845,0.0,0.0
52d6333e59a92fbb,93.82,26.16,Assam,Karbi Anglong,2010-06-03,0,train,52.46,True,ELEVATED,15.4767,45.6675,58.7081,279.2722,91.3491,1.635,0.164
b34bac1b80a14e01,93.48,26.52,Assam,Karbi Anglong,2016-07-16,0,test,52.41,True,ELEVATED,17.5054,51.725,114.5401,499.6644,158.5781,1.035,0.104
806fd1f8f6ff0f07,95.82,28.28,Arunachal Pradesh,Lower Dibang Valley,2007-09-07,0,train,52.6,True,ELEVATED,8.7355,97.0271,175.1854,452.9854,202.0672,2.142,0.214
3f5f422f6b6e3247,92.92,24.2,Mizoram,Aizawl,2012-06-20,0,val,55.08,True,ELEVATED,17.1839,116.3402,192.869,493.0412,210.5165,2.36,0.236
ebb78bae3d4ab530,90.3,25.34,Meghalaya,South Garo Hills,2015-08-01,0,val,49.26,True,ELEVATED,15.7038,17.9343,18.6209,462.2311,120.0764,0.388,0.039
20c7d51f69e59c0c,92.12,26.08,Assam,Kamrup,2008-06-14,0,train,46.47,False,NORMAL,1.3415,28.0997,32.9381,105.5405,37.8188,2.662,0.266
342a279d7e98b400,90.34,25.88,Meghalaya,West Garo Hills,2015-06-19,0,val,38.32,False,NORMAL,0.2386,6.3812,80.8739,1195.4823,317.7618,0.053,0.005
4d993aee68bf3a0d,91.3,25.22,Meghalaya,West Khasi Hills,2011-09-23,0,train,46.27,False,NORMAL,3.7544,20.3731,38.4837,247.6709,73.2253,0.823,0.082
e3f357abd9d66292,93.44,26.58,Assam,Golaghat,2010-09-13,0,test,35.52,False,NORMAL,0.0,0.6879,15.2708,136.6054,28.0785,0.05,0.005
c4f43cc307fdbe50,94.04,24.22,Manipur,Chandel,2011-05-31,0,train,59.18,True,ELEVATED,63.6,118.2,121.6,442.8,196.5794,2.669,0.267
583ec37553e0b835,91.02,26.14,Assam,Barpeta,2015-08-01,0,train,35.28,False,NORMAL,0.2191,0.356,0.356,225.3782,52.0186,0.016,0.002
061356e4aaaa916c,94.52,28.32,Arunachal Pradesh,West Siang,2010-10-08,0,train,44.54,False,NORMAL,3.7971,10.8352,17.3979,353.1385,66.4038,0.307,0.031
ec77801d2c6d532b,95.08,28.92,Arunachal Pradesh,Upper Siang,2010-10-09,0,test,48.71,True,ELEVATED,10.028,21.9229,57.4136,352.5351,99.6789,0.622,0.062
8a0eca6ba9377933,90.34,25.34,Meghalaya,South Garo Hills,2010-07-19,0,val,50.54,True,ELEVATED,17.9312,37.4612,189.7455,1937.2086,443.2836,0.193,0.019
77e4fa6c8f015e12,93.16,25.46,Assam,North Cachar Hills,2013-08-04,0,val,56.31,True,ELEVATED,38.9085,62.9961,82.9875,274.2496,104.6536,2.297,0.23
e7360329e475a301,93.32,27.72,Arunachal Pradesh,Kurung Kumey,2007-08-26,0,train,51.56,True,ELEVATED,16.6442,42.9434,76.8663,537.5518,185.8778,0.799,0.08
a9067c83b0798579,95.1,26.08,Nagaland,Tuensang,2011-08-05,0,val,53.24,True,ELEVATED,24.4184,50.0798,50.606,554.7412,153.2202,0.903,0.09
3d28cba8c00edc13,95.72,28.84,Arunachal Pradesh,Upper Dibang Valley,2015-08-26,0,test,42.54,False,NORMAL,0.926,18.3254,80.4844,461.9265,163.8902,0.397,0.04
7de0595c4e03383f,94.34,27.62,Arunachal Pradesh,West Siang,2013-08-04,0,test,39.34,False,NORMAL,0.0,8.2343,30.2793,222.0089,58.8199,0.371,0.037
76be6a352852e013,91.36,23.9,Tripura,West Tripura,2011-08-13,0,train,38.18,False,NORMAL,0.3337,3.4556,47.9703,257.5598,70.5091,0.134,0.013
06282b7a4193b0f1,90.0,25.56,Meghalaya,West Garo Hills,2015-06-24,0,train,53.63,True,ELEVATED,25.0095,63.3696,68.3512,881.5055,197.3435,0.719,0.072
95acc90067532edd,94.78,28.68,Arunachal Pradesh,Upper Siang,2015-08-01,0,test,42.56,False,NORMAL,1.1157,12.7531,13.0959,302.5031,61.0426,0.422,0.042
6fa2b19da6b82830,92.68,27.48,Arunachal Pradesh,West Kameng,2013-07-15,0,test,44.94,False,NORMAL,3.328,16.2046,48.3007,368.9208,112.4831,0.439,0.044
c552a3ed727a6f6f,91.64,23.02,Tripura,South Tripura,2010-10-09,0,train,36.04,False,NORMAL,0.0,0.0,0.0,0.0,0.0,0.0,0.0
fcaf3397b6984ede,96.56,27.6,Arunachal Pradesh,Changlang,2012-09-19,0,val,36.04,False,NORMAL,0.0,0.0,0.0,0.0,0.0,0.0,0.0
bd21d159d079732f,92.7,25.24,Meghalaya,Jaintia Hills,2015-08-02,0,train,42.36,False,NORMAL,0.0,29.5622,29.7103,323.3398,93.1692,0.914,0.091
f8b7ec2e0e66c8fd,92.92,26.12,Assam,Nagaon,2015-06-16,0,val,45.36,False,NORMAL,5.7085,9.0511,65.1687,149.7312,63.3572,0.604,0.06
2c04846d9a1fbc2c,94.44,27.52,Assam,Dhemaji,2010-08-27,0,test,57.74,True,ELEVATED,69.5989,69.9408,112.3608,394.577,150.2524,1.773,0.177
5fb28330c3d063e0,95.3,27.84,Assam,Dhemaji,2012-06-22,0,train,46.79,False,NORMAL,7.3942,14.1875,61.8504,262.1271,97.7364,0.541,0.054
098c90feb4aeb978,93.94,25.96,Assam,Golaghat,2012-06-07,0,test,44.98,False,NORMAL,1.4398,19.0485,57.0623,103.644,47.6401,1.838,0.184
c6c505c6cc34f851,91.68,26.76,Assam,Nalbari,2013-05-11,0,train,52.15,True,ELEVATED,12.5179,43.0246,62.209,197.9928,79.3551,2.173,0.217
f3467f81079cce66,90.44,25.94,Meghalaya,East Garo Hills,2015-07-22,0,val,47.9,True,ELEVATED,6.2885,26.8367,80.7763,397.6135,110.6257,0.675,0.067
0f5a0c50ccca6c8a,94.74,27.08,Assam,Sibsagar,2010-08-27,0,train,52.77,True,ELEVATED,17.8292,56.2097,128.0245,473.7938,157.5524,1.186,0.119
85ee25736ab2f6ea,88.06,27.38,Sikkim,West Sikkim,2014-06-26,0,train,42.11,False,NORMAL,0.0,33.0367,144.1869,491.0886,169.8107,0.673,0.067
23e4a3d559d67057,93.48,25.96,Assam,Karbi Anglong,2013-10-13,0,train,34.05,False,NORMAL,0.0,0.0,23.426,125.4702,44.8875,0.0,0.0
a02390e64b00602d,93.42,26.7,Assam,Golaghat,2008-08-14,0,test,50.41,True,ELEVATED,12.046,25.8773,43.756,185.4421,62.0696,1.395,0.14
8e903fc7585305f5,96.18,27.84,Arunachal Pradesh,Lohit,2015-08-01,0,train,35.35,False,NORMAL,0.1707,0.2962,0.2962,131.5175,29.5331,0.023,0.002
46a02933b0938625,92.9,22.68,Mizoram,Lunglei,2007-10-21,0,test,37.9,False,NORMAL,0.0,4.6528,41.2476,314.2129,74.1002,0.148,0.015
c8697667cfb30ab0,93.4,27.74,Arunachal Pradesh,Kurung Kumey,2015-06-24,0,test,50.08,True,ELEVATED,12.7632,32.6075,67.2643,585.4784,150.5384,0.557,0.056
ae43bed195cf04ac,94.36,24.78,Manipur,Ukhrul,2010-06-17,0,train,49.57,True,ELEVATED,6.0262,44.9378,75.9339,303.8876,114.5869,1.479,0.148
7e7d4d936abb3677,95.6,28.58,Arunachal Pradesh,Lower Dibang Valley,2010-10-09,0,train,48.6,True,ELEVATED,13.53,13.53,19.4562,337.2986,55.6911,0.401,0.04
515dd6a463dbed3c,95.82,27.14,Arunachal Pradesh,Changlang,2014-09-22,0,train,57.36,True,ELEVATED,29.0836,106.9429,114.0238,316.9168,125.926,3.374,0.337
a173026ac00f7be9,93.1,24.66,Assam,East Imphal,2015-09-23,0,train,50.79,True,ELEVATED,13.0131,27.844,43.8363,204.5336,61.721,1.361,0.136
6f8c31b514324304,93.86,27.72,Arunachal Pradesh,Lower Subansiri,2009-08-30,0,train,47.41,True,ELEVATED,3.6112,47.1353,68.4968,854.5586,221.6934,0.552,0.055
a7628bc04755756d,89.9,25.82,Assam,Dhuburi,2012-06-07,0,train,57.54,True,ELEVATED,49.3883,87.4136,219.6208,362.6692,193.5481,2.41,0.241
8a0ed298f5260235,89.98,25.48,Meghalaya,West Garo Hills,2010-08-14,0,train,48.57,True,ELEVATED,11.6302,14.0285,15.0562,242.8785,38.7664,0.578,0.058
8fc9ca9751012a09,96.6,28.44,Arunachal Pradesh,Lohit,2012-09-16,0,val,36.04,False,NORMAL,0.0,0.0,0.0,0.0,0.0,0.0,0.0
27a3f6083ea41c26,96.04,28.68,Arunachal Pradesh,Upper Dibang Valley,2014-06-26,0,train,36.52,False,NORMAL,0.0,1.2316,9.3025,58.5936,17.0293,0.21,0.021
39d1bb5346f21b37,93.94,24.0,Manipur,Chandel,2010-09-09,0,train,41.7,False,NORMAL,0.1999,13.0976,32.593,106.513,37.1285,1.23,0.123
2923f0f238f3a18e,96.74,28.4,Arunachal Pradesh,Lohit,2008-08-19,0,test,48.49,True,ELEVATED,7.9985,24.9979,100.5827,310.0103,105.5835,0.806,0.081
26dfcd5adef07eeb,91.6,26.58,Assam,Nalbari,2012-06-25,0,train,51.95,True,ELEVATED,26.9782,32.058,111.2852,684.6833,217.707,0.468,0.047
59f12a6c3568c122,92.48,24.38,Assam,Karimganj,2012-09-16,0,val,53.45,True,ELEVATED,14.6391,74.2326,89.6252,404.5169,127.0251,1.835,0.184
bc5eec6cc7f1de44,96.66,27.64,Arunachal Pradesh,Changlang,2016-06-14,0,val,53.09,True,ELEVATED,12.0622,67.8472,108.2588,303.0626,96.6895,2.239,0.224
a4accc9965a4a7bf,93.06,26.46,Assam,Nagaon,2015-08-18,0,train,48.55,True,ELEVATED,9.985,17.9674,55.8394,217.444,70.8982,0.826,0.083
502933991325d268,94.06,25.98,Nagaland,Wokha,2007-09-10,0,test,45.06,False,NORMAL,2.8513,20.3188,103.5609,416.9509,131.4896,0.487,0.049
ad5ac79ea0bffb8a,94.7,25.8,Nagaland,Tuensang,2010-10-08,0,train,48.52,True,ELEVATED,8.3722,20.621,36.7668,233.0393,60.6638,0.885,0.088
5be2cabc62119bdf,90.1,25.52,Meghalaya,West Garo Hills,2010-07-21,0,train,57.73,True,ELEVATED,46.5357,104.5773,124.8096,466.3861,181.7725,2.242,0.224
41b44b2bad043434,96.84,27.6,Arunachal Pradesh,Changlang,2016-06-22,0,test,48.23,True,ELEVATED,1.2075,73.61,108.1907,242.1136,124.8918,3.04,0.304
d227f70a0a5abbc9,96.86,27.52,Arunachal Pradesh,Changlang,2010-06-09,0,test,42.27,False,NORMAL,1.3041,13.0297,96.6241,532.0246,139.6022,0.245,0.024
6a75639af414b426,95.6,27.46,Assam,Tinsukia,2010-03-27,0,train,51.7,True,ELEVATED,16.8412,24.1182,34.1303,136.9612,39.7541,1.761,0.176
eca727bd8001e7d7,94.12,28.62,Arunachal Pradesh,West Siang,2007-09-07,0,train,55.61,True,ELEVATED,37.094,87.3047,260.8762,807.8918,278.0428,1.081,0.108
d6fb793856a55a4f,94.02,24.92,Manipur,East Imphal,2010-10-09,0,train,60.7,True,ELEVATED,51.8949,148.8833,160.5335,301.2334,168.9819,4.942,0.494
768d583613d80dc8,95.6,27.02,Arunachal Pradesh,Tirap,2013-06-08,0,train,48.51,True,ELEVATED,4.7332,36.0634,57.7143,279.2261,75.6797,1.292,0.129
e75fce89b5e819cc,94.58,25.4,Manipur,Ukhrul,2015-07-22,0,test,51.25,True,ELEVATED,10.6015,47.5442,125.7119,313.9058,119.1629,1.515,0.151
d3b42594973f69a2,91.98,27.52,Arunachal Pradesh,Tawang,2015-08-16,0,train,46.82,False,NORMAL,2.4722,30.6657,90.6457,181.1677,78.5192,1.693,0.169
6ff927bd0cc0ec02,93.9,25.8,Nagaland,Dimapur,2014-09-22,0,train,46.15,False,NORMAL,3.3895,17.5284,36.9329,143.4866,48.7453,1.222,0.122
78bdeb4df99e0822,92.46,23.38,Mizoram,Mamit,2013-08-04,0,val,51.26,True,ELEVATED,13.7684,31.0733,45.9117,198.6084,73.5654,1.565,0.156
d9dbcdcb25b93a9c,92.58,25.08,Assam,Cachar,2010-10-09,0,train,60.36,True,ELEVATED,91.3338,120.6848,125.4028,455.3236,169.1931,2.651,0.265
08a46e755f7186be,90.02,26.0,Assam,Dhuburi,2010-08-19,0,val,56.11,True,ELEVATED,16.7179,135.2069,189.1705,408.9459,172.7768,3.306,0.331
ba37ac49762e2369,91.2,25.92,Assam,Kamrup,2010-06-16,0,train,42.24,False,NORMAL,0.0,31.9754,44.5097,438.1404,130.081,0.73,0.073
b66de479333e02c2,95.54,28.42,Arunachal Pradesh,Lower Dibang Valley,2012-06-03,0,train,52.39,True,ELEVATED,23.2,27.6,30.0,230.4,57.2617,1.198,0.12
e1251a7a93a4c9b1,93.52,24.1,Manipur,Churachandpur,2010-08-14,0,train,51.8,True,ELEVATED,11.4685,46.8313,50.3552,267.7748,82.7413,1.749,0.175
959eb4bb792f18d5,93.1,23.14,Mizoram,Serchhip,2014-09-22,0,train,45.58,False,NORMAL,3.6112,22.6807,152.1129,565.196,196.2919,0.401,0.04
6f4d238d504959b3,88.14,27.9,Sikkim,North Sikkim,2015-08-28,0,train,56.79,True,ELEVATED,36.4766,95.2973,162.2684,424.7423,179.5686,2.244,0.224
b2f13e4ab8519d0b,91.52,23.3,Tripura,South Tripura,2011-08-15,0,train,44.93,False,NORMAL,6.9265,8.1857,73.1948,421.2866,138.9251,0.194,0.019
c23f6345d12185bb,96.2,27.72,Arunachal Pradesh,Lohit,2010-10-08,0,test,37.86,False,NORMAL,0.4054,2.1087,2.1087,253.6184,34.4778,0.083,0.008
7615f1e23cb43fb6,93.26,25.32,Assam,North Cachar Hills,2007-08-26,0,val,46.45,False,NORMAL,5.1935,14.7986,63.7945,157.7765,65.5207,0.938,0.094
ad134612067e9631,91.98,26.18,Assam,Kamrup,2010-07-20,0,train,49.58,True,ELEVATED,9.1929,29.5,40.9297,320.321,70.9893,0.921,0.092
c39d19f6c527601c,93.04,24.4,Manipur,Churachandpur,2014-06-26,0,val,45.53,False,NORMAL,3.2604,20.5703,45.7393,369.5693,113.4951,0.557,0.056
5771131c66ac7d62,96.82,27.78,Arunachal Pradesh,Lohit,2008-08-14,0,test,53.64,True,ELEVATED,17.158,60.506,114.3936,288.1719,112.2118,2.1,0.21
a6b1eb10e72d33e7,90.38,25.16,Meghalaya,,2010-09-13,0,train,46.67,False,NORMAL,1.1844,97.3991,251.1202,1638.3342,348.0018,0.595,0.059
48c73f643eb35e33,94.9,26.96,Assam,Sibsagar,2016-07-19,0,train,45.33,False,NORMAL,1.9564,28.5793,88.5983,389.1666,109.4153,0.734,0.073
c9cb46184dad5688,91.06,25.46,Meghalaya,West Khasi Hills,2012-06-22,0,train,50.61,True,ELEVATED,17.8865,25.1001,58.8685,381.7406,121.4274,0.658,0.066
07985369d142f480,93.12,23.98,Mizoram,Aizawl,2015-08-16,0,train,39.49,False,NORMAL,0.3216,7.2119,103.8482,357.0,96.377,0.202,0.02
ff871c21757ea5bd,95.14,28.04,Arunachal Pradesh,East Siang,2015-08-19,0,train,57.46,True,ELEVATED,34.8578,120.8993,217.0388,450.0836,203.8691,2.686,0.269
e43bedd5e77c8d51,92.2,27.54,Arunachal Pradesh,West Kameng,2010-08-20,0,train,51.96,True,ELEVATED,16.2963,40.6297,115.6915,316.6623,112.8872,1.283,0.128
9a270936a9159400,96.5,27.42,Arunachal Pradesh,Changlang,2013-08-09,0,test,45.59,False,NORMAL,4.0213,17.0412,127.4358,305.9482,108.9582,0.557,0.056
7a8abf09d8aa4eba,93.92,27.12,Assam,Lakhimpur,2010-08-14,0,train,53.7,True,ELEVATED,20.9475,60.091,97.2328,417.2803,126.8089,1.44,0.144
e05f012e7863703f,92.8,27.16,Arunachal Pradesh,East Kameng,2015-08-01,0,train,42.89,False,NORMAL,3.96,3.96,15.6275,121.6186,32.3273,0.326,0.033
e19a3c1da81f1e95,90.72,25.82,Meghalaya,East Garo Hills,2009-08-20,0,train,58.84,True,ELEVATED,74.4354,154.4291,741.2574,1111.0713,586.37,1.39,0.139
c07f674039cfa510,94.88,27.02,Assam,Sibsagar,2013-07-12,0,train,53.23,True,ELEVATED,19.7881,61.8748,126.0491,509.6726,187.079,1.214,0.121
ce018d4ff0800c82,93.22,25.82,Assam,Nagaon,2011-06-28,0,test,51.5,True,ELEVATED,12.7322,39.6008,77.905,248.1479,95.2923,1.596,0.16
590e0028359d30e3,88.2,27.62,Sikkim,North Sikkim,2008-06-15,0,test,44.62,False,NORMAL,2.4456,18.2787,109.6925,282.7472,119.484,0.646,0.065
f9e019be19d0348c,93.84,27.12,Assam,Lakhimpur,2010-10-08,0,train,43.42,False,NORMAL,1.3905,14.2269,15.1181,246.7223,47.1893,0.577,0.058
9748cd0cb7428efa,91.24,25.98,Assam,Kamrup,2011-07-15,0,train,55.5,True,ELEVATED,38.1906,52.4053,62.4474,287.9808,103.7317,1.82,0.182
8cc1a63cc22f30b8,92.74,23.82,Mizoram,Aizawl,2013-05-11,0,train,55.99,True,ELEVATED,24.6138,74.8912,158.649,218.8305,135.049,3.422,0.342
297e3c444170b56f,96.46,27.72,Arunachal Pradesh,Lohit,2010-07-06,0,val,48.67,True,ELEVATED,10.0799,20.8345,35.101,329.9128,89.8636,0.632,0.063
8b34b3a9f7faa90c,89.92,25.88,Assam,Dhuburi,2013-08-04,0,train,39.51,False,NORMAL,0.0,7.5347,11.9832,152.834,35.0684,0.493,0.049
2278c2f487f7d1cb,94.46,26.68,Assam,Jorhat,2012-06-20,0,train,45.43,False,NORMAL,0.2777,62.6502,103.2106,309.5219,136.9019,2.024,0.202
4a92f0a66f602b58,92.46,23.84,Mizoram,Mamit,2012-06-03,0,train,54.4,True,ELEVATED,19.2954,71.3618,132.7342,310.638,138.7243,2.297,0.23
2eb6c2823cf5398c,94.32,27.7,Arunachal Pradesh,West Siang,2011-08-23,0,test,50.22,True,ELEVATED,10.911,39.9677,89.1392,484.1599,176.8328,0.826,0.083
0450197d55c17561,94.22,24.56,Manipur,Chandel,2007-10-16,0,train,55.02,True,ELEVATED,31.1531,32.9412,50.1232,103.6134,56.049,3.179,0.318
55fbb082b8e61eca,92.9,27.58,Arunachal Pradesh,East Kameng,2010-08-27,0,train,53.92,True,ELEVATED,34.7646,36.6856,136.6204,274.9178,124.3541,1.334,0.133
a144200428712623,94.04,25.66,Nagaland,Kohima,2010-06-28,0,train,40.47,False,NORMAL,0.0,15.9754,76.2227,361.9733,117.8525,0.441,0.044
180a3421d32496b8,88.6,27.96,Sikkim,North Sikkim,2013-05-11,0,train,52.47,True,ELEVATED,22.7827,41.55,173.6218,461.5482,180.5004,0.9,0.09
b0f55f020e0c3c95,93.82,26.18,Assam,Karbi Anglong,2011-07-19,0,train,54.86,True,ELEVATED,36.5348,49.6498,147.5292,325.737,139.6764,1.524,0.152
290a2d44928093b8,91.74,23.94,Tripura,West Tripura,2013-07-01,0,train,34.31,False,NORMAL,0.0,0.32,32.7863,296.0362,96.6213,0.011,0.001
2eb50fc16930517e,92.76,27.14,Arunachal Pradesh,East Kameng,2015-08-01,0,train,42.89,False,NORMAL,3.96,3.96,15.6275,121.6186,32.3273,0.326,0.033
f32d9a994c52533d,93.08,23.02,Mizoram,Lunglei,2013-05-11,0,train,56.29,True,ELEVATED,23.8816,106.6601,275.3488,344.1168,216.8013,3.1,0.31
aabfe0d038fe71c4,93.3,26.44,Assam,Karbi Anglong,2015-08-26,0,test,38.92,False,NORMAL,0.2165,4.7167,19.3914,147.9564,41.2439,0.319,0.032
e96a331c7aca2946,96.62,28.32,Arunachal Pradesh,Lohit,2015-08-11,0,test,44.48,False,NORMAL,0.0,59.092,151.0119,293.5652,149.3502,2.013,0.201
cd010b6677aa6e06,91.36,26.16,Assam,Kamrup,2008-06-09,0,train,47.06,True,ELEVATED,5.6228,17.5125,70.7193,167.9354,72.3999,1.043,0.104
87b8e384799648ef,88.34,27.42,Sikkim,South Sikkim,2008-06-14,0,train,49.72,True,ELEVATED,4.3522,58.4546,114.5078,280.402,130.0474,2.085,0.208
e59e3ec6895411d7,94.2,28.22,Arunachal Pradesh,Upper Subansiri,2015-08-19,0,train,54.1,True,ELEVATED,21.9306,52.1523,123.3704,233.9835,107.9246,2.229,0.223
0f80da840d3f23dc,93.14,26.9,Assam,Sonitpur,2012-09-19,0,train,34.86,False,NORMAL,0.0,0.0,0.0,105.5612,9.082,0.0,0.0
4d0e294d0321630b,94.32,27.76,Arunachal Pradesh,West Siang,2014-09-24,0,train,49.6,True,ELEVATED,3.8833,58.8449,82.016,271.4303,110.3798,2.168,0.217
7f1f2fefabdacad5,92.06,25.42,Meghalaya,East Khasi Hills,2008-06-15,0,train,44.1,False,NORMAL,0.7846,26.766,42.6903,255.1579,71.2461,1.049,0.105
b8e521c85aa9fc63,95.86,27.88,Assam,Tinsukia,2010-10-10,0,val,50.28,True,ELEVATED,11.03,27.2835,32.6198,216.8969,54.0835,1.258,0.126
20dc6fca8a522b8a,93.8,24.28,Manipur,Churachandpur,2011-07-25,0,test,40.36,False,NORMAL,0.0,16.0908,53.1831,531.6742,129.0395,0.303,0.03
f4f67719bc1a8caa,93.78,24.12,Manipur,Chandel,2010-07-06,0,train,42.4,False,NORMAL,0.0,28.3667,68.2516,281.8824,77.9823,1.006,0.101
05d43d4eb92fef89,94.38,25.4,Manipur,Senapati,2014-09-24,0,train,53.19,True,ELEVATED,16.8498,43.3908,65.0938,182.9753,74.0627,2.371,0.237
7c79e66601feba75,91.0,25.88,Meghalaya,East Garo Hills,2010-06-03,0,train,54.88,True,ELEVATED,19.1831,88.4076,117.9999,384.8124,148.019,2.297,0.23
2af2bff2111bf21d,95.28,28.1,Arunachal Pradesh,East Siang,2010-07-29,0,val,44.88,False,NORMAL,6.2648,8.5344,53.7356,471.3823,111.4564,0.181,0.018
39f83710d770221b,91.0,25.54,Meghalaya,West Khasi Hills,2011-07-19,0,test,56.73,True,ELEVATED,37.5321,89.2801,146.1908,411.2906,160.1174,2.171,0.217
4101dfad95509443,90.94,26.0,Assam,Goalpara,2015-06-19,0,train,41.07,False,NORMAL,0.0,21.3222,57.6936,489.5503,133.0954,0.436,0.044
f6eadb004b4c97c1,92.34,24.56,Assam,Karimganj,2013-10-13,0,val,34.57,False,NORMAL,0.0,0.0,1.7893,75.7892,16.5832,0.0,0.0
8b2f0086b7441231,94.88,27.78,Arunachal Pradesh,East Siang,2015-09-23,0,train,50.43,True,ELEVATED,9.7367,46.2742,66.8697,627.2616,117.5495,0.738,0.074
f040864c59d84c83,91.78,25.24,Meghalaya,East Khasi Hills,2013-10-06,0,train,62.16,True,ELEVATED,73.4905,150.3438,175.8728,264.4642,181.7102,5.685,0.568
c576f5dc7a03d420,92.44,23.56,Mizoram,Mamit,2016-10-12,0,train,46.21,False,NORMAL,4.4411,18.6204,53.405,372.0782,78.0448,0.5,0.05
1761c393b153805a,91.26,25.64,Meghalaya,West Khasi Hills,2013-08-15,0,val,54.52,True,ELEVATED,37.9143,42.0729,74.2032,325.2777,117.4808,1.293,0.129
cac48a9cb227560f,94.52,24.94,Manipur,Ukhrul,2011-05-24,0,val,36.04,False,NORMAL,0.0,0.0,0.0,0.0,0.0,0.0,0.0
0eea74f48cb70ca2,95.06,28.48,Arunachal Pradesh,East Siang,2011-06-28,0,train,44.95,False,NORMAL,2.4875,17.5508,39.0761,218.2879,73.8356,0.804,0.08
82a1c0c69767df3b,93.62,25.72,Nagaland,Dimapur,2013-08-04,0,train,55.76,True,ELEVATED,38.7703,57.2919,80.0221,308.1524,108.0068,1.859,0.186
d71001fb8ca04f8e,90.48,25.2,Meghalaya,South Garo Hills,2013-08-11,0,train,45.62,False,NORMAL,4.3629,22.8764,352.6636,971.0539,349.9025,0.236,0.024
f014b36f96c392d2,92.38,27.26,Arunachal Pradesh,West Kameng,2011-07-29,0,train,57.34,True,ELEVATED,50.807,73.6717,92.6201,332.0828,123.5048,2.218,0.222
9110d21e8ec5e5db,93.42,27.1,Arunachal Pradesh,Papum Pare,2011-06-17,0,train,47.31,True,ELEVATED,6.3383,15.9777,23.0388,182.3112,46.4669,0.876,0.088
d9ba3d54ea1b5fe3,96.2,28.16,Arunachal Pradesh,Lohit,2013-07-12,0,train,45.04,False,NORMAL,1.5682,32.4892,117.5841,407.9855,159.9915,0.796,0.08
166ce643739bf398,96.7,27.96,Arunachal Pradesh,Lohit,2014-06-26,0,val,41.28,False,NORMAL,0.0,18.2274,81.8321,214.0773,75.5415,0.851,0.085
7235663fd518cc02,93.0,24.56,Assam,Cachar,2011-09-23,0,train,52.52,True,ELEVATED,16.896,44.7974,67.4546,297.9155,101.0781,1.504,0.15
b5e593938d96c449,92.16,25.54,Meghalaya,Jaintia Hills,2013-07-01,0,test,45.47,False,NORMAL,3.8373,16.4064,90.2348,269.8726,100.8719,0.608,0.061
b854231dcf6033c5,92.74,24.2,Mizoram,Kolasib,2012-06-03,0,val,55.2,True,ELEVATED,20.5885,84.7547,130.5275,325.4713,144.743,2.604,0.26
f64b1af91c4ddfa0,93.62,24.24,Manipur,Churachandpur,2010-07-20,0,train,49.71,True,ELEVATED,10.3524,28.8549,99.5924,278.0061,103.7755,1.038,0.104
9726437c52bb0883,96.46,27.56,Arunachal Pradesh,Changlang,2009-08-27,0,val,44.52,False,NORMAL,5.0882,7.1761,33.7054,170.6389,54.3795,0.421,0.042
586b13c0810257ee,92.04,25.72,Meghalaya,Ri-Bhoi,2013-05-11,0,train,52.09,True,ELEVATED,9.4141,54.0445,96.1392,208.6987,94.524,2.59,0.259
a4fd8837440ad3c2,88.48,27.74,Sikkim,North Sikkim,2007-09-11,0,train,53.69,True,ELEVATED,24.7346,54.0525,117.7893,426.6804,156.0478,1.267,0.127
3b8bc40f0f51bb20,92.86,27.04,Arunachal Pradesh,East Kameng,2011-07-15,0,train,55.8,True,ELEVATED,35.9047,63.3357,79.4427,325.594,116.4348,1.945,0.195
5a3d2aeae6c7e287,93.12,26.04,Assam,Karbi Anglong,2010-07-06,0,train,48.96,True,ELEVATED,8.9321,21.2726,27.9501,184.336,60.1472,1.154,0.115
0b4da4fc4097fbd1,95.52,28.5,Arunachal Pradesh,Lower Dibang Valley,2015-08-19,0,train,58.74,True,ELEVATED,43.4221,144.9409,238.0065,472.4727,224.4472,3.068,0.307
dc059e754160e672,94.3,28.28,Arunachal Pradesh,Upper Subansiri,2015-09-01,0,train,57.9,True,ELEVATED,32.5229,163.8412,273.4136,577.9892,291.7681,2.835,0.283
e354d4e1e815d184,95.44,27.0,Arunachal Pradesh,Tirap,2010-07-25,0,train,48.29,True,ELEVATED,4.7454,43.8266,131.8525,482.9616,165.9798,0.907,0.091
57147a879d071f11,93.18,27.92,Arunachal Pradesh,Kurung Kumey,2013-09-01,0,train,48.28,True,ELEVATED,3.7141,46.1084,74.6178,366.5354,110.2327,1.258,0.126
f0d6022c8f57666e,91.58,25.46,Meghalaya,East Khasi Hills,2013-09-02,0,test,52.17,True,ELEVATED,16.527,44.4444,89.9038,351.0072,121.6507,1.266,0.127
c7de33e11c87fb45,94.68,28.08,Arunachal Pradesh,West Siang,2010-08-14,0,val,42.1,False,NORMAL,1.9539,7.5467,39.2359,355.0209,78.7583,0.213,0.021
891e664739003851,92.46,25.42,Meghalaya,Jaintia Hills,2015-08-01,0,train,48.71,True,ELEVATED,9.7854,18.2852,19.0256,199.669,59.5909,0.916,0.092
197c2b9267de0774,95.14,28.54,Arunachal Pradesh,Upper Siang,2012-06-02,0,train,43.21,False,NORMAL,4.4,4.4,6.8,207.2,37.8463,0.212,0.021
948c7b79c677f4b3,96.44,27.38,Arunachal Pradesh,Changlang,2009-09-17,0,test,41.11,False,NORMAL,1.2216,4.6796,12.4582,95.2978,22.4455,0.491,0.049
2a0e805bf3c5bee4,94.54,25.36,Manipur,Ukhrul,2015-08-27,0,test,51.31,True,ELEVATED,19.1888,24.9837,63.0838,252.4384,72.4344,0.99,0.099
20e9be1d6c0c5e04,94.84,26.16,Nagaland,Tuensang,2012-06-22,0,test,46.56,False,NORMAL,8.4108,12.095,84.2974,301.928,119.8612,0.401,0.04
5b2b3e40ff12a515,95.6,27.1,Arunachal Pradesh,Tirap,2010-07-21,0,train,52.56,True,ELEVATED,14.9597,61.9696,160.3711,461.9802,170.5718,1.341,0.134
cf1744db4f527683,91.72,27.74,Arunachal Pradesh,Tawang,2015-08-19,0,train,53.19,True,ELEVATED,16.6116,51.3084,92.4672,240.4603,108.4991,2.134,0.213
7eb8c751001140f8,93.68,24.4,Manipur,Churachandpur,2012-06-03,0,train,56.8,True,ELEVATED,29.7437,98.1839,135.9412,337.9645,153.2424,2.905,0.291
0def6cc043c7923f,94.1,25.08,Manipur,Senapati,2015-06-24,0,train,53.78,True,ELEVATED,26.4788,28.7401,31.9878,117.201,51.2886,2.452,0.245
67d247f014f49b2e,92.1,23.92,Tripura,Dhalai,2008-08-29,0,train,50.46,True,ELEVATED,13.1969,20.9079,34.9554,129.7725,46.7529,1.611,0.161
f60da48bcd50603e,90.62,25.44,Meghalaya,East Garo Hills,2007-07-26,0,train,65.63,True,ELEVATED,138.892,485.774,568.1292,957.008,617.601,5.076,0.508
36d0c8ceef4bc715,93.46,26.78,Assam,Sonitpur,2009-08-12,0,test,47.84,True,ELEVATED,7.7689,16.9742,30.5337,184.6143,64.9075,0.919,0.092
f4daa6caa791b8e9,92.2,25.12,Meghalaya,,2008-06-14,0,test,49.04,True,ELEVATED,7.8894,31.1736,59.4069,357.784,104.8063,0.871,0.087
cf13c9bf8164109c,95.66,27.82,Assam,Tinsukia,2011-05-31,0,train,50.46,True,ELEVATED,13.601,19.8035,19.8035,122.4021,44.5187,1.618,0.162
51b56a381495c255,94.34,28.96,Arunachal Pradesh,Upper Siang,2012-06-02,0,train,36.04,False,NORMAL,0.0,0.0,0.0,0.0,0.0,0.0,0.0
d1a0b577b3b96a0a,92.54,27.42,Arunachal Pradesh,West Kameng,2010-08-20,0,test,49.76,True,ELEVATED,10.7177,25.5235,88.1569,213.5052,80.8261,1.195,0.12
9c791ef0eae861f7,96.48,27.58,Arunachal Pradesh,Changlang,2015-06-16,0,val,52.62,True,ELEVATED,12.754,67.2008,200.1509,364.2341,177.1961,1.845,0.184
f17d3f4e53f921c8,91.82,25.78,Meghalaya,Ri-Bhoi,2016-04-19,0,train,49.96,True,ELEVATED,5.8409,32.4395,41.9016,123.174,47.7612,2.634,0.263
9546614e3a1e8886,95.62,28.52,Arunachal Pradesh,Lower Dibang Valley,2015-07-22,0,train,47.13,True,ELEVATED,5.9563,22.0267,29.3061,459.0526,118.104,0.48,0.048
bb82318e990a0ad3,92.52,23.86,Mizoram,Mamit,2009-09-17,0,train,47.73,True,ELEVATED,9.6525,17.4595,112.5059,396.8055,142.6064,0.44,0.044
d7f1a424e41099f6,92.38,24.62,Assam,Karimganj,2016-05-18,0,val,64.69,True,ELEVATED,188.9328,228.1858,271.4377,532.4837,278.1656,4.285,0.429
11ec74c8ae04f44c,93.56,27.02,Arunachal Pradesh,Papum Pare,2011-09-06,0,val,39.79,False,NORMAL,1.852,1.852,29.8592,122.8275,30.8371,0.151,0.015
0c7ecd49912d3ac9,94.38,28.88,Arunachal Pradesh,West Siang,2007-08-26,0,train,36.04,False,NORMAL,0.0,0.0,0.0,0.0,0.0,0.0,0.0
3bb8379c0844fa06,95.96,27.58,Arunachal Pradesh,Lohit,2016-06-12,0,train,42.32,False,NORMAL,3.6901,3.8369,43.412,251.6489,47.3031,0.152,0.015
fc3cb6f6c8f7bd1f,93.5,26.7,Assam,Golaghat,2011-08-12,0,test,43.52,False,NORMAL,2.1822,12.6401,30.2858,357.3837,87.9022,0.354,0.035
180e311cd6c2e455,93.24,26.52,Assam,Karbi Anglong,2010-04-21,0,train,49.54,True,ELEVATED,1.7238,87.7944,121.6032,262.7069,119.842,3.342,0.334
3f7c10d08c1e87e4,92.92,25.1,Assam,North Cachar Hills,2013-09-01,0,val,37.45,False,NORMAL,0.0,3.4787,28.6236,341.843,58.1231,0.102,0.01
6a6d220d616d443a,93.44,25.16,Manipur,Tamenglong,2010-06-07,0,train,53.29,True,ELEVATED,8.3927,79.5394,98.0493,222.5896,113.1405,3.573,0.357
5cb7af3a48b3a836,95.88,27.26,Arunachal Pradesh,Changlang,2010-05-31,0,train,46.98,False,NORMAL,5.7165,20.4354,35.7666,418.7078,91.7953,0.488,0.049
28bcba928cbc34c4,94.28,27.8,Arunachal Pradesh,Lower Subansiri,2013-06-01,0,train,48.26,True,ELEVATED,6.1257,25.7698,40.9249,253.3869,66.166,1.017,0.102
9e93c4decd97e705,93.6,27.62,Arunachal Pradesh,Lower Subansiri,2015-08-11,0,train,40.0,False,NORMAL,0.7194,6.0596,53.1445,328.3384,79.2704,0.185,0.018
1c37d738aa84a93e,93.14,27.04,Arunachal Pradesh,East Kameng,2010-06-15,0,train,47.08,True,ELEVATED,1.015,92.4247,152.836,643.038,237.854,1.437,0.144
d4dfedb945862dbe,94.82,28.82,Arunachal Pradesh,Upper Siang,2010-08-17,0,test,47.95,True,ELEVATED,10.1369,13.8276,43.9175,222.8326,57.7951,0.621,0.062
7f009aa46f65a11e,91.52,23.32,Tripura,South Tripura,2015-09-01,0,train,59.82,True,ELEVATED,56.6024,159.4398,174.8566,495.8348,233.7075,3.216,0.322
4ca78d6e8a54a0b4,94.9,26.44,Nagaland,Tuensang,2013-07-01,0,train,52.53,True,ELEVATED,23.0809,35.4841,121.7925,293.1147,127.2243,1.211,0.121
4b03de9c76bfb878,93.86,25.32,Manipur,Tamenglong,2010-03-27,0,train,58.81,True,ELEVATED,37.203,37.9112,37.9112,51.8933,38.9451,7.306,0.731
270562424636ad10,96.28,28.78,Arunachal Pradesh,Upper Dibang Valley,2008-08-28,0,train,50.15,True,ELEVATED,11.0494,28.1464,40.1239,237.0721,72.9788,1.187,0.119
7610339dbb8e0784,90.82,25.8,Meghalaya,East Garo Hills,2015-06-19,0,train,42.73,False,NORMAL,0.7444,28.2506,142.5558,1170.2394,354.747,0.241,0.024
11a2083a944da8fd,94.86,25.8,Nagaland,Tuensang,2016-07-07,0,train,52.19,True,ELEVATED,12.8994,53.7287,108.3961,326.8287,120.3386,1.644,0.164
e966ab64a3bc1984,94.54,25.56,Manipur,Ukhrul,2013-07-12,0,train,56.48,True,ELEVATED,36.8591,77.2191,141.8187,316.2114,168.354,2.442,0.244
9ae01134a06f6619,95.32,28.74,Arunachal Pradesh,Upper Siang,2010-08-27,0,test,48.77,True,ELEVATED,8.8947,24.0565,71.3015,294.8044,92.3213,0.816,0.082
194acb200d8329c3,96.64,28.44,Arunachal Pradesh,Lohit,2014-09-21,0,val,58.12,True,ELEVATED,53.4,88.4,90.0,361.4,114.5344,2.446,0.245
b590772395d03ebb,91.22,25.32,Meghalaya,West Khasi Hills,2010-08-20,0,train,63.46,True,ELEVATED,105.8696,371.5539,643.764,1003.5657,557.8423,3.702,0.37
a58eea69aa8b75e1,92.92,24.7,Assam,Cachar,2007-08-26,0,train,54.84,True,ELEVATED,30.2894,55.2491,86.5195,321.603,110.7294,1.718,0.172
e744104e60d30aa2,94.02,24.22,Manipur,Chandel,2015-09-01,0,test,42.37,False,NORMAL,3.004,4.6158,23.7387,166.6499,42.2121,0.277,0.028
1c85fc9d52fd48db,94.56,26.6,Nagaland,Mokokchung,2010-09-13,0,test,48.58,True,ELEVATED,8.8969,21.365,53.8224,283.2073,72.8154,0.754,0.075
ca8c4829e8673757,92.24,26.82,Assam,Darrang,2007-05-23,0,train,51.86,True,ELEVATED,21.0012,22.8953,38.6676,153.4936,54.4859,1.492,0.149
1a90739f7625686e,93.26,23.1,Mizoram,Champhai,2016-06-12,0,train,36.04,False,NORMAL,0.0,0.0,0.0,0.0,0.0,0.0,0.0
866b3f133cbf96d6,94.18,28.3,Arunachal Pradesh,Upper Subansiri,2013-07-15,0,train,48.47,True,ELEVATED,4.9928,44.0261,88.7676,494.3776,152.7363,0.891,0.089
0f1febad19e4915b,92.72,27.42,Arunachal Pradesh,West Kameng,2010-10-08,0,test,46.84,False,NORMAL,6.8148,15.0672,15.0672,299.0021,78.3533,0.504,0.05
fdf31fd21de595ca,93.88,26.82,Assam,Golaghat,2010-06-03,0,train,56.91,True,ELEVATED,40.5727,78.3422,82.5348,335.7532,121.3169,2.333,0.233
8cbe96a8058cb339,93.78,26.0,Assam,Karbi Anglong,2007-07-16,0,test,52.6,True,ELEVATED,19.4814,36.8442,58.5183,240.3608,81.3878,1.533,0.153
08e771afc4fc5013,92.8,22.48,Mizoram,Lawngtlai,2014-09-22,0,train,43.66,False,NORMAL,1.001,29.9973,162.996,668.9622,229.9529,0.448,0.045
e5fcc3bd253f3b1d,92.22,25.44,Meghalaya,Jaintia Hills,2007-10-16,0,train,48.12,True,ELEVATED,8.5214,15.3551,36.1125,139.134,50.3718,1.104,0.11
cfd96a9abf5a4c46,91.28,26.46,Assam,Nalbari,2012-06-20,0,train,47.26,True,ELEVATED,10.4797,14.5073,154.7673,517.7328,186.4632,0.28,0.028
69c09a62ef9cd155,90.62,25.18,Meghalaya,South Garo Hills,2010-09-16,0,train,52.97,True,ELEVATED,11.0659,138.638,303.8896,1525.5934,368.8959,0.909,0.091
c5b17116de76406b,95.4,27.82,Assam,Dhemaji,2012-06-10,0,train,49.72,True,ELEVATED,17.4,17.4,90.4,318.2443,90.8677,0.547,0.055
e063a6ca2ab2f339,95.22,27.08,Assam,Sibsagar,2012-06-07,0,train,49.05,True,ELEVATED,2.1532,72.4252,99.7829,289.7939,99.9568,2.499,0.25
8354cc268d293ae2,91.72,27.54,Arunachal Pradesh,Tawang,2015-09-14,0,val,52.0,True,ELEVATED,14.4718,51.879,79.195,494.9509,127.6371,1.048,0.105
b5b299dc99fda7ee,96.26,27.86,Arunachal Pradesh,Lohit,2015-09-23,0,train,50.48,True,ELEVATED,9.2538,46.2549,72.6742,470.0046,111.704,0.984,0.098
6bca92e86cad46b0,91.74,23.74,Tripura,West Tripura,2010-04-21,0,train,59.55,True,ELEVATED,58.9616,99.633,120.8607,259.0729,128.6703,3.846,0.385
c7bedb84c2832b42,91.46,25.34,Meghalaya,West Khasi Hills,2009-08-20,0,train,61.75,True,ELEVATED,100.4367,372.7252,1099.105,2159.984,1003.3845,1.726,0.173
3b345cfcfe4ba1c1,92.16,26.82,Assam,Darrang,2013-09-01,0,train,43.91,False,NORMAL,2.4743,11.4589,62.9053,201.3584,58.2014,0.569,0.057
76f1305643cbabce,92.74,22.84,Mizoram,Lunglei,2015-07-22,0,train,49.47,True,ELEVATED,11.1585,28.4205,97.565,427.084,139.4021,0.665,0.067
ffa6472dd3791673,90.96,25.24,Meghalaya,West Khasi Hills,2012-11-11,0,train,35.88,False,NORMAL,0.0,0.0,0.0,7.1648,0.3703,0.0,0.0
3c05b3664323583e,94.42,24.6,Manipur,Ukhrul,2007-09-07,0,train,36.04,False,NORMAL,0.0,0.0,0.0,0.0,0.0,0.0,0.0
e4b2161ec9cdc747,93.22,27.82,Arunachal Pradesh,West Kameng,2008-06-19,0,train,50.87,True,ELEVATED,15.8156,40.0609,228.7273,736.8305,258.571,0.544,0.054
16c8c51217f1772c,92.18,25.9,Meghalaya,Ri-Bhoi,2013-07-12,0,train,57.95,True,ELEVATED,57.8533,70.1879,100.2051,255.2796,123.1538,2.749,0.275
3714471ffd374bee,95.24,28.52,Arunachal Pradesh,Upper Siang,2010-06-03,0,train,54.3,True,ELEVATED,20.08,66.8352,75.0686,338.9396,105.0626,1.972,0.197
01b9a0248a3955e7,92.4,24.42,Assam,Karimganj,2008-08-07,0,val,50.37,True,ELEVATED,10.1811,51.9167,232.9777,738.014,253.0468,0.703,0.07
cdc0efb559235681,90.06,25.28,Meghalaya,West Garo Hills,2012-09-19,0,train,36.04,False,NORMAL,0.0,0.0,0.0,0.0,0.0,0.0,0.0
512ec88574c9b362,92.04,23.68,Tripura,Dhalai,2007-08-26,0,train,54.57,True,ELEVATED,19.2646,71.6527,105.2428,289.5074,128.7052,2.475,0.247
1413a1762c18911d,92.3,25.66,Meghalaya,Jaintia Hills,2012-06-10,0,train,38.38,False,NORMAL,0.2738,3.1558,23.3359,93.8487,35.5653,0.336,0.034
58ddde2800352912,92.6,27.28,Arunachal Pradesh,West Kameng,2015-06-24,0,train,47.39,True,ELEVATED,4.7104,23.8293,38.5567,221.404,71.0408,1.076,0.108
68e41e37eab77188,96.52,28.2,Arunachal Pradesh,Lohit,2015-08-11,0,test,44.48,False,NORMAL,0.0,59.092,151.0119,293.5652,149.3502,2.013,0.201
83dd0813c19818fb,92.08,23.92,Tripura,Dhalai,2016-06-14,0,train,47.15,True,ELEVATED,7.2155,18.3221,93.858,432.8102,116.5722,0.423,0.042
46dcba3447c3dfdc,95.34,28.48,Arunachal Pradesh,Lower Dibang Valley,2014-08-14,0,train,60.65,True,ELEVATED,58.7547,193.8482,249.7726,519.5328,271.6366,3.731,0.373
3e5659f0ab205891,94.88,28.54,Arunachal Pradesh,Upper Siang,2015-08-01,0,test,41.72,False,NORMAL,2.3476,5.2825,6.0161,388.656,76.4711,0.136,0.014
af69f88077e5c3ee,94.1,27.86,Arunachal Pradesh,Lower Subansiri,2015-09-23,0,train,54.15,True,ELEVATED,19.8189,88.736,162.5886,673.5948,201.516,1.317,0.132
526fb169ffc0aaec,93.96,25.88,Nagaland,Dimapur,2016-04-22,0,train,47.02,True,ELEVATED,3.607,22.4738,67.4891,137.1828,63.4745,1.638,0.164
11b98d8a8eb926a3,95.18,26.86,Nagaland,Mon,2011-07-25,0,train,53.72,True,ELEVATED,28.47,46.5675,90.9726,422.1152,133.3967,1.103,0.11
7518c5990ad1e344,93.12,26.46,Assam,Nagaon,2014-09-22,0,train,49.28,True,ELEVATED,5.7374,33.393,60.7498,170.7975,74.0755,1.955,0.196
df2fb48613c90a33,95.84,29.0,Arunachal Pradesh,Upper Dibang Valley,2010-08-19,0,train,48.96,True,ELEVATED,4.395,42.6101,57.8831,258.0708,77.93,1.651,0.165
e3c84deea802cc10,91.92,26.66,Assam,Darrang,2010-07-29,0,val,41.18,False,NORMAL,2.7709,2.7709,31.8642,132.698,40.5246,0.209,0.021
355de586345f31ed,96.22,28.8,Arunachal Pradesh,Upper Dibang Valley,2013-08-16,0,train,45.23,False,NORMAL,2.0125,15.0564,22.1383,84.8238,33.2852,1.775,0.178
3b00146290f658f1,93.52,27.18,Arunachal Pradesh,Papum Pare,2015-08-01,0,train,39.55,False,NORMAL,2.0083,2.0083,2.7707,349.2594,78.9767,0.058,0.006
e2d447cef3928083,95.22,28.88,Arunachal Pradesh,Upper Siang,2007-10-16,0,test,36.04,False,NORMAL,0.0,0.0,0.0,0.0,0.0,0.0,0.0
95b7e5c526900ba9,92.52,22.56,Mizoram,,2011-05-31,0,train,48.01,True,ELEVATED,2.5,57.5,142.6,352.9,142.076,1.629,0.163
5ebc818788421a66,93.68,25.24,Manipur,Tamenglong,2010-08-14,0,train,47.6,True,ELEVATED,8.1447,18.9399,47.2903,456.5642,108.45,0.415,0.041
8de2628660b41af2,93.56,26.04,Assam,Karbi Anglong,2015-08-01,0,test,50.26,True,ELEVATED,14.6551,21.4804,22.4961,222.9226,60.7644,0.964,0.096
03fbbfb6fc4b99cb,96.62,28.24,Arunachal Pradesh,Lohit,2010-04-17,0,test,34.55,False,NORMAL,0.0,0.5849,103.4972,415.2533,133.1623,0.014,0.001
7f303c2074d3800a,94.8,28.72,Arunachal Pradesh,Upper Siang,2015-08-28,0,test,57.91,True,ELEVATED,62.7005,94.4372,176.127,517.1065,249.497,1.826,0.183
ea8c89b91feae470,91.36,25.96,Assam,Kamrup,2015-07-22,0,test,49.93,True,ELEVATED,4.9699,46.9637,62.5107,202.7788,82.2035,2.316,0.232
d57bb309b54f042a,92.34,26.96,Arunachal Pradesh,West Kameng,2016-07-10,0,train,47.6,True,ELEVATED,3.9886,38.6333,93.9816,428.0266,150.9184,0.903,0.09
f57f3af3e5eb019f,96.28,28.28,Arunachal Pradesh,Lohit,2007-08-28,0,train,36.04,False,NORMAL,0.0,0.0,0.0,0.0,0.0,0.0,0.0
c94c12fd2280e3f1,95.56,28.86,Arunachal Pradesh,Upper Dibang Valley,2007-10-21,0,test,36.04,False,NORMAL,0.0,0.0,0.0,0.0,0.0,0.0,0.0
09016bcfe7c0fb53,94.88,28.58,Arunachal Pradesh,Upper Siang,2015-06-24,0,test,51.56,True,ELEVATED,16.4063,45.8713,124.851,692.0038,194.6269,0.663,0.066
408d1ef091c86611,93.6,25.1,Manipur,Tamenglong,2016-06-14,0,train,40.45,False,NORMAL,0.7714,6.7433,61.5235,312.7276,62.9472,0.216,0.022
d62c1da6029eb9ce,93.8,24.76,Manipur,West Imphal,2010-07-25,0,test,45.8,False,NORMAL,4.6351,14.452,51.1517,241.8506,76.1376,0.598,0.06
fb4a9f2b64444a34,95.22,27.12,Assam,Sibsagar,2015-07-25,0,train,52.17,True,ELEVATED,8.5063,64.0354,73.4384,255.1644,96.4186,2.51,0.251
18474fd268ecc15b,95.22,28.78,Arunachal Pradesh,Upper Siang,2015-08-19,0,train,59.81,True,ELEVATED,49.9041,156.6515,223.9377,417.4581,214.55,3.753,0.375
8b1e5178c60168fd,91.76,23.48,Tripura,South Tripura,2011-06-20,0,train,41.65,False,NORMAL,0.0,24.6226,64.3006,400.097,104.6572,0.615,0.062
471ec8e3d19d7ea6,90.54,25.64,Meghalaya,East Garo Hills,2010-07-06,0,train,50.34,True,ELEVATED,9.2635,53.3093,68.6673,697.1414,210.0057,0.765,0.076
e2442a3b4bd2724a,94.72,28.1,Arunachal Pradesh,West Siang,2015-08-19,0,val,58.71,True,ELEVATED,43.0474,133.4465,214.456,408.223,200.3736,3.269,0.327
6ac643ffd73d6be1,95.92,27.52,Arunachal Pradesh,Changlang,2010-09-12,0,train,41.82,False,NORMAL,0.0,27.2191,125.9962,361.4604,137.5964,0.753,0.075
a3d953c3962a2e9e,96.8,28.12,Arunachal Pradesh,Lohit,2013-06-27,0,test,61.97,True,ELEVATED,72.2355,159.175,185.676,302.5002,182.0511,5.262,0.526
d4bfa8d4b09c86f0,93.5,27.04,Arunachal Pradesh,Papum Pare,2007-09-11,0,train,51.56,True,ELEVATED,15.0257,46.8914,165.3055,482.2176,196.555,0.972,0.097
5c9836270d875a2d,94.14,27.48,Arunachal Pradesh,Papum Pare,2010-07-06,0,train,47.05,True,ELEVATED,6.7405,15.3443,31.9498,235.957,63.2179,0.65,0.065
6433bee8685262f9,93.16,25.88,Assam,Nagaon,2012-06-25,0,test,45.88,False,NORMAL,6.4999,12.8371,200.0471,295.9445,151.668,0.434,0.043
75e6310d8484f6f7,92.66,23.98,Mizoram,Kolasib,2011-08-15,0,test,47.47,True,ELEVATED,8.4482,16.5468,79.5953,323.9677,101.5757,0.511,0.051
fdd49977fc3d553d,95.92,28.48,Arunachal Pradesh,Lower Dibang Valley,2016-05-18,0,val,60.16,True,ELEVATED,69.3448,187.1377,263.8355,790.5107,271.549,2.367,0.237
dc00afe0026724bd,92.78,27.92,Arunachal Pradesh,West Kameng,2011-07-16,0,train,58.1,True,ELEVATED,31.5273,210.679,286.1764,846.8445,348.9592,2.488,0.249
442949c2f7c96c65,92.22,25.52,Meghalaya,Jaintia Hills,2015-08-01,0,test,52.07,True,ELEVATED,21.2291,30.0475,30.8816,279.5912,79.1431,1.075,0.107
62c0e32229cff852,93.8,27.96,Arunachal Pradesh,Kurung Kumey,2007-09-29,0,val,40.12,False,NORMAL,0.0,11.7454,11.7454,441.4646,52.9412,0.266,0.027
7cfbb6de5dbda9b6,94.34,25.16,Manipur,Ukhrul,2014-09-22,0,train,46.9,False,NORMAL,2.4423,24.6183,36.7869,117.5535,41.2007,2.094,0.209
c77ac5814de66c52,93.06,24.62,Assam,Cachar,2007-10-19,0,train,44.08,False,NORMAL,0.0,45.7531,103.0749,224.3075,103.776,2.04,0.204
a4fc4bd16b0e5672,95.94,28.34,Arunachal Pradesh,Lower Dibang Valley,2013-07-01,0,train,46.78,False,NORMAL,5.2053,19.038,144.0571,195.8272,109.4148,0.972,0.097
f48f2c39d206cbee,94.8,27.44,Assam,Dibrugarh,2011-05-22,0,val,45.36,False,NORMAL,0.5733,31.0678,35.128,121.3836,42.7736,2.559,0.256
8720c7dc3b253144,90.3,25.98,Meghalaya,Goalpara,2015-08-26,0,val,44.0,False,NORMAL,1.6678,25.6428,358.6898,612.8952,287.4671,0.418,0.042
723c362a8475de63,91.74,24.02,Tripura,West Tripura,2013-08-17,0,train,49.45,True,ELEVATED,4.9545,52.546,107.3712,340.4351,122.5516,1.543,0.154
8a0eb76b5a5f02a2,91.98,26.34,Assam,Darrang,2013-02-18,0,train,53.22,True,ELEVATED,7.6086,7.6086,7.6086,7.6086,7.6086,10.0,1.0
e8318c7aacf49ab8,90.6,25.88,Meghalaya,East Garo Hills,2010-10-08,0,train,49.44,True,ELEVATED,10.5952,28.6291,28.6291,611.5696,95.936,0.468,0.047
be24156485200ea1,90.58,25.5,Meghalaya,East Garo Hills,2016-10-12,0,test,54.41,True,ELEVATED,11.4244,99.7535,170.387,290.687,158.8895,3.432,0.343
ea388b88f534f6cc,91.58,26.62,Assam,Nalbari,2014-09-22,0,train,63.35,True,ELEVATED,135.118,146.2949,166.03,297.9591,177.94,4.91,0.491
cc1572be6ff208bc,94.3,26.86,Assam,Jorhat,2010-08-27,0,train,44.71,False,NORMAL,3.4599,13.1294,45.108,318.2308,80.8224,0.413,0.041
7d01f8bdd35bc476,91.0,25.78,Meghalaya,West Khasi Hills,2007-07-27,0,train,66.79,True,ELEVATED,205.1639,664.4071,964.543,1497.0068,949.6038,4.438,0.444
e8c0831dfb031d39,94.92,28.56,Arunachal Pradesh,Upper Siang,2015-08-18,0,test,59.61,True,ELEVATED,54.664,136.9543,185.5853,396.5193,193.704,3.454,0.345
4cb70607a3e58cd4,93.02,26.42,Assam,Karbi Anglong,2013-09-02,0,train,51.23,True,ELEVATED,19.4295,28.5372,139.0747,373.028,118.2483,0.765,0.077
3f525b0d8ba7f63a,94.12,28.36,Arunachal Pradesh,Upper Subansiri,2007-09-18,0,train,39.62,False,NORMAL,0.0,12.2541,23.4707,585.5864,147.0702,0.209,0.021
9e70cf2ea477f0ae,94.04,27.52,Arunachal Pradesh,Lower Subansiri,2007-07-27,0,train,57.67,True,ELEVATED,33.8553,190.1089,412.4525,918.1456,426.8361,2.071,0.207
2fba1769439680b9,95.34,27.94,Arunachal Pradesh,East Siang,2016-05-18,0,train,59.92,True,ELEVATED,62.8136,167.0275,222.0601,615.5512,226.3101,2.713,0.271
84f22904ed3d31eb,94.7,27.44,Assam,Dhemaji,2015-08-01,0,train,34.09,False,NORMAL,0.0,0.1099,0.1099,287.8416,73.9511,0.004,0.0
0261855dfbb5eee8,92.46,26.44,Assam,Nagaon,2010-10-09,0,train,55.28,True,ELEVATED,35.0636,48.5403,48.6965,255.0041,77.8283,1.904,0.19
3739faad9016567b,91.1,26.48,Assam,Barpeta,2014-09-23,0,train,61.48,True,ELEVATED,54.8112,187.4638,218.3519,356.204,213.2638,5.263,0.526
130b5a0c54f47ac6,92.96,26.16,Assam,Karbi Anglong,2011-06-21,0,test,39.8,False,NORMAL,0.7166,5.6209,81.0615,246.5344,89.9705,0.228,0.023
f7ce07e55a4e3d54,93.74,26.64,Assam,Golaghat,2014-08-14,0,train,47.86,True,ELEVATED,8.6103,19.0512,99.2911,363.119,102.6824,0.525,0.052
37ef4ff0a8919c29,93.44,24.18,Manipur,Churachandpur,2013-07-12,0,train,57.61,True,ELEVATED,23.6197,122.5309,137.0984,282.8007,154.193,4.333,0.433
af6b9d55c86cbc1e,94.3,27.1,Assam,Lakhimpur,2010-10-08,0,train,43.9,False,NORMAL,0.8352,23.6059,23.6059,288.7676,53.0644,0.817,0.082
043bcd1ae9ed2933,96.12,27.58,Arunachal Pradesh,Changlang,2015-06-16,0,test,52.64,True,ELEVATED,12.7806,67.4973,200.2912,364.7716,177.3259,1.85,0.185
51fd40b95e71aacf,95.56,28.8,Arunachal Pradesh,Upper Dibang Valley,2007-08-26,0,test,36.04,False,NORMAL,0.0,0.0,0.0,0.0,0.0,0.0,0.0
d4d5b7ea0b220d74,92.3,24.66,Assam,Karimganj,2016-05-01,0,val,49.21,True,ELEVATED,9.0715,41.3501,213.6732,976.1605,298.8041,0.424,0.042
ef740b57be9959d4,88.78,27.92,Sikkim,North Sikkim,2010-10-09,0,train,37.28,False,NORMAL,0.2398,1.7403,27.1344,150.36,28.9435,0.116,0.012
8b5ab88ee67d5ade,93.48,27.48,Arunachal Pradesh,Papum Pare,2012-06-14,0,test,56.44,True,ELEVATED,32.5488,104.0015,145.0474,522.524,202.1794,1.99,0.199
a6da9c300a602e33,95.28,26.96,Arunachal Pradesh,Tirap,2007-07-26,0,train,56.31,True,ELEVATED,45.3432,79.6917,205.0213,558.4462,235.5552,1.427,0.143
8fc783d4fab7a8c5,92.28,27.6,Arunachal Pradesh,West Kameng,2011-06-17,0,train,43.01,False,NORMAL,3.1634,6.5417,65.0212,200.3602,63.5288,0.326,0.033
2a8897539619f8a7,94.96,26.82,Nagaland,Mon,2015-03-19,0,val,43.37,False,NORMAL,3.0813,3.0813,3.0813,22.801,6.03,1.351,0.135
ca8cf21c2f2140a0,93.6,26.26,Assam,Karbi Anglong,2014-10-20,0,train,34.51,False,NORMAL,0.0,0.0,16.0532,95.068,17.5827,0.0,0.0
88e9758a6bd6968e,92.72,24.92,Assam,Cachar,2013-08-15,0,train,45.78,False,NORMAL,1.4939,39.9667,84.649,362.5664,130.0404,1.102,0.11
886e18423e0d0f15,95.56,27.08,Arunachal Pradesh,Tirap,2010-07-29,0,train,47.55,True,ELEVATED,7.7797,20.1042,64.1416,450.6555,126.1837,0.446,0.045
331bae6358bac851,92.72,26.96,Assam,Sonitpur,2007-10-16,0,train,45.86,False,NORMAL,6.0219,7.4045,31.3376,61.8462,29.9713,1.197,0.12
99171170a647c723,88.22,27.74,Sikkim,North Sikkim,2010-06-15,0,train,53.94,True,ELEVATED,29.0433,54.9595,117.4263,530.6498,189.4214,1.036,0.104
a9681ffa2af4a26c,92.86,22.92,Mizoram,Lunglei,2015-08-26,0,train,57.56,True,ELEVATED,27.4926,118.0688,188.6137,307.8345,172.7372,3.835,0.384
049c3b131e9862d5,93.38,26.22,Assam,Karbi Anglong,2010-06-09,0,val,56.33,True,ELEVATED,50.2449,50.529,85.8079,256.6166,102.2107,1.969,0.197
86b9ce0c2af992cd,94.44,28.92,Arunachal Pradesh,Upper Siang,2011-07-07,0,train,36.04,False,NORMAL,0.0,0.0,0.0,0.0,0.0,0.0,0.0
9ec3cf5f9560106f,94.14,27.46,Arunachal Pradesh,Papum Pare,2013-09-01,0,train,50.35,True,ELEVATED,11.2586,30.4715,62.5365,259.2706,76.9216,1.175,0.118
600f6dc3125370f6,93.12,24.72,Manipur,East Imphal,2011-06-20,0,train,51.77,True,ELEVATED,15.2337,47.0418,107.5135,486.738,146.1759,0.966,0.097
2c3999a2dd194506,93.72,26.22,Assam,Karbi Anglong,2007-07-27,0,train,51.11,True,ELEVATED,7.6582,51.4636,90.5293,234.2692,99.7831,2.197,0.22
72efda6dfac462b3,93.8,26.84,Assam,Lakhimpur,2010-08-27,0,train,44.18,False,NORMAL,3.6391,10.5604,72.5002,290.6453,97.6806,0.363,0.036
1c0e5dd2a7ca330c,94.6,26.14,Nagaland,Zunheboto,2015-03-19,0,test,44.1,False,NORMAL,3.3176,3.3176,3.3176,17.5373,5.2211,1.892,0.189
da877ef85d47fa5c,91.36,25.66,Meghalaya,West Khasi Hills,2015-07-22,0,val,51.21,True,ELEVATED,11.3975,40.3468,62.7364,274.6118,85.9369,1.469,0.147
fac8dfe8c3bf9f58,92.72,24.82,Assam,Cachar,2010-10-09,0,train,56.03,True,ELEVATED,18.9173,99.5682,111.585,284.5718,123.425,3.499,0.35
d12cf5043ff07953,91.04,26.68,Assam,Barpeta,2009-10-05,0,test,46.44,False,NORMAL,7.8027,8.1262,8.1262,121.6648,28.9365,0.668,0.067
746f5141c73c43c9,90.68,25.38,Meghalaya,South Garo Hills,2015-08-27,0,train,38.61,False,NORMAL,1.7871,3.0203,353.6388,2481.673,958.8949,0.012,0.001
1959540b6504967b,92.02,25.74,Meghalaya,Ri-Bhoi,2007-09-13,0,train,46.92,False,NORMAL,7.5914,15.783,153.8626,311.4097,130.0971,0.507,0.051
ee0419c1178079d4,96.86,28.04,Arunachal Pradesh,Lohit,2013-08-17,0,test,46.31,False,NORMAL,5.3957,16.2886,83.811,261.8752,101.8795,0.622,0.062
8dd18c418bb881ce,90.36,25.24,Meghalaya,South Garo Hills,2013-07-12,0,train,45.07,False,NORMAL,2.4946,21.3085,85.1986,324.199,113.3543,0.657,0.066
db9b9392d8fb525e,92.96,26.92,Assam,Sonitpur,2014-09-22,0,train,52.21,True,ELEVATED,16.2324,41.3325,89.0015,265.2163,108.1349,1.558,0.156
5adb2352fc1da7ab,94.52,28.8,Arunachal Pradesh,West Siang,2015-08-19,0,train,60.8,True,ELEVATED,51.0659,148.6793,172.7308,286.4147,172.5839,5.191,0.519
0b30081be60d1e14,95.62,28.06,Arunachal Pradesh,Lower Dibang Valley,2007-07-19,0,train,53.81,True,ELEVATED,23.443,61.1254,144.7319,449.8276,181.3262,1.359,0.136
5f64412eb0413c1b,94.56,25.62,Manipur,Ukhrul,2011-05-24,0,train,44.7,False,NORMAL,3.7343,9.7855,37.4765,141.2865,46.5479,0.693,0.069
9443373cd278093b,91.74,25.7,Meghalaya,West Khasi Hills,2010-08-14,0,train,54.4,True,ELEVATED,30.1906,43.1762,58.5023,253.2692,79.2978,1.705,0.17
73d6a120157dcee0,96.22,28.16,Arunachal Pradesh,Lohit,2015-08-27,0,train,38.78,False,NORMAL,0.0,7.3974,38.7452,340.8418,90.2297,0.217,0.022
ed6e99111e3f4ad1,92.42,25.06,Meghalaya,Jaintia Hills,2010-06-28,0,train,47.74,True,ELEVATED,6.2976,23.9487,40.5752,378.1104,87.644,0.633,0.063
cf1049a10f7c4603,94.36,25.14,Manipur,Ukhrul,2011-08-23,0,train,56.77,True,ELEVATED,27.6284,79.8343,80.7331,221.8781,101.5865,3.598,0.36
b7dc369c4b6c1651,94.4,27.72,Arunachal Pradesh,West Siang,2010-10-08,0,test,43.81,False,NORMAL,2.6681,9.6238,10.2967,230.2492,39.9888,0.418,0.042
928fba1b114b2be2,94.12,23.9,Manipur,Chandel,2016-06-12,0,train,46.09,False,NORMAL,3.4002,22.0001,64.4024,328.1082,74.5906,0.671,0.067
a18a17addbbfbfe8,91.1,25.64,Meghalaya,West Khasi Hills,2007-10-19,0,val,44.37,False,NORMAL,2.8183,14.2158,49.4129,268.9371,100.9315,0.529,0.053
1e329502f3007233,94.0,27.76,Arunachal Pradesh,Lower Subansiri,2013-07-17,0,val,54.66,True,ELEVATED,37.0365,59.0528,135.5998,692.3026,210.0947,0.853,0.085
671d8e1452d0e6d5,91.1,26.0,Assam,Kamrup,2012-06-02,0,train,43.66,False,NORMAL,4.6571,4.6571,4.6571,139.7352,30.6825,0.333,0.033
e9df430229acdbe1,95.76,26.98,Arunachal Pradesh,Changlang,2016-07-10,0,train,47.41,True,ELEVATED,9.5883,13.5136,44.7823,320.3514,82.3867,0.422,0.042
026e7be074c4aa05,96.66,28.18,Arunachal Pradesh,Lohit,2014-09-22,0,train,58.05,True,ELEVATED,32.5993,117.8001,122.2014,327.202,132.8505,3.6,0.36
a288bafa8f6149d2,96.76,28.06,Arunachal Pradesh,Lohit,2010-09-04,0,train,50.46,True,ELEVATED,15.3341,22.1968,22.6544,226.0462,63.1561,0.982,0.098
33220998d42ae801,96.96,28.18,Arunachal Pradesh,Lohit,2015-08-01,0,test,34.39,False,NORMAL,0.0,0.0,0.0,112.2,24.8364,0.0,0.0
e3f2acee5ff474b2,94.54,27.56,Assam,Dhemaji,2011-08-12,0,test,37.19,False,NORMAL,0.0,2.9515,11.609,259.9794,56.1705,0.114,0.011
775f721d56b15b66,91.3,25.32,Meghalaya,West Khasi Hills,2016-10-12,0,train,61.24,True,ELEVATED,37.5868,214.6571,235.6126,351.2002,225.9754,6.112,0.611
62f501d9e6be48d9,94.28,28.58,Arunachal Pradesh,West Siang,2014-05-08,0,train,54.73,True,ELEVATED,28.4595,46.2338,64.7957,214.1954,75.1047,2.158,0.216
cfd696431be18b37,93.08,24.74,Assam,Cachar,2013-02-18,0,train,49.35,True,ELEVATED,2.9795,2.9795,2.9795,2.9795,2.9795,10.0,1.0
23b7ac6bf2d9d59a,95.08,27.22,Assam,Dibrugarh,2014-06-27,0,train,50.22,True,ELEVATED,13.8133,26.3662,84.1817,286.5031,106.2829,0.92,0.092
cf057ba188c394f4,92.52,26.32,Assam,Marigaon,2015-08-01,0,train,42.03,False,NORMAL,3.0587,4.0049,4.2162,196.7015,48.0875,0.204,0.02
1b74d9c5683494e1,92.22,27.44,Arunachal Pradesh,West Kameng,2010-04-02,0,train,45.17,False,NORMAL,1.0664,19.403,48.82,71.9164,41.5918,2.698,0.27
c450d838c84f9036,92.6,22.46,Mizoram,Lawngtlai,2010-09-09,0,train,52.43,True,ELEVATED,17.7807,52.8637,149.0055,551.3759,165.0829,0.959,0.096
454caa400cf77372,94.34,27.1,Assam,Lakhimpur,2015-09-01,0,train,55.43,True,ELEVATED,21.5768,88.4355,102.4278,353.7566,128.9754,2.5,0.25
78b2924bdc22b698,88.7,27.28,Sikkim,East,2010-08-20,0,train,50.97,True,ELEVATED,5.7189,105.0218,203.9291,758.6414,277.7197,1.384,0.138
85f6c32691ded12e,96.44,27.98,Arunachal Pradesh,Lohit,2013-07-15,0,train,51.0,True,ELEVATED,15.956,36.7901,94.7039,550.9095,175.6422,0.668,0.067
3186b32acc36ec93,92.9,22.08,Mizoram,Saiha,2014-06-28,0,train,51.14,True,ELEVATED,13.999,40.7955,100.9891,411.5814,162.8999,0.991,0.099
6d2ca718f5a7641f,91.98,24.32,Tripura,North Tripura,2010-10-09,0,train,60.31,True,ELEVATED,75.2586,121.1679,132.0866,363.9828,149.9044,3.329,0.333
7441cbf41a9258c5,90.1,25.24,Meghalaya,West Garo Hills,2010-10-08,0,test,36.04,False,NORMAL,0.0,0.0,0.0,0.0,0.0,0.0,0.0
8a466cfc70e7a596,88.6,27.98,Sikkim,North Sikkim,2013-08-04,0,train,45.65,False,NORMAL,3.2619,23.621,92.7718,505.9286,148.0647,0.467,0.047
556c26c098fe08b7,91.76,23.64,Tripura,South Tripura,2011-05-31,0,train,54.76,True,ELEVATED,32.9639,62.6533,154.3342,483.241,205.7914,1.297,0.13
b9c4a5b785642872,96.64,27.6,Arunachal Pradesh,Changlang,2011-07-01,0,val,36.04,False,NORMAL,0.0,0.0,0.0,0.0,0.0,0.0,0.0
2d8d5abcdb522913,94.64,25.86,Nagaland,Tuensang,2008-08-07,0,train,50.27,True,ELEVATED,13.7904,32.516,142.9877,494.704,174.1753,0.657,0.066
a00bc89b83c620e9,94.48,27.22,Assam,Lakhimpur,2010-09-04,0,train,41.64,False,NORMAL,2.3279,5.4786,31.1079,411.0016,94.298,0.133,0.013
80f443f879bc9873,91.78,25.7,Meghalaya,West Khasi Hills,2010-10-08,0,train,56.88,True,ELEVATED,45.0333,73.3084,111.402,344.012,131.0359,2.131,0.213
dd9427ebad04cb23,91.7,26.66,Assam,Kamrup,2011-07-07,0,train,44.95,False,NORMAL,1.5707,27.4107,68.7411,303.2588,105.0997,0.904,0.09
5d1f1d09f191f3d2,91.28,26.16,Assam,Nalbari,2015-08-01,0,train,35.31,False,NORMAL,0.223,0.3623,0.3623,212.7064,50.8821,0.017,0.002
3f74443488660b44,93.24,23.3,Mizoram,Champhai,2015-08-01,0,train,50.69,True,ELEVATED,17.4638,26.1968,51.9028,383.9794,114.9156,0.682,0.068
c1cdef9938abb381,95.56,28.28,Arunachal Pradesh,Lower Dibang Valley,2014-06-26,0,train,41.66,False,NORMAL,0.0,21.6381,64.9894,278.6151,71.1845,0.777,0.078
9f5a9d03530aff9c,95.6,26.84,Arunachal Pradesh,Tirap,2016-07-28,0,train,36.04,False,NORMAL,0.0,0.0,0.0,0.0,0.0,0.0,0.0
1f55475b9ec0f919,93.42,25.52,Nagaland,Kohima,2015-08-27,0,val,54.85,True,ELEVATED,31.3776,43.1945,71.5456,195.4033,80.4759,2.211,0.221
4e2c158f3eef425c,96.0,27.88,Arunachal Pradesh,Lohit,2015-08-11,0,val,43.23,False,NORMAL,0.0,39.293,113.0572,276.3649,117.8065,1.422,0.142
0579ad013a57480d,95.4,27.38,Assam,Dibrugarh,2010-09-04,0,train,56.03,True,ELEVATED,42.7156,57.2015,99.9241,292.9549,123.079,1.953,0.195
8e1bd8e0317b06dc,94.08,27.98,Arunachal Pradesh,Upper Subansiri,2007-07-16,0,train,57.98,True,ELEVATED,66.6059,91.923,206.2331,556.2892,217.8316,1.652,0.165
00ea769b6265b832,95.26,26.88,Arunachal Pradesh,Tirap,2014-06-27,0,train,52.02,True,ELEVATED,20.5759,32.4672,80.6951,283.1062,109.5847,1.147,0.115
bb10dba1b56c8d98,92.92,22.24,Mizoram,Saiha,2012-06-22,0,train,36.04,False,NORMAL,0.0,0.0,0.0,0.0,0.0,0.0,0.0
fa509137a2263e2e,91.6,23.16,Tripura,South Tripura,2010-09-13,0,train,49.68,True,ELEVATED,11.5866,18.845,26.8255,156.6949,38.3943,1.203,0.12
67d02265585038ea,91.66,27.82,Arunachal Pradesh,Tawang,2010-04-21,0,train,53.26,True,ELEVATED,27.8523,37.0517,55.3162,357.6504,93.1183,1.036,0.104
d1aa0c5c9aaead31,94.1,23.86,Manipur,,2015-07-22,0,train,36.04,False,NORMAL,0.0,0.0,0.0,0.0,0.0,0.0,0.0
83fd0c9c0255a6df,90.9,25.56,Meghalaya,West Khasi Hills,2013-08-16,0,test,48.16,True,ELEVATED,5.0196,47.4274,77.7665,869.9418,253.9141,0.545,0.055
63fa4aeb66f84401,93.4,24.64,Manipur,Tamenglong,2014-09-24,0,train,54.04,True,ELEVATED,21.799,37.7001,71.4004,128.3112,65.6312,2.938,0.294
c57955ac3c1837c7,96.16,27.94,Arunachal Pradesh,Lohit,2010-06-15,0,train,49.68,True,ELEVATED,14.7213,23.4522,71.4678,444.7324,147.4789,0.527,0.053
7ca283bf92ff47fb,96.5,28.08,Arunachal Pradesh,Lohit,2010-06-28,0,train,54.95,True,ELEVATED,28.3955,74.1462,136.8358,521.4298,162.6709,1.422,0.142
08bcbc4dbcc927fa,94.52,26.66,Nagaland,Mokokchung,2010-10-08,0,train,48.98,True,ELEVATED,6.0665,35.9008,43.8501,339.4087,77.3642,1.058,0.106
f3e2fbcdde1368b7,90.68,25.64,Meghalaya,East Garo Hills,2015-08-19,0,test,63.21,True,ELEVATED,99.6944,248.2461,361.3702,535.9416,334.0426,4.632,0.463
97d0e22544fb1513,92.84,23.18,Mizoram,Lunglei,2016-06-14,0,train,40.06,False,NORMAL,0.6529,5.4873,29.4144,158.0789,47.6498,0.347,0.035
bc05fb8fd396c577,92.76,22.26,Mizoram,Lawngtlai,2012-06-25,0,train,36.04,False,NORMAL,0.0,0.0,0.0,0.0,0.0,0.0,0.0
4d093d40ab7e8fc9,93.14,24.04,Mizoram,Aizawl,2012-06-25,0,train,49.43,True,ELEVATED,9.5604,37.3021,239.5953,580.0166,216.2797,0.643,0.064
3d0b00f457e79662,95.94,28.4,Arunachal Pradesh,Lower Dibang Valley,2010-07-19,0,train,50.98,True,ELEVATED,10.3945,59.2817,83.2707,694.095,211.0315,0.854,0.085
675c2443b306ce81,92.58,24.08,Mizoram,Kolasib,2011-06-28,0,test,50.95,True,ELEVATED,14.3368,36.3482,105.3035,433.0736,127.2814,0.839,0.084
d8c2e432c6304d6a,94.18,27.4,Assam,Lakhimpur,2011-07-15,0,train,59.1,True,ELEVATED,55.2614,138.7059,163.3322,517.3149,220.2494,2.681,0.268
38316488df445f33,94.0,24.88,Manipur,East Imphal,2015-06-24,0,train,53.78,True,ELEVATED,26.4788,28.7401,31.9878,117.201,51.2886,2.452,0.245
09d66fc079dbeca1,91.4,25.2,Meghalaya,East Khasi Hills,2013-09-02,0,train,63.49,True,ELEVATED,116.6795,392.542,707.1506,1228.1012,621.8398,3.196,0.32
69172ffd15514e48,94.06,25.88,Nagaland,Kohima,2010-08-21,0,train,56.69,True,ELEVATED,37.4739,84.8496,145.7775,377.4855,152.0246,2.248,0.225
ddda64e99e4d029c,92.22,23.96,Tripura,North Tripura,2012-09-19,0,train,43.66,False,NORMAL,0.0,49.2861,124.3293,371.2107,128.3139,1.328,0.133
e632eb47104dd952,96.6,27.84,Arunachal Pradesh,Lohit,2016-05-18,0,val,58.12,True,ELEVATED,37.6864,164.3907,216.5564,720.9323,225.3722,2.28,0.228
a4d7760001c65607,94.06,28.16,Arunachal Pradesh,Upper Subansiri,2015-08-01,0,train,38.26,False,NORMAL,0.8751,1.8514,2.0172,230.3775,53.8037,0.08,0.008
58459ec7a457b0c9,92.18,27.74,Arunachal Pradesh,Tawang,2015-08-19,0,train,52.28,True,ELEVATED,12.8584,40.9218,71.8737,168.0014,78.78,2.436,0.244
54bd51037041387d,92.86,24.24,Mizoram,Kolasib,2013-07-01,0,val,46.48,False,NORMAL,2.1479,27.8029,32.8462,174.7166,49.6218,1.591,0.159
7d42588397499f8f,92.4,27.46,Arunachal Pradesh,West Kameng,2010-10-09,0,train,49.97,True,ELEVATED,12.7331,23.7022,30.3806,246.069,74.6899,0.963,0.096
72ce5c4f2a1f79f1,94.02,27.5,Arunachal Pradesh,Lower Subansiri,2011-06-17,0,train,45.43,False,NORMAL,7.4433,9.1767,90.9402,455.112,126.6144,0.202,0.02
9b8d99a99305e453,93.88,24.0,Manipur,Chandel,2010-10-09,0,train,63.87,True,ELEVATED,96.9758,184.492,188.0971,286.6885,188.5678,6.435,0.644
866270725d3e2e79,92.54,24.88,Assam,Cachar,2010-07-21,0,train,46.88,False,NORMAL,5.1924,19.3935,50.5545,268.2924,74.4374,0.723,0.072
06799dc733bf4374,93.36,25.26,Assam,North Cachar Hills,2015-09-01,0,train,47.39,True,ELEVATED,8.7079,12.5188,45.5345,170.9742,55.5511,0.732,0.073
35d4a21ee141f413,93.48,26.4,Assam,Karbi Anglong,2012-06-25,0,test,50.55,True,ELEVATED,12.1784,30.2771,103.5034,226.3824,92.6309,1.337,0.134
3b4c685394139fb6,94.84,27.66,Assam,Dhemaji,2010-09-13,0,test,40.93,False,NORMAL,0.0,20.9512,172.2362,402.6651,172.6673,0.52,0.052
ff0584d9a9ecd143,92.94,25.7,Assam,North Cachar Hills,2010-08-06,0,train,44.97,False,NORMAL,3.6569,11.1967,29.9241,137.9371,53.3893,0.812,0.081
8481ea16b2264679,94.92,28.82,Arunachal Pradesh,Upper Siang,2015-08-01,0,test,43.09,False,NORMAL,2.1596,9.8981,10.5729,317.7569,64.6915,0.311,0.031
b11ebbd95f509e47,93.04,27.58,Arunachal Pradesh,East Kameng,2012-06-22,0,train,49.39,True,ELEVATED,6.7814,41.1376,62.6042,377.7446,117.8254,1.089,0.109
bc49f80e3799d7c4,96.96,28.24,Arunachal Pradesh,Lohit,2015-08-01,0,train,34.39,False,NORMAL,0.0,0.0,0.0,112.2,24.8364,0.0,0.0
10e958548d70f9d6,91.06,26.72,Assam,Barpeta,2011-08-05,0,train,61.25,True,ELEVATED,104.2788,126.3073,132.1822,382.2251,177.3475,3.305,0.33
d770eea544e9a5e1,94.74,28.32,Arunachal Pradesh,West Siang,2011-06-20,0,test,39.7,False,NORMAL,1.2184,2.8478,16.2025,157.7413,36.8614,0.181,0.018
b9b6de4cbf511f8e,94.66,28.36,Arunachal Pradesh,West Siang,2014-09-22,0,test,53.58,True,ELEVATED,24.9772,37.557,37.8189,242.8829,57.0564,1.546,0.155
6f1b33b962404eeb,96.18,28.24,Arunachal Pradesh,Lower Dibang Valley,2015-08-02,0,val,34.3,False,NORMAL,0.0,0.0,0.0,146.3926,29.8953,0.0,0.0
7d3071dca95a5774,94.38,27.28,Assam,Lakhimpur,2013-09-02,0,train,52.25,True,ELEVATED,14.0752,50.1225,76.0145,342.06,99.6771,1.465,0.147
6428ec0f5acb0062,92.0,26.68,Assam,Darrang,2010-08-19,0,val,47.58,True,ELEVATED,1.1553,58.7955,89.3156,207.9779,101.7634,2.827,0.283
9234ed822afab628,95.94,28.16,Arunachal Pradesh,Lower Dibang Valley,2009-08-20,0,train,51.0,True,ELEVATED,15.8181,28.8931,99.4028,251.6623,103.3621,1.148,0.115
7efa1dd645be2bc3,93.04,25.28,Assam,North Cachar Hills,2014-08-17,0,val,54.77,True,ELEVATED,26.1214,62.6364,77.5769,337.3139,117.2273,1.857,0.186
f7c05cec682f8d92,92.62,22.5,Mizoram,Lawngtlai,2010-09-09,0,train,52.43,True,ELEVATED,17.7807,52.8637,149.0055,551.3759,165.0829,0.959,0.096
d132ef38cd99a8f6,95.62,28.12,Arunachal Pradesh,Lower Dibang Valley,2015-08-19,0,train,57.08,True,ELEVATED,32.8729,112.2573,202.0732,432.6404,193.3238,2.595,0.259
aa8fe0e5ef3f1a2b,92.62,25.66,Assam,Karbi Anglong,2007-10-19,0,test,43.46,False,NORMAL,0.2899,23.4588,39.0605,129.7042,53.2647,1.809,0.181
83a4019902fd2e02,92.98,25.64,Assam,North Cachar Hills,2015-08-01,0,val,48.98,True,ELEVATED,11.5644,15.4928,15.9623,163.0138,43.321,0.95,0.095
96913d4198ba452a,92.74,25.78,Assam,Karbi Anglong,2012-06-25,0,train,51.93,True,ELEVATED,19.9645,25.8536,71.5433,161.6775,69.8256,1.599,0.16
49f1eca2d38f9e30,93.82,27.04,Assam,Lakhimpur,2016-06-22,0,train,52.22,True,ELEVATED,17.5794,41.979,129.1149,311.7096,130.9358,1.347,0.135
a55fb9c627d636e9,92.28,23.98,Tripura,North Tripura,2011-08-05,0,train,49.17,True,ELEVATED,6.1446,39.0199,54.109,346.7102,90.9303,1.125,0.113
9a748a87a257d7f7,94.02,27.1,Assam,Lakhimpur,2016-05-01,0,train,52.23,True,ELEVATED,20.7206,42.1576,68.6712,503.1695,171.4219,0.838,0.084
0986a6fd4798e7e5,90.0,25.9,Assam,Dhuburi,2011-07-25,0,train,36.82,False,NORMAL,0.0,3.2078,122.0241,580.5781,135.8456,0.055,0.006
522341c4d34e8b4f,92.44,23.58,Mizoram,Mamit,2010-10-09,0,train,58.12,True,ELEVATED,29.0043,146.8335,157.853,406.6824,167.3996,3.611,0.361
e6dc9eaa69331b38,95.16,27.28,Assam,Dibrugarh,2010-06-15,0,train,46.18,False,NORMAL,2.9253,25.2267,54.4408,265.2645,86.6625,0.951,0.095
0eb893cc3a994349,94.52,27.08,Assam,Jorhat,2009-08-26,0,train,33.56,False,NORMAL,0.0,0.0,80.846,438.6098,117.4626,0.0,0.0
0ab988b4d59d9dba,95.12,26.7,Nagaland,Mon,2010-10-09,0,train,51.38,True,ELEVATED,17.0726,32.7516,47.8489,427.9715,87.1018,0.765,0.077
fbffd0c54c71fa59,93.38,24.4,Manipur,Churachandpur,2015-07-22,0,train,52.62,True,ELEVATED,13.4936,64.0411,156.9659,394.7984,145.1723,1.622,0.162
6965483a79ffadb3,94.6,27.86,Arunachal Pradesh,West Siang,2010-09-12,0,train,44.29,False,NORMAL,0.5254,41.1395,103.4342,421.3056,125.272,0.976,0.098
92019f2fb6847b90,92.08,27.5,Arunachal Pradesh,West Kameng,2015-08-01,0,train,40.63,False,NORMAL,2.4535,2.4535,7.1823,242.3893,42.9449,0.101,0.01
355e3a6953642d31,93.98,25.18,Manipur,Senapati,2013-07-15,0,val,47.35,True,ELEVATED,6.4174,21.3543,114.6238,297.1092,126.4031,0.719,0.072
d675ee07493f186a,94.84,28.4,Arunachal Pradesh,West Siang,2009-08-27,0,train,36.02,False,NORMAL,0.5927,0.933,95.9784,764.263,234.6742,0.012,0.001
88370e75fd747de0,96.84,27.7,Arunachal Pradesh,Lohit,2014-08-17,0,test,46.73,False,NORMAL,2.5991,38.1748,207.834,321.5606,157.7162,1.187,0.119
0cc71fd503f11a12,92.62,22.46,Mizoram,Lawngtlai,2007-09-11,0,train,43.88,False,NORMAL,1.4002,25.1148,154.6752,578.8206,189.7459,0.434,0.043
b1e8467944c0fd62,93.78,27.14,Arunachal Pradesh,Papum Pare,2016-07-25,0,train,51.41,True,ELEVATED,10.8226,68.1834,134.9846,742.474,235.3899,0.918,0.092
455c71dac6c6ef91,92.46,27.76,Arunachal Pradesh,West Kameng,2007-08-28,0,val,49.31,True,ELEVATED,6.4882,43.6467,100.5392,400.6916,141.4292,1.089,0.109
91cd7a5b7c669ac4,93.34,24.3,Manipur,Churachandpur,2016-07-19,0,train,46.19,False,NORMAL,4.045,21.9965,97.9547,363.2222,122.2078,0.606,0.061
941a30e3f2f941d7,96.04,27.88,Arunachal Pradesh,Lohit,2015-03-19,0,train,45.37,False,NORMAL,4.6724,6.4181,7.1005,51.3232,13.6564,1.251,0.125
65c7dae39834b093,93.0,26.34,Assam,Karbi Anglong,2010-07-19,0,test,52.77,True,ELEVATED,16.6246,43.6958,56.9895,238.1892,79.3832,1.834,0.183
ad8174a350b2be3b,91.22,25.68,Meghalaya,West Khasi Hills,2013-08-09,0,val,47.73,True,ELEVATED,2.6091,46.96,82.3326,299.3631,107.4816,1.569,0.157
a9744febb64d1a0b,92.7,26.14,Assam,Nagaon,2014-09-21,0,train,49.78,True,ELEVATED,2.8426,69.336,75.1625,243.7509,100.8416,2.845,0.284
c38005ddf4e34c6f,88.7,27.32,Sikkim,East,2011-06-28,0,test,49.69,True,ELEVATED,12.9866,31.3366,191.9234,675.2322,241.2296,0.464,0.046
097bc3ea79b7338a,94.76,25.56,Nagaland,Phek,2011-08-25,0,train,36.04,False,NORMAL,0.0,0.0,0.0,0.0,0.0,0.0,0.0
4a16e12315a2502c,93.36,24.34,Manipur,Churachandpur,2007-05-23,0,train,49.25,True,ELEVATED,9.39,28.2594,94.7647,304.0703,117.9352,0.929,0.093
e508eb25fba5d65f,95.4,28.22,Arunachal Pradesh,East Siang,2011-07-24,0,train,43.29,False,NORMAL,0.2,34.8,58.6,368.9998,96.5945,0.943,0.094
b7f7f465a31acba2,93.22,26.6,Assam,Nagaon,2013-08-16,0,train,37.72,False,NORMAL,0.1129,4.2001,69.1437,360.2969,123.5788,0.117,0.012
be65e4771b32327f,96.08,28.38,Arunachal Pradesh,Lower Dibang Valley,2015-08-01,0,val,34.03,False,NORMAL,0.0,0.0,0.0,238.4246,52.5118,0.0,0.0
f94a0624b4f067f8,94.82,28.08,Arunachal Pradesh,West Siang,2012-06-25,0,train,51.33,True,ELEVATED,7.8008,65.5121,115.0167,359.2306,134.6677,1.824,0.182
f149069a7cd91e3d,93.24,25.9,Assam,Karbi Anglong,2014-09-22,0,test,43.26,False,NORMAL,0.8829,14.1586,27.6313,107.2011,39.9385,1.321,0.132
a99ad043da46ab15,91.7,26.44,Assam,Kamrup,2011-07-11,0,train,39.83,False,NORMAL,1.4708,3.2794,35.3197,285.4784,77.9021,0.115,0.011
745d8e25c5e311b7,94.66,28.7,Arunachal Pradesh,West Siang,2013-06-27,0,val,62.36,True,ELEVATED,90.6708,158.9767,167.9554,330.1324,172.994,4.816,0.482
a0d9e1ae0dd96255,88.58,27.28,Sikkim,East,2015-08-19,0,train,49.69,True,ELEVATED,14.0294,22.7924,78.5945,387.7736,105.9281,0.588,0.059
5d9e7a45ed48edba,92.88,26.98,Assam,Sonitpur,2013-10-06,0,train,57.52,True,ELEVATED,37.4715,78.7633,79.5815,217.9995,125.8468,3.613,0.361
4418db105390a1b5,93.6,26.92,Assam,Sonitpur,2016-06-12,0,val,50.19,True,ELEVATED,8.833,33.3904,44.3074,241.973,58.2839,1.38,0.138
69ad4a035fdd5227,93.46,24.4,Manipur,Churachandpur,2013-05-12,0,train,51.45,True,ELEVATED,11.0212,45.7837,115.7355,249.5156,124.6639,1.835,0.183
504b40cf01200e01,95.36,28.76,Arunachal Pradesh,Upper Siang,2011-07-22,0,test,36.04,False,NORMAL,0.0,0.0,0.0,0.0,0.0,0.0,0.0
f806ffb3460ff3c1,91.76,26.48,Assam,Kamrup,2015-08-19,0,train,54.75,True,ELEVATED,21.007,53.979,78.0306,178.7429,81.2494,3.02,0.302
7675e2c6fb2809a0,88.26,27.62,Sikkim,North Sikkim,2011-05-22,0,test,52.95,True,ELEVATED,18.5177,32.557,56.5316,129.5299,62.7234,2.513,0.251
f60c35c394e8f1bd,91.98,23.92,Tripura,Dhalai,2015-07-22,0,train,49.62,True,ELEVATED,8.4104,33.8502,127.7014,264.6438,117.3168,1.279,0.128
b79bf1268892b6cc,92.22,24.46,Tripura,North Tripura,2008-06-19,0,train,49.3,True,ELEVATED,9.5376,26.3687,60.4439,288.0618,85.1656,0.915,0.092
69667a5817e9e87b,94.82,26.72,Nagaland,Tuensang,2015-08-01,0,val,34.28,False,NORMAL,0.0,0.208,0.208,269.2328,74.8378,0.008,0.001
0379324d9de2089a,96.08,27.32,Arunachal Pradesh,Changlang,2010-08-27,0,test,41.77,False,NORMAL,1.8382,7.4274,105.0497,401.286,102.2153,0.185,0.019
31bee351083c7130,91.82,23.56,Tripura,Dhalai,2009-08-27,0,train,48.57,True,ELEVATED,2.3291,80.2493,173.1673,483.1403,178.603,1.661,0.166
e4a223be3fe35c05,93.42,24.3,Manipur,Churachandpur,2010-10-09,0,train,63.07,True,ELEVATED,87.2219,172.4308,178.1563,294.9304,181.148,5.846,0.585
0239ddde7d296491,90.32,25.44,Meghalaya,West Garo Hills,2012-06-13,0,val,55.31,True,ELEVATED,40.8877,54.1689,115.7326,374.8318,154.4977,1.445,0.145
8e6c997c770d914e,94.64,28.64,Arunachal Pradesh,West Siang,2013-07-12,0,val,50.0,True,ELEVATED,8.4499,48.9426,156.7531,522.123,201.5672,0.937,0.094
bf03452492669b2c,91.1,26.12,Assam,Kamrup,2013-05-07,0,train,54.95,True,ELEVATED,26.8626,51.4485,96.5715,199.0446,98.9684,2.585,0.258
50d61de1218b2965,91.52,26.4,Assam,Nalbari,2007-07-30,0,train,55.93,True,ELEVATED,33.3476,88.7852,251.4337,487.599,232.8312,1.821,0.182
2baf81be8eb0e7d5,91.72,27.72,Arunachal Pradesh,Tawang,2013-07-12,0,val,47.18,True,ELEVATED,9.7886,10.8887,38.1491,214.2052,62.6423,0.508,0.051
c27777d19c1d2d3f,94.08,24.52,Manipur,Chandel,2013-09-01,0,train,36.2,False,NORMAL,0.3437,0.9223,44.6119,316.9867,65.0658,0.029,0.003
2f21ef64063a76cb,91.8,26.68,Assam,Darrang,2011-06-20,0,val,54.83,True,ELEVATED,36.6451,37.998,44.2167,198.4309,76.6663,1.915,0.191
d2c8df6f622c9cdb,93.72,25.0,Manipur,Tamenglong,2010-04-01,0,train,57.97,True,ELEVATED,35.6858,66.8286,121.931,135.2646,101.072,4.941,0.494
b44e3a066d7c36a1,94.86,27.32,Assam,Dibrugarh,2016-07-14,0,val,46.6,False,NORMAL,5.3783,18.5871,58.0118,353.1188,95.3304,0.526,0.053
65170a57b02f7c76,91.68,26.28,Assam,Kamrup,2015-06-19,0,train,49.27,True,ELEVATED,12.278,19.3121,44.5776,245.1146,72.4723,0.788,0.079
0271ae88a27b14fc,96.42,27.9,Arunachal Pradesh,Lohit,2011-07-16,0,val,36.04,False,NORMAL,0.0,0.0,0.0,0.0,0.0,0.0,0.0
d932838354e57208,91.12,26.04,Assam,Kamrup,2013-08-04,0,train,36.94,False,NORMAL,0.0,2.5105,12.7973,215.2472,53.5888,0.117,0.012
d46e229664b84395,93.78,26.64,Assam,Golaghat,2010-10-09,0,train,58.98,True,ELEVATED,65.3669,72.9858,74.4706,218.7421,87.2679,3.337,0.334
b57f2485b42d8247,93.5,25.34,Nagaland,Kohima,2012-06-07,0,train,44.54,False,NORMAL,1.7844,16.0211,69.0952,120.8979,55.9921,1.325,0.133
969b4c043d7a0de1,95.06,28.1,Arunachal Pradesh,East Siang,2008-08-07,0,train,48.8,True,ELEVATED,3.3748,76.3061,83.7445,777.484,193.5642,0.981,0.098
18f8b9ca53081fe3,93.5,26.6,Assam,Karbi Anglong,2013-06-27,0,test,51.86,True,ELEVATED,5.9243,53.097,97.6944,131.5579,80.1742,4.036,0.404
0d99988ba35b08d8,93.2,25.58,Assam,Karbi Anglong,2010-10-09,0,val,59.0,True,ELEVATED,45.3319,99.7128,109.7772,241.4613,121.597,4.13,0.413
7b1f60bde50e4d8a,93.36,27.86,Arunachal Pradesh,Kurung Kumey,2008-08-14,0,test,52.73,True,ELEVATED,14.9641,68.7062,140.0342,505.1058,206.4559,1.36,0.136
17dff103772285de,90.42,25.48,Meghalaya,East Garo Hills,2011-06-17,0,train,52.88,True,ELEVATED,13.486,64.3823,70.989,373.3819,108.3198,1.724,0.172
52e4c740e812072f,96.36,27.78,Arunachal Pradesh,Lohit,2007-09-09,0,val,56.97,True,ELEVATED,36.4,78.0,229.3,240.3,175.3164,3.246,0.325
36acb1ec8548d379,95.7,27.56,Assam,Tinsukia,2010-05-31,0,train,46.75,False,NORMAL,5.5021,19.5923,35.5109,430.5371,93.2934,0.455,0.046
6a9cf838e0eb5ec8,91.82,24.0,Tripura,Dhalai,2012-11-11,0,train,35.93,False,NORMAL,0.0,0.0,0.0,4.6407,0.2389,0.0,0.0
97a705ed18d6a7b9,94.14,26.14,Nagaland,Wokha,2014-09-23,0,test,55.1,True,ELEVATED,23.725,55.2879,92.3682,180.6737,95.7996,3.06,0.306
f5918f829759b25f,94.1,28.12,Arunachal Pradesh,Upper Subansiri,2016-04-19,0,train,48.87,True,ELEVATED,11.8987,19.7667,121.8943,300.2762,117.4227,0.658,0.066
68846afc7569b904,93.92,27.84,Arunachal Pradesh,Lower Subansiri,2009-09-17,0,val,37.12,False,NORMAL,0.0,2.7317,7.8805,285.1911,48.7658,0.096,0.01
99af612594e4af90,92.0,24.08,Tripura,Dhalai,2013-07-01,0,train,37.72,False,NORMAL,0.4088,2.1447,20.85,179.518,47.5319,0.119,0.012
ce30c89a4cfd87c0,92.92,25.26,Assam,North Cachar Hills,2007-09-09,0,test,54.04,True,ELEVATED,19.9676,68.5972,100.0603,371.0709,157.9778,1.849,0.185
7352ca770d892a2c,94.82,25.8,Nagaland,Tuensang,2007-08-28,0,train,54.4,True,ELEVATED,26.0709,59.6339,126.6633,355.5568,145.3052,1.677,0.168
f2bed963054f5a4c,92.52,24.08,Mizoram,Mamit,2010-08-14,0,val,48.67,True,ELEVATED,2.1942,90.3863,200.8218,526.6042,216.388,1.716,0.172
419b1832bbdf0ed4,95.5,28.72,Arunachal Pradesh,Upper Dibang Valley,2007-09-11,0,test,36.04,False,NORMAL,0.0,0.0,0.0,0.0,0.0,0.0,0.0
06a6d6a1a729c21a,94.64,28.88,Arunachal Pradesh,Upper Siang,2011-07-06,0,train,36.04,False,NORMAL,0.0,0.0,0.0,0.0,0.0,0.0,0.0
fb2e1650002c6aa3,92.28,24.44,Assam,Karimganj,2010-09-16,0,train,57.78,True,ELEVATED,50.3411,96.9029,165.0416,425.3452,186.764,2.278,0.228
e5de80aabdc17145,93.28,25.28,Assam,North Cachar Hills,2010-06-15,0,val,52.71,True,ELEVATED,18.795,43.3816,82.1716,285.908,110.4184,1.517,0.152
7b26bf7058ad8cd4,94.14,26.94,Assam,Jorhat,2010-08-20,0,train,55.11,True,ELEVATED,46.7163,46.7163,109.888,429.0949,152.7084,1.089,0.109
522c2222bf41fad9,96.24,28.3,Arunachal Pradesh,Lower Dibang Valley,2008-06-19,0,val,46.37,False,NORMAL,5.2151,16.9585,46.1514,248.9843,101.3536,0.681,0.068
f52bcee2e5139834,92.48,27.26,Arunachal Pradesh,West Kameng,2015-06-09,0,train,50.9,True,ELEVATED,11.7656,31.8812,88.4004,183.7026,84.9608,1.735,0.174
2aa7312ec5153e3a,95.52,28.58,Arunachal Pradesh,Lower Dibang Valley,2012-09-19,0,train,35.54,False,NORMAL,0.0,0.0,0.0,14.4,1.6419,0.0,0.0
1cdb480ae601bb42,91.66,25.6,Meghalaya,West Khasi Hills,2010-10-09,0,train,63.22,True,ELEVATED,123.1797,202.8421,257.8886,477.7312,264.7841,4.246,0.425
882484a000e1107c,94.06,28.46,Arunachal Pradesh,Upper Subansiri,2010-06-15,0,train,50.72,True,ELEVATED,9.3133,51.8632,104.3096,446.9056,155.1766,1.16,0.116
3097532a4173f5d8,91.06,26.7,Assam,Barpeta,2010-09-16,0,train,49.76,True,ELEVATED,14.1674,24.4258,112.2642,438.334,126.8523,0.557,0.056
558fb6ad4bc0ce10,94.26,28.72,Arunachal Pradesh,West Siang,2015-08-01,0,val,41.42,False,NORMAL,0.187,15.6476,15.6476,282.4928,57.2314,0.554,0.055
7638830af5b8f2e9,94.32,27.9,Arunachal Pradesh,Upper Subansiri,2007-07-30,0,train,48.41,True,ELEVATED,6.9163,37.5085,243.153,662.25,259.2433,0.566,0.057
92b28ac1ed592dc9,92.84,27.42,Arunachal Pradesh,East Kameng,2007-07-26,0,val,60.15,True,ELEVATED,92.8888,119.4168,211.4507,466.3972,232.9192,2.56,0.256
1a7d5e8f932ceb69,95.28,26.82,Arunachal Pradesh,Tirap,2015-08-01,0,train,42.44,False,NORMAL,3.0415,5.0049,5.0049,225.7342,51.104,0.222,0.022
f95ec4fdd054e413,93.32,23.22,Mizoram,Champhai,2011-06-28,0,train,51.31,True,ELEVATED,14.0,47.4,158.0,583.8,184.3416,0.812,0.081
f2e5ae85fcb0d9eb,91.54,25.68,Meghalaya,West Khasi Hills,2007-04-11,0,val,54.36,True,ELEVATED,17.0957,45.356,91.0457,116.5521,73.4334,3.891,0.389
fe9f81be1d7d9507,94.22,26.76,Assam,Jorhat,2015-08-19,0,train,44.48,False,NORMAL,4.8259,8.2572,41.5328,298.1602,67.383,0.277,0.028
285f77a7c5f53c88,95.4,26.98,Arunachal Pradesh,Tirap,2010-06-15,0,train,47.63,True,ELEVATED,4.3376,33.348,108.464,326.7283,125.3834,1.021,0.102
e51fcec1683fc6dd,95.32,26.86,Arunachal Pradesh,Tirap,2016-07-14,0,train,46.75,False,NORMAL,4.267,24.1919,50.8611,349.8164,96.5911,0.692,0.069
8cd35324765d318d,95.32,28.34,Arunachal Pradesh,Upper Siang,2007-07-30,0,train,44.97,False,NORMAL,0.7884,52.7026,192.3925,593.3687,231.6946,0.888,0.089
382ec724996ba932,92.42,25.92,Assam,Karbi Anglong,2012-07-05,0,val,43.01,False,NORMAL,0.0,30.9979,55.7746,194.6838,77.4877,1.592,0.159
e393523e30f7e2da,95.18,26.94,Nagaland,Mon,2007-09-18,0,train,40.11,False,NORMAL,0.1784,11.8811,45.2829,528.5854,128.2439,0.225,0.022
ffec21751339b05e,94.44,25.66,Nagaland,Phek,2016-07-26,0,train,49.65,True,ELEVATED,14.1542,20.0582,43.1562,287.9521,80.2439,0.697,0.07
5b696edeac7e4a7d,93.8,24.44,Manipur,Bishnupur,2012-06-03,0,train,56.8,True,ELEVATED,29.7437,98.1839,135.9412,337.9645,153.2424,2.905,0.291
fa6b0532381b8fd3,96.66,27.56,Arunachal Pradesh,Changlang,2015-08-26,0,val,45.66,False,NORMAL,8.391,8.391,64.5705,380.012,108.8682,0.221,0.022
40b55de8e8c5b5db,92.72,24.56,Assam,Hailakandi,2013-05-08,0,test,57.29,True,ELEVATED,29.7367,123.2062,291.778,387.8442,232.8978,3.177,0.318
c97762bac76f2a23,91.32,23.1,Tripura,,2010-08-14,0,test,36.04,False,NORMAL,0.0,0.0,0.0,0.0,0.0,0.0,0.0
d474afe094feeb58,90.68,25.52,Meghalaya,East Garo Hills,2016-07-26,0,test,63.52,True,ELEVATED,137.4906,538.0374,1181.1744,2739.3357,1298.8977,1.964,0.196
fd21a33fd61c53ef,95.84,28.78,Arunachal Pradesh,Upper Dibang Valley,2015-09-01,0,val,60.66,True,ELEVATED,46.5299,313.7981,452.653,911.509,457.4772,3.443,0.344
c596392de8714ed3,92.96,26.28,Assam,Karbi Anglong,2010-08-27,0,test,42.69,False,NORMAL,2.751,6.874,46.9822,243.6618,74.4694,0.282,0.028
f86ab4785892eebb,94.44,26.86,Assam,Jorhat,2012-06-03,0,train,48.27,True,ELEVATED,10.6641,13.357,28.7242,171.2068,43.8572,0.78,0.078
6f6da5ad83015f7e,90.98,25.88,Meghalaya,East Garo Hills,2011-07-06,0,train,41.05,False,NORMAL,0.0,19.7799,152.57,280.8045,134.6835,0.704,0.07
d682288d1247626d,91.66,26.18,Assam,Kamrup,2010-05-31,0,train,51.9,True,ELEVATED,17.0666,35.292,103.1803,256.3781,97.3344,1.377,0.138
d1b53a22ba68fa51,93.9,27.58,Arunachal Pradesh,Lower Subansiri,2011-05-24,0,train,53.28,True,ELEVATED,7.1463,79.1957,81.5911,195.4518,91.7312,4.052,0.405
7a1c66de9fdbb294,94.22,24.9,Manipur,Ukhrul,2011-07-01,0,train,41.65,False,NORMAL,1.8476,7.0207,125.2478,305.8533,109.7774,0.23,0.023
de632bb27ee77c9c,96.08,29.0,Arunachal Pradesh,Upper Dibang Valley,2011-03-22,0,train,36.04,False,NORMAL,0.0,0.0,0.0,0.0,0.0,0.0,0.0
9880b2b27c7da952,91.26,23.74,Tripura,West Tripura,2008-08-07,0,train,43.75,False,NORMAL,0.1123,37.2679,61.4015,248.6695,71.4455,1.499,0.15
c71d837e8139f04e,92.18,27.48,Arunachal Pradesh,West Kameng,2014-09-23,0,train,53.03,True,ELEVATED,13.3862,54.8444,68.6774,222.3828,95.7669,2.466,0.247
d5ba2b20734dde1b,90.08,25.32,Meghalaya,West Garo Hills,2013-08-04,0,train,36.04,False,NORMAL,0.0,0.0,0.0,0.0,0.0,0.0,0.0
b4135f2296037bda,90.6,25.5,Meghalaya,East Garo Hills,2012-06-13,0,test,54.6,True,ELEVATED,36.2431,47.5613,106.8055,354.3664,143.5008,1.342,0.134
42eaaba5dde9b371,93.08,23.86,Mizoram,Aizawl,2016-05-18,0,train,54.77,True,ELEVATED,28.6147,41.4497,58.6264,166.1809,66.8209,2.494,0.249
1f606d1acc70ea1e,91.78,23.7,Tripura,Dhalai,2011-08-16,0,train,51.63,True,ELEVATED,24.2043,24.2043,60.5853,291.76,99.1216,0.83,0.083
45f3445021b04b5f,94.58,28.46,Arunachal Pradesh,West Siang,2015-08-01,0,train,43.56,False,NORMAL,2.4729,10.3389,11.0905,285.1098,59.1797,0.363,0.036
9ec075eadfa249ce,91.2,26.0,Assam,Kamrup,2013-09-02,0,train,39.05,False,NORMAL,0.1884,5.6329,71.0156,166.2451,54.6203,0.339,0.034
301ee1020ffbe1fc,91.06,26.0,Assam,Goalpara,2010-09-13,0,train,43.11,False,NORMAL,0.0,41.8853,105.1036,391.3636,125.577,1.07,0.107
e48ac1df27f834da,88.4,27.46,Sikkim,South Sikkim,2013-08-04,0,train,45.54,False,NORMAL,3.1897,23.0752,90.7026,501.9824,146.2842,0.46,0.046
49e1dcdbe7401203,94.86,27.3,Assam,Dibrugarh,2013-10-05,0,val,50.73,True,ELEVATED,18.9942,19.682,19.682,217.6243,64.284,0.904,0.09
d2f3963425005945,91.72,25.24,Meghalaya,East Khasi Hills,2013-08-01,0,train,49.47,True,ELEVATED,9.6793,35.6746,132.9567,626.8296,164.6576,0.569,0.057
b05244ba690c79c5,94.18,25.9,Nagaland,Kohima,2007-09-11,0,train,50.74,True,ELEVATED,18.8357,25.5669,97.1349,419.6709,124.9801,0.609,0.061
29ba181a9c9c1233,92.26,27.1,Arunachal Pradesh,West Kameng,2015-09-23,0,train,51.63,True,ELEVATED,12.4387,56.6204,149.7971,532.938,169.4403,1.062,0.106
1db19a0f079ef2b4,93.14,23.34,Mizoram,Champhai,2010-09-13,0,train,51.35,True,ELEVATED,9.0082,68.9942,95.5917,528.5502,179.9483,1.305,0.131
fcd999415edc7c7e,92.56,22.42,Mizoram,,2015-06-24,0,train,55.82,True,ELEVATED,31.9985,69.9985,159.3766,289.3705,163.1699,2.419,0.242
39ea12a84478d6cc,93.64,24.86,Manipur,Tamenglong,2010-10-08,0,train,58.95,True,ELEVATED,39.19,95.2359,95.4881,199.9134,107.5249,4.764,0.476
bf47f177a4bb090a,91.84,23.9,Tripura,Dhalai,2007-08-31,0,train,46.58,False,NORMAL,2.5194,37.5714,137.6591,359.2009,145.6755,1.046,0.105
83f55fc9686412d8,88.48,27.72,Sikkim,North Sikkim,2011-05-22,0,train,52.78,True,ELEVATED,18.3657,32.4064,56.4067,138.3155,65.4434,2.343,0.234
a70302120d4f19e0,92.46,25.88,Assam,Karbi Anglong,2010-08-20,0,val,49.62,True,ELEVATED,13.0986,21.561,65.6471,244.2058,96.4574,0.883,0.088
a4080b4d9bf33389,93.72,26.04,Assam,Karbi Anglong,2016-06-22,0,test,41.58,False,NORMAL,2.9617,3.8073,82.054,197.8008,73.7456,0.192,0.019
8f087da5c5333a73,92.1,26.48,Assam,Darrang,2010-08-19,0,train,52.55,True,ELEVATED,13.406,52.1317,104.6606,259.3442,103.2715,2.01,0.201
ff0664e48620fd39,92.38,27.14,Arunachal Pradesh,West Kameng,2010-07-06,0,train,48.06,True,ELEVATED,7.3226,20.0249,35.2639,213.9414,68.0764,0.936,0.094
9e8b2c5b79646b4d,92.62,23.86,Mizoram,Mamit,2010-10-09,0,train,59.58,True,ELEVATED,54.1942,132.0089,138.8436,387.6727,158.1991,3.405,0.341
8bc602d7db0aaa26,93.74,26.7,Assam,Golaghat,2008-08-14,0,train,44.06,False,NORMAL,2.5747,13.5616,54.4328,283.3652,95.4395,0.479,0.048
01285adedd2dff5d,94.54,27.14,Assam,Jorhat,2010-10-09,0,train,50.94,True,ELEVATED,19.0814,21.261,24.1017,268.803,54.6936,0.791,0.079
570a207bd87fc108,92.34,23.54,Mizoram,Mamit,2011-06-17,0,train,47.72,True,ELEVATED,5.2567,32.0202,101.9868,479.7414,139.4897,0.667,0.067
236bca2dffcd6bd8,95.76,28.96,Arunachal Pradesh,Upper Dibang Valley,2014-06-26,0,train,36.02,False,NORMAL,0.0,1.0519,17.6733,91.9826,27.3815,0.114,0.011
f4430e053747581e,88.18,27.28,Sikkim,West Sikkim,2010-10-08,0,train,41.74,False,NORMAL,0.9661,10.6294,61.7514,349.2966,71.596,0.304,0.03
729d0a9f26522be5,92.38,26.84,Assam,Sonitpur,2014-10-20,0,train,38.69,False,NORMAL,1.064,1.5638,12.2197,222.7063,23.0143,0.07,0.007
54e5fe8aff71ba8b,93.74,25.06,Manipur,Tamenglong,2013-07-01,0,train,49.61,True,ELEVATED,6.1927,31.483,65.7458,138.216,67.1569,2.278,0.228
2ea53907982917a5,88.58,27.74,Sikkim,North Sikkim,2008-06-09,0,train,50.93,True,ELEVATED,13.5614,30.1854,94.5009,204.753,95.8341,1.474,0.147
bf74ba55d3205388,91.9,26.16,Assam,Kamrup,2010-08-19,0,train,45.06,False,NORMAL,0.4667,45.9477,106.8703,267.1067,98.8342,1.72,0.172
3de6739da5ca4caa,92.7,24.46,Assam,Hailakandi,2013-02-18,0,test,49.37,True,ELEVATED,3.0008,3.0008,3.0008,3.0008,3.0008,10.0,1.0
c48907dc7a5c683e,92.8,26.54,Assam,Nagaon,2010-05-31,0,train,43.07,False,NORMAL,4.1267,5.2783,42.2378,258.2701,69.028,0.204,0.02
4279baaf09093387,93.64,24.7,Manipur,Tamenglong,2010-06-15,0,train,49.74,True,ELEVATED,8.2272,35.9109,99.7371,286.0839,107.5348,1.255,0.126
fcf5784375f4f490,91.74,25.44,Meghalaya,East Khasi Hills,2010-06-03,0,test,45.23,False,NORMAL,4.8559,13.9593,32.7984,578.8818,149.8996,0.241,0.024
1815a67f267534b5,94.3,26.42,Nagaland,Mokokchung,2015-08-28,0,train,42.78,False,NORMAL,3.5866,5.1894,36.3748,228.5148,60.5838,0.227,0.023
0461523eef4d745d,92.62,23.74,Mizoram,Mamit,2013-08-04,0,train,50.64,True,ELEVATED,13.7172,27.8938,47.2458,238.3308,84.5188,1.17,0.117
ed36ac074bbb0863,95.62,27.1,Arunachal Pradesh,Tirap,2007-08-26,0,train,51.49,True,ELEVATED,22.6967,22.6967,62.6176,245.0536,77.7709,0.926,0.093
bba664e20d8fef20,91.26,25.78,Assam,Kamrup,2011-05-31,0,train,36.12,False,NORMAL,0.1898,1.1236,37.7181,257.5219,62.5264,0.044,0.004
88a437379ae934f0,93.96,24.52,Manipur,Thoubal,2014-06-26,0,train,44.9,False,NORMAL,6.9462,7.6678,76.5332,319.9267,120.7806,0.24,0.024
0e337662552b7e2f,94.24,24.5,Manipur,Chandel,2010-07-06,0,train,41.94,False,NORMAL,0.0,24.552,69.6502,290.2552,80.8973,0.846,0.085
aabdf7364d05dbce,95.0,28.76,Arunachal Pradesh,Upper Siang,2014-09-23,0,test,55.13,True,ELEVATED,19.8705,83.7577,103.6257,321.2153,130.0931,2.608,0.261
2ac61e6d5260e4fd,91.82,26.22,Assam,Darrang,2014-09-24,0,train,55.27,True,ELEVATED,6.0291,188.1694,225.7153,359.9096,219.5425,5.228,0.523
492d9b921afd6f20,91.76,25.26,Meghalaya,East Khasi Hills,2010-08-06,0,test,43.15,False,NORMAL,2.6316,10.5942,66.1436,696.7846,131.3103,0.152,0.015
dc5663b433f55d64,94.92,26.94,Nagaland,Mon,2007-07-16,0,train,57.88,True,ELEVATED,62.6799,85.2852,156.469,457.0406,176.1162,1.866,0.187
13260c82e5a81a74,94.54,26.9,Assam,Sibsagar,2015-07-22,0,train,53.85,True,ELEVATED,17.7275,54.0147,69.1069,213.2528,94.6886,2.533,0.253
da10532d709604f7,95.62,28.8,Arunachal Pradesh,Upper Dibang Valley,2007-09-11,0,test,36.04,False,NORMAL,0.0,0.0,0.0,0.0,0.0,0.0,0.0
8d21211c666cc705,94.12,23.92,Manipur,Chandel,2010-10-09,0,train,63.87,True,ELEVATED,96.9758,184.492,188.0971,286.6885,188.5678,6.435,0.644
4092b1007cdbcc3c,92.66,24.34,Assam,Kolasib,2016-06-14,0,val,45.02,False,NORMAL,2.1513,25.6488,77.215,578.3498,122.3266,0.443,0.044
97d6c33c0fa5b50d,94.86,27.82,Arunachal Pradesh,West Siang,2015-08-26,0,train,40.14,False,NORMAL,0.0,15.0819,107.9056,434.5297,152.79,0.347,0.035
f11e047fff0bfbfc,94.32,28.06,Arunachal Pradesh,Upper Subansiri,2010-09-09,0,train,51.04,True,ELEVATED,16.3016,34.5838,86.4313,528.6422,136.4787,0.654,0.065
5050728512ed1214,93.06,25.32,Assam,North Cachar Hills,2013-05-11,0,val,52.69,True,ELEVATED,15.1744,53.9959,118.381,299.6816,138.1453,1.802,0.18
a734f76ff491fd0c,90.56,25.86,Meghalaya,East Garo Hills,2011-06-29,0,train,48.17,True,ELEVATED,7.1378,27.0723,131.6759,380.6081,134.4477,0.711,0.071
4abae3cb71a9698e,93.48,25.82,Assam,Karbi Anglong,2011-08-05,0,val,42.76,False,NORMAL,2.2523,7.41,12.6329,208.8708,45.2143,0.355,0.035
43367ed7fc27f48a,90.5,25.5,Meghalaya,East Garo Hills,2013-09-01,0,train,61.54,True,ELEVATED,84.7734,222.1177,352.1612,705.8459,332.905,3.147,0.315
e582c6760ecc3594,94.06,25.56,Nagaland,Senapati,2010-08-27,0,train,49.27,True,ELEVATED,12.1166,23.9838,154.0351,354.3272,144.9898,0.677,0.068
d1045f0c878cc050,95.34,28.0,Arunachal Pradesh,East Siang,2007-10-21,0,val,41.63,False,NORMAL,0.6368,10.16,38.5474,132.8143,46.6398,0.765,0.076
33e80404a5c73ba5,92.12,26.7,Assam,Darrang,2007-09-11,0,train,48.34,True,ELEVATED,4.316,44.5026,151.5648,369.1803,152.6079,1.205,0.121
5e8c4d9f21bb3a22,96.02,28.84,Arunachal Pradesh,Upper Dibang Valley,2015-08-19,0,val,58.1,True,ELEVATED,39.3866,129.4276,214.8333,449.8404,208.3108,2.877,0.288
3c288b5c3ea1b56b,92.12,24.42,Tripura,,2013-05-11,0,train,59.21,True,ELEVATED,52.6984,137.7344,265.0298,426.8928,258.8089,3.226,0.323
8ac082db58e66a04,96.76,27.84,Arunachal Pradesh,Lohit,2008-08-14,0,val,53.64,True,ELEVATED,17.158,60.506,114.3936,288.1719,112.2118,2.1,0.21
43ac2ab72c7c9059,94.02,26.86,Assam,Jorhat,2007-09-11,0,train,47.7,True,ELEVATED,6.4858,26.666,119.0062,461.6539,156.7931,0.578,0.058
183b5a52d181c791,94.42,26.88,Assam,Jorhat,2011-07-22,0,train,52.39,True,ELEVATED,29.6682,29.6682,78.9557,439.571,149.9253,0.675,0.067
e711d3f1262b38ad,92.26,24.16,Tripura,North Tripura,2010-09-04,0,train,39.89,False,NORMAL,0.7654,6.5578,66.8322,533.8062,141.1269,0.123,0.012
8e39a050a335891b,94.12,24.26,Manipur,Chandel,2010-07-06,0,train,42.34,False,NORMAL,0.0,27.6654,68.6636,278.8394,77.7334,0.992,0.099
f9166a37e3e2479d,94.86,27.02,Assam,Sibsagar,2010-04-17,0,train,45.28,False,NORMAL,2.4805,21.6686,93.0286,266.4026,97.8622,0.813,0.081
bf99445f32ff976d,94.24,25.08,Manipur,Ukhrul,2012-06-25,0,train,45.48,False,NORMAL,6.0,12.0,204.7,302.8,154.773,0.396,0.04
6ac3cac8e3caaac2,92.38,26.14,Assam,Marigaon,2007-07-26,0,train,58.2,True,ELEVATED,58.7097,85.6519,89.9236,352.2,140.0312,2.432,0.243
84f01dca4f2cf94b,94.04,25.34,Manipur,Senapati,2016-05-18,0,train,57.18,True,ELEVATED,36.7916,62.6869,79.2885,171.1111,81.2715,3.664,0.366
3dd1ad3d4b700de4,93.96,27.52,Arunachal Pradesh,Lower Subansiri,2013-04-07,0,train,39.19,False,NORMAL,0.0,6.1894,8.0864,101.3372,34.2606,0.611,0.061
91fdbed6f2b44b9a,93.32,24.22,Manipur,Churachandpur,2015-09-01,0,train,45.92,False,NORMAL,5.3157,12.8538,41.7024,236.3498,65.2787,0.544,0.054
a700d1a0f22b684b,94.16,26.62,Assam,Jorhat,2011-05-31,0,train,57.15,True,ELEVATED,37.6673,71.4622,76.4199,222.0219,102.8313,3.219,0.322
a731a4821b576aac,92.9,25.26,Assam,North Cachar Hills,2015-07-22,0,test,58.03,True,ELEVATED,53.8035,82.7265,122.5674,303.9487,145.1824,2.722,0.272
abae94b145b73fc0,95.72,27.92,Assam,Tinsukia,2007-10-19,0,train,39.29,False,NORMAL,0.3791,4.5059,29.9329,105.3879,39.229,0.428,0.043
65543554b68a412e,93.52,27.86,Arunachal Pradesh,Kurung Kumey,2011-07-15,0,test,61.24,True,ELEVATED,86.7224,218.9104,266.0993,817.6594,355.6467,2.677,0.268
35cbda49b8cd0770,90.74,25.86,Meghalaya,East Garo Hills,2010-04-17,0,train,48.23,True,ELEVATED,10.8777,18.1623,80.9139,423.3091,124.7631,0.429,0.043
ed2f7d77eaa10612,92.78,24.06,Mizoram,Kolasib,2014-09-24,0,test,47.77,True,ELEVATED,8.3158,20.9321,93.8327,471.1518,140.0079,0.444,0.044
4ac359378c60f3bc,92.18,26.34,Assam,Marigaon,2014-09-21,0,train,52.45,True,ELEVATED,11.3724,55.0865,61.2656,239.2499,98.531,2.302,0.23
51048dfbfae42ed4,94.64,28.4,Arunachal Pradesh,West Siang,2013-06-01,0,test,47.64,True,ELEVATED,7.2087,19.4374,41.6057,309.2462,81.3519,0.629,0.063
c4aab454cd743cf9,94.44,28.06,Arunachal Pradesh,Upper Subansiri,2016-07-26,0,train,53.2,True,ELEVATED,16.8007,69.4628,151.9045,495.8261,175.2257,1.401,0.14
6fe8d26d8af93a43,93.42,26.8,Assam,Sonitpur,2015-08-19,0,test,43.37,False,NORMAL,1.3014,14.9984,38.6026,213.6596,59.6466,0.702,0.07
b38703cfb0907fc6,93.34,27.88,Arunachal Pradesh,Kurung Kumey,2013-08-16,0,test,60.35,True,ELEVATED,104.0836,105.7437,130.5259,410.4505,178.559,2.576,0.258
