{"type": "FeatureCollection", "name": "MOCK_ner_risk_grid_0p1deg", "crs": {"type": "name", "properties": {"name": "urn:ogc:def:crs:OGC:1.3:CRS84"}}, "features": [{"type": "Feature", "geometry": {"type": "Polygon", "coordinates": [[[88.2, 26.900000000000002], [88.3, 26.900000000000002], [88.3, 27.000000000000004], [88.2, 27.000000000000004], [88.2, 26.900000000000002]]]}, "properties": {"cell_id": "882_269", "state": "Sikkim", "samples": 3, "events": 1, "risk_index": 0.3333, "severity": "Very High", "mean_slope_deg": 6.0, "mean_rain_30d_mm": 357.1}}, {"type": "Feature", "geometry": {"type": "Polygon", "coordinates": [[[88.2, 27.3], [88.3, 27.3], [88.3, 27.400000000000002], [88.2, 27.400000000000002], [88.2, 27.3]]]}, "properties": {"cell_id": "882_273", "state": "Sikkim", "samples": 5, "events": 0, "risk_index": 0.0, "severity": "Low", "mean_slope_deg": 2.01, "mean_rain_30d_mm": 355.6}}, {"type": "Feature", "geometry": {"type": "Polygon", "coordinates": [[[88.2, 27.5], [88.3, 27.5], [88.3, 27.6], [88.2, 27.6], [88.2, 27.5]]]}, "properties": {"cell_id": "882_275", "state": "Sikkim", "samples": 3, "events": 1, "risk_index": 0.3333, "severity": "Very High", "mean_slope_deg": 3.65, "mean_rain_30d_mm": 373.2}}, {"type": "Feature", "geometry": {"type": "Polygon", "coordinates": [[[88.2, 27.6], [88.3, 27.6], [88.3, 27.700000000000003], [88.2, 27.700000000000003], [88.2, 27.6]]]}, "properties": {"cell_id": "882_276", "state": "Sikkim", "samples": 4, "events": 0, "risk_index": 0.0, "severity": "Low", "mean_slope_deg": 2.09, "mean_rain_30d_mm": 298.0}}, {"type": "Feature", "geometry": {"type": "Polygon", "coordinates": [[[88.2, 27.700000000000003], [88.3, 27.700000000000003], [88.3, 27.800000000000004], [88.2, 27.800000000000004], [88.2, 27.700000000000003]]]}, "properties": {"cell_id": "882_277", "state": "Sikkim", "samples": 3, "events": 0, "risk_index": 0.0, "severity": "Low", "mean_slope_deg": 7.95, "mean_rain_30d_mm": 366.9}}, {"type": "Feature", "geometry": {"type": "Polygon", "coordinates": [[[88.2, 27.900000000000002], [88.3, 27.900000000000002], [88.3, 28.000000000000004], [88.2, 28.000000000000004], [88.2, 27.900000000000002]]]}, "properties": {"cell_id": "882_279", "state": "Sikkim", "samples": 3, "events": 0, "risk_index": 0.0, "severity": "Low", "mean_slope_deg": 2.1, "mean_rain_30d_mm": 226.8}}, {"type": "Feature", "geometry": {"type": "Polygon", "coordinates": [[[88.30000000000001, 27.0], [88.4, 27.0], [88.4, 27.1], [88.30000000000001, 27.1], [88.30000000000001, 27.0]]]}, "properties": {"cell_id": "883_270", "state": "Sikkim", "samples": 4, "events": 0, "risk_index": 0.0, "severity": "Low", "mean_slope_deg": 3.97, "mean_rain_30d_mm": 352.6}}, {"type": "Feature", "geometry": {"type": "Polygon", "coordinates": [[[88.30000000000001, 27.1], [88.4, 27.1], [88.4, 27.200000000000003], [88.30000000000001, 27.200000000000003], [88.30000000000001, 27.1]]]}, "properties": {"cell_id": "883_271", "state": "Sikkim", "samples": 9, "events": 0, "risk_index": 0.0, "severity": "Low", "mean_slope_deg": 5.5, "mean_rain_30d_mm": 304.7}}, {"type": "Feature", "geometry": {"type": "Polygon", "coordinates": [[[88.30000000000001, 27.200000000000003], [88.4, 27.200000000000003], [88.4, 27.300000000000004], [88.30000000000001, 27.300000000000004], [88.30000000000001, 27.200000000000003]]]}, "properties": {"cell_id": "883_272", "state": "Sikkim", "samples": 12, "events": 0, "risk_index": 0.0, "severity": "Low", "mean_slope_deg": 3.48, "mean_rain_30d_mm": 293.7}}, {"type": "Feature", "geometry": {"type": "Polygon", "coordinates": [[[88.30000000000001, 27.3], [88.4, 27.3], [88.4, 27.400000000000002], [88.30000000000001, 27.400000000000002], [88.30000000000001, 27.3]]]}, "properties": {"cell_id": "883_273", "state": "Sikkim", "samples": 11, "events": 0, "risk_index": 0.0, "severity": "Low", "mean_slope_deg": 4.12, "mean_rain_30d_mm": 299.6}}, {"type": "Feature", "geometry": {"type": "Polygon", "coordinates": [[[88.30000000000001, 27.400000000000002], [88.4, 27.400000000000002], [88.4, 27.500000000000004], [88.30000000000001, 27.500000000000004], [88.30000000000001, 27.400000000000002]]]}, "properties": {"cell_id": "883_274", "state": "Sikkim", "samples": 11, "events": 0, "risk_index": 0.0, "severity": "Low", "mean_slope_deg": 4.66, "mean_rain_30d_mm": 301.0}}, {"type": "Feature", "geometry": {"type": "Polygon", "coordinates": [[[88.30000000000001, 27.5], [88.4, 27.5], [88.4, 27.6], [88.30000000000001, 27.6], [88.30000000000001, 27.5]]]}, "properties": {"cell_id": "883_275", "state": "Sikkim", "samples": 5, "events": 0, "risk_index": 0.0, "severity": "Low", "mean_slope_deg": 4.27, "mean_rain_30d_mm": 314.2}}, {"type": "Feature", "geometry": {"type": "Polygon", "coordinates": [[[88.30000000000001, 27.6], [88.4, 27.6], [88.4, 27.700000000000003], [88.30000000000001, 27.700000000000003], [88.30000000000001, 27.6]]]}, "properties": {"cell_id": "883_276", "state": "Sikkim", "samples": 8, "events": 0, "risk_index": 0.0, "severity": "Low", "mean_slope_deg": 5.71, "mean_rain_30d_mm": 349.7}}, {"type": "Feature", "geometry": {"type": "Polygon", "coordinates": [[[88.30000000000001, 27.700000000000003], [88.4, 27.700000000000003], [88.4, 27.800000000000004], [88.30000000000001, 27.800000000000004], [88.30000000000001, 27.700000000000003]]]}, "properties": {"cell_id": "883_277", "state": "Sikkim", "samples": 9, "events": 0, "risk_index": 0.0, "severity": "Low", "mean_slope_deg": 2.55, "mean_rain_30d_mm": 351.1}}, {"type": "Feature", "geometry": {"type": "Polygon", "coordinates": [[[88.30000000000001, 27.8], [88.4, 27.8], [88.4, 27.900000000000002], [88.30000000000001, 27.900000000000002], [88.30000000000001, 27.8]]]}, "properties": {"cell_id": "883_278", "state": "Sikkim", "samples": 7, "events": 0, "risk_index": 0.0, "severity": "Low", "mean_slope_deg": 3.66, "mean_rain_30d_mm": 292.9}}, {"type": "Feature", "geometry": {"type": "Polygon", "coordinates": [[[88.30000000000001, 27.900000000000002], [88.4, 27.900000000000002], [88.4, 28.000000000000004], [88.30000000000001, 28.000000000000004], [88.30000000000001, 27.900000000000002]]]}, "properties": {"cell_id": "883_279", "state": "Sikkim", "samples": 3, "events": 0, "risk_index": 0.0, "severity": "Low", "mean_slope_deg": 5.15, "mean_rain_30d_mm": 299.0}}, {"type": "Feature", "geometry": {"type": "Polygon", "coordinates": [[[88.4, 26.900000000000002], [88.5, 26.900000000000002], [88.5, 27.000000000000004], [88.4, 27.000000000000004], [88.4, 26.900000000000002]]]}, "properties": {"cell_id": "884_269", "state": "Sikkim", "samples": 5, "events": 0, "risk_index": 0.0, "severity": "Low", "mean_slope_deg": 4.23, "mean_rain_30d_mm": 326.5}}, {"type": "Feature", "geometry": {"type": "Polygon", "coordinates": [[[88.4, 27.0], [88.5, 27.0], [88.5, 27.1], [88.4, 27.1], [88.4, 27.0]]]}, "properties": {"cell_id": "884_270", "state": "Sikkim", "samples": 8, "events": 0, "risk_index": 0.0, "severity": "Low", "mean_slope_deg": 4.19, "mean_rain_30d_mm": 342.1}}, {"type": "Feature", "geometry": {"type": "Polygon", "coordinates": [[[88.4, 27.1], [88.5, 27.1], [88.5, 27.200000000000003], [88.4, 27.200000000000003], [88.4, 27.1]]]}, "properties": {"cell_id": "884_271", "state": "Sikkim", "samples": 14, "events": 1, "risk_index": 0.0714, "severity": "Moderate", "mean_slope_deg": 3.54, "mean_rain_30d_mm": 322.1}}, {"type": "Feature", "geometry": {"type": "Polygon", "coordinates": [[[88.4, 27.200000000000003], [88.5, 27.200000000000003], [88.5, 27.300000000000004], [88.4, 27.300000000000004], [88.4, 27.200000000000003]]]}, "properties": {"cell_id": "884_272", "state": "Sikkim", "samples": 17, "events": 0, "risk_index": 0.0, "severity": "Low", "mean_slope_deg": 3.48, "mean_rain_30d_mm": 295.6}}, {"type": "Feature", "geometry": {"type": "Polygon", "coordinates": [[[88.4, 27.3], [88.5, 27.3], [88.5, 27.400000000000002], [88.4, 27.400000000000002], [88.4, 27.3]]]}, "properties": {"cell_id": "884_273", "state": "Sikkim", "samples": 25, "events": 1, "risk_index": 0.04, "severity": "Moderate", "mean_slope_deg": 4.64, "mean_rain_30d_mm": 327.0}}, {"type": "Feature", "geometry": {"type": "Polygon", "coordinates": [[[88.4, 27.400000000000002], [88.5, 27.400000000000002], [88.5, 27.500000000000004], [88.4, 27.500000000000004], [88.4, 27.400000000000002]]]}, "properties": {"cell_id": "884_274", "state": "Sikkim", "samples": 23, "events": 0, "risk_index": 0.0, "severity": "Low", "mean_slope_deg": 4.27, "mean_rain_30d_mm": 315.7}}, {"type": "Feature", "geometry": {"type": "Polygon", "coordinates": [[[88.4, 27.5], [88.5, 27.5], [88.5, 27.6], [88.4, 27.6], [88.4, 27.5]]]}, "properties": {"cell_id": "884_275", "state": "Sikkim", "samples": 22, "events": 0, "risk_index": 0.0, "severity": "Low", "mean_slope_deg": 4.94, "mean_rain_30d_mm": 328.8}}, {"type": "Feature", "geometry": {"type": "Polygon", "coordinates": [[[88.4, 27.6], [88.5, 27.6], [88.5, 27.700000000000003], [88.4, 27.700000000000003], [88.4, 27.6]]]}, "properties": {"cell_id": "884_276", "state": "Sikkim", "samples": 30, "events": 0, "risk_index": 0.0, "severity": "Low", "mean_slope_deg": 4.09, "mean_rain_30d_mm": 305.4}}, {"type": "Feature", "geometry": {"type": "Polygon", "coordinates": [[[88.4, 27.700000000000003], [88.5, 27.700000000000003], [88.5, 27.800000000000004], [88.4, 27.800000000000004], [88.4, 27.700000000000003]]]}, "properties": {"cell_id": "884_277", "state": "Sikkim", "samples": 16, "events": 0, "risk_index": 0.0, "severity": "Low", "mean_slope_deg": 4.47, "mean_rain_30d_mm": 324.1}}, {"type": "Feature", "geometry": {"type": "Polygon", "coordinates": [[[88.4, 27.8], [88.5, 27.8], [88.5, 27.900000000000002], [88.4, 27.900000000000002], [88.4, 27.8]]]}, "properties": {"cell_id": "884_278", "state": "Sikkim", "samples": 14, "events": 0, "risk_index": 0.0, "severity": "Low", "mean_slope_deg": 4.42, "mean_rain_30d_mm": 346.0}}, {"type": "Feature", "geometry": {"type": "Polygon", "coordinates": [[[88.4, 27.900000000000002], [88.5, 27.900000000000002], [88.5, 28.000000000000004], [88.4, 28.000000000000004], [88.4, 27.900000000000002]]]}, "properties": {"cell_id": "884_279", "state": "Sikkim", "samples": 7, "events": 0, "risk_index": 0.0, "severity": "Low", "mean_slope_deg": 5.75, "mean_rain_30d_mm": 311.1}}, {"type": "Feature", "geometry": {"type": "Polygon", "coordinates": [[[88.4, 28.0], [88.5, 28.0], [88.5, 28.1], [88.4, 28.1], [88.4, 28.0]]]}, "properties": {"cell_id": "884_280", "state": "Sikkim", "samples": 4, "events": 0, "risk_index": 0.0, "severity": "Low", "mean_slope_deg": 6.0, "mean_rain_30d_mm": 267.8}}, {"type": "Feature", "geometry": {"type": "Polygon", "coordinates": [[[88.5, 26.900000000000002], [88.6, 26.900000000000002], [88.6, 27.000000000000004], [88.5, 27.000000000000004], [88.5, 26.900000000000002]]]}, "properties": {"cell_id": "885_269", "state": "Sikkim", "samples": 5, "events": 0, "risk_index": 0.0, "severity": "Low", "mean_slope_deg": 4.68, "mean_rain_30d_mm": 332.4}}, {"type": "Feature", "geometry": {"type": "Polygon", "coordinates": [[[88.5, 27.0], [88.6, 27.0], [88.6, 27.1], [88.5, 27.1], [88.5, 27.0]]]}, "properties": {"cell_id": "885_270", "state": "Sikkim", "samples": 9, "events": 0, "risk_index": 0.0, "severity": "Low", "mean_slope_deg": 6.34, "mean_rain_30d_mm": 342.3}}, {"type": "Feature", "geometry": {"type": "Polygon", "coordinates": [[[88.5, 27.1], [88.6, 27.1], [88.6, 27.200000000000003], [88.5, 27.200000000000003], [88.5, 27.1]]]}, "properties": {"cell_id": "885_271", "state": "Sikkim", "samples": 17, "events": 0, "risk_index": 0.0, "severity": "Low", "mean_slope_deg": 4.92, "mean_rain_30d_mm": 325.6}}, {"type": "Feature", "geometry": {"type": "Polygon", "coordinates": [[[88.5, 27.200000000000003], [88.6, 27.200000000000003], [88.6, 27.300000000000004], [88.5, 27.300000000000004], [88.5, 27.200000000000003]]]}, "properties": {"cell_id": "885_272", "state": "Sikkim", "samples": 13, "events": 0, "risk_index": 0.0, "severity": "Low", "mean_slope_deg": 4.25, "mean_rain_30d_mm": 366.4}}, {"type": "Feature", "geometry": {"type": "Polygon", "coordinates": [[[88.5, 27.3], [88.6, 27.3], [88.6, 27.400000000000002], [88.5, 27.400000000000002], [88.5, 27.3]]]}, "properties": {"cell_id": "885_273", "state": "Sikkim", "samples": 19, "events": 0, "risk_index": 0.0, "severity": "Low", "mean_slope_deg": 3.74, "mean_rain_30d_mm": 320.8}}, {"type": "Feature", "geometry": {"type": "Polygon", "coordinates": [[[88.5, 27.400000000000002], [88.6, 27.400000000000002], [88.6, 27.500000000000004], [88.5, 27.500000000000004], [88.5, 27.400000000000002]]]}, "properties": {"cell_id": "885_274", "state": "Sikkim", "samples": 25, "events": 1, "risk_index": 0.04, "severity": "Moderate", "mean_slope_deg": 2.95, "mean_rain_30d_mm": 322.4}}, {"type": "Feature", "geometry": {"type": "Polygon", "coordinates": [[[88.5, 27.5], [88.6, 27.5], [88.6, 27.6], [88.5, 27.6], [88.5, 27.5]]]}, "properties": {"cell_id": "885_275", "state": "Sikkim", "samples": 28, "events": 0, "risk_index": 0.0, "severity": "Low", "mean_slope_deg": 5.45, "mean_rain_30d_mm": 284.9}}, {"type": "Feature", "geometry": {"type": "Polygon", "coordinates": [[[88.5, 27.6], [88.6, 27.6], [88.6, 27.700000000000003], [88.5, 27.700000000000003], [88.5, 27.6]]]}, "properties": {"cell_id": "885_276", "state": "Sikkim", "samples": 16, "events": 0, "risk_index": 0.0, "severity": "Low", "mean_slope_deg": 4.07, "mean_rain_30d_mm": 321.6}}, {"type": "Feature", "geometry": {"type": "Polygon", "coordinates": [[[88.5, 27.700000000000003], [88.6, 27.700000000000003], [88.6, 27.800000000000004], [88.5, 27.800000000000004], [88.5, 27.700000000000003]]]}, "properties": {"cell_id": "885_277", "state": "Sikkim", "samples": 17, "events": 0, "risk_index": 0.0, "severity": "Low", "mean_slope_deg": 4.62, "mean_rain_30d_mm": 324.8}}, {"type": "Feature", "geometry": {"type": "Polygon", "coordinates": [[[88.5, 27.8], [88.6, 27.8], [88.6, 27.900000000000002], [88.5, 27.900000000000002], [88.5, 27.8]]]}, "properties": {"cell_id": "885_278", "state": "Sikkim", "samples": 14, "events": 0, "risk_index": 0.0, "severity": "Low", "mean_slope_deg": 4.64, "mean_rain_30d_mm": 325.5}}, {"type": "Feature", "geometry": {"type": "Polygon", "coordinates": [[[88.5, 27.900000000000002], [88.6, 27.900000000000002], [88.6, 28.000000000000004], [88.5, 28.000000000000004], [88.5, 27.900000000000002]]]}, "properties": {"cell_id": "885_279", "state": "Sikkim", "samples": 5, "events": 0, "risk_index": 0.0, "severity": "Low", "mean_slope_deg": 6.37, "mean_rain_30d_mm": 297.6}}, {"type": "Feature", "geometry": {"type": "Polygon", "coordinates": [[[88.5, 28.0], [88.6, 28.0], [88.6, 28.1], [88.5, 28.1], [88.5, 28.0]]]}, "properties": {"cell_id": "885_280", "state": "Sikkim", "samples": 7, "events": 0, "risk_index": 0.0, "severity": "Low", "mean_slope_deg": 1.73, "mean_rain_30d_mm": 331.5}}, {"type": "Feature", "geometry": {"type": "Polygon", "coordinates": [[[88.5, 28.1], [88.6, 28.1], [88.6, 28.200000000000003], [88.5, 28.200000000000003], [88.5, 28.1]]]}, "properties": {"cell_id": "885_281", "state": "Sikkim", "samples": 4, "events": 0, "risk_index": 0.0, "severity": "Low", "mean_slope_deg": 4.22, "mean_rain_30d_mm": 319.3}}, {"type": "Feature", "geometry": {"type": "Polygon", "coordinates": [[[88.5, 28.3], [88.6, 28.3], [88.6, 28.400000000000002], [88.5, 28.400000000000002], [88.5, 28.3]]]}, "properties": {"cell_id": "885_283", "state": "Sikkim", "samples": 3, "events": 0, "risk_index": 0.0, "severity": "Low", "mean_slope_deg": 1.76, "mean_rain_30d_mm": 291.2}}, {"type": "Feature", "geometry": {"type": "Polygon", "coordinates": [[[88.60000000000001, 26.900000000000002], [88.7, 26.900000000000002], [88.7, 27.000000000000004], [88.60000000000001, 27.000000000000004], [88.60000000000001, 26.900000000000002]]]}, "properties": {"cell_id": "886_269", "state": "Sikkim", "samples": 4, "events": 0, "risk_index": 0.0, "severity": "Low", "mean_slope_deg": 4.15, "mean_rain_30d_mm": 278.8}}, {"type": "Feature", "geometry": {"type": "Polygon", "coordinates": [[[88.60000000000001, 27.0], [88.7, 27.0], [88.7, 27.1], [88.60000000000001, 27.1], [88.60000000000001, 27.0]]]}, "properties": {"cell_id": "886_270", "state": "Sikkim", "samples": 7, "events": 0, "risk_index": 0.0, "severity": "Low", "mean_slope_deg": 4.78, "mean_rain_30d_mm": 337.6}}, {"type": "Feature", "geometry": {"type": "Polygon", "coordinates": [[[88.60000000000001, 27.1], [88.7, 27.1], [88.7, 27.200000000000003], [88.60000000000001, 27.200000000000003], [88.60000000000001, 27.1]]]}, "properties": {"cell_id": "886_271", "state": "Sikkim", "samples": 7, "events": 0, "risk_index": 0.0, "severity": "Low", "mean_slope_deg": 6.05, "mean_rain_30d_mm": 266.6}}, {"type": "Feature", "geometry": {"type": "Polygon", "coordinates": [[[88.60000000000001, 27.200000000000003], [88.7, 27.200000000000003], [88.7, 27.300000000000004], [88.60000000000001, 27.300000000000004], [88.60000000000001, 27.200000000000003]]]}, "properties": {"cell_id": "886_272", "state": "Sikkim", "samples": 8, "events": 0, "risk_index": 0.0, "severity": "Low", "mean_slope_deg": 1.94, "mean_rain_30d_mm": 346.4}}, {"type": "Feature", "geometry": {"type": "Polygon", "coordinates": [[[88.60000000000001, 27.3], [88.7, 27.3], [88.7, 27.400000000000002], [88.60000000000001, 27.400000000000002], [88.60000000000001, 27.3]]]}, "properties": {"cell_id": "886_273", "state": "Sikkim", "samples": 15, "events": 0, "risk_index": 0.0, "severity": "Low", "mean_slope_deg": 4.5, "mean_rain_30d_mm": 324.8}}, {"type": "Feature", "geometry": {"type": "Polygon", "coordinates": [[[88.60000000000001, 27.400000000000002], [88.7, 27.400000000000002], [88.7, 27.500000000000004], [88.60000000000001, 27.500000000000004], [88.60000000000001, 27.400000000000002]]]}, "properties": {"cell_id": "886_274", "state": "Sikkim", "samples": 10, "events": 0, "risk_index": 0.0, "severity": "Low", "mean_slope_deg": 4.14, "mean_rain_30d_mm": 343.4}}, {"type": "Feature", "geometry": {"type": "Polygon", "coordinates": [[[88.60000000000001, 27.5], [88.7, 27.5], [88.7, 27.6], [88.60000000000001, 27.6], [88.60000000000001, 27.5]]]}, "properties": {"cell_id": "886_275", "state": "Sikkim", "samples": 11, "events": 0, "risk_index": 0.0, "severity": "Low", "mean_slope_deg": 5.2, "mean_rain_30d_mm": 377.0}}, {"type": "Feature", "geometry": {"type": "Polygon", "coordinates": [[[88.60000000000001, 27.6], [88.7, 27.6], [88.7, 27.700000000000003], [88.60000000000001, 27.700000000000003], [88.60000000000001, 27.6]]]}, "properties": {"cell_id": "886_276", "state": "Sikkim", "samples": 13, "events": 1, "risk_index": 0.0769, "severity": "Moderate", "mean_slope_deg": 5.12, "mean_rain_30d_mm": 298.6}}, {"type": "Feature", "geometry": {"type": "Polygon", "coordinates": [[[88.60000000000001, 27.700000000000003], [88.7, 27.700000000000003], [88.7, 27.800000000000004], [88.60000000000001, 27.800000000000004], [88.60000000000001, 27.700000000000003]]]}, "properties": {"cell_id": "886_277", "state": "Sikkim", "samples": 6, "events": 0, "risk_index": 0.0, "severity": "Low", "mean_slope_deg": 4.12, "mean_rain_30d_mm": 340.1}}, {"type": "Feature", "geometry": {"type": "Polygon", "coordinates": [[[88.60000000000001, 27.8], [88.7, 27.8], [88.7, 27.900000000000002], [88.60000000000001, 27.900000000000002], [88.60000000000001, 27.8]]]}, "properties": {"cell_id": "886_278", "state": "Sikkim", "samples": 5, "events": 0, "risk_index": 0.0, "severity": "Low", "mean_slope_deg": 2.7, "mean_rain_30d_mm": 321.9}}, {"type": "Feature", "geometry": {"type": "Polygon", "coordinates": [[[88.60000000000001, 27.900000000000002], [88.7, 27.900000000000002], [88.7, 28.000000000000004], [88.60000000000001, 28.000000000000004], [88.60000000000001, 27.900000000000002]]]}, "properties": {"cell_id": "886_279", "state": "Sikkim", "samples": 4, "events": 0, "risk_index": 0.0, "severity": "Low", "mean_slope_deg": 6.75, "mean_rain_30d_mm": 424.4}}, {"type": "Feature", "geometry": {"type": "Polygon", "coordinates": [[[88.7, 27.3], [88.8, 27.3], [88.8, 27.400000000000002], [88.7, 27.400000000000002], [88.7, 27.3]]]}, "properties": {"cell_id": "887_273", "state": "Sikkim", "samples": 3, "events": 0, "risk_index": 0.0, "severity": "Low", "mean_slope_deg": 5.78, "mean_rain_30d_mm": 338.8}}, {"type": "Feature", "geometry": {"type": "Polygon", "coordinates": [[[88.7, 27.700000000000003], [88.8, 27.700000000000003], [88.8, 27.800000000000004], [88.7, 27.800000000000004], [88.7, 27.700000000000003]]]}, "properties": {"cell_id": "887_277", "state": "Sikkim", "samples": 3, "events": 0, "risk_index": 0.0, "severity": "Low", "mean_slope_deg": 1.13, "mean_rain_30d_mm": 413.5}}, {"type": "Feature", "geometry": {"type": "Polygon", "coordinates": [[[90.4, 25.200000000000003], [90.5, 25.200000000000003], [90.5, 25.300000000000004], [90.4, 25.300000000000004], [90.4, 25.200000000000003]]]}, "properties": {"cell_id": "904_252", "state": "Meghalaya", "samples": 3, "events": 0, "risk_index": 0.0, "severity": "Low", "mean_slope_deg": 15.02, "mean_rain_30d_mm": 354.3}}, {"type": "Feature", "geometry": {"type": "Polygon", "coordinates": [[[90.60000000000001, 24.900000000000002], [90.7, 24.900000000000002], [90.7, 25.000000000000004], [90.60000000000001, 25.000000000000004], [90.60000000000001, 24.900000000000002]]]}, "properties": {"cell_id": "906_249", "state": "Meghalaya", "samples": 3, "events": 0, "risk_index": 0.0, "severity": "Low", "mean_slope_deg": 24.83, "mean_rain_30d_mm": 274.6}}, {"type": "Feature", "geometry": {"type": "Polygon", "coordinates": [[[90.60000000000001, 25.1], [90.7, 25.1], [90.7, 25.200000000000003], [90.60000000000001, 25.200000000000003], [90.60000000000001, 25.1]]]}, "properties": {"cell_id": "906_251", "state": "Meghalaya", "samples": 3, "events": 1, "risk_index": 0.3333, "severity": "Very High", "mean_slope_deg": 30.86, "mean_rain_30d_mm": 364.9}}, {"type": "Feature", "geometry": {"type": "Polygon", "coordinates": [[[90.60000000000001, 25.200000000000003], [90.7, 25.200000000000003], [90.7, 25.300000000000004], [90.60000000000001, 25.300000000000004], [90.60000000000001, 25.200000000000003]]]}, "properties": {"cell_id": "906_252", "state": "Meghalaya", "samples": 7, "events": 0, "risk_index": 0.0, "severity": "Low", "mean_slope_deg": 32.56, "mean_rain_30d_mm": 365.6}}, {"type": "Feature", "geometry": {"type": "Polygon", "coordinates": [[[90.60000000000001, 25.3], [90.7, 25.3], [90.7, 25.400000000000002], [90.60000000000001, 25.400000000000002], [90.60000000000001, 25.3]]]}, "properties": {"cell_id": "906_253", "state": "Meghalaya", "samples": 3, "events": 2, "risk_index": 0.6667, "severity": "Very High", "mean_slope_deg": 31.58, "mean_rain_30d_mm": 261.5}}, {"type": "Feature", "geometry": {"type": "Polygon", "coordinates": [[[90.60000000000001, 25.6], [90.7, 25.6], [90.7, 25.700000000000003], [90.60000000000001, 25.700000000000003], [90.60000000000001, 25.6]]]}, "properties": {"cell_id": "906_256", "state": "Meghalaya", "samples": 3, "events": 0, "risk_index": 0.0, "severity": "Low", "mean_slope_deg": 13.53, "mean_rain_30d_mm": 419.0}}, {"type": "Feature", "geometry": {"type": "Polygon", "coordinates": [[[90.60000000000001, 25.8], [90.7, 25.8], [90.7, 25.900000000000002], [90.60000000000001, 25.900000000000002], [90.60000000000001, 25.8]]]}, "properties": {"cell_id": "906_258", "state": "Meghalaya", "samples": 5, "events": 0, "risk_index": 0.0, "severity": "Low", "mean_slope_deg": 14.26, "mean_rain_30d_mm": 360.8}}, {"type": "Feature", "geometry": {"type": "Polygon", "coordinates": [[[90.7, 25.1], [90.8, 25.1], [90.8, 25.200000000000003], [90.7, 25.200000000000003], [90.7, 25.1]]]}, "properties": {"cell_id": "907_251", "state": "Meghalaya", "samples": 8, "events": 1, "risk_index": 0.125, "severity": "High", "mean_slope_deg": 27.59, "mean_rain_30d_mm": 305.1}}, {"type": "Feature", "geometry": {"type": "Polygon", "coordinates": [[[90.7, 25.200000000000003], [90.8, 25.200000000000003], [90.8, 25.300000000000004], [90.7, 25.300000000000004], [90.7, 25.200000000000003]]]}, "properties": {"cell_id": "907_252", "state": "Meghalaya", "samples": 5, "events": 0, "risk_index": 0.0, "severity": "Low", "mean_slope_deg": 22.51, "mean_rain_30d_mm": 286.6}}, {"type": "Feature", "geometry": {"type": "Polygon", "coordinates": [[[90.7, 25.3], [90.8, 25.3], [90.8, 25.400000000000002], [90.7, 25.400000000000002], [90.7, 25.3]]]}, "properties": {"cell_id": "907_253", "state": "Meghalaya", "samples": 6, "events": 1, "risk_index": 0.1667, "severity": "High", "mean_slope_deg": 24.7, "mean_rain_30d_mm": 377.9}}, {"type": "Feature", "geometry": {"type": "Polygon", "coordinates": [[[90.7, 25.400000000000002], [90.8, 25.400000000000002], [90.8, 25.500000000000004], [90.7, 25.500000000000004], [90.7, 25.400000000000002]]]}, "properties": {"cell_id": "907_254", "state": "Meghalaya", "samples": 7, "events": 1, "risk_index": 0.1429, "severity": "High", "mean_slope_deg": 24.35, "mean_rain_30d_mm": 352.1}}, {"type": "Feature", "geometry": {"type": "Polygon", "coordinates": [[[90.7, 25.5], [90.8, 25.5], [90.8, 25.6], [90.7, 25.6], [90.7, 25.5]]]}, "properties": {"cell_id": "907_255", "state": "Meghalaya", "samples": 5, "events": 0, "risk_index": 0.0, "severity": "Low", "mean_slope_deg": 22.9, "mean_rain_30d_mm": 301.1}}, {"type": "Feature", "geometry": {"type": "Polygon", "coordinates": [[[90.7, 25.6], [90.8, 25.6], [90.8, 25.700000000000003], [90.7, 25.700000000000003], [90.7, 25.6]]]}, "properties": {"cell_id": "907_256", "state": "Meghalaya", "samples": 8, "events": 1, "risk_index": 0.125, "severity": "High", "mean_slope_deg": 18.84, "mean_rain_30d_mm": 309.5}}, {"type": "Feature", "geometry": {"type": "Polygon", "coordinates": [[[90.7, 25.700000000000003], [90.8, 25.700000000000003], [90.8, 25.800000000000004], [90.7, 25.800000000000004], [90.7, 25.700000000000003]]]}, "properties": {"cell_id": "907_257", "state": "Meghalaya", "samples": 8, "events": 0, "risk_index": 0.0, "severity": "Low", "mean_slope_deg": 27.9, "mean_rain_30d_mm": 293.9}}, {"type": "Feature", "geometry": {"type": "Polygon", "coordinates": [[[90.7, 25.8], [90.8, 25.8], [90.8, 25.900000000000002], [90.7, 25.900000000000002], [90.7, 25.8]]]}, "properties": {"cell_id": "907_258", "state": "Meghalaya", "samples": 3, "events": 1, "risk_index": 0.3333, "severity": "Very High", "mean_slope_deg": 26.22, "mean_rain_30d_mm": 349.5}}, {"type": "Feature", "geometry": {"type": "Polygon", "coordinates": [[[90.80000000000001, 24.900000000000002], [90.9, 24.900000000000002], [90.9, 25.000000000000004], [90.80000000000001, 25.000000000000004], [90.80000000000001, 24.900000000000002]]]}, "properties": {"cell_id": "908_249", "state": "Meghalaya", "samples": 3, "events": 0, "risk_index": 0.0, "severity": "Low", "mean_slope_deg": 24.43, "mean_rain_30d_mm": 328.6}}, {"type": "Feature", "geometry": {"type": "Polygon", "coordinates": [[[90.80000000000001, 25.1], [90.9, 25.1], [90.9, 25.200000000000003], [90.80000000000001, 25.200000000000003], [90.80000000000001, 25.1]]]}, "properties": {"cell_id": "908_251", "state": "Meghalaya", "samples": 3, "events": 0, "risk_index": 0.0, "severity": "Low", "mean_slope_deg": 25.99, "mean_rain_30d_mm": 404.7}}, {"type": "Feature", "geometry": {"type": "Polygon", "coordinates": [[[90.80000000000001, 25.200000000000003], [90.9, 25.200000000000003], [90.9, 25.300000000000004], [90.80000000000001, 25.300000000000004], [90.80000000000001, 25.200000000000003]]]}, "properties": {"cell_id": "908_252", "state": "Meghalaya", "samples": 11, "events": 0, "risk_index": 0.0, "severity": "Low", "mean_slope_deg": 21.45, "mean_rain_30d_mm": 297.7}}, {"type": "Feature", "geometry": {"type": "Polygon", "coordinates": [[[90.80000000000001, 25.3], [90.9, 25.3], [90.9, 25.400000000000002], [90.80000000000001, 25.400000000000002], [90.80000000000001, 25.3]]]}, "properties": {"cell_id": "908_253", "state": "Meghalaya", "samples": 6, "events": 0, "risk_index": 0.0, "severity": "Low", "mean_slope_deg": 20.31, "mean_rain_30d_mm": 283.0}}, {"type": "Feature", "geometry": {"type": "Polygon", "coordinates": [[[90.80000000000001, 25.400000000000002], [90.9, 25.400000000000002], [90.9, 25.500000000000004], [90.80000000000001, 25.500000000000004], [90.80000000000001, 25.400000000000002]]]}, "properties": {"cell_id": "908_254", "state": "Meghalaya", "samples": 18, "events": 2, "risk_index": 0.1111, "severity": "Moderate", "mean_slope_deg": 24.51, "mean_rain_30d_mm": 301.4}}, {"type": "Feature", "geometry": {"type": "Polygon", "coordinates": [[[90.80000000000001, 25.5], [90.9, 25.5], [90.9, 25.6], [90.80000000000001, 25.6], [90.80000000000001, 25.5]]]}, "properties": {"cell_id": "908_255", "state": "Meghalaya", "samples": 10, "events": 0, "risk_index": 0.0, "severity": "Low", "mean_slope_deg": 23.3, "mean_rain_30d_mm": 334.4}}, {"type": "Feature", "geometry": {"type": "Polygon", "coordinates": [[[90.80000000000001, 25.6], [90.9, 25.6], [90.9, 25.700000000000003], [90.80000000000001, 25.700000000000003], [90.80000000000001, 25.6]]]}, "properties": {"cell_id": "908_256", "state": "Meghalaya", "samples": 14, "events": 2, "risk_index": 0.1429, "severity": "High", "mean_slope_deg": 25.52, "mean_rain_30d_mm": 289.0}}, {"type": "Feature", "geometry": {"type": "Polygon", "coordinates": [[[90.80000000000001, 25.700000000000003], [90.9, 25.700000000000003], [90.9, 25.800000000000004], [90.80000000000001, 25.800000000000004], [90.80000000000001, 25.700000000000003]]]}, "properties": {"cell_id": "908_257", "state": "Meghalaya", "samples": 8, "events": 0, "risk_index": 0.0, "severity": "Low", "mean_slope_deg": 25.78, "mean_rain_30d_mm": 346.9}}, {"type": "Feature", "geometry": {"type": "Polygon", "coordinates": [[[90.80000000000001, 25.8], [90.9, 25.8], [90.9, 25.900000000000002], [90.80000000000001, 25.900000000000002], [90.80000000000001, 25.8]]]}, "properties": {"cell_id": "908_258", "state": "Meghalaya", "samples": 8, "events": 1, "risk_index": 0.125, "severity": "High", "mean_slope_deg": 24.98, "mean_rain_30d_mm": 254.4}}, {"type": "Feature", "geometry": {"type": "Polygon", "coordinates": [[[90.80000000000001, 25.900000000000002], [90.9, 25.900000000000002], [90.9, 26.000000000000004], [90.80000000000001, 26.000000000000004], [90.80000000000001, 25.900000000000002]]]}, "properties": {"cell_id": "908_259", "state": "Meghalaya", "samples": 7, "events": 2, "risk_index": 0.2857, "severity": "Very High", "mean_slope_deg": 19.47, "mean_rain_30d_mm": 287.6}}, {"type": "Feature", "geometry": {"type": "Polygon", "coordinates": [[[90.80000000000001, 26.0], [90.9, 26.0], [90.9, 26.1], [90.80000000000001, 26.1], [90.80000000000001, 26.0]]]}, "properties": {"cell_id": "908_260", "state": "Meghalaya", "samples": 5, "events": 0, "risk_index": 0.0, "severity": "Low", "mean_slope_deg": 25.06, "mean_rain_30d_mm": 306.9}}, {"type": "Feature", "geometry": {"type": "Polygon", "coordinates": [[[90.80000000000001, 26.1], [90.9, 26.1], [90.9, 26.200000000000003], [90.80000000000001, 26.200000000000003], [90.80000000000001, 26.1]]]}, "properties": {"cell_id": "908_261", "state": "Meghalaya", "samples": 3, "events": 1, "risk_index": 0.3333, "severity": "Very High", "mean_slope_deg": 30.46, "mean_rain_30d_mm": 381.8}}, {"type": "Feature", "geometry": {"type": "Polygon", "coordinates": [[[90.9, 24.900000000000002], [91.0, 24.900000000000002], [91.0, 25.000000000000004], [90.9, 25.000000000000004], [90.9, 24.900000000000002]]]}, "properties": {"cell_id": "909_249", "state": "Meghalaya", "samples": 4, "events": 0, "risk_index": 0.0, "severity": "Low", "mean_slope_deg": 20.29, "mean_rain_30d_mm": 324.1}}, {"type": "Feature", "geometry": {"type": "Polygon", "coordinates": [[[90.9, 25.0], [91.0, 25.0], [91.0, 25.1], [90.9, 25.1], [90.9, 25.0]]]}, "properties": {"cell_id": "909_250", "state": "Meghalaya", "samples": 6, "events": 2, "risk_index": 0.3333, "severity": "Very High", "mean_slope_deg": 30.23, "mean_rain_30d_mm": 351.9}}, {"type": "Feature", "geometry": {"type": "Polygon", "coordinates": [[[90.9, 25.1], [91.0, 25.1], [91.0, 25.200000000000003], [90.9, 25.200000000000003], [90.9, 25.1]]]}, "properties": {"cell_id": "909_251", "state": "Meghalaya", "samples": 7, "events": 1, "risk_index": 0.1429, "severity": "High", "mean_slope_deg": 25.89, "mean_rain_30d_mm": 281.1}}, {"type": "Feature", "geometry": {"type": "Polygon", "coordinates": [[[90.9, 25.200000000000003], [91.0, 25.200000000000003], [91.0, 25.300000000000004], [90.9, 25.300000000000004], [90.9, 25.200000000000003]]]}, "properties": {"cell_id": "909_252", "state": "Meghalaya", "samples": 10, "events": 1, "risk_index": 0.1, "severity": "Moderate", "mean_slope_deg": 25.89, "mean_rain_30d_mm": 334.4}}, {"type": "Feature", "geometry": {"type": "Polygon", "coordinates": [[[90.9, 25.3], [91.0, 25.3], [91.0, 25.400000000000002], [90.9, 25.400000000000002], [90.9, 25.3]]]}, "properties": {"cell_id": "909_253", "state": "Meghalaya", "samples": 12, "events": 0, "risk_index": 0.0, "severity": "Low", "mean_slope_deg": 20.34, "mean_rain_30d_mm": 329.8}}, {"type": "Feature", "geometry": {"type": "Polygon", "coordinates": [[[90.9, 25.400000000000002], [91.0, 25.400000000000002], [91.0, 25.500000000000004], [90.9, 25.500000000000004], [90.9, 25.400000000000002]]]}, "properties": {"cell_id": "909_254", "state": "Meghalaya", "samples": 18, "events": 2, "risk_index": 0.1111, "severity": "Moderate", "mean_slope_deg": 24.88, "mean_rain_30d_mm": 344.2}}, {"type": "Feature", "geometry": {"type": "Polygon", "coordinates": [[[90.9, 25.5], [91.0, 25.5], [91.0, 25.6], [90.9, 25.6], [90.9, 25.5]]]}, "properties": {"cell_id": "909_255", "state": "Meghalaya", "samples": 21, "events": 2, "risk_index": 0.0952, "severity": "Moderate", "mean_slope_deg": 24.18, "mean_rain_30d_mm": 294.0}}, {"type": "Feature", "geometry": {"type": "Polygon", "coordinates": [[[90.9, 25.6], [91.0, 25.6], [91.0, 25.700000000000003], [90.9, 25.700000000000003], [90.9, 25.6]]]}, "properties": {"cell_id": "909_256", "state": "Meghalaya", "samples": 9, "events": 1, "risk_index": 0.1111, "severity": "Moderate", "mean_slope_deg": 24.47, "mean_rain_30d_mm": 284.8}}, {"type": "Feature", "geometry": {"type": "Polygon", "coordinates": [[[90.9, 25.700000000000003], [91.0, 25.700000000000003], [91.0, 25.800000000000004], [90.9, 25.800000000000004], [90.9, 25.700000000000003]]]}, "properties": {"cell_id": "909_257", "state": "Meghalaya", "samples": 12, "events": 3, "risk_index": 0.25, "severity": "Very High", "mean_slope_deg": 25.76, "mean_rain_30d_mm": 259.4}}, {"type": "Feature", "geometry": {"type": "Polygon", "coordinates": [[[90.9, 25.8], [91.0, 25.8], [91.0, 25.900000000000002], [90.9, 25.900000000000002], [90.9, 25.8]]]}, "properties": {"cell_id": "909_258", "state": "Meghalaya", "samples": 9, "events": 1, "risk_index": 0.1111, "severity": "Moderate", "mean_slope_deg": 22.06, "mean_rain_30d_mm": 304.7}}, {"type": "Feature", "geometry": {"type": "Polygon", "coordinates": [[[90.9, 26.0], [91.0, 26.0], [91.0, 26.1], [90.9, 26.1], [90.9, 26.0]]]}, "properties": {"cell_id": "909_260", "state": "Meghalaya", "samples": 4, "events": 0, "risk_index": 0.0, "severity": "Low", "mean_slope_deg": 24.07, "mean_rain_30d_mm": 267.7}}, {"type": "Feature", "geometry": {"type": "Polygon", "coordinates": [[[91.0, 24.900000000000002], [91.1, 24.900000000000002], [91.1, 25.000000000000004], [91.0, 25.000000000000004], [91.0, 24.900000000000002]]]}, "properties": {"cell_id": "910_249", "state": "Meghalaya", "samples": 4, "events": 0, "risk_index": 0.0, "severity": "Low", "mean_slope_deg": 27.63, "mean_rain_30d_mm": 397.9}}, {"type": "Feature", "geometry": {"type": "Polygon", "coordinates": [[[91.0, 25.0], [91.1, 25.0], [91.1, 25.1], [91.0, 25.1], [91.0, 25.0]]]}, "properties": {"cell_id": "910_250", "state": "Meghalaya", "samples": 3, "events": 0, "risk_index": 0.0, "severity": "Low", "mean_slope_deg": 23.94, "mean_rain_30d_mm": 287.8}}, {"type": "Feature", "geometry": {"type": "Polygon", "coordinates": [[[91.0, 25.1], [91.1, 25.1], [91.1, 25.200000000000003], [91.0, 25.200000000000003], [91.0, 25.1]]]}, "properties": {"cell_id": "910_251", "state": "Meghalaya", "samples": 15, "events": 0, "risk_index": 0.0, "severity": "Low", "mean_slope_deg": 24.03, "mean_rain_30d_mm": 318.2}}, {"type": "Feature", "geometry": {"type": "Polygon", "coordinates": [[[91.0, 25.200000000000003], [91.1, 25.200000000000003], [91.1, 25.300000000000004], [91.0, 25.300000000000004], [91.0, 25.200000000000003]]]}, "properties": {"cell_id": "910_252", "state": "Meghalaya", "samples": 7, "events": 2, "risk_index": 0.2857, "severity": "Very High", "mean_slope_deg": 30.37, "mean_rain_30d_mm": 294.6}}, {"type": "Feature", "geometry": {"type": "Polygon", "coordinates": [[[91.0, 25.3], [91.1, 25.3], [91.1, 25.400000000000002], [91.0, 25.400000000000002], [91.0, 25.3]]]}, "properties": {"cell_id": "910_253", "state": "Meghalaya", "samples": 17, "events": 1, "risk_index": 0.0588, "severity": "Moderate", "mean_slope_deg": 19.1, "mean_rain_30d_mm": 320.8}}, {"type": "Feature", "geometry": {"type": "Polygon", "coordinates": [[[91.0, 25.400000000000002], [91.1, 25.400000000000002], [91.1, 25.500000000000004], [91.0, 25.500000000000004], [91.0, 25.400000000000002]]]}, "properties": {"cell_id": "910_254", "state": "Meghalaya", "samples": 15, "events": 0, "risk_index": 0.0, "severity": "Low", "mean_slope_deg": 21.57, "mean_rain_30d_mm": 360.8}}, {"type": "Feature", "geometry": {"type": "Polygon", "coordinates": [[[91.0, 25.5], [91.1, 25.5], [91.1, 25.6], [91.0, 25.6], [91.0, 25.5]]]}, "properties": {"cell_id": "910_255", "state": "Meghalaya", "samples": 14, "events": 1, "risk_index": 0.0714, "severity": "Moderate", "mean_slope_deg": 22.8, "mean_rain_30d_mm": 269.8}}, {"type": "Feature", "geometry": {"type": "Polygon", "coordinates": [[[91.0, 25.6], [91.1, 25.6], [91.1, 25.700000000000003], [91.0, 25.700000000000003], [91.0, 25.6]]]}, "properties": {"cell_id": "910_256", "state": "Meghalaya", "samples": 20, "events": 1, "risk_index": 0.05, "severity": "Moderate", "mean_slope_deg": 23.44, "mean_rain_30d_mm": 329.9}}, {"type": "Feature", "geometry": {"type": "Polygon", "coordinates": [[[91.0, 25.700000000000003], [91.1, 25.700000000000003], [91.1, 25.800000000000004], [91.0, 25.800000000000004], [91.0, 25.700000000000003]]]}, "properties": {"cell_id": "910_257", "state": "Meghalaya", "samples": 19, "events": 0, "risk_index": 0.0, "severity": "Low", "mean_slope_deg": 25.42, "mean_rain_30d_mm": 318.2}}, {"type": "Feature", "geometry": {"type": "Polygon", "coordinates": [[[91.0, 25.8], [91.1, 25.8], [91.1, 25.900000000000002], [91.0, 25.900000000000002], [91.0, 25.8]]]}, "properties": {"cell_id": "910_258", "state": "Meghalaya", "samples": 13, "events": 3, "risk_index": 0.2308, "severity": "Very High", "mean_slope_deg": 30.05, "mean_rain_30d_mm": 303.4}}, {"type": "Feature", "geometry": {"type": "Polygon", "coordinates": [[[91.0, 25.900000000000002], [91.1, 25.900000000000002], [91.1, 26.000000000000004], [91.0, 26.000000000000004], [91.0, 25.900000000000002]]]}, "properties": {"cell_id": "910_259", "state": "Meghalaya", "samples": 13, "events": 0, "risk_index": 0.0, "severity": "Low", "mean_slope_deg": 21.61, "mean_rain_30d_mm": 353.5}}, {"type": "Feature", "geometry": {"type": "Polygon", "coordinates": [[[91.0, 26.0], [91.1, 26.0], [91.1, 26.1], [91.0, 26.1], [91.0, 26.0]]]}, "properties": {"cell_id": "910_260", "state": "Meghalaya", "samples": 4, "events": 0, "risk_index": 0.0, "severity": "Low", "mean_slope_deg": 21.86, "mean_rain_30d_mm": 460.0}}, {"type": "Feature", "geometry": {"type": "Polygon", "coordinates": [[[91.10000000000001, 24.900000000000002], [91.2, 24.900000000000002], [91.2, 25.000000000000004], [91.10000000000001, 25.000000000000004], [91.10000000000001, 24.900000000000002]]]}, "properties": {"cell_id": "911_249", "state": "Meghalaya", "samples": 7, "events": 0, "risk_index": 0.0, "severity": "Low", "mean_slope_deg": 20.08, "mean_rain_30d_mm": 295.1}}, {"type": "Feature", "geometry": {"type": "Polygon", "coordinates": [[[91.10000000000001, 25.0], [91.2, 25.0], [91.2, 25.1], [91.10000000000001, 25.1], [91.10000000000001, 25.0]]]}, "properties": {"cell_id": "911_250", "state": "Meghalaya", "samples": 4, "events": 1, "risk_index": 0.25, "severity": "Very High", "mean_slope_deg": 21.26, "mean_rain_30d_mm": 363.5}}, {"type": "Feature", "geometry": {"type": "Polygon", "coordinates": [[[91.10000000000001, 25.1], [91.2, 25.1], [91.2, 25.200000000000003], [91.10000000000001, 25.200000000000003], [91.10000000000001, 25.1]]]}, "properties": {"cell_id": "911_251", "state": "Meghalaya", "samples": 20, "events": 0, "risk_index": 0.0, "severity": "Low", "mean_slope_deg": 21.53, "mean_rain_30d_mm": 332.9}}, {"type": "Feature", "geometry": {"type": "Polygon", "coordinates": [[[91.10000000000001, 25.200000000000003], [91.2, 25.200000000000003], [91.2, 25.300000000000004], [91.10000000000001, 25.300000000000004], [91.10000000000001, 25.200000000000003]]]}, "properties": {"cell_id": "911_252", "state": "Meghalaya", "samples": 16, "events": 4, "risk_index": 0.25, "severity": "Very High", "mean_slope_deg": 28.35, "mean_rain_30d_mm": 305.9}}, {"type": "Feature", "geometry": {"type": "Polygon", "coordinates": [[[91.10000000000001, 25.3], [91.2, 25.3], [91.2, 25.400000000000002], [91.10000000000001, 25.400000000000002], [91.10000000000001, 25.3]]]}, "properties": {"cell_id": "911_253", "state": "Meghalaya", "samples": 21, "events": 2, "risk_index": 0.0952, "severity": "Moderate", "mean_slope_deg": 24.61, "mean_rain_30d_mm": 324.9}}, {"type": "Feature", "geometry": {"type": "Polygon", "coordinates": [[[91.10000000000001, 25.400000000000002], [91.2, 25.400000000000002], [91.2, 25.500000000000004], [91.10000000000001, 25.500000000000004], [91.10000000000001, 25.400000000000002]]]}, "properties": {"cell_id": "911_254", "state": "Meghalaya", "samples": 24, "events": 1, "risk_index": 0.0417, "severity": "Moderate", "mean_slope_deg": 24.72, "mean_rain_30d_mm": 373.0}}, {"type": "Feature", "geometry": {"type": "Polygon", "coordinates": [[[91.10000000000001, 25.5], [91.2, 25.5], [91.2, 25.6], [91.10000000000001, 25.6], [91.10000000000001, 25.5]]]}, "properties": {"cell_id": "911_255", "state": "Meghalaya", "samples": 27, "events": 0, "risk_index": 0.0, "severity": "Low", "mean_slope_deg": 22.53, "mean_rain_30d_mm": 307.3}}, {"type": "Feature", "geometry": {"type": "Polygon", "coordinates": [[[91.10000000000001, 25.6], [91.2, 25.6], [91.2, 25.700000000000003], [91.10000000000001, 25.700000000000003], [91.10000000000001, 25.6]]]}, "properties": {"cell_id": "911_256", "state": "Meghalaya", "samples": 34, "events": 2, "risk_index": 0.0588, "severity": "Moderate", "mean_slope_deg": 25.01, "mean_rain_30d_mm": 307.7}}, {"type": "Feature", "geometry": {"type": "Polygon", "coordinates": [[[91.10000000000001, 25.700000000000003], [91.2, 25.700000000000003], [91.2, 25.800000000000004], [91.10000000000001, 25.800000000000004], [91.10000000000001, 25.700000000000003]]]}, "properties": {"cell_id": "911_257", "state": "Meghalaya", "samples": 24, "events": 3, "risk_index": 0.125, "severity": "High", "mean_slope_deg": 24.9, "mean_rain_30d_mm": 344.6}}, {"type": "Feature", "geometry": {"type": "Polygon", "coordinates": [[[91.10000000000001, 25.8], [91.2, 25.8], [91.2, 25.900000000000002], [91.10000000000001, 25.900000000000002], [91.10000000000001, 25.8]]]}, "properties": {"cell_id": "911_258", "state": "Meghalaya", "samples": 13, "events": 1, "risk_index": 0.0769, "severity": "Moderate", "mean_slope_deg": 27.82, "mean_rain_30d_mm": 282.1}}, {"type": "Feature", "geometry": {"type": "Polygon", "coordinates": [[[91.10000000000001, 25.900000000000002], [91.2, 25.900000000000002], [91.2, 26.000000000000004], [91.10000000000001, 26.000000000000004], [91.10000000000001, 25.900000000000002]]]}, "properties": {"cell_id": "911_259", "state": "Meghalaya", "samples": 8, "events": 1, "risk_index": 0.125, "severity": "High", "mean_slope_deg": 26.32, "mean_rain_30d_mm": 280.3}}, {"type": "Feature", "geometry": {"type": "Polygon", "coordinates": [[[91.10000000000001, 26.0], [91.2, 26.0], [91.2, 26.1], [91.10000000000001, 26.1], [91.10000000000001, 26.0]]]}, "properties": {"cell_id": "911_260", "state": "Meghalaya", "samples": 3, "events": 0, "risk_index": 0.0, "severity": "Low", "mean_slope_deg": 34.61, "mean_rain_30d_mm": 270.7}}, {"type": "Feature", "geometry": {"type": "Polygon", "coordinates": [[[91.10000000000001, 26.1], [91.2, 26.1], [91.2, 26.200000000000003], [91.10000000000001, 26.200000000000003], [91.10000000000001, 26.1]]]}, "properties": {"cell_id": "911_261", "state": "Meghalaya", "samples": 5, "events": 0, "risk_index": 0.0, "severity": "Low", "mean_slope_deg": 19.12, "mean_rain_30d_mm": 409.7}}, {"type": "Feature", "geometry": {"type": "Polygon", "coordinates": [[[91.2, 24.8], [91.3, 24.8], [91.3, 24.900000000000002], [91.2, 24.900000000000002], [91.2, 24.8]]]}, "properties": {"cell_id": "912_248", "state": "Meghalaya", "samples": 3, "events": 0, "risk_index": 0.0, "severity": "Low", "mean_slope_deg": 31.25, "mean_rain_30d_mm": 286.1}}, {"type": "Feature", "geometry": {"type": "Polygon", "coordinates": [[[91.2, 24.900000000000002], [91.3, 24.900000000000002], [91.3, 25.000000000000004], [91.2, 25.000000000000004], [91.2, 24.900000000000002]]]}, "properties": {"cell_id": "912_249", "state": "Meghalaya", "samples": 7, "events": 0, "risk_index": 0.0, "severity": "Low", "mean_slope_deg": 31.22, "mean_rain_30d_mm": 270.6}}, {"type": "Feature", "geometry": {"type": "Polygon", "coordinates": [[[91.2, 25.0], [91.3, 25.0], [91.3, 25.1], [91.2, 25.1], [91.2, 25.0]]]}, "properties": {"cell_id": "912_250", "state": "Meghalaya", "samples": 14, "events": 1, "risk_index": 0.0714, "severity": "Moderate", "mean_slope_deg": 23.65, "mean_rain_30d_mm": 281.4}}, {"type": "Feature", "geometry": {"type": "Polygon", "coordinates": [[[91.2, 25.1], [91.3, 25.1], [91.3, 25.200000000000003], [91.2, 25.200000000000003], [91.2, 25.1]]]}, "properties": {"cell_id": "912_251", "state": "Meghalaya", "samples": 12, "events": 2, "risk_index": 0.1667, "severity": "High", "mean_slope_deg": 26.57, "mean_rain_30d_mm": 349.6}}, {"type": "Feature", "geometry": {"type": "Polygon", "coordinates": [[[91.2, 25.200000000000003], [91.3, 25.200000000000003], [91.3, 25.300000000000004], [91.2, 25.300000000000004], [91.2, 25.200000000000003]]]}, "properties": {"cell_id": "912_252", "state": "Meghalaya", "samples": 30, "events": 3, "risk_index": 0.1, "severity": "Moderate", "mean_slope_deg": 27.8, "mean_rain_30d_mm": 335.5}}, {"type": "Feature", "geometry": {"type": "Polygon", "coordinates": [[[91.2, 25.3], [91.3, 25.3], [91.3, 25.400000000000002], [91.2, 25.400000000000002], [91.2, 25.3]]]}, "properties": {"cell_id": "912_253", "state": "Meghalaya", "samples": 25, "events": 2, "risk_index": 0.08, "severity": "Moderate", "mean_slope_deg": 25.4, "mean_rain_30d_mm": 307.5}}, {"type": "Feature", "geometry": {"type": "Polygon", "coordinates": [[[91.2, 25.400000000000002], [91.3, 25.400000000000002], [91.3, 25.500000000000004], [91.2, 25.500000000000004], [91.2, 25.400000000000002]]]}, "properties": {"cell_id": "912_254", "state": "Meghalaya", "samples": 35, "events": 2, "risk_index": 0.0571, "severity": "Moderate", "mean_slope_deg": 24.06, "mean_rain_30d_mm": 312.9}}, {"type": "Feature", "geometry": {"type": "Polygon", "coordinates": [[[91.2, 25.5], [91.3, 25.5], [91.3, 25.6], [91.2, 25.6], [91.2, 25.5]]]}, "properties": {"cell_id": "912_255", "state": "Meghalaya", "samples": 37, "events": 5, "risk_index": 0.1351, "severity": "High", "mean_slope_deg": 27.92, "mean_rain_30d_mm": 330.6}}, {"type": "Feature", "geometry": {"type": "Polygon", "coordinates": [[[91.2, 25.6], [91.3, 25.6], [91.3, 25.700000000000003], [91.2, 25.700000000000003], [91.2, 25.6]]]}, "properties": {"cell_id": "912_256", "state": "Meghalaya", "samples": 17, "events": 2, "risk_index": 0.1176, "severity": "Moderate", "mean_slope_deg": 29.17, "mean_rain_30d_mm": 316.2}}, {"type": "Feature", "geometry": {"type": "Polygon", "coordinates": [[[91.2, 25.700000000000003], [91.3, 25.700000000000003], [91.3, 25.800000000000004], [91.2, 25.800000000000004], [91.2, 25.700000000000003]]]}, "properties": {"cell_id": "912_257", "state": "Meghalaya", "samples": 14, "events": 0, "risk_index": 0.0, "severity": "Low", "mean_slope_deg": 24.54, "mean_rain_30d_mm": 279.3}}, {"type": "Feature", "geometry": {"type": "Polygon", "coordinates": [[[91.2, 25.8], [91.3, 25.8], [91.3, 25.900000000000002], [91.2, 25.900000000000002], [91.2, 25.8]]]}, "properties": {"cell_id": "912_258", "state": "Meghalaya", "samples": 11, "events": 1, "risk_index": 0.0909, "severity": "Moderate", "mean_slope_deg": 24.77, "mean_rain_30d_mm": 361.5}}, {"type": "Feature", "geometry": {"type": "Polygon", "coordinates": [[[91.2, 25.900000000000002], [91.3, 25.900000000000002], [91.3, 26.000000000000004], [91.2, 26.000000000000004], [91.2, 25.900000000000002]]]}, "properties": {"cell_id": "912_259", "state": "Meghalaya", "samples": 13, "events": 2, "risk_index": 0.1538, "severity": "High", "mean_slope_deg": 28.43, "mean_rain_30d_mm": 345.3}}, {"type": "Feature", "geometry": {"type": "Polygon", "coordinates": [[[91.2, 26.0], [91.3, 26.0], [91.3, 26.1], [91.2, 26.1], [91.2, 26.0]]]}, "properties": {"cell_id": "912_260", "state": "Meghalaya", "samples": 5, "events": 0, "risk_index": 0.0, "severity": "Low", "mean_slope_deg": 20.62, "mean_rain_30d_mm": 363.9}}, {"type": "Feature", "geometry": {"type": "Polygon", "coordinates": [[[91.30000000000001, 24.900000000000002], [91.4, 24.900000000000002], [91.4, 25.000000000000004], [91.30000000000001, 25.000000000000004], [91.30000000000001, 24.900000000000002]]]}, "properties": {"cell_id": "913_249", "state": "Meghalaya", "samples": 3, "events": 0, "risk_index": 0.0, "severity": "Low", "mean_slope_deg": 21.97, "mean_rain_30d_mm": 272.3}}, {"type": "Feature", "geometry": {"type": "Polygon", "coordinates": [[[91.30000000000001, 25.0], [91.4, 25.0], [91.4, 25.1], [91.30000000000001, 25.1], [91.30000000000001, 25.0]]]}, "properties": {"cell_id": "913_250", "state": "Meghalaya", "samples": 12, "events": 1, "risk_index": 0.0833, "severity": "Moderate", "mean_slope_deg": 24.89, "mean_rain_30d_mm": 332.4}}, {"type": "Feature", "geometry": {"type": "Polygon", "coordinates": [[[91.30000000000001, 25.1], [91.4, 25.1], [91.4, 25.200000000000003], [91.30000000000001, 25.200000000000003], [91.30000000000001, 25.1]]]}, "properties": {"cell_id": "913_251", "state": "Meghalaya", "samples": 12, "events": 4, "risk_index": 0.3333, "severity": "Very High", "mean_slope_deg": 37.49, "mean_rain_30d_mm": 318.9}}, {"type": "Feature", "geometry": {"type": "Polygon", "coordinates": [[[91.30000000000001, 25.200000000000003], [91.4, 25.200000000000003], [91.4, 25.300000000000004], [91.30000000000001, 25.300000000000004], [91.30000000000001, 25.200000000000003]]]}, "properties": {"cell_id": "913_252", "state": "Meghalaya", "samples": 17, "events": 1, "risk_index": 0.0588, "severity": "Moderate", "mean_slope_deg": 22.71, "mean_rain_30d_mm": 311.7}}, {"type": "Feature", "geometry": {"type": "Polygon", "coordinates": [[[91.30000000000001, 25.3], [91.4, 25.3], [91.4, 25.400000000000002], [91.30000000000001, 25.400000000000002], [91.30000000000001, 25.3]]]}, "properties": {"cell_id": "913_253", "state": "Meghalaya", "samples": 24, "events": 5, "risk_index": 0.2083, "severity": "Very High", "mean_slope_deg": 23.02, "mean_rain_30d_mm": 339.8}}, {"type": "Feature", "geometry": {"type": "Polygon", "coordinates": [[[91.30000000000001, 25.400000000000002], [91.4, 25.400000000000002], [91.4, 25.500000000000004], [91.30000000000001, 25.500000000000004], [91.30000000000001, 25.400000000000002]]]}, "properties": {"cell_id": "913_254", "state": "Meghalaya", "samples": 26, "events": 2, "risk_index": 0.0769, "severity": "Moderate", "mean_slope_deg": 23.61, "mean_rain_30d_mm": 345.9}}, {"type": "Feature", "geometry": {"type": "Polygon", "coordinates": [[[91.30000000000001, 25.5], [91.4, 25.5], [91.4, 25.6], [91.30000000000001, 25.6], [91.30000000000001, 25.5]]]}, "properties": {"cell_id": "913_255", "state": "Meghalaya", "samples": 23, "events": 4, "risk_index": 0.1739, "severity": "High", "mean_slope_deg": 27.35, "mean_rain_30d_mm": 300.6}}, {"type": "Feature", "geometry": {"type": "Polygon", "coordinates": [[[91.30000000000001, 25.6], [91.4, 25.6], [91.4, 25.700000000000003], [91.30000000000001, 25.700000000000003], [91.30000000000001, 25.6]]]}, "properties": {"cell_id": "913_256", "state": "Meghalaya", "samples": 25, "events": 3, "risk_index": 0.12, "severity": "Moderate", "mean_slope_deg": 22.69, "mean_rain_30d_mm": 294.9}}, {"type": "Feature", "geometry": {"type": "Polygon", "coordinates": [[[91.30000000000001, 25.700000000000003], [91.4, 25.700000000000003], [91.4, 25.800000000000004], [91.30000000000001, 25.800000000000004], [91.30000000000001, 25.700000000000003]]]}, "properties": {"cell_id": "913_257", "state": "Meghalaya", "samples": 22, "events": 1, "risk_index": 0.0455, "severity": "Moderate", "mean_slope_deg": 22.52, "mean_rain_30d_mm": 311.5}}, {"type": "Feature", "geometry": {"type": "Polygon", "coordinates": [[[91.30000000000001, 25.8], [91.4, 25.8], [91.4, 25.900000000000002], [91.30000000000001, 25.900000000000002], [91.30000000000001, 25.8]]]}, "properties": {"cell_id": "913_258", "state": "Meghalaya", "samples": 9, "events": 2, "risk_index": 0.2222, "severity": "Very High", "mean_slope_deg": 25.56, "mean_rain_30d_mm": 326.4}}, {"type": "Feature", "geometry": {"type": "Polygon", "coordinates": [[[91.30000000000001, 25.900000000000002], [91.4, 25.900000000000002], [91.4, 26.000000000000004], [91.30000000000001, 26.000000000000004], [91.30000000000001, 25.900000000000002]]]}, "properties": {"cell_id": "913_259", "state": "Meghalaya", "samples": 8, "events": 0, "risk_index": 0.0, "severity": "Low", "mean_slope_deg": 22.98, "mean_rain_30d_mm": 324.0}}, {"type": "Feature", "geometry": {"type": "Polygon", "coordinates": [[[91.30000000000001, 26.1], [91.4, 26.1], [91.4, 26.200000000000003], [91.30000000000001, 26.200000000000003], [91.30000000000001, 26.1]]]}, "properties": {"cell_id": "913_261", "state": "Meghalaya", "samples": 3, "events": 0, "risk_index": 0.0, "severity": "Low", "mean_slope_deg": 26.02, "mean_rain_30d_mm": 304.3}}, {"type": "Feature", "geometry": {"type": "Polygon", "coordinates": [[[91.4, 23.6], [91.5, 23.6], [91.5, 23.700000000000003], [91.4, 23.700000000000003], [91.4, 23.6]]]}, "properties": {"cell_id": "914_236", "state": "Tripura", "samples": 4, "events": 0, "risk_index": 0.0, "severity": "Low", "mean_slope_deg": 6.38, "mean_rain_30d_mm": 292.3}}, {"type": "Feature", "geometry": {"type": "Polygon", "coordinates": [[[91.4, 23.700000000000003], [91.5, 23.700000000000003], [91.5, 23.800000000000004], [91.4, 23.800000000000004], [91.4, 23.700000000000003]]]}, "properties": {"cell_id": "914_237", "state": "Tripura", "samples": 8, "events": 0, "risk_index": 0.0, "severity": "Low", "mean_slope_deg": 3.17, "mean_rain_30d_mm": 355.2}}, {"type": "Feature", "geometry": {"type": "Polygon", "coordinates": [[[91.4, 23.8], [91.5, 23.8], [91.5, 23.900000000000002], [91.4, 23.900000000000002], [91.4, 23.8]]]}, "properties": {"cell_id": "914_238", "state": "Tripura", "samples": 7, "events": 0, "risk_index": 0.0, "severity": "Low", "mean_slope_deg": 3.66, "mean_rain_30d_mm": 288.2}}, {"type": "Feature", "geometry": {"type": "Polygon", "coordinates": [[[91.4, 23.900000000000002], [91.5, 23.900000000000002], [91.5, 24.000000000000004], [91.4, 24.000000000000004], [91.4, 23.900000000000002]]]}, "properties": {"cell_id": "914_239", "state": "Tripura", "samples": 5, "events": 0, "risk_index": 0.0, "severity": "Low", "mean_slope_deg": 3.95, "mean_rain_30d_mm": 306.5}}, {"type": "Feature", "geometry": {"type": "Polygon", "coordinates": [[[91.4, 24.0], [91.5, 24.0], [91.5, 24.1], [91.4, 24.1], [91.4, 24.0]]]}, "properties": {"cell_id": "914_240", "state": "Tripura", "samples": 4, "events": 0, "risk_index": 0.0, "severity": "Low", "mean_slope_deg": 5.28, "mean_rain_30d_mm": 293.7}}, {"type": "Feature", "geometry": {"type": "Polygon", "coordinates": [[[91.4, 24.1], [91.5, 24.1], [91.5, 24.200000000000003], [91.4, 24.200000000000003], [91.4, 24.1]]]}, "properties": {"cell_id": "914_241", "state": "Tripura", "samples": 6, "events": 0, "risk_index": 0.0, "severity": "Low", "mean_slope_deg": 3.59, "mean_rain_30d_mm": 301.8}}, {"type": "Feature", "geometry": {"type": "Polygon", "coordinates": [[[91.4, 24.8], [91.5, 24.8], [91.5, 24.900000000000002], [91.4, 24.900000000000002], [91.4, 24.8]]]}, "properties": {"cell_id": "914_248", "state": "Meghalaya", "samples": 3, "events": 0, "risk_index": 0.0, "severity": "Low", "mean_slope_deg": 15.69, "mean_rain_30d_mm": 324.6}}, {"type": "Feature", "geometry": {"type": "Polygon", "coordinates": [[[91.4, 25.0], [91.5, 25.0], [91.5, 25.1], [91.4, 25.1], [91.4, 25.0]]]}, "properties": {"cell_id": "914_250", "state": "Meghalaya", "samples": 11, "events": 2, "risk_index": 0.1818, "severity": "High", "mean_slope_deg": 30.13, "mean_rain_30d_mm": 305.3}}, {"type": "Feature", "geometry": {"type": "Polygon", "coordinates": [[[91.4, 25.1], [91.5, 25.1], [91.5, 25.200000000000003], [91.4, 25.200000000000003], [91.4, 25.1]]]}, "properties": {"cell_id": "914_251", "state": "Meghalaya", "samples": 10, "events": 2, "risk_index": 0.2, "severity": "High", "mean_slope_deg": 24.17, "mean_rain_30d_mm": 355.7}}, {"type": "Feature", "geometry": {"type": "Polygon", "coordinates": [[[91.4, 25.200000000000003], [91.5, 25.200000000000003], [91.5, 25.300000000000004], [91.4, 25.300000000000004], [91.4, 25.200000000000003]]]}, "properties": {"cell_id": "914_252", "state": "Meghalaya", "samples": 22, "events": 5, "risk_index": 0.2273, "severity": "Very High", "mean_slope_deg": 25.83, "mean_rain_30d_mm": 280.2}}, {"type": "Feature", "geometry": {"type": "Polygon", "coordinates": [[[91.4, 25.3], [91.5, 25.3], [91.5, 25.400000000000002], [91.4, 25.400000000000002], [91.4, 25.3]]]}, "properties": {"cell_id": "914_253", "state": "Meghalaya", "samples": 19, "events": 3, "risk_index": 0.1579, "severity": "High", "mean_slope_deg": 24.83, "mean_rain_30d_mm": 328.1}}, {"type": "Feature", "geometry": {"type": "Polygon", "coordinates": [[[91.4, 25.400000000000002], [91.5, 25.400000000000002], [91.5, 25.500000000000004], [91.4, 25.500000000000004], [91.4, 25.400000000000002]]]}, "properties": {"cell_id": "914_254", "state": "Meghalaya", "samples": 19, "events": 1, "risk_index": 0.0526, "severity": "Moderate", "mean_slope_deg": 23.91, "mean_rain_30d_mm": 371.2}}, {"type": "Feature", "geometry": {"type": "Polygon", "coordinates": [[[91.4, 25.5], [91.5, 25.5], [91.5, 25.6], [91.4, 25.6], [91.4, 25.5]]]}, "properties": {"cell_id": "914_255", "state": "Meghalaya", "samples": 23, "events": 1, "risk_index": 0.0435, "severity": "Moderate", "mean_slope_deg": 25.3, "mean_rain_30d_mm": 365.3}}, {"type": "Feature", "geometry": {"type": "Polygon", "coordinates": [[[91.4, 25.6], [91.5, 25.6], [91.5, 25.700000000000003], [91.4, 25.700000000000003], [91.4, 25.6]]]}, "properties": {"cell_id": "914_256", "state": "Meghalaya", "samples": 26, "events": 2, "risk_index": 0.0769, "severity": "Moderate", "mean_slope_deg": 24.19, "mean_rain_30d_mm": 311.1}}, {"type": "Feature", "geometry": {"type": "Polygon", "coordinates": [[[91.4, 25.700000000000003], [91.5, 25.700000000000003], [91.5, 25.800000000000004], [91.4, 25.800000000000004], [91.4, 25.700000000000003]]]}, "properties": {"cell_id": "914_257", "state": "Meghalaya", "samples": 20, "events": 1, "risk_index": 0.05, "severity": "Moderate", "mean_slope_deg": 23.55, "mean_rain_30d_mm": 326.0}}, {"type": "Feature", "geometry": {"type": "Polygon", "coordinates": [[[91.4, 25.8], [91.5, 25.8], [91.5, 25.900000000000002], [91.4, 25.900000000000002], [91.4, 25.8]]]}, "properties": {"cell_id": "914_258", "state": "Meghalaya", "samples": 14, "events": 2, "risk_index": 0.1429, "severity": "High", "mean_slope_deg": 26.03, "mean_rain_30d_mm": 303.6}}, {"type": "Feature", "geometry": {"type": "Polygon", "coordinates": [[[91.4, 25.900000000000002], [91.5, 25.900000000000002], [91.5, 26.000000000000004], [91.4, 26.000000000000004], [91.4, 25.900000000000002]]]}, "properties": {"cell_id": "914_259", "state": "Meghalaya", "samples": 17, "events": 3, "risk_index": 0.1765, "severity": "High", "mean_slope_deg": 22.2, "mean_rain_30d_mm": 343.3}}, {"type": "Feature", "geometry": {"type": "Polygon", "coordinates": [[[91.4, 26.0], [91.5, 26.0], [91.5, 26.1], [91.4, 26.1], [91.4, 26.0]]]}, "properties": {"cell_id": "914_260", "state": "Meghalaya", "samples": 5, "events": 0, "risk_index": 0.0, "severity": "Low", "mean_slope_deg": 21.5, "mean_rain_30d_mm": 316.4}}, {"type": "Feature", "geometry": {"type": "Polygon", "coordinates": [[[91.4, 26.1], [91.5, 26.1], [91.5, 26.200000000000003], [91.4, 26.200000000000003], [91.4, 26.1]]]}, "properties": {"cell_id": "914_261", "state": "Meghalaya", "samples": 5, "events": 1, "risk_index": 0.2, "severity": "High", "mean_slope_deg": 32.39, "mean_rain_30d_mm": 408.4}}, {"type": "Feature", "geometry": {"type": "Polygon", "coordinates": [[[91.4, 26.200000000000003], [91.5, 26.200000000000003], [91.5, 26.300000000000004], [91.4, 26.300000000000004], [91.4, 26.200000000000003]]]}, "properties": {"cell_id": "914_262", "state": "Assam", "samples": 3, "events": 1, "risk_index": 0.3333, "severity": "Very High", "mean_slope_deg": 10.7, "mean_rain_30d_mm": 244.9}}, {"type": "Feature", "geometry": {"type": "Polygon", "coordinates": [[[91.5, 23.1], [91.6, 23.1], [91.6, 23.200000000000003], [91.5, 23.200000000000003], [91.5, 23.1]]]}, "properties": {"cell_id": "915_231", "state": "Tripura", "samples": 3, "events": 0, "risk_index": 0.0, "severity": "Low", "mean_slope_deg": 3.02, "mean_rain_30d_mm": 347.9}}, {"type": "Feature", "geometry": {"type": "Polygon", "coordinates": [[[91.5, 23.200000000000003], [91.6, 23.200000000000003], [91.6, 23.300000000000004], [91.5, 23.300000000000004], [91.5, 23.200000000000003]]]}, "properties": {"cell_id": "915_232", "state": "Tripura", "samples": 4, "events": 0, "risk_index": 0.0, "severity": "Low", "mean_slope_deg": 4.38, "mean_rain_30d_mm": 320.7}}, {"type": "Feature", "geometry": {"type": "Polygon", "coordinates": [[[91.5, 23.3], [91.6, 23.3], [91.6, 23.400000000000002], [91.5, 23.400000000000002], [91.5, 23.3]]]}, "properties": {"cell_id": "915_233", "state": "Tripura", "samples": 12, "events": 0, "risk_index": 0.0, "severity": "Low", "mean_slope_deg": 3.4, "mean_rain_30d_mm": 353.5}}, {"type": "Feature", "geometry": {"type": "Polygon", "coordinates": [[[91.5, 23.400000000000002], [91.6, 23.400000000000002], [91.6, 23.500000000000004], [91.5, 23.500000000000004], [91.5, 23.400000000000002]]]}, "properties": {"cell_id": "915_234", "state": "Tripura", "samples": 9, "events": 0, "risk_index": 0.0, "severity": "Low", "mean_slope_deg": 4.56, "mean_rain_30d_mm": 340.5}}, {"type": "Feature", "geometry": {"type": "Polygon", "coordinates": [[[91.5, 23.5], [91.6, 23.5], [91.6, 23.6], [91.5, 23.6], [91.5, 23.5]]]}, "properties": {"cell_id": "915_235", "state": "Tripura", "samples": 7, "events": 0, "risk_index": 0.0, "severity": "Low", "mean_slope_deg": 3.7, "mean_rain_30d_mm": 397.4}}, {"type": "Feature", "geometry": {"type": "Polygon", "coordinates": [[[91.5, 23.6], [91.6, 23.6], [91.6, 23.700000000000003], [91.5, 23.700000000000003], [91.5, 23.6]]]}, "properties": {"cell_id": "915_236", "state": "Tripura", "samples": 6, "events": 0, "risk_index": 0.0, "severity": "Low", "mean_slope_deg": 2.05, "mean_rain_30d_mm": 341.0}}, {"type": "Feature", "geometry": {"type": "Polygon", "coordinates": [[[91.5, 23.700000000000003], [91.6, 23.700000000000003], [91.6, 23.800000000000004], [91.5, 23.800000000000004], [91.5, 23.700000000000003]]]}, "properties": {"cell_id": "915_237", "state": "Tripura", "samples": 11, "events": 0, "risk_index": 0.0, "severity": "Low", "mean_slope_deg": 3.12, "mean_rain_30d_mm": 302.8}}, {"type": "Feature", "geometry": {"type": "Polygon", "coordinates": [[[91.5, 23.900000000000002], [91.6, 23.900000000000002], [91.6, 24.000000000000004], [91.5, 24.000000000000004], [91.5, 23.900000000000002]]]}, "properties": {"cell_id": "915_239", "state": "Tripura", "samples": 5, "events": 0, "risk_index": 0.0, "severity": "Low", "mean_slope_deg": 4.25, "mean_rain_30d_mm": 262.8}}, {"type": "Feature", "geometry": {"type": "Polygon", "coordinates": [[[91.5, 24.0], [91.6, 24.0], [91.6, 24.1], [91.5, 24.1], [91.5, 24.0]]]}, "properties": {"cell_id": "915_240", "state": "Tripura", "samples": 4, "events": 0, "risk_index": 0.0, "severity": "Low", "mean_slope_deg": 2.61, "mean_rain_30d_mm": 369.2}}, {"type": "Feature", "geometry": {"type": "Polygon", "coordinates": [[[91.5, 24.1], [91.6, 24.1], [91.6, 24.200000000000003], [91.5, 24.200000000000003], [91.5, 24.1]]]}, "properties": {"cell_id": "915_241", "state": "Tripura", "samples": 4, "events": 0, "risk_index": 0.0, "severity": "Low", "mean_slope_deg": 4.77, "mean_rain_30d_mm": 423.2}}, {"type": "Feature", "geometry": {"type": "Polygon", "coordinates": [[[91.5, 24.900000000000002], [91.6, 24.900000000000002], [91.6, 25.000000000000004], [91.5, 25.000000000000004], [91.5, 24.900000000000002]]]}, "properties": {"cell_id": "915_249", "state": "Meghalaya", "samples": 6, "events": 1, "risk_index": 0.1667, "severity": "High", "mean_slope_deg": 26.65, "mean_rain_30d_mm": 306.8}}, {"type": "Feature", "geometry": {"type": "Polygon", "coordinates": [[[91.5, 25.0], [91.6, 25.0], [91.6, 25.1], [91.5, 25.1], [91.5, 25.0]]]}, "properties": {"cell_id": "915_250", "state": "Meghalaya", "samples": 5, "events": 1, "risk_index": 0.2, "severity": "High", "mean_slope_deg": 17.58, "mean_rain_30d_mm": 356.6}}, {"type": "Feature", "geometry": {"type": "Polygon", "coordinates": [[[91.5, 25.1], [91.6, 25.1], [91.6, 25.200000000000003], [91.5, 25.200000000000003], [91.5, 25.1]]]}, "properties": {"cell_id": "915_251", "state": "Meghalaya", "samples": 5, "events": 0, "risk_index": 0.0, "severity": "Low", "mean_slope_deg": 30.6, "mean_rain_30d_mm": 345.1}}, {"type": "Feature", "geometry": {"type": "Polygon", "coordinates": [[[91.5, 25.200000000000003], [91.6, 25.200000000000003], [91.6, 25.300000000000004], [91.5, 25.300000000000004], [91.5, 25.200000000000003]]]}, "properties": {"cell_id": "915_252", "state": "Meghalaya", "samples": 14, "events": 2, "risk_index": 0.1429, "severity": "High", "mean_slope_deg": 20.54, "mean_rain_30d_mm": 346.8}}, {"type": "Feature", "geometry": {"type": "Polygon", "coordinates": [[[91.5, 25.3], [91.6, 25.3], [91.6, 25.400000000000002], [91.5, 25.400000000000002], [91.5, 25.3]]]}, "properties": {"cell_id": "915_253", "state": "Meghalaya", "samples": 21, "events": 2, "risk_index": 0.0952, "severity": "Moderate", "mean_slope_deg": 24.47, "mean_rain_30d_mm": 320.9}}, {"type": "Feature", "geometry": {"type": "Polygon", "coordinates": [[[91.5, 25.400000000000002], [91.6, 25.400000000000002], [91.6, 25.500000000000004], [91.5, 25.500000000000004], [91.5, 25.400000000000002]]]}, "properties": {"cell_id": "915_254", "state": "Meghalaya", "samples": 26, "events": 4, "risk_index": 0.1538, "severity": "High", "mean_slope_deg": 25.05, "mean_rain_30d_mm": 321.9}}, {"type": "Feature", "geometry": {"type": "Polygon", "coordinates": [[[91.5, 25.5], [91.6, 25.5], [91.6, 25.6], [91.5, 25.6], [91.5, 25.5]]]}, "properties": {"cell_id": "915_255", "state": "Meghalaya", "samples": 31, "events": 1, "risk_index": 0.0323, "severity": "Moderate", "mean_slope_deg": 22.42, "mean_rain_30d_mm": 318.5}}, {"type": "Feature", "geometry": {"type": "Polygon", "coordinates": [[[91.5, 25.6], [91.6, 25.6], [91.6, 25.700000000000003], [91.5, 25.700000000000003], [91.5, 25.6]]]}, "properties": {"cell_id": "915_256", "state": "Meghalaya", "samples": 15, "events": 0, "risk_index": 0.0, "severity": "Low", "mean_slope_deg": 26.07, "mean_rain_30d_mm": 345.2}}, {"type": "Feature", "geometry": {"type": "Polygon", "coordinates": [[[91.5, 25.700000000000003], [91.6, 25.700000000000003], [91.6, 25.800000000000004], [91.5, 25.800000000000004], [91.5, 25.700000000000003]]]}, "properties": {"cell_id": "915_257", "state": "Meghalaya", "samples": 8, "events": 1, "risk_index": 0.125, "severity": "High", "mean_slope_deg": 22.29, "mean_rain_30d_mm": 241.0}}, {"type": "Feature", "geometry": {"type": "Polygon", "coordinates": [[[91.5, 25.8], [91.6, 25.8], [91.6, 25.900000000000002], [91.5, 25.900000000000002], [91.5, 25.8]]]}, "properties": {"cell_id": "915_258", "state": "Meghalaya", "samples": 15, "events": 0, "risk_index": 0.0, "severity": "Low", "mean_slope_deg": 22.98, "mean_rain_30d_mm": 316.5}}, {"type": "Feature", "geometry": {"type": "Polygon", "coordinates": [[[91.5, 25.900000000000002], [91.6, 25.900000000000002], [91.6, 26.000000000000004], [91.5, 26.000000000000004], [91.5, 25.900000000000002]]]}, "properties": {"cell_id": "915_259", "state": "Meghalaya", "samples": 12, "events": 1, "risk_index": 0.0833, "severity": "Moderate", "mean_slope_deg": 20.54, "mean_rain_30d_mm": 286.3}}, {"type": "Feature", "geometry": {"type": "Polygon", "coordinates": [[[91.5, 26.0], [91.6, 26.0], [91.6, 26.1], [91.5, 26.1], [91.5, 26.0]]]}, "properties": {"cell_id": "915_260", "state": "Meghalaya", "samples": 3, "events": 0, "risk_index": 0.0, "severity": "Low", "mean_slope_deg": 30.46, "mean_rain_30d_mm": 335.0}}, {"type": "Feature", "geometry": {"type": "Polygon", "coordinates": [[[91.5, 26.200000000000003], [91.6, 26.200000000000003], [91.6, 26.300000000000004], [91.5, 26.300000000000004], [91.5, 26.200000000000003]]]}, "properties": {"cell_id": "915_262", "state": "Assam", "samples": 3, "events": 0, "risk_index": 0.0, "severity": "Low", "mean_slope_deg": 5.86, "mean_rain_30d_mm": 265.0}}, {"type": "Feature", "geometry": {"type": "Polygon", "coordinates": [[[91.60000000000001, 23.1], [91.7, 23.1], [91.7, 23.200000000000003], [91.60000000000001, 23.200000000000003], [91.60000000000001, 23.1]]]}, "properties": {"cell_id": "916_231", "state": "Tripura", "samples": 4, "events": 0, "risk_index": 0.0, "severity": "Low", "mean_slope_deg": 7.41, "mean_rain_30d_mm": 378.3}}, {"type": "Feature", "geometry": {"type": "Polygon", "coordinates": [[[91.60000000000001, 23.200000000000003], [91.7, 23.200000000000003], [91.7, 23.300000000000004], [91.60000000000001, 23.300000000000004], [91.60000000000001, 23.200000000000003]]]}, "properties": {"cell_id": "916_232", "state": "Tripura", "samples": 14, "events": 0, "risk_index": 0.0, "severity": "Low", "mean_slope_deg": 5.27, "mean_rain_30d_mm": 301.1}}, {"type": "Feature", "geometry": {"type": "Polygon", "coordinates": [[[91.60000000000001, 23.3], [91.7, 23.3], [91.7, 23.400000000000002], [91.60000000000001, 23.400000000000002], [91.60000000000001, 23.3]]]}, "properties": {"cell_id": "916_233", "state": "Tripura", "samples": 11, "events": 0, "risk_index": 0.0, "severity": "Low", "mean_slope_deg": 3.67, "mean_rain_30d_mm": 319.4}}, {"type": "Feature", "geometry": {"type": "Polygon", "coordinates": [[[91.60000000000001, 23.400000000000002], [91.7, 23.400000000000002], [91.7, 23.500000000000004], [91.60000000000001, 23.500000000000004], [91.60000000000001, 23.400000000000002]]]}, "properties": {"cell_id": "916_234", "state": "Tripura", "samples": 9, "events": 0, "risk_index": 0.0, "severity": "Low", "mean_slope_deg": 4.21, "mean_rain_30d_mm": 305.1}}, {"type": "Feature", "geometry": {"type": "Polygon", "coordinates": [[[91.60000000000001, 23.5], [91.7, 23.5], [91.7, 23.6], [91.60000000000001, 23.6], [91.60000000000001, 23.5]]]}, "properties": {"cell_id": "916_235", "state": "Tripura", "samples": 21, "events": 0, "risk_index": 0.0, "severity": "Low", "mean_slope_deg": 5.64, "mean_rain_30d_mm": 319.5}}, {"type": "Feature", "geometry": {"type": "Polygon", "coordinates": [[[91.60000000000001, 23.6], [91.7, 23.6], [91.7, 23.700000000000003], [91.60000000000001, 23.700000000000003], [91.60000000000001, 23.6]]]}, "properties": {"cell_id": "916_236", "state": "Tripura", "samples": 12, "events": 0, "risk_index": 0.0, "severity": "Low", "mean_slope_deg": 5.34, "mean_rain_30d_mm": 277.9}}, {"type": "Feature", "geometry": {"type": "Polygon", "coordinates": [[[91.60000000000001, 23.700000000000003], [91.7, 23.700000000000003], [91.7, 23.800000000000004], [91.60000000000001, 23.800000000000004], [91.60000000000001, 23.700000000000003]]]}, "properties": {"cell_id": "916_237", "state": "Tripura", "samples": 11, "events": 0, "risk_index": 0.0, "severity": "Low", "mean_slope_deg": 4.13, "mean_rain_30d_mm": 286.4}}, {"type": "Feature", "geometry": {"type": "Polygon", "coordinates": [[[91.60000000000001, 23.8], [91.7, 23.8], [91.7, 23.900000000000002], [91.60000000000001, 23.900000000000002], [91.60000000000001, 23.8]]]}, "properties": {"cell_id": "916_238", "state": "Tripura", "samples": 15, "events": 0, "risk_index": 0.0, "severity": "Low", "mean_slope_deg": 3.61, "mean_rain_30d_mm": 325.0}}, {"type": "Feature", "geometry": {"type": "Polygon", "coordinates": [[[91.60000000000001, 23.900000000000002], [91.7, 23.900000000000002], [91.7, 24.000000000000004], [91.60000000000001, 24.000000000000004], [91.60000000000001, 23.900000000000002]]]}, "properties": {"cell_id": "916_239", "state": "Tripura", "samples": 9, "events": 0, "risk_index": 0.0, "severity": "Low", "mean_slope_deg": 4.02, "mean_rain_30d_mm": 340.1}}, {"type": "Feature", "geometry": {"type": "Polygon", "coordinates": [[[91.60000000000001, 24.0], [91.7, 24.0], [91.7, 24.1], [91.60000000000001, 24.1], [91.60000000000001, 24.0]]]}, "properties": {"cell_id": "916_240", "state": "Tripura", "samples": 12, "events": 0, "risk_index": 0.0, "severity": "Low", "mean_slope_deg": 4.18, "mean_rain_30d_mm": 332.9}}, {"type": "Feature", "geometry": {"type": "Polygon", "coordinates": [[[91.60000000000001, 24.3], [91.7, 24.3], [91.7, 24.400000000000002], [91.60000000000001, 24.400000000000002], [91.60000000000001, 24.3]]]}, "properties": {"cell_id": "916_243", "state": "Tripura", "samples": 4, "events": 0, "risk_index": 0.0, "severity": "Low", "mean_slope_deg": 6.29, "mean_rain_30d_mm": 282.2}}, {"type": "Feature", "geometry": {"type": "Polygon", "coordinates": [[[91.60000000000001, 24.900000000000002], [91.7, 24.900000000000002], [91.7, 25.000000000000004], [91.60000000000001, 25.000000000000004], [91.60000000000001, 24.900000000000002]]]}, "properties": {"cell_id": "916_249", "state": "Meghalaya", "samples": 4, "events": 0, "risk_index": 0.0, "severity": "Low", "mean_slope_deg": 28.41, "mean_rain_30d_mm": 412.4}}, {"type": "Feature", "geometry": {"type": "Polygon", "coordinates": [[[91.60000000000001, 25.0], [91.7, 25.0], [91.7, 25.1], [91.60000000000001, 25.1], [91.60000000000001, 25.0]]]}, "properties": {"cell_id": "916_250", "state": "Meghalaya", "samples": 4, "events": 0, "risk_index": 0.0, "severity": "Low", "mean_slope_deg": 23.31, "mean_rain_30d_mm": 246.0}}, {"type": "Feature", "geometry": {"type": "Polygon", "coordinates": [[[91.60000000000001, 25.1], [91.7, 25.1], [91.7, 25.200000000000003], [91.60000000000001, 25.200000000000003], [91.60000000000001, 25.1]]]}, "properties": {"cell_id": "916_251", "state": "Meghalaya", "samples": 12, "events": 0, "risk_index": 0.0, "severity": "Low", "mean_slope_deg": 19.59, "mean_rain_30d_mm": 323.3}}, {"type": "Feature", "geometry": {"type": "Polygon", "coordinates": [[[91.60000000000001, 25.200000000000003], [91.7, 25.200000000000003], [91.7, 25.300000000000004], [91.60000000000001, 25.300000000000004], [91.60000000000001, 25.200000000000003]]]}, "properties": {"cell_id": "916_252", "state": "Meghalaya", "samples": 14, "events": 3, "risk_index": 0.2143, "severity": "Very High", "mean_slope_deg": 24.23, "mean_rain_30d_mm": 282.3}}, {"type": "Feature", "geometry": {"type": "Polygon", "coordinates": [[[91.60000000000001, 25.3], [91.7, 25.3], [91.7, 25.400000000000002], [91.60000000000001, 25.400000000000002], [91.60000000000001, 25.3]]]}, "properties": {"cell_id": "916_253", "state": "Meghalaya", "samples": 13, "events": 1, "risk_index": 0.0769, "severity": "Moderate", "mean_slope_deg": 19.38, "mean_rain_30d_mm": 320.2}}, {"type": "Feature", "geometry": {"type": "Polygon", "coordinates": [[[91.60000000000001, 25.400000000000002], [91.7, 25.400000000000002], [91.7, 25.500000000000004], [91.60000000000001, 25.500000000000004], [91.60000000000001, 25.400000000000002]]]}, "properties": {"cell_id": "916_254", "state": "Meghalaya", "samples": 17, "events": 4, "risk_index": 0.2353, "severity": "Very High", "mean_slope_deg": 29.48, "mean_rain_30d_mm": 326.6}}, {"type": "Feature", "geometry": {"type": "Polygon", "coordinates": [[[91.60000000000001, 25.5], [91.7, 25.5], [91.7, 25.6], [91.60000000000001, 25.6], [91.60000000000001, 25.5]]]}, "properties": {"cell_id": "916_255", "state": "Meghalaya", "samples": 18, "events": 3, "risk_index": 0.1667, "severity": "High", "mean_slope_deg": 26.66, "mean_rain_30d_mm": 311.8}}, {"type": "Feature", "geometry": {"type": "Polygon", "coordinates": [[[91.60000000000001, 25.6], [91.7, 25.6], [91.7, 25.700000000000003], [91.60000000000001, 25.700000000000003], [91.60000000000001, 25.6]]]}, "properties": {"cell_id": "916_256", "state": "Meghalaya", "samples": 18, "events": 0, "risk_index": 0.0, "severity": "Low", "mean_slope_deg": 21.67, "mean_rain_30d_mm": 323.2}}, {"type": "Feature", "geometry": {"type": "Polygon", "coordinates": [[[91.60000000000001, 25.700000000000003], [91.7, 25.700000000000003], [91.7, 25.800000000000004], [91.60000000000001, 25.800000000000004], [91.60000000000001, 25.700000000000003]]]}, "properties": {"cell_id": "916_257", "state": "Meghalaya", "samples": 12, "events": 1, "risk_index": 0.0833, "severity": "Moderate", "mean_slope_deg": 24.6, "mean_rain_30d_mm": 282.7}}, {"type": "Feature", "geometry": {"type": "Polygon", "coordinates": [[[91.60000000000001, 25.8], [91.7, 25.8], [91.7, 25.900000000000002], [91.60000000000001, 25.900000000000002], [91.60000000000001, 25.8]]]}, "properties": {"cell_id": "916_258", "state": "Meghalaya", "samples": 14, "events": 0, "risk_index": 0.0, "severity": "Low", "mean_slope_deg": 25.22, "mean_rain_30d_mm": 292.3}}, {"type": "Feature", "geometry": {"type": "Polygon", "coordinates": [[[91.60000000000001, 25.900000000000002], [91.7, 25.900000000000002], [91.7, 26.000000000000004], [91.60000000000001, 26.000000000000004], [91.60000000000001, 25.900000000000002]]]}, "properties": {"cell_id": "916_259", "state": "Meghalaya", "samples": 5, "events": 0, "risk_index": 0.0, "severity": "Low", "mean_slope_deg": 17.53, "mean_rain_30d_mm": 325.6}}, {"type": "Feature", "geometry": {"type": "Polygon", "coordinates": [[[91.60000000000001, 26.0], [91.7, 26.0], [91.7, 26.1], [91.60000000000001, 26.1], [91.60000000000001, 26.0]]]}, "properties": {"cell_id": "916_260", "state": "Meghalaya", "samples": 5, "events": 0, "risk_index": 0.0, "severity": "Low", "mean_slope_deg": 20.82, "mean_rain_30d_mm": 393.0}}, {"type": "Feature", "geometry": {"type": "Polygon", "coordinates": [[[91.60000000000001, 26.1], [91.7, 26.1], [91.7, 26.200000000000003], [91.60000000000001, 26.200000000000003], [91.60000000000001, 26.1]]]}, "properties": {"cell_id": "916_261", "state": "Meghalaya", "samples": 4, "events": 1, "risk_index": 0.25, "severity": "Very High", "mean_slope_deg": 11.59, "mean_rain_30d_mm": 372.0}}, {"type": "Feature", "geometry": {"type": "Polygon", "coordinates": [[[91.7, 23.1], [91.8, 23.1], [91.8, 23.200000000000003], [91.7, 23.200000000000003], [91.7, 23.1]]]}, "properties": {"cell_id": "917_231", "state": "Tripura", "samples": 3, "events": 0, "risk_index": 0.0, "severity": "Low", "mean_slope_deg": 1.75, "mean_rain_30d_mm": 312.7}}, {"type": "Feature", "geometry": {"type": "Polygon", "coordinates": [[[91.7, 23.200000000000003], [91.8, 23.200000000000003], [91.8, 23.300000000000004], [91.7, 23.300000000000004], [91.7, 23.200000000000003]]]}, "properties": {"cell_id": "917_232", "state": "Tripura", "samples": 6, "events": 0, "risk_index": 0.0, "severity": "Low", "mean_slope_deg": 3.62, "mean_rain_30d_mm": 275.7}}, {"type": "Feature", "geometry": {"type": "Polygon", "coordinates": [[[91.7, 23.3], [91.8, 23.3], [91.8, 23.400000000000002], [91.7, 23.400000000000002], [91.7, 23.3]]]}, "properties": {"cell_id": "917_233", "state": "Tripura", "samples": 7, "events": 0, "risk_index": 0.0, "severity": "Low", "mean_slope_deg": 2.32, "mean_rain_30d_mm": 340.7}}, {"type": "Feature", "geometry": {"type": "Polygon", "coordinates": [[[91.7, 23.400000000000002], [91.8, 23.400000000000002], [91.8, 23.500000000000004], [91.7, 23.500000000000004], [91.7, 23.400000000000002]]]}, "properties": {"cell_id": "917_234", "state": "Tripura", "samples": 6, "events": 0, "risk_index": 0.0, "severity": "Low", "mean_slope_deg": 4.53, "mean_rain_30d_mm": 251.6}}, {"type": "Feature", "geometry": {"type": "Polygon", "coordinates": [[[91.7, 23.5], [91.8, 23.5], [91.8, 23.6], [91.7, 23.6], [91.7, 23.5]]]}, "properties": {"cell_id": "917_235", "state": "Tripura", "samples": 17, "events": 0, "risk_index": 0.0, "severity": "Low", "mean_slope_deg": 6.05, "mean_rain_30d_mm": 305.3}}, {"type": "Feature", "geometry": {"type": "Polygon", "coordinates": [[[91.7, 23.6], [91.8, 23.6], [91.8, 23.700000000000003], [91.7, 23.700000000000003], [91.7, 23.6]]]}, "properties": {"cell_id": "917_236", "state": "Tripura", "samples": 15, "events": 1, "risk_index": 0.0667, "severity": "Moderate", "mean_slope_deg": 4.59, "mean_rain_30d_mm": 294.7}}, {"type": "Feature", "geometry": {"type": "Polygon", "coordinates": [[[91.7, 23.700000000000003], [91.8, 23.700000000000003], [91.8, 23.800000000000004], [91.7, 23.800000000000004], [91.7, 23.700000000000003]]]}, "properties": {"cell_id": "917_237", "state": "Tripura", "samples": 11, "events": 1, "risk_index": 0.0909, "severity": "Moderate", "mean_slope_deg": 6.13, "mean_rain_30d_mm": 260.4}}, {"type": "Feature", "geometry": {"type": "Polygon", "coordinates": [[[91.7, 23.8], [91.8, 23.8], [91.8, 23.900000000000002], [91.7, 23.900000000000002], [91.7, 23.8]]]}, "properties": {"cell_id": "917_238", "state": "Tripura", "samples": 7, "events": 0, "risk_index": 0.0, "severity": "Low", "mean_slope_deg": 2.41, "mean_rain_30d_mm": 274.5}}, {"type": "Feature", "geometry": {"type": "Polygon", "coordinates": [[[91.7, 23.900000000000002], [91.8, 23.900000000000002], [91.8, 24.000000000000004], [91.7, 24.000000000000004], [91.7, 23.900000000000002]]]}, "properties": {"cell_id": "917_239", "state": "Tripura", "samples": 15, "events": 0, "risk_index": 0.0, "severity": "Low", "mean_slope_deg": 3.5, "mean_rain_30d_mm": 305.4}}, {"type": "Feature", "geometry": {"type": "Polygon", "coordinates": [[[91.7, 24.0], [91.8, 24.0], [91.8, 24.1], [91.7, 24.1], [91.7, 24.0]]]}, "properties": {"cell_id": "917_240", "state": "Tripura", "samples": 4, "events": 0, "risk_index": 0.0, "severity": "Low", "mean_slope_deg": 2.88, "mean_rain_30d_mm": 241.2}}, {"type": "Feature", "geometry": {"type": "Polygon", "coordinates": [[[91.7, 24.1], [91.8, 24.1], [91.8, 24.200000000000003], [91.7, 24.200000000000003], [91.7, 24.1]]]}, "properties": {"cell_id": "917_241", "state": "Tripura", "samples": 10, "events": 0, "risk_index": 0.0, "severity": "Low", "mean_slope_deg": 4.59, "mean_rain_30d_mm": 304.9}}, {"type": "Feature", "geometry": {"type": "Polygon", "coordinates": [[[91.7, 25.0], [91.8, 25.0], [91.8, 25.1], [91.7, 25.1], [91.7, 25.0]]]}, "properties": {"cell_id": "917_250", "state": "Meghalaya", "samples": 4, "events": 0, "risk_index": 0.0, "severity": "Low", "mean_slope_deg": 20.54, "mean_rain_30d_mm": 289.1}}, {"type": "Feature", "geometry": {"type": "Polygon", "coordinates": [[[91.7, 25.200000000000003], [91.8, 25.200000000000003], [91.8, 25.300000000000004], [91.7, 25.300000000000004], [91.7, 25.200000000000003]]]}, "properties": {"cell_id": "917_252", "state": "Meghalaya", "samples": 10, "events": 0, "risk_index": 0.0, "severity": "Low", "mean_slope_deg": 24.26, "mean_rain_30d_mm": 310.5}}, {"type": "Feature", "geometry": {"type": "Polygon", "coordinates": [[[91.7, 25.3], [91.8, 25.3], [91.8, 25.400000000000002], [91.7, 25.400000000000002], [91.7, 25.3]]]}, "properties": {"cell_id": "917_253", "state": "Meghalaya", "samples": 14, "events": 3, "risk_index": 0.2143, "severity": "Very High", "mean_slope_deg": 27.78, "mean_rain_30d_mm": 310.2}}, {"type": "Feature", "geometry": {"type": "Polygon", "coordinates": [[[91.7, 25.400000000000002], [91.8, 25.400000000000002], [91.8, 25.500000000000004], [91.7, 25.500000000000004], [91.7, 25.400000000000002]]]}, "properties": {"cell_id": "917_254", "state": "Meghalaya", "samples": 16, "events": 3, "risk_index": 0.1875, "severity": "High", "mean_slope_deg": 22.99, "mean_rain_30d_mm": 353.5}}, {"type": "Feature", "geometry": {"type": "Polygon", "coordinates": [[[91.7, 25.5], [91.8, 25.5], [91.8, 25.6], [91.7, 25.6], [91.7, 25.5]]]}, "properties": {"cell_id": "917_255", "state": "Meghalaya", "samples": 16, "events": 1, "risk_index": 0.0625, "severity": "Moderate", "mean_slope_deg": 21.3, "mean_rain_30d_mm": 340.1}}, {"type": "Feature", "geometry": {"type": "Polygon", "coordinates": [[[91.7, 25.6], [91.8, 25.6], [91.8, 25.700000000000003], [91.7, 25.700000000000003], [91.7, 25.6]]]}, "properties": {"cell_id": "917_256", "state": "Meghalaya", "samples": 15, "events": 4, "risk_index": 0.2667, "severity": "Very High", "mean_slope_deg": 28.82, "mean_rain_30d_mm": 343.6}}, {"type": "Feature", "geometry": {"type": "Polygon", "coordinates": [[[91.7, 25.700000000000003], [91.8, 25.700000000000003], [91.8, 25.800000000000004], [91.7, 25.800000000000004], [91.7, 25.700000000000003]]]}, "properties": {"cell_id": "917_257", "state": "Meghalaya", "samples": 5, "events": 0, "risk_index": 0.0, "severity": "Low", "mean_slope_deg": 22.36, "mean_rain_30d_mm": 305.4}}, {"type": "Feature", "geometry": {"type": "Polygon", "coordinates": [[[91.7, 25.8], [91.8, 25.8], [91.8, 25.900000000000002], [91.7, 25.900000000000002], [91.7, 25.8]]]}, "properties": {"cell_id": "917_258", "state": "Assam", "samples": 3, "events": 0, "risk_index": 0.0, "severity": "Low", "mean_slope_deg": 8.42, "mean_rain_30d_mm": 318.5}}, {"type": "Feature", "geometry": {"type": "Polygon", "coordinates": [[[91.7, 25.900000000000002], [91.8, 25.900000000000002], [91.8, 26.000000000000004], [91.7, 26.000000000000004], [91.7, 25.900000000000002]]]}, "properties": {"cell_id": "917_259", "state": "Meghalaya", "samples": 3, "events": 1, "risk_index": 0.3333, "severity": "Very High", "mean_slope_deg": 15.01, "mean_rain_30d_mm": 288.1}}, {"type": "Feature", "geometry": {"type": "Polygon", "coordinates": [[[91.80000000000001, 23.200000000000003], [91.9, 23.200000000000003], [91.9, 23.300000000000004], [91.80000000000001, 23.300000000000004], [91.80000000000001, 23.200000000000003]]]}, "properties": {"cell_id": "918_232", "state": "Tripura", "samples": 5, "events": 0, "risk_index": 0.0, "severity": "Low", "mean_slope_deg": 5.59, "mean_rain_30d_mm": 267.3}}, {"type": "Feature", "geometry": {"type": "Polygon", "coordinates": [[[91.80000000000001, 23.3], [91.9, 23.3], [91.9, 23.400000000000002], [91.80000000000001, 23.400000000000002], [91.80000000000001, 23.3]]]}, "properties": {"cell_id": "918_233", "state": "Tripura", "samples": 6, "events": 0, "risk_index": 0.0, "severity": "Low", "mean_slope_deg": 4.46, "mean_rain_30d_mm": 246.6}}, {"type": "Feature", "geometry": {"type": "Polygon", "coordinates": [[[91.80000000000001, 23.400000000000002], [91.9, 23.400000000000002], [91.9, 23.500000000000004], [91.80000000000001, 23.500000000000004], [91.80000000000001, 23.400000000000002]]]}, "properties": {"cell_id": "918_234", "state": "Tripura", "samples": 6, "events": 1, "risk_index": 0.1667, "severity": "High", "mean_slope_deg": 2.99, "mean_rain_30d_mm": 282.0}}, {"type": "Feature", "geometry": {"type": "Polygon", "coordinates": [[[91.80000000000001, 23.5], [91.9, 23.5], [91.9, 23.6], [91.80000000000001, 23.6], [91.80000000000001, 23.5]]]}, "properties": {"cell_id": "918_235", "state": "Tripura", "samples": 9, "events": 0, "risk_index": 0.0, "severity": "Low", "mean_slope_deg": 4.65, "mean_rain_30d_mm": 392.0}}, {"type": "Feature", "geometry": {"type": "Polygon", "coordinates": [[[91.80000000000001, 23.6], [91.9, 23.6], [91.9, 23.700000000000003], [91.80000000000001, 23.700000000000003], [91.80000000000001, 23.6]]]}, "properties": {"cell_id": "918_236", "state": "Tripura", "samples": 9, "events": 0, "risk_index": 0.0, "severity": "Low", "mean_slope_deg": 4.54, "mean_rain_30d_mm": 247.8}}, {"type": "Feature", "geometry": {"type": "Polygon", "coordinates": [[[91.80000000000001, 23.700000000000003], [91.9, 23.700000000000003], [91.9, 23.800000000000004], [91.80000000000001, 23.800000000000004], [91.80000000000001, 23.700000000000003]]]}, "properties": {"cell_id": "918_237", "state": "Tripura", "samples": 16, "events": 0, "risk_index": 0.0, "severity": "Low", "mean_slope_deg": 4.34, "mean_rain_30d_mm": 387.4}}, {"type": "Feature", "geometry": {"type": "Polygon", "coordinates": [[[91.80000000000001, 23.8], [91.9, 23.8], [91.9, 23.900000000000002], [91.80000000000001, 23.900000000000002], [91.80000000000001, 23.8]]]}, "properties": {"cell_id": "918_238", "state": "Tripura", "samples": 7, "events": 0, "risk_index": 0.0, "severity": "Low", "mean_slope_deg": 2.84, "mean_rain_30d_mm": 315.4}}, {"type": "Feature", "geometry": {"type": "Polygon", "coordinates": [[[91.80000000000001, 23.900000000000002], [91.9, 23.900000000000002], [91.9, 24.000000000000004], [91.80000000000001, 24.000000000000004], [91.80000000000001, 23.900000000000002]]]}, "properties": {"cell_id": "918_239", "state": "Tripura", "samples": 5, "events": 0, "risk_index": 0.0, "severity": "Low", "mean_slope_deg": 3.36, "mean_rain_30d_mm": 389.3}}, {"type": "Feature", "geometry": {"type": "Polygon", "coordinates": [[[91.80000000000001, 24.0], [91.9, 24.0], [91.9, 24.1], [91.80000000000001, 24.1], [91.80000000000001, 24.0]]]}, "properties": {"cell_id": "918_240", "state": "Tripura", "samples": 4, "events": 0, "risk_index": 0.0, "severity": "Low", "mean_slope_deg": 7.66, "mean_rain_30d_mm": 297.4}}, {"type": "Feature", "geometry": {"type": "Polygon", "coordinates": [[[91.80000000000001, 24.1], [91.9, 24.1], [91.9, 24.200000000000003], [91.80000000000001, 24.200000000000003], [91.80000000000001, 24.1]]]}, "properties": {"cell_id": "918_241", "state": "Tripura", "samples": 5, "events": 0, "risk_index": 0.0, "severity": "Low", "mean_slope_deg": 4.38, "mean_rain_30d_mm": 296.9}}, {"type": "Feature", "geometry": {"type": "Polygon", "coordinates": [[[91.80000000000001, 24.900000000000002], [91.9, 24.900000000000002], [91.9, 25.000000000000004], [91.80000000000001, 25.000000000000004], [91.80000000000001, 24.900000000000002]]]}, "properties": {"cell_id": "918_249", "state": "Meghalaya", "samples": 5, "events": 0, "risk_index": 0.0, "severity": "Low", "mean_slope_deg": 21.2, "mean_rain_30d_mm": 330.4}}, {"type": "Feature", "geometry": {"type": "Polygon", "coordinates": [[[91.80000000000001, 25.0], [91.9, 25.0], [91.9, 25.1], [91.80000000000001, 25.1], [91.80000000000001, 25.0]]]}, "properties": {"cell_id": "918_250", "state": "Meghalaya", "samples": 3, "events": 0, "risk_index": 0.0, "severity": "Low", "mean_slope_deg": 37.67, "mean_rain_30d_mm": 355.2}}, {"type": "Feature", "geometry": {"type": "Polygon", "coordinates": [[[91.80000000000001, 25.1], [91.9, 25.1], [91.9, 25.200000000000003], [91.80000000000001, 25.200000000000003], [91.80000000000001, 25.1]]]}, "properties": {"cell_id": "918_251", "state": "Meghalaya", "samples": 7, "events": 0, "risk_index": 0.0, "severity": "Low", "mean_slope_deg": 16.2, "mean_rain_30d_mm": 301.8}}, {"type": "Feature", "geometry": {"type": "Polygon", "coordinates": [[[91.80000000000001, 25.200000000000003], [91.9, 25.200000000000003], [91.9, 25.300000000000004], [91.80000000000001, 25.300000000000004], [91.80000000000001, 25.200000000000003]]]}, "properties": {"cell_id": "918_252", "state": "Meghalaya", "samples": 8, "events": 0, "risk_index": 0.0, "severity": "Low", "mean_slope_deg": 29.86, "mean_rain_30d_mm": 342.7}}, {"type": "Feature", "geometry": {"type": "Polygon", "coordinates": [[[91.80000000000001, 25.3], [91.9, 25.3], [91.9, 25.400000000000002], [91.80000000000001, 25.400000000000002], [91.80000000000001, 25.3]]]}, "properties": {"cell_id": "918_253", "state": "Meghalaya", "samples": 3, "events": 1, "risk_index": 0.3333, "severity": "Very High", "mean_slope_deg": 31.46, "mean_rain_30d_mm": 327.8}}, {"type": "Feature", "geometry": {"type": "Polygon", "coordinates": [[[91.80000000000001, 25.400000000000002], [91.9, 25.400000000000002], [91.9, 25.500000000000004], [91.80000000000001, 25.500000000000004], [91.80000000000001, 25.400000000000002]]]}, "properties": {"cell_id": "918_254", "state": "Meghalaya", "samples": 4, "events": 0, "risk_index": 0.0, "severity": "Low", "mean_slope_deg": 26.04, "mean_rain_30d_mm": 288.5}}, {"type": "Feature", "geometry": {"type": "Polygon", "coordinates": [[[91.80000000000001, 25.5], [91.9, 25.5], [91.9, 25.6], [91.80000000000001, 25.6], [91.80000000000001, 25.5]]]}, "properties": {"cell_id": "918_255", "state": "Meghalaya", "samples": 9, "events": 0, "risk_index": 0.0, "severity": "Low", "mean_slope_deg": 22.8, "mean_rain_30d_mm": 306.5}}, {"type": "Feature", "geometry": {"type": "Polygon", "coordinates": [[[91.80000000000001, 25.6], [91.9, 25.6], [91.9, 25.700000000000003], [91.80000000000001, 25.700000000000003], [91.80000000000001, 25.6]]]}, "properties": {"cell_id": "918_256", "state": "Meghalaya", "samples": 5, "events": 1, "risk_index": 0.2, "severity": "High", "mean_slope_deg": 27.26, "mean_rain_30d_mm": 296.7}}, {"type": "Feature", "geometry": {"type": "Polygon", "coordinates": [[[91.80000000000001, 25.700000000000003], [91.9, 25.700000000000003], [91.9, 25.800000000000004], [91.80000000000001, 25.800000000000004], [91.80000000000001, 25.700000000000003]]]}, "properties": {"cell_id": "918_257", "state": "Meghalaya", "samples": 3, "events": 0, "risk_index": 0.0, "severity": "Low", "mean_slope_deg": 26.39, "mean_rain_30d_mm": 412.8}}, {"type": "Feature", "geometry": {"type": "Polygon", "coordinates": [[[91.80000000000001, 25.8], [91.9, 25.8], [91.9, 25.900000000000002], [91.80000000000001, 25.900000000000002], [91.80000000000001, 25.8]]]}, "properties": {"cell_id": "918_258", "state": "Meghalaya", "samples": 9, "events": 1, "risk_index": 0.1111, "severity": "Moderate", "mean_slope_deg": 21.49, "mean_rain_30d_mm": 332.2}}, {"type": "Feature", "geometry": {"type": "Polygon", "coordinates": [[[91.80000000000001, 25.900000000000002], [91.9, 25.900000000000002], [91.9, 26.000000000000004], [91.80000000000001, 26.000000000000004], [91.80000000000001, 25.900000000000002]]]}, "properties": {"cell_id": "918_259", "state": "Meghalaya", "samples": 3, "events": 0, "risk_index": 0.0, "severity": "Low", "mean_slope_deg": 24.78, "mean_rain_30d_mm": 363.8}}, {"type": "Feature", "geometry": {"type": "Polygon", "coordinates": [[[91.80000000000001, 26.0], [91.9, 26.0], [91.9, 26.1], [91.80000000000001, 26.1], [91.80000000000001, 26.0]]]}, "properties": {"cell_id": "918_260", "state": "Assam", "samples": 4, "events": 0, "risk_index": 0.0, "severity": "Low", "mean_slope_deg": 15.97, "mean_rain_30d_mm": 310.7}}, {"type": "Feature", "geometry": {"type": "Polygon", "coordinates": [[[91.9, 23.200000000000003], [92.0, 23.200000000000003], [92.0, 23.300000000000004], [91.9, 23.300000000000004], [91.9, 23.200000000000003]]]}, "properties": {"cell_id": "919_232", "state": "Tripura", "samples": 3, "events": 0, "risk_index": 0.0, "severity": "Low", "mean_slope_deg": 2.39, "mean_rain_30d_mm": 280.1}}, {"type": "Feature", "geometry": {"type": "Polygon", "coordinates": [[[91.9, 23.3], [92.0, 23.3], [92.0, 23.400000000000002], [91.9, 23.400000000000002], [91.9, 23.3]]]}, "properties": {"cell_id": "919_233", "state": "Tripura", "samples": 4, "events": 0, "risk_index": 0.0, "severity": "Low", "mean_slope_deg": 3.75, "mean_rain_30d_mm": 227.7}}, {"type": "Feature", "geometry": {"type": "Polygon", "coordinates": [[[91.9, 23.6], [92.0, 23.6], [92.0, 23.700000000000003], [91.9, 23.700000000000003], [91.9, 23.6]]]}, "properties": {"cell_id": "919_236", "state": "Tripura", "samples": 5, "events": 0, "risk_index": 0.0, "severity": "Low", "mean_slope_deg": 5.14, "mean_rain_30d_mm": 381.0}}, {"type": "Feature", "geometry": {"type": "Polygon", "coordinates": [[[91.9, 23.700000000000003], [92.0, 23.700000000000003], [92.0, 23.800000000000004], [91.9, 23.800000000000004], [91.9, 23.700000000000003]]]}, "properties": {"cell_id": "919_237", "state": "Tripura", "samples": 3, "events": 0, "risk_index": 0.0, "severity": "Low", "mean_slope_deg": 5.11, "mean_rain_30d_mm": 265.7}}, {"type": "Feature", "geometry": {"type": "Polygon", "coordinates": [[[91.9, 23.8], [92.0, 23.8], [92.0, 23.900000000000002], [91.9, 23.900000000000002], [91.9, 23.8]]]}, "properties": {"cell_id": "919_238", "state": "Tripura", "samples": 6, "events": 0, "risk_index": 0.0, "severity": "Low", "mean_slope_deg": 2.67, "mean_rain_30d_mm": 346.5}}, {"type": "Feature", "geometry": {"type": "Polygon", "coordinates": [[[91.9, 23.900000000000002], [92.0, 23.900000000000002], [92.0, 24.000000000000004], [91.9, 24.000000000000004], [91.9, 23.900000000000002]]]}, "properties": {"cell_id": "919_239", "state": "Tripura", "samples": 4, "events": 0, "risk_index": 0.0, "severity": "Low", "mean_slope_deg": 3.06, "mean_rain_30d_mm": 237.2}}, {"type": "Feature", "geometry": {"type": "Polygon", "coordinates": [[[91.9, 24.0], [92.0, 24.0], [92.0, 24.1], [91.9, 24.1], [91.9, 24.0]]]}, "properties": {"cell_id": "919_240", "state": "Tripura", "samples": 3, "events": 0, "risk_index": 0.0, "severity": "Low", "mean_slope_deg": 3.6, "mean_rain_30d_mm": 257.6}}, {"type": "Feature", "geometry": {"type": "Polygon", "coordinates": [[[91.9, 25.0], [92.0, 25.0], [92.0, 25.1], [91.9, 25.1], [91.9, 25.0]]]}, "properties": {"cell_id": "919_250", "state": "Meghalaya", "samples": 5, "events": 0, "risk_index": 0.0, "severity": "Low", "mean_slope_deg": 23.75, "mean_rain_30d_mm": 432.2}}, {"type": "Feature", "geometry": {"type": "Polygon", "coordinates": [[[91.9, 25.1], [92.0, 25.1], [92.0, 25.200000000000003], [91.9, 25.200000000000003], [91.9, 25.1]]]}, "properties": {"cell_id": "919_251", "state": "Meghalaya", "samples": 3, "events": 0, "risk_index": 0.0, "severity": "Low", "mean_slope_deg": 28.4, "mean_rain_30d_mm": 411.4}}, {"type": "Feature", "geometry": {"type": "Polygon", "coordinates": [[[91.9, 25.400000000000002], [92.0, 25.400000000000002], [92.0, 25.500000000000004], [91.9, 25.500000000000004], [91.9, 25.400000000000002]]]}, "properties": {"cell_id": "919_254", "state": "Meghalaya", "samples": 5, "events": 0, "risk_index": 0.0, "severity": "Low", "mean_slope_deg": 20.56, "mean_rain_30d_mm": 355.1}}, {"type": "Feature", "geometry": {"type": "Polygon", "coordinates": [[[91.9, 25.5], [92.0, 25.5], [92.0, 25.6], [91.9, 25.6], [91.9, 25.5]]]}, "properties": {"cell_id": "919_255", "state": "Meghalaya", "samples": 6, "events": 0, "risk_index": 0.0, "severity": "Low", "mean_slope_deg": 24.34, "mean_rain_30d_mm": 341.8}}, {"type": "Feature", "geometry": {"type": "Polygon", "coordinates": [[[91.9, 25.700000000000003], [92.0, 25.700000000000003], [92.0, 25.800000000000004], [91.9, 25.800000000000004], [91.9, 25.700000000000003]]]}, "properties": {"cell_id": "919_257", "state": "Meghalaya", "samples": 6, "events": 2, "risk_index": 0.3333, "severity": "Very High", "mean_slope_deg": 33.34, "mean_rain_30d_mm": 316.6}}, {"type": "Feature", "geometry": {"type": "Polygon", "coordinates": [[[91.9, 26.0], [92.0, 26.0], [92.0, 26.1], [91.9, 26.1], [91.9, 26.0]]]}, "properties": {"cell_id": "919_260", "state": "Assam", "samples": 5, "events": 0, "risk_index": 0.0, "severity": "Low", "mean_slope_deg": 10.4, "mean_rain_30d_mm": 278.5}}, {"type": "Feature", "geometry": {"type": "Polygon", "coordinates": [[[91.9, 26.1], [92.0, 26.1], [92.0, 26.200000000000003], [91.9, 26.200000000000003], [91.9, 26.1]]]}, "properties": {"cell_id": "919_261", "state": "Assam", "samples": 4, "events": 0, "risk_index": 0.0, "severity": "Low", "mean_slope_deg": 8.28, "mean_rain_30d_mm": 311.3}}, {"type": "Feature", "geometry": {"type": "Polygon", "coordinates": [[[91.9, 26.200000000000003], [92.0, 26.200000000000003], [92.0, 26.300000000000004], [91.9, 26.300000000000004], [91.9, 26.200000000000003]]]}, "properties": {"cell_id": "919_262", "state": "Assam", "samples": 3, "events": 0, "risk_index": 0.0, "severity": "Low", "mean_slope_deg": 4.63, "mean_rain_30d_mm": 454.4}}, {"type": "Feature", "geometry": {"type": "Polygon", "coordinates": [[[92.0, 23.400000000000002], [92.1, 23.400000000000002], [92.1, 23.500000000000004], [92.0, 23.500000000000004], [92.0, 23.400000000000002]]]}, "properties": {"cell_id": "920_234", "state": "Tripura", "samples": 3, "events": 0, "risk_index": 0.0, "severity": "Low", "mean_slope_deg": 11.54, "mean_rain_30d_mm": 306.8}}, {"type": "Feature", "geometry": {"type": "Polygon", "coordinates": [[[92.0, 24.0], [92.1, 24.0], [92.1, 24.1], [92.0, 24.1], [92.0, 24.0]]]}, "properties": {"cell_id": "920_240", "state": "Tripura", "samples": 3, "events": 0, "risk_index": 0.0, "severity": "Low", "mean_slope_deg": 4.51, "mean_rain_30d_mm": 369.5}}, {"type": "Feature", "geometry": {"type": "Polygon", "coordinates": [[[92.0, 25.6], [92.1, 25.6], [92.1, 25.700000000000003], [92.0, 25.700000000000003], [92.0, 25.6]]]}, "properties": {"cell_id": "920_256", "state": "Meghalaya", "samples": 3, "events": 0, "risk_index": 0.0, "severity": "Low", "mean_slope_deg": 21.64, "mean_rain_30d_mm": 326.1}}, {"type": "Feature", "geometry": {"type": "Polygon", "coordinates": [[[92.0, 26.200000000000003], [92.1, 26.200000000000003], [92.1, 26.300000000000004], [92.0, 26.300000000000004], [92.0, 26.200000000000003]]]}, "properties": {"cell_id": "920_262", "state": "Assam", "samples": 5, "events": 0, "risk_index": 0.0, "severity": "Low", "mean_slope_deg": 3.36, "mean_rain_30d_mm": 320.3}}, {"type": "Feature", "geometry": {"type": "Polygon", "coordinates": [[[92.0, 26.400000000000002], [92.1, 26.400000000000002], [92.1, 26.500000000000004], [92.0, 26.500000000000004], [92.0, 26.400000000000002]]]}, "properties": {"cell_id": "920_264", "state": "Assam", "samples": 3, "events": 0, "risk_index": 0.0, "severity": "Low", "mean_slope_deg": 2.71, "mean_rain_30d_mm": 417.4}}, {"type": "Feature", "geometry": {"type": "Polygon", "coordinates": [[[92.10000000000001, 25.6], [92.2, 25.6], [92.2, 25.700000000000003], [92.10000000000001, 25.700000000000003], [92.10000000000001, 25.6]]]}, "properties": {"cell_id": "921_256", "state": "Meghalaya", "samples": 3, "events": 0, "risk_index": 0.0, "severity": "Low", "mean_slope_deg": 20.88, "mean_rain_30d_mm": 351.8}}, {"type": "Feature", "geometry": {"type": "Polygon", "coordinates": [[[92.10000000000001, 25.700000000000003], [92.2, 25.700000000000003], [92.2, 25.800000000000004], [92.10000000000001, 25.800000000000004], [92.10000000000001, 25.700000000000003]]]}, "properties": {"cell_id": "921_257", "state": "Assam", "samples": 4, "events": 0, "risk_index": 0.0, "severity": "Low", "mean_slope_deg": 7.89, "mean_rain_30d_mm": 344.9}}, {"type": "Feature", "geometry": {"type": "Polygon", "coordinates": [[[92.10000000000001, 26.0], [92.2, 26.0], [92.2, 26.1], [92.10000000000001, 26.1], [92.10000000000001, 26.0]]]}, "properties": {"cell_id": "921_260", "state": "Assam", "samples": 4, "events": 0, "risk_index": 0.0, "severity": "Low", "mean_slope_deg": 5.11, "mean_rain_30d_mm": 389.7}}, {"type": "Feature", "geometry": {"type": "Polygon", "coordinates": [[[92.10000000000001, 26.1], [92.2, 26.1], [92.2, 26.200000000000003], [92.10000000000001, 26.200000000000003], [92.10000000000001, 26.1]]]}, "properties": {"cell_id": "921_261", "state": "Assam", "samples": 3, "events": 0, "risk_index": 0.0, "severity": "Low", "mean_slope_deg": 5.79, "mean_rain_30d_mm": 467.8}}, {"type": "Feature", "geometry": {"type": "Polygon", "coordinates": [[[92.10000000000001, 26.3], [92.2, 26.3], [92.2, 26.400000000000002], [92.10000000000001, 26.400000000000002], [92.10000000000001, 26.3]]]}, "properties": {"cell_id": "921_263", "state": "Assam", "samples": 5, "events": 0, "risk_index": 0.0, "severity": "Low", "mean_slope_deg": 4.3, "mean_rain_30d_mm": 258.9}}, {"type": "Feature", "geometry": {"type": "Polygon", "coordinates": [[[92.10000000000001, 26.400000000000002], [92.2, 26.400000000000002], [92.2, 26.500000000000004], [92.10000000000001, 26.500000000000004], [92.10000000000001, 26.400000000000002]]]}, "properties": {"cell_id": "921_264", "state": "Assam", "samples": 3, "events": 0, "risk_index": 0.0, "severity": "Low", "mean_slope_deg": 6.52, "mean_rain_30d_mm": 494.6}}, {"type": "Feature", "geometry": {"type": "Polygon", "coordinates": [[[92.10000000000001, 26.5], [92.2, 26.5], [92.2, 26.6], [92.10000000000001, 26.6], [92.10000000000001, 26.5]]]}, "properties": {"cell_id": "921_265", "state": "Assam", "samples": 4, "events": 0, "risk_index": 0.0, "severity": "Low", "mean_slope_deg": 7.16, "mean_rain_30d_mm": 319.2}}, {"type": "Feature", "geometry": {"type": "Polygon", "coordinates": [[[92.2, 25.900000000000002], [92.3, 25.900000000000002], [92.3, 26.000000000000004], [92.2, 26.000000000000004], [92.2, 25.900000000000002]]]}, "properties": {"cell_id": "922_259", "state": "Assam", "samples": 5, "events": 0, "risk_index": 0.0, "severity": "Low", "mean_slope_deg": 5.18, "mean_rain_30d_mm": 343.5}}, {"type": "Feature", "geometry": {"type": "Polygon", "coordinates": [[[92.2, 26.1], [92.3, 26.1], [92.3, 26.200000000000003], [92.2, 26.200000000000003], [92.2, 26.1]]]}, "properties": {"cell_id": "922_261", "state": "Assam", "samples": 5, "events": 0, "risk_index": 0.0, "severity": "Low", "mean_slope_deg": 4.17, "mean_rain_30d_mm": 234.2}}, {"type": "Feature", "geometry": {"type": "Polygon", "coordinates": [[[92.2, 26.200000000000003], [92.3, 26.200000000000003], [92.3, 26.300000000000004], [92.2, 26.300000000000004], [92.2, 26.200000000000003]]]}, "properties": {"cell_id": "922_262", "state": "Assam", "samples": 5, "events": 0, "risk_index": 0.0, "severity": "Low", "mean_slope_deg": 4.05, "mean_rain_30d_mm": 375.6}}, {"type": "Feature", "geometry": {"type": "Polygon", "coordinates": [[[92.2, 26.3], [92.3, 26.3], [92.3, 26.400000000000002], [92.2, 26.400000000000002], [92.2, 26.3]]]}, "properties": {"cell_id": "922_263", "state": "Assam", "samples": 5, "events": 0, "risk_index": 0.0, "severity": "Low", "mean_slope_deg": 3.03, "mean_rain_30d_mm": 320.2}}, {"type": "Feature", "geometry": {"type": "Polygon", "coordinates": [[[92.2, 26.400000000000002], [92.3, 26.400000000000002], [92.3, 26.500000000000004], [92.2, 26.500000000000004], [92.2, 26.400000000000002]]]}, "properties": {"cell_id": "922_264", "state": "Assam", "samples": 4, "events": 0, "risk_index": 0.0, "severity": "Low", "mean_slope_deg": 9.56, "mean_rain_30d_mm": 337.5}}, {"type": "Feature", "geometry": {"type": "Polygon", "coordinates": [[[92.2, 26.6], [92.3, 26.6], [92.3, 26.700000000000003], [92.2, 26.700000000000003], [92.2, 26.6]]]}, "properties": {"cell_id": "922_266", "state": "Assam", "samples": 3, "events": 0, "risk_index": 0.0, "severity": "Low", "mean_slope_deg": 4.38, "mean_rain_30d_mm": 348.4}}, {"type": "Feature", "geometry": {"type": "Polygon", "coordinates": [[[92.2, 28.200000000000003], [92.3, 28.200000000000003], [92.3, 28.300000000000004], [92.2, 28.300000000000004], [92.2, 28.200000000000003]]]}, "properties": {"cell_id": "922_282", "state": "Arunachal Pradesh", "samples": 3, "events": 0, "risk_index": 0.0, "severity": "Low", "mean_slope_deg": 19.89, "mean_rain_30d_mm": 380.1}}, {"type": "Feature", "geometry": {"type": "Polygon", "coordinates": [[[92.30000000000001, 23.200000000000003], [92.4, 23.200000000000003], [92.4, 23.300000000000004], [92.30000000000001, 23.300000000000004], [92.30000000000001, 23.200000000000003]]]}, "properties": {"cell_id": "923_232", "state": "Mizoram", "samples": 3, "events": 0, "risk_index": 0.0, "severity": "Low", "mean_slope_deg": 20.86, "mean_rain_30d_mm": 307.5}}, {"type": "Feature", "geometry": {"type": "Polygon", "coordinates": [[[92.30000000000001, 26.0], [92.4, 26.0], [92.4, 26.1], [92.30000000000001, 26.1], [92.30000000000001, 26.0]]]}, "properties": {"cell_id": "923_260", "state": "Assam", "samples": 5, "events": 0, "risk_index": 0.0, "severity": "Low", "mean_slope_deg": 3.52, "mean_rain_30d_mm": 291.0}}, {"type": "Feature", "geometry": {"type": "Polygon", "coordinates": [[[92.30000000000001, 26.200000000000003], [92.4, 26.200000000000003], [92.4, 26.300000000000004], [92.30000000000001, 26.300000000000004], [92.30000000000001, 26.200000000000003]]]}, "properties": {"cell_id": "923_262", "state": "Assam", "samples": 4, "events": 0, "risk_index": 0.0, "severity": "Low", "mean_slope_deg": 2.26, "mean_rain_30d_mm": 236.4}}, {"type": "Feature", "geometry": {"type": "Polygon", "coordinates": [[[92.30000000000001, 26.3], [92.4, 26.3], [92.4, 26.400000000000002], [92.30000000000001, 26.400000000000002], [92.30000000000001, 26.3]]]}, "properties": {"cell_id": "923_263", "state": "Assam", "samples": 6, "events": 0, "risk_index": 0.0, "severity": "Low", "mean_slope_deg": 4.67, "mean_rain_30d_mm": 381.0}}, {"type": "Feature", "geometry": {"type": "Polygon", "coordinates": [[[92.30000000000001, 26.400000000000002], [92.4, 26.400000000000002], [92.4, 26.500000000000004], [92.30000000000001, 26.500000000000004], [92.30000000000001, 26.400000000000002]]]}, "properties": {"cell_id": "923_264", "state": "Assam", "samples": 6, "events": 0, "risk_index": 0.0, "severity": "Low", "mean_slope_deg": 4.13, "mean_rain_30d_mm": 278.9}}, {"type": "Feature", "geometry": {"type": "Polygon", "coordinates": [[[92.30000000000001, 26.5], [92.4, 26.5], [92.4, 26.6], [92.30000000000001, 26.6], [92.30000000000001, 26.5]]]}, "properties": {"cell_id": "923_265", "state": "Assam", "samples": 3, "events": 0, "risk_index": 0.0, "severity": "Low", "mean_slope_deg": 6.75, "mean_rain_30d_mm": 285.7}}, {"type": "Feature", "geometry": {"type": "Polygon", "coordinates": [[[92.30000000000001, 26.6], [92.4, 26.6], [92.4, 26.700000000000003], [92.30000000000001, 26.700000000000003], [92.30000000000001, 26.6]]]}, "properties": {"cell_id": "923_266", "state": "Assam", "samples": 4, "events": 0, "risk_index": 0.0, "severity": "Low", "mean_slope_deg": 4.42, "mean_rain_30d_mm": 300.6}}, {"type": "Feature", "geometry": {"type": "Polygon", "coordinates": [[[92.30000000000001, 27.700000000000003], [92.4, 27.700000000000003], [92.4, 27.800000000000004], [92.30000000000001, 27.800000000000004], [92.30000000000001, 27.700000000000003]]]}, "properties": {"cell_id": "923_277", "state": "Arunachal Pradesh", "samples": 3, "events": 1, "risk_index": 0.3333, "severity": "Very High", "mean_slope_deg": 33.8, "mean_rain_30d_mm": 284.0}}, {"type": "Feature", "geometry": {"type": "Polygon", "coordinates": [[[92.30000000000001, 28.0], [92.4, 28.0], [92.4, 28.1], [92.30000000000001, 28.1], [92.30000000000001, 28.0]]]}, "properties": {"cell_id": "923_280", "state": "Arunachal Pradesh", "samples": 4, "events": 0, "risk_index": 0.0, "severity": "Low", "mean_slope_deg": 30.42, "mean_rain_30d_mm": 233.6}}, {"type": "Feature", "geometry": {"type": "Polygon", "coordinates": [[[92.30000000000001, 28.200000000000003], [92.4, 28.200000000000003], [92.4, 28.300000000000004], [92.30000000000001, 28.300000000000004], [92.30000000000001, 28.200000000000003]]]}, "properties": {"cell_id": "923_282", "state": "Arunachal Pradesh", "samples": 3, "events": 0, "risk_index": 0.0, "severity": "Low", "mean_slope_deg": 23.79, "mean_rain_30d_mm": 293.8}}, {"type": "Feature", "geometry": {"type": "Polygon", "coordinates": [[[92.4, 22.900000000000002], [92.5, 22.900000000000002], [92.5, 23.000000000000004], [92.4, 23.000000000000004], [92.4, 22.900000000000002]]]}, "properties": {"cell_id": "924_229", "state": "Mizoram", "samples": 3, "events": 0, "risk_index": 0.0, "severity": "Low", "mean_slope_deg": 18.91, "mean_rain_30d_mm": 239.1}}, {"type": "Feature", "geometry": {"type": "Polygon", "coordinates": [[[92.4, 23.0], [92.5, 23.0], [92.5, 23.1], [92.4, 23.1], [92.4, 23.0]]]}, "properties": {"cell_id": "924_230", "state": "Mizoram", "samples": 4, "events": 1, "risk_index": 0.25, "severity": "Very High", "mean_slope_deg": 30.29, "mean_rain_30d_mm": 308.2}}, {"type": "Feature", "geometry": {"type": "Polygon", "coordinates": [[[92.4, 23.1], [92.5, 23.1], [92.5, 23.200000000000003], [92.4, 23.200000000000003], [92.4, 23.1]]]}, "properties": {"cell_id": "924_231", "state": "Mizoram", "samples": 3, "events": 0, "risk_index": 0.0, "severity": "Low", "mean_slope_deg": 25.48, "mean_rain_30d_mm": 249.4}}, {"type": "Feature", "geometry": {"type": "Polygon", "coordinates": [[[92.4, 23.200000000000003], [92.5, 23.200000000000003], [92.5, 23.300000000000004], [92.4, 23.300000000000004], [92.4, 23.200000000000003]]]}, "properties": {"cell_id": "924_232", "state": "Mizoram", "samples": 7, "events": 1, "risk_index": 0.1429, "severity": "High", "mean_slope_deg": 22.35, "mean_rain_30d_mm": 296.8}}, {"type": "Feature", "geometry": {"type": "Polygon", "coordinates": [[[92.4, 23.3], [92.5, 23.3], [92.5, 23.400000000000002], [92.4, 23.400000000000002], [92.4, 23.3]]]}, "properties": {"cell_id": "924_233", "state": "Mizoram", "samples": 5, "events": 1, "risk_index": 0.2, "severity": "High", "mean_slope_deg": 33.71, "mean_rain_30d_mm": 372.5}}, {"type": "Feature", "geometry": {"type": "Polygon", "coordinates": [[[92.4, 23.400000000000002], [92.5, 23.400000000000002], [92.5, 23.500000000000004], [92.4, 23.500000000000004], [92.4, 23.400000000000002]]]}, "properties": {"cell_id": "924_234", "state": "Mizoram", "samples": 7, "events": 1, "risk_index": 0.1429, "severity": "High", "mean_slope_deg": 26.83, "mean_rain_30d_mm": 338.0}}, {"type": "Feature", "geometry": {"type": "Polygon", "coordinates": [[[92.4, 23.5], [92.5, 23.5], [92.5, 23.6], [92.4, 23.6], [92.4, 23.5]]]}, "properties": {"cell_id": "924_235", "state": "Mizoram", "samples": 8, "events": 1, "risk_index": 0.125, "severity": "High", "mean_slope_deg": 26.73, "mean_rain_30d_mm": 294.7}}, {"type": "Feature", "geometry": {"type": "Polygon", "coordinates": [[[92.4, 23.6], [92.5, 23.6], [92.5, 23.700000000000003], [92.4, 23.700000000000003], [92.4, 23.6]]]}, "properties": {"cell_id": "924_236", "state": "Mizoram", "samples": 6, "events": 0, "risk_index": 0.0, "severity": "Low", "mean_slope_deg": 33.02, "mean_rain_30d_mm": 303.3}}, {"type": "Feature", "geometry": {"type": "Polygon", "coordinates": [[[92.4, 23.700000000000003], [92.5, 23.700000000000003], [92.5, 23.800000000000004], [92.4, 23.800000000000004], [92.4, 23.700000000000003]]]}, "properties": {"cell_id": "924_237", "state": "Mizoram", "samples": 3, "events": 0, "risk_index": 0.0, "severity": "Low", "mean_slope_deg": 23.12, "mean_rain_30d_mm": 348.0}}, {"type": "Feature", "geometry": {"type": "Polygon", "coordinates": [[[92.4, 23.8], [92.5, 23.8], [92.5, 23.900000000000002], [92.4, 23.900000000000002], [92.4, 23.8]]]}, "properties": {"cell_id": "924_238", "state": "Mizoram", "samples": 3, "events": 0, "risk_index": 0.0, "severity": "Low", "mean_slope_deg": 22.44, "mean_rain_30d_mm": 241.0}}, {"type": "Feature", "geometry": {"type": "Polygon", "coordinates": [[[92.4, 26.0], [92.5, 26.0], [92.5, 26.1], [92.4, 26.1], [92.4, 26.0]]]}, "properties": {"cell_id": "924_260", "state": "Assam", "samples": 5, "events": 0, "risk_index": 0.0, "severity": "Low", "mean_slope_deg": 4.13, "mean_rain_30d_mm": 281.0}}, {"type": "Feature", "geometry": {"type": "Polygon", "coordinates": [[[92.4, 28.200000000000003], [92.5, 28.200000000000003], [92.5, 28.300000000000004], [92.4, 28.300000000000004], [92.4, 28.200000000000003]]]}, "properties": {"cell_id": "924_282", "state": "Arunachal Pradesh", "samples": 3, "events": 0, "risk_index": 0.0, "severity": "Low", "mean_slope_deg": 21.5, "mean_rain_30d_mm": 443.8}}, {"type": "Feature", "geometry": {"type": "Polygon", "coordinates": [[[92.5, 22.5], [92.6, 22.5], [92.6, 22.6], [92.5, 22.6], [92.5, 22.5]]]}, "properties": {"cell_id": "925_225", "state": "Mizoram", "samples": 3, "events": 1, "risk_index": 0.3333, "severity": "Very High", "mean_slope_deg": 21.84, "mean_rain_30d_mm": 292.4}}, {"type": "Feature", "geometry": {"type": "Polygon", "coordinates": [[[92.5, 22.700000000000003], [92.6, 22.700000000000003], [92.6, 22.800000000000004], [92.5, 22.800000000000004], [92.5, 22.700000000000003]]]}, "properties": {"cell_id": "925_227", "state": "Mizoram", "samples": 3, "events": 0, "risk_index": 0.0, "severity": "Low", "mean_slope_deg": 20.18, "mean_rain_30d_mm": 314.9}}, {"type": "Feature", "geometry": {"type": "Polygon", "coordinates": [[[92.5, 22.8], [92.6, 22.8], [92.6, 22.900000000000002], [92.5, 22.900000000000002], [92.5, 22.8]]]}, "properties": {"cell_id": "925_228", "state": "Mizoram", "samples": 5, "events": 0, "risk_index": 0.0, "severity": "Low", "mean_slope_deg": 26.18, "mean_rain_30d_mm": 248.7}}, {"type": "Feature", "geometry": {"type": "Polygon", "coordinates": [[[92.5, 22.900000000000002], [92.6, 22.900000000000002], [92.6, 23.000000000000004], [92.5, 23.000000000000004], [92.5, 22.900000000000002]]]}, "properties": {"cell_id": "925_229", "state": "Mizoram", "samples": 7, "events": 1, "risk_index": 0.1429, "severity": "High", "mean_slope_deg": 21.79, "mean_rain_30d_mm": 321.4}}, {"type": "Feature", "geometry": {"type": "Polygon", "coordinates": [[[92.5, 23.0], [92.6, 23.0], [92.6, 23.1], [92.5, 23.1], [92.5, 23.0]]]}, "properties": {"cell_id": "925_230", "state": "Mizoram", "samples": 11, "events": 3, "risk_index": 0.2727, "severity": "Very High", "mean_slope_deg": 24.02, "mean_rain_30d_mm": 285.1}}, {"type": "Feature", "geometry": {"type": "Polygon", "coordinates": [[[92.5, 23.1], [92.6, 23.1], [92.6, 23.200000000000003], [92.5, 23.200000000000003], [92.5, 23.1]]]}, "properties": {"cell_id": "925_231", "state": "Mizoram", "samples": 11, "events": 1, "risk_index": 0.0909, "severity": "Moderate", "mean_slope_deg": 27.89, "mean_rain_30d_mm": 335.9}}, {"type": "Feature", "geometry": {"type": "Polygon", "coordinates": [[[92.5, 23.200000000000003], [92.6, 23.200000000000003], [92.6, 23.300000000000004], [92.5, 23.300000000000004], [92.5, 23.200000000000003]]]}, "properties": {"cell_id": "925_232", "state": "Mizoram", "samples": 19, "events": 1, "risk_index": 0.0526, "severity": "Moderate", "mean_slope_deg": 22.04, "mean_rain_30d_mm": 307.4}}, {"type": "Feature", "geometry": {"type": "Polygon", "coordinates": [[[92.5, 23.3], [92.6, 23.3], [92.6, 23.400000000000002], [92.5, 23.400000000000002], [92.5, 23.3]]]}, "properties": {"cell_id": "925_233", "state": "Mizoram", "samples": 11, "events": 0, "risk_index": 0.0, "severity": "Low", "mean_slope_deg": 30.58, "mean_rain_30d_mm": 372.9}}, {"type": "Feature", "geometry": {"type": "Polygon", "coordinates": [[[92.5, 23.400000000000002], [92.6, 23.400000000000002], [92.6, 23.500000000000004], [92.5, 23.500000000000004], [92.5, 23.400000000000002]]]}, "properties": {"cell_id": "925_234", "state": "Mizoram", "samples": 17, "events": 2, "risk_index": 0.1176, "severity": "Moderate", "mean_slope_deg": 30.35, "mean_rain_30d_mm": 310.9}}, {"type": "Feature", "geometry": {"type": "Polygon", "coordinates": [[[92.5, 23.5], [92.6, 23.5], [92.6, 23.6], [92.5, 23.6], [92.5, 23.5]]]}, "properties": {"cell_id": "925_235", "state": "Mizoram", "samples": 15, "events": 0, "risk_index": 0.0, "severity": "Low", "mean_slope_deg": 19.06, "mean_rain_30d_mm": 290.4}}, {"type": "Feature", "geometry": {"type": "Polygon", "coordinates": [[[92.5, 23.6], [92.6, 23.6], [92.6, 23.700000000000003], [92.5, 23.700000000000003], [92.5, 23.6]]]}, "properties": {"cell_id": "925_236", "state": "Mizoram", "samples": 7, "events": 0, "risk_index": 0.0, "severity": "Low", "mean_slope_deg": 22.99, "mean_rain_30d_mm": 288.1}}, {"type": "Feature", "geometry": {"type": "Polygon", "coordinates": [[[92.5, 23.700000000000003], [92.6, 23.700000000000003], [92.6, 23.800000000000004], [92.5, 23.800000000000004], [92.5, 23.700000000000003]]]}, "properties": {"cell_id": "925_237", "state": "Mizoram", "samples": 7, "events": 0, "risk_index": 0.0, "severity": "Low", "mean_slope_deg": 15.5, "mean_rain_30d_mm": 269.6}}, {"type": "Feature", "geometry": {"type": "Polygon", "coordinates": [[[92.5, 23.8], [92.6, 23.8], [92.6, 23.900000000000002], [92.5, 23.900000000000002], [92.5, 23.8]]]}, "properties": {"cell_id": "925_238", "state": "Mizoram", "samples": 3, "events": 0, "risk_index": 0.0, "severity": "Low", "mean_slope_deg": 26.16, "mean_rain_30d_mm": 226.6}}, {"type": "Feature", "geometry": {"type": "Polygon", "coordinates": [[[92.5, 23.900000000000002], [92.6, 23.900000000000002], [92.6, 24.000000000000004], [92.5, 24.000000000000004], [92.5, 23.900000000000002]]]}, "properties": {"cell_id": "925_239", "state": "Mizoram", "samples": 4, "events": 1, "risk_index": 0.25, "severity": "Very High", "mean_slope_deg": 27.08, "mean_rain_30d_mm": 366.5}}, {"type": "Feature", "geometry": {"type": "Polygon", "coordinates": [[[92.5, 26.1], [92.6, 26.1], [92.6, 26.200000000000003], [92.5, 26.200000000000003], [92.5, 26.1]]]}, "properties": {"cell_id": "925_261", "state": "Assam", "samples": 4, "events": 0, "risk_index": 0.0, "severity": "Low", "mean_slope_deg": 2.98, "mean_rain_30d_mm": 431.5}}, {"type": "Feature", "geometry": {"type": "Polygon", "coordinates": [[[92.5, 26.200000000000003], [92.6, 26.200000000000003], [92.6, 26.300000000000004], [92.5, 26.300000000000004], [92.5, 26.200000000000003]]]}, "properties": {"cell_id": "925_262", "state": "Assam", "samples": 6, "events": 1, "risk_index": 0.1667, "severity": "High", "mean_slope_deg": 2.49, "mean_rain_30d_mm": 382.3}}, {"type": "Feature", "geometry": {"type": "Polygon", "coordinates": [[[92.5, 26.400000000000002], [92.6, 26.400000000000002], [92.6, 26.500000000000004], [92.5, 26.500000000000004], [92.5, 26.400000000000002]]]}, "properties": {"cell_id": "925_264", "state": "Assam", "samples": 4, "events": 0, "risk_index": 0.0, "severity": "Low", "mean_slope_deg": 5.82, "mean_rain_30d_mm": 325.0}}, {"type": "Feature", "geometry": {"type": "Polygon", "coordinates": [[[92.5, 26.5], [92.6, 26.5], [92.6, 26.6], [92.5, 26.6], [92.5, 26.5]]]}, "properties": {"cell_id": "925_265", "state": "Assam", "samples": 5, "events": 0, "risk_index": 0.0, "severity": "Low", "mean_slope_deg": 2.63, "mean_rain_30d_mm": 340.2}}, {"type": "Feature", "geometry": {"type": "Polygon", "coordinates": [[[92.5, 26.700000000000003], [92.6, 26.700000000000003], [92.6, 26.800000000000004], [92.5, 26.800000000000004], [92.5, 26.700000000000003]]]}, "properties": {"cell_id": "925_267", "state": "Assam", "samples": 3, "events": 0, "risk_index": 0.0, "severity": "Low", "mean_slope_deg": 4.05, "mean_rain_30d_mm": 253.6}}, {"type": "Feature", "geometry": {"type": "Polygon", "coordinates": [[[92.5, 27.5], [92.6, 27.5], [92.6, 27.6], [92.5, 27.6], [92.5, 27.5]]]}, "properties": {"cell_id": "925_275", "state": "Arunachal Pradesh", "samples": 3, "events": 0, "risk_index": 0.0, "severity": "Low", "mean_slope_deg": 21.72, "mean_rain_30d_mm": 297.4}}, {"type": "Feature", "geometry": {"type": "Polygon", "coordinates": [[[92.5, 27.8], [92.6, 27.8], [92.6, 27.900000000000002], [92.5, 27.900000000000002], [92.5, 27.8]]]}, "properties": {"cell_id": "925_278", "state": "Arunachal Pradesh", "samples": 3, "events": 0, "risk_index": 0.0, "severity": "Low", "mean_slope_deg": 21.32, "mean_rain_30d_mm": 215.3}}, {"type": "Feature", "geometry": {"type": "Polygon", "coordinates": [[[92.5, 28.0], [92.6, 28.0], [92.6, 28.1], [92.5, 28.1], [92.5, 28.0]]]}, "properties": {"cell_id": "925_280", "state": "Arunachal Pradesh", "samples": 4, "events": 0, "risk_index": 0.0, "severity": "Low", "mean_slope_deg": 14.39, "mean_rain_30d_mm": 360.0}}, {"type": "Feature", "geometry": {"type": "Polygon", "coordinates": [[[92.5, 28.1], [92.6, 28.1], [92.6, 28.200000000000003], [92.5, 28.200000000000003], [92.5, 28.1]]]}, "properties": {"cell_id": "925_281", "state": "Arunachal Pradesh", "samples": 5, "events": 0, "risk_index": 0.0, "severity": "Low", "mean_slope_deg": 24.08, "mean_rain_30d_mm": 340.9}}, {"type": "Feature", "geometry": {"type": "Polygon", "coordinates": [[[92.60000000000001, 22.700000000000003], [92.7, 22.700000000000003], [92.7, 22.800000000000004], [92.60000000000001, 22.800000000000004], [92.60000000000001, 22.700000000000003]]]}, "properties": {"cell_id": "926_227", "state": "Mizoram", "samples": 3, "events": 1, "risk_index": 0.3333, "severity": "Very High", "mean_slope_deg": 20.69, "mean_rain_30d_mm": 294.5}}, {"type": "Feature", "geometry": {"type": "Polygon", "coordinates": [[[92.60000000000001, 22.8], [92.7, 22.8], [92.7, 22.900000000000002], [92.60000000000001, 22.900000000000002], [92.60000000000001, 22.8]]]}, "properties": {"cell_id": "926_228", "state": "Mizoram", "samples": 11, "events": 2, "risk_index": 0.1818, "severity": "High", "mean_slope_deg": 20.9, "mean_rain_30d_mm": 288.3}}, {"type": "Feature", "geometry": {"type": "Polygon", "coordinates": [[[92.60000000000001, 22.900000000000002], [92.7, 22.900000000000002], [92.7, 23.000000000000004], [92.60000000000001, 23.000000000000004], [92.60000000000001, 22.900000000000002]]]}, "properties": {"cell_id": "926_229", "state": "Mizoram", "samples": 20, "events": 2, "risk_index": 0.1, "severity": "Moderate", "mean_slope_deg": 23.22, "mean_rain_30d_mm": 316.1}}, {"type": "Feature", "geometry": {"type": "Polygon", "coordinates": [[[92.60000000000001, 23.0], [92.7, 23.0], [92.7, 23.1], [92.60000000000001, 23.1], [92.60000000000001, 23.0]]]}, "properties": {"cell_id": "926_230", "state": "Mizoram", "samples": 24, "events": 4, "risk_index": 0.1667, "severity": "High", "mean_slope_deg": 22.89, "mean_rain_30d_mm": 288.8}}, {"type": "Feature", "geometry": {"type": "Polygon", "coordinates": [[[92.60000000000001, 23.1], [92.7, 23.1], [92.7, 23.200000000000003], [92.60000000000001, 23.200000000000003], [92.60000000000001, 23.1]]]}, "properties": {"cell_id": "926_231", "state": "Mizoram", "samples": 22, "events": 2, "risk_index": 0.0909, "severity": "Moderate", "mean_slope_deg": 23.82, "mean_rain_30d_mm": 299.2}}, {"type": "Feature", "geometry": {"type": "Polygon", "coordinates": [[[92.60000000000001, 23.200000000000003], [92.7, 23.200000000000003], [92.7, 23.300000000000004], [92.60000000000001, 23.300000000000004], [92.60000000000001, 23.200000000000003]]]}, "properties": {"cell_id": "926_232", "state": "Mizoram", "samples": 35, "events": 4, "risk_index": 0.1143, "severity": "Moderate", "mean_slope_deg": 24.54, "mean_rain_30d_mm": 325.7}}, {"type": "Feature", "geometry": {"type": "Polygon", "coordinates": [[[92.60000000000001, 23.3], [92.7, 23.3], [92.7, 23.400000000000002], [92.60000000000001, 23.400000000000002], [92.60000000000001, 23.3]]]}, "properties": {"cell_id": "926_233", "state": "Mizoram", "samples": 37, "events": 2, "risk_index": 0.0541, "severity": "Moderate", "mean_slope_deg": 23.89, "mean_rain_30d_mm": 322.7}}, {"type": "Feature", "geometry": {"type": "Polygon", "coordinates": [[[92.60000000000001, 23.400000000000002], [92.7, 23.400000000000002], [92.7, 23.500000000000004], [92.60000000000001, 23.500000000000004], [92.60000000000001, 23.400000000000002]]]}, "properties": {"cell_id": "926_234", "state": "Mizoram", "samples": 36, "events": 2, "risk_index": 0.0556, "severity": "Moderate", "mean_slope_deg": 27.05, "mean_rain_30d_mm": 325.6}}, {"type": "Feature", "geometry": {"type": "Polygon", "coordinates": [[[92.60000000000001, 23.5], [92.7, 23.5], [92.7, 23.6], [92.60000000000001, 23.6], [92.60000000000001, 23.5]]]}, "properties": {"cell_id": "926_235", "state": "Mizoram", "samples": 22, "events": 3, "risk_index": 0.1364, "severity": "High", "mean_slope_deg": 25.98, "mean_rain_30d_mm": 346.4}}, {"type": "Feature", "geometry": {"type": "Polygon", "coordinates": [[[92.60000000000001, 23.6], [92.7, 23.6], [92.7, 23.700000000000003], [92.60000000000001, 23.700000000000003], [92.60000000000001, 23.6]]]}, "properties": {"cell_id": "926_236", "state": "Mizoram", "samples": 19, "events": 1, "risk_index": 0.0526, "severity": "Moderate", "mean_slope_deg": 21.29, "mean_rain_30d_mm": 318.9}}, {"type": "Feature", "geometry": {"type": "Polygon", "coordinates": [[[92.60000000000001, 23.700000000000003], [92.7, 23.700000000000003], [92.7, 23.800000000000004], [92.60000000000001, 23.800000000000004], [92.60000000000001, 23.700000000000003]]]}, "properties": {"cell_id": "926_237", "state": "Mizoram", "samples": 10, "events": 0, "risk_index": 0.0, "severity": "Low", "mean_slope_deg": 24.01, "mean_rain_30d_mm": 346.5}}, {"type": "Feature", "geometry": {"type": "Polygon", "coordinates": [[[92.60000000000001, 23.8], [92.7, 23.8], [92.7, 23.900000000000002], [92.60000000000001, 23.900000000000002], [92.60000000000001, 23.8]]]}, "properties": {"cell_id": "926_238", "state": "Mizoram", "samples": 13, "events": 0, "risk_index": 0.0, "severity": "Low", "mean_slope_deg": 27.97, "mean_rain_30d_mm": 321.5}}, {"type": "Feature", "geometry": {"type": "Polygon", "coordinates": [[[92.60000000000001, 23.900000000000002], [92.7, 23.900000000000002], [92.7, 24.000000000000004], [92.60000000000001, 24.000000000000004], [92.60000000000001, 23.900000000000002]]]}, "properties": {"cell_id": "926_239", "state": "Mizoram", "samples": 4, "events": 0, "risk_index": 0.0, "severity": "Low", "mean_slope_deg": 15.43, "mean_rain_30d_mm": 372.8}}, {"type": "Feature", "geometry": {"type": "Polygon", "coordinates": [[[92.60000000000001, 24.0], [92.7, 24.0], [92.7, 24.1], [92.60000000000001, 24.1], [92.60000000000001, 24.0]]]}, "properties": {"cell_id": "926_240", "state": "Mizoram", "samples": 4, "events": 0, "risk_index": 0.0, "severity": "Low", "mean_slope_deg": 28.05, "mean_rain_30d_mm": 314.8}}, {"type": "Feature", "geometry": {"type": "Polygon", "coordinates": [[[92.60000000000001, 26.0], [92.7, 26.0], [92.7, 26.1], [92.60000000000001, 26.1], [92.60000000000001, 26.0]]]}, "properties": {"cell_id": "926_260", "state": "Assam", "samples": 9, "events": 1, "risk_index": 0.1111, "severity": "Moderate", "mean_slope_deg": 4.76, "mean_rain_30d_mm": 316.5}}, {"type": "Feature", "geometry": {"type": "Polygon", "coordinates": [[[92.60000000000001, 26.200000000000003], [92.7, 26.200000000000003], [92.7, 26.300000000000004], [92.60000000000001, 26.300000000000004], [92.60000000000001, 26.200000000000003]]]}, "properties": {"cell_id": "926_262", "state": "Assam", "samples": 4, "events": 0, "risk_index": 0.0, "severity": "Low", "mean_slope_deg": 3.68, "mean_rain_30d_mm": 275.3}}, {"type": "Feature", "geometry": {"type": "Polygon", "coordinates": [[[92.60000000000001, 26.3], [92.7, 26.3], [92.7, 26.400000000000002], [92.60000000000001, 26.400000000000002], [92.60000000000001, 26.3]]]}, "properties": {"cell_id": "926_263", "state": "Assam", "samples": 4, "events": 0, "risk_index": 0.0, "severity": "Low", "mean_slope_deg": 2.89, "mean_rain_30d_mm": 318.7}}, {"type": "Feature", "geometry": {"type": "Polygon", "coordinates": [[[92.60000000000001, 26.400000000000002], [92.7, 26.400000000000002], [92.7, 26.500000000000004], [92.60000000000001, 26.500000000000004], [92.60000000000001, 26.400000000000002]]]}, "properties": {"cell_id": "926_264", "state": "Assam", "samples": 8, "events": 0, "risk_index": 0.0, "severity": "Low", "mean_slope_deg": 4.59, "mean_rain_30d_mm": 272.6}}, {"type": "Feature", "geometry": {"type": "Polygon", "coordinates": [[[92.60000000000001, 26.6], [92.7, 26.6], [92.7, 26.700000000000003], [92.60000000000001, 26.700000000000003], [92.60000000000001, 26.6]]]}, "properties": {"cell_id": "926_266", "state": "Assam", "samples": 5, "events": 0, "risk_index": 0.0, "severity": "Low", "mean_slope_deg": 3.13, "mean_rain_30d_mm": 333.5}}, {"type": "Feature", "geometry": {"type": "Polygon", "coordinates": [[[92.60000000000001, 27.6], [92.7, 27.6], [92.7, 27.700000000000003], [92.60000000000001, 27.700000000000003], [92.60000000000001, 27.6]]]}, "properties": {"cell_id": "926_276", "state": "Arunachal Pradesh", "samples": 4, "events": 0, "risk_index": 0.0, "severity": "Low", "mean_slope_deg": 29.87, "mean_rain_30d_mm": 424.2}}, {"type": "Feature", "geometry": {"type": "Polygon", "coordinates": [[[92.60000000000001, 27.700000000000003], [92.7, 27.700000000000003], [92.7, 27.800000000000004], [92.60000000000001, 27.800000000000004], [92.60000000000001, 27.700000000000003]]]}, "properties": {"cell_id": "926_277", "state": "Arunachal Pradesh", "samples": 4, "events": 0, "risk_index": 0.0, "severity": "Low", "mean_slope_deg": 28.36, "mean_rain_30d_mm": 248.1}}, {"type": "Feature", "geometry": {"type": "Polygon", "coordinates": [[[92.60000000000001, 27.900000000000002], [92.7, 27.900000000000002], [92.7, 28.000000000000004], [92.60000000000001, 28.000000000000004], [92.60000000000001, 27.900000000000002]]]}, "properties": {"cell_id": "926_279", "state": "Arunachal Pradesh", "samples": 9, "events": 0, "risk_index": 0.0, "severity": "Low", "mean_slope_deg": 22.33, "mean_rain_30d_mm": 295.3}}, {"type": "Feature", "geometry": {"type": "Polygon", "coordinates": [[[92.60000000000001, 28.0], [92.7, 28.0], [92.7, 28.1], [92.60000000000001, 28.1], [92.60000000000001, 28.0]]]}, "properties": {"cell_id": "926_280", "state": "Arunachal Pradesh", "samples": 6, "events": 2, "risk_index": 0.3333, "severity": "Very High", "mean_slope_deg": 29.16, "mean_rain_30d_mm": 291.1}}, {"type": "Feature", "geometry": {"type": "Polygon", "coordinates": [[[92.60000000000001, 28.1], [92.7, 28.1], [92.7, 28.200000000000003], [92.60000000000001, 28.200000000000003], [92.60000000000001, 28.1]]]}, "properties": {"cell_id": "926_281", "state": "Arunachal Pradesh", "samples": 5, "events": 0, "risk_index": 0.0, "severity": "Low", "mean_slope_deg": 16.15, "mean_rain_30d_mm": 342.5}}, {"type": "Feature", "geometry": {"type": "Polygon", "coordinates": [[[92.60000000000001, 28.200000000000003], [92.7, 28.200000000000003], [92.7, 28.300000000000004], [92.60000000000001, 28.300000000000004], [92.60000000000001, 28.200000000000003]]]}, "properties": {"cell_id": "926_282", "state": "Arunachal Pradesh", "samples": 6, "events": 0, "risk_index": 0.0, "severity": "Low", "mean_slope_deg": 23.59, "mean_rain_30d_mm": 286.2}}, {"type": "Feature", "geometry": {"type": "Polygon", "coordinates": [[[92.7, 22.8], [92.8, 22.8], [92.8, 22.900000000000002], [92.7, 22.900000000000002], [92.7, 22.8]]]}, "properties": {"cell_id": "927_228", "state": "Mizoram", "samples": 6, "events": 0, "risk_index": 0.0, "severity": "Low", "mean_slope_deg": 18.86, "mean_rain_30d_mm": 418.4}}, {"type": "Feature", "geometry": {"type": "Polygon", "coordinates": [[[92.7, 22.900000000000002], [92.8, 22.900000000000002], [92.8, 23.000000000000004], [92.7, 23.000000000000004], [92.7, 22.900000000000002]]]}, "properties": {"cell_id": "927_229", "state": "Mizoram", "samples": 17, "events": 0, "risk_index": 0.0, "severity": "Low", "mean_slope_deg": 19.6, "mean_rain_30d_mm": 306.3}}, {"type": "Feature", "geometry": {"type": "Polygon", "coordinates": [[[92.7, 23.0], [92.8, 23.0], [92.8, 23.1], [92.7, 23.1], [92.7, 23.0]]]}, "properties": {"cell_id": "927_230", "state": "Mizoram", "samples": 14, "events": 2, "risk_index": 0.1429, "severity": "High", "mean_slope_deg": 22.71, "mean_rain_30d_mm": 310.1}}, {"type": "Feature", "geometry": {"type": "Polygon", "coordinates": [[[92.7, 23.1], [92.8, 23.1], [92.8, 23.200000000000003], [92.7, 23.200000000000003], [92.7, 23.1]]]}, "properties": {"cell_id": "927_231", "state": "Mizoram", "samples": 29, "events": 2, "risk_index": 0.069, "severity": "Moderate", "mean_slope_deg": 28.29, "mean_rain_30d_mm": 320.7}}, {"type": "Feature", "geometry": {"type": "Polygon", "coordinates": [[[92.7, 23.200000000000003], [92.8, 23.200000000000003], [92.8, 23.300000000000004], [92.7, 23.300000000000004], [92.7, 23.200000000000003]]]}, "properties": {"cell_id": "927_232", "state": "Mizoram", "samples": 48, "events": 5, "risk_index": 0.1042, "severity": "Moderate", "mean_slope_deg": 25.41, "mean_rain_30d_mm": 324.7}}, {"type": "Feature", "geometry": {"type": "Polygon", "coordinates": [[[92.7, 23.3], [92.8, 23.3], [92.8, 23.400000000000002], [92.7, 23.400000000000002], [92.7, 23.3]]]}, "properties": {"cell_id": "927_233", "state": "Mizoram", "samples": 49, "events": 5, "risk_index": 0.102, "severity": "Moderate", "mean_slope_deg": 21.78, "mean_rain_30d_mm": 320.6}}, {"type": "Feature", "geometry": {"type": "Polygon", "coordinates": [[[92.7, 23.400000000000002], [92.8, 23.400000000000002], [92.8, 23.500000000000004], [92.7, 23.500000000000004], [92.7, 23.400000000000002]]]}, "properties": {"cell_id": "927_234", "state": "Mizoram", "samples": 43, "events": 3, "risk_index": 0.0698, "severity": "Moderate", "mean_slope_deg": 23.24, "mean_rain_30d_mm": 322.9}}, {"type": "Feature", "geometry": {"type": "Polygon", "coordinates": [[[92.7, 23.5], [92.8, 23.5], [92.8, 23.6], [92.7, 23.6], [92.7, 23.5]]]}, "properties": {"cell_id": "927_235", "state": "Mizoram", "samples": 38, "events": 4, "risk_index": 0.1053, "severity": "Moderate", "mean_slope_deg": 26.41, "mean_rain_30d_mm": 336.4}}, {"type": "Feature", "geometry": {"type": "Polygon", "coordinates": [[[92.7, 23.6], [92.8, 23.6], [92.8, 23.700000000000003], [92.7, 23.700000000000003], [92.7, 23.6]]]}, "properties": {"cell_id": "927_236", "state": "Mizoram", "samples": 37, "events": 5, "risk_index": 0.1351, "severity": "High", "mean_slope_deg": 23.84, "mean_rain_30d_mm": 329.9}}, {"type": "Feature", "geometry": {"type": "Polygon", "coordinates": [[[92.7, 23.700000000000003], [92.8, 23.700000000000003], [92.8, 23.800000000000004], [92.7, 23.800000000000004], [92.7, 23.700000000000003]]]}, "properties": {"cell_id": "927_237", "state": "Mizoram", "samples": 27, "events": 0, "risk_index": 0.0, "severity": "Low", "mean_slope_deg": 20.48, "mean_rain_30d_mm": 314.3}}, {"type": "Feature", "geometry": {"type": "Polygon", "coordinates": [[[92.7, 23.8], [92.8, 23.8], [92.8, 23.900000000000002], [92.7, 23.900000000000002], [92.7, 23.8]]]}, "properties": {"cell_id": "927_238", "state": "Mizoram", "samples": 14, "events": 2, "risk_index": 0.1429, "severity": "High", "mean_slope_deg": 31.87, "mean_rain_30d_mm": 355.9}}, {"type": "Feature", "geometry": {"type": "Polygon", "coordinates": [[[92.7, 23.900000000000002], [92.8, 23.900000000000002], [92.8, 24.000000000000004], [92.7, 24.000000000000004], [92.7, 23.900000000000002]]]}, "properties": {"cell_id": "927_239", "state": "Mizoram", "samples": 9, "events": 0, "risk_index": 0.0, "severity": "Low", "mean_slope_deg": 25.39, "mean_rain_30d_mm": 352.9}}, {"type": "Feature", "geometry": {"type": "Polygon", "coordinates": [[[92.7, 24.0], [92.8, 24.0], [92.8, 24.1], [92.7, 24.1], [92.7, 24.0]]]}, "properties": {"cell_id": "927_240", "state": "Mizoram", "samples": 3, "events": 0, "risk_index": 0.0, "severity": "Low", "mean_slope_deg": 16.73, "mean_rain_30d_mm": 404.8}}, {"type": "Feature", "geometry": {"type": "Polygon", "coordinates": [[[92.7, 25.900000000000002], [92.8, 25.900000000000002], [92.8, 26.000000000000004], [92.7, 26.000000000000004], [92.7, 25.900000000000002]]]}, "properties": {"cell_id": "927_259", "state": "Assam", "samples": 4, "events": 0, "risk_index": 0.0, "severity": "Low", "mean_slope_deg": 4.01, "mean_rain_30d_mm": 311.1}}, {"type": "Feature", "geometry": {"type": "Polygon", "coordinates": [[[92.7, 26.0], [92.8, 26.0], [92.8, 26.1], [92.7, 26.1], [92.7, 26.0]]]}, "properties": {"cell_id": "927_260", "state": "Assam", "samples": 4, "events": 0, "risk_index": 0.0, "severity": "Low", "mean_slope_deg": 3.92, "mean_rain_30d_mm": 308.4}}, {"type": "Feature", "geometry": {"type": "Polygon", "coordinates": [[[92.7, 26.1], [92.8, 26.1], [92.8, 26.200000000000003], [92.7, 26.200000000000003], [92.7, 26.1]]]}, "properties": {"cell_id": "927_261", "state": "Assam", "samples": 6, "events": 0, "risk_index": 0.0, "severity": "Low", "mean_slope_deg": 4.23, "mean_rain_30d_mm": 316.7}}, {"type": "Feature", "geometry": {"type": "Polygon", "coordinates": [[[92.7, 26.200000000000003], [92.8, 26.200000000000003], [92.8, 26.300000000000004], [92.7, 26.300000000000004], [92.7, 26.200000000000003]]]}, "properties": {"cell_id": "927_262", "state": "Assam", "samples": 8, "events": 0, "risk_index": 0.0, "severity": "Low", "mean_slope_deg": 6.62, "mean_rain_30d_mm": 299.0}}, {"type": "Feature", "geometry": {"type": "Polygon", "coordinates": [[[92.7, 26.3], [92.8, 26.3], [92.8, 26.400000000000002], [92.7, 26.400000000000002], [92.7, 26.3]]]}, "properties": {"cell_id": "927_263", "state": "Assam", "samples": 7, "events": 0, "risk_index": 0.0, "severity": "Low", "mean_slope_deg": 3.98, "mean_rain_30d_mm": 294.6}}, {"type": "Feature", "geometry": {"type": "Polygon", "coordinates": [[[92.7, 26.400000000000002], [92.8, 26.400000000000002], [92.8, 26.500000000000004], [92.7, 26.500000000000004], [92.7, 26.400000000000002]]]}, "properties": {"cell_id": "927_264", "state": "Assam", "samples": 9, "events": 0, "risk_index": 0.0, "severity": "Low", "mean_slope_deg": 3.65, "mean_rain_30d_mm": 310.8}}, {"type": "Feature", "geometry": {"type": "Polygon", "coordinates": [[[92.7, 27.6], [92.8, 27.6], [92.8, 27.700000000000003], [92.7, 27.700000000000003], [92.7, 27.6]]]}, "properties": {"cell_id": "927_276", "state": "Arunachal Pradesh", "samples": 5, "events": 1, "risk_index": 0.2, "severity": "High", "mean_slope_deg": 17.68, "mean_rain_30d_mm": 344.3}}, {"type": "Feature", "geometry": {"type": "Polygon", "coordinates": [[[92.7, 27.700000000000003], [92.8, 27.700000000000003], [92.8, 27.800000000000004], [92.7, 27.800000000000004], [92.7, 27.700000000000003]]]}, "properties": {"cell_id": "927_277", "state": "Arunachal Pradesh", "samples": 3, "events": 1, "risk_index": 0.3333, "severity": "Very High", "mean_slope_deg": 29.77, "mean_rain_30d_mm": 300.1}}, {"type": "Feature", "geometry": {"type": "Polygon", "coordinates": [[[92.7, 27.8], [92.8, 27.8], [92.8, 27.900000000000002], [92.7, 27.900000000000002], [92.7, 27.8]]]}, "properties": {"cell_id": "927_278", "state": "Arunachal Pradesh", "samples": 6, "events": 1, "risk_index": 0.1667, "severity": "High", "mean_slope_deg": 28.86, "mean_rain_30d_mm": 302.0}}, {"type": "Feature", "geometry": {"type": "Polygon", "coordinates": [[[92.7, 27.900000000000002], [92.8, 27.900000000000002], [92.8, 28.000000000000004], [92.7, 28.000000000000004], [92.7, 27.900000000000002]]]}, "properties": {"cell_id": "927_279", "state": "Arunachal Pradesh", "samples": 10, "events": 1, "risk_index": 0.1, "severity": "Moderate", "mean_slope_deg": 22.69, "mean_rain_30d_mm": 340.3}}, {"type": "Feature", "geometry": {"type": "Polygon", "coordinates": [[[92.7, 28.0], [92.8, 28.0], [92.8, 28.1], [92.7, 28.1], [92.7, 28.0]]]}, "properties": {"cell_id": "927_280", "state": "Arunachal Pradesh", "samples": 5, "events": 0, "risk_index": 0.0, "severity": "Low", "mean_slope_deg": 17.54, "mean_rain_30d_mm": 338.5}}, {"type": "Feature", "geometry": {"type": "Polygon", "coordinates": [[[92.7, 28.1], [92.8, 28.1], [92.8, 28.200000000000003], [92.7, 28.200000000000003], [92.7, 28.1]]]}, "properties": {"cell_id": "927_281", "state": "Arunachal Pradesh", "samples": 5, "events": 0, "risk_index": 0.0, "severity": "Low", "mean_slope_deg": 26.31, "mean_rain_30d_mm": 393.1}}, {"type": "Feature", "geometry": {"type": "Polygon", "coordinates": [[[92.7, 28.200000000000003], [92.8, 28.200000000000003], [92.8, 28.300000000000004], [92.7, 28.300000000000004], [92.7, 28.200000000000003]]]}, "properties": {"cell_id": "927_282", "state": "Arunachal Pradesh", "samples": 5, "events": 1, "risk_index": 0.2, "severity": "High", "mean_slope_deg": 23.24, "mean_rain_30d_mm": 351.3}}, {"type": "Feature", "geometry": {"type": "Polygon", "coordinates": [[[92.7, 28.3], [92.8, 28.3], [92.8, 28.400000000000002], [92.7, 28.400000000000002], [92.7, 28.3]]]}, "properties": {"cell_id": "927_283", "state": "Arunachal Pradesh", "samples": 4, "events": 0, "risk_index": 0.0, "severity": "Low", "mean_slope_deg": 32.05, "mean_rain_30d_mm": 369.1}}, {"type": "Feature", "geometry": {"type": "Polygon", "coordinates": [[[92.80000000000001, 22.6], [92.9, 22.6], [92.9, 22.700000000000003], [92.80000000000001, 22.700000000000003], [92.80000000000001, 22.6]]]}, "properties": {"cell_id": "928_226", "state": "Mizoram", "samples": 3, "events": 0, "risk_index": 0.0, "severity": "Low", "mean_slope_deg": 22.72, "mean_rain_30d_mm": 300.6}}, {"type": "Feature", "geometry": {"type": "Polygon", "coordinates": [[[92.80000000000001, 22.700000000000003], [92.9, 22.700000000000003], [92.9, 22.800000000000004], [92.80000000000001, 22.800000000000004], [92.80000000000001, 22.700000000000003]]]}, "properties": {"cell_id": "928_227", "state": "Mizoram", "samples": 7, "events": 1, "risk_index": 0.1429, "severity": "High", "mean_slope_deg": 22.67, "mean_rain_30d_mm": 255.4}}, {"type": "Feature", "geometry": {"type": "Polygon", "coordinates": [[[92.80000000000001, 22.8], [92.9, 22.8], [92.9, 22.900000000000002], [92.80000000000001, 22.900000000000002], [92.80000000000001, 22.8]]]}, "properties": {"cell_id": "928_228", "state": "Mizoram", "samples": 9, "events": 1, "risk_index": 0.1111, "severity": "Moderate", "mean_slope_deg": 25.07, "mean_rain_30d_mm": 307.4}}, {"type": "Feature", "geometry": {"type": "Polygon", "coordinates": [[[92.80000000000001, 22.900000000000002], [92.9, 22.900000000000002], [92.9, 23.000000000000004], [92.80000000000001, 23.000000000000004], [92.80000000000001, 22.900000000000002]]]}, "properties": {"cell_id": "928_229", "state": "Mizoram", "samples": 15, "events": 2, "risk_index": 0.1333, "severity": "High", "mean_slope_deg": 27.02, "mean_rain_30d_mm": 299.9}}, {"type": "Feature", "geometry": {"type": "Polygon", "coordinates": [[[92.80000000000001, 23.0], [92.9, 23.0], [92.9, 23.1], [92.80000000000001, 23.1], [92.80000000000001, 23.0]]]}, "properties": {"cell_id": "928_230", "state": "Mizoram", "samples": 25, "events": 2, "risk_index": 0.08, "severity": "Moderate", "mean_slope_deg": 28.65, "mean_rain_30d_mm": 310.4}}, {"type": "Feature", "geometry": {"type": "Polygon", "coordinates": [[[92.80000000000001, 23.1], [92.9, 23.1], [92.9, 23.200000000000003], [92.80000000000001, 23.200000000000003], [92.80000000000001, 23.1]]]}, "properties": {"cell_id": "928_231", "state": "Mizoram", "samples": 32, "events": 6, "risk_index": 0.1875, "severity": "High", "mean_slope_deg": 28.71, "mean_rain_30d_mm": 311.3}}, {"type": "Feature", "geometry": {"type": "Polygon", "coordinates": [[[92.80000000000001, 23.200000000000003], [92.9, 23.200000000000003], [92.9, 23.300000000000004], [92.80000000000001, 23.300000000000004], [92.80000000000001, 23.200000000000003]]]}, "properties": {"cell_id": "928_232", "state": "Mizoram", "samples": 46, "events": 2, "risk_index": 0.0435, "severity": "Moderate", "mean_slope_deg": 24.59, "mean_rain_30d_mm": 314.4}}, {"type": "Feature", "geometry": {"type": "Polygon", "coordinates": [[[92.80000000000001, 23.3], [92.9, 23.3], [92.9, 23.400000000000002], [92.80000000000001, 23.400000000000002], [92.80000000000001, 23.3]]]}, "properties": {"cell_id": "928_233", "state": "Mizoram", "samples": 46, "events": 7, "risk_index": 0.1522, "severity": "High", "mean_slope_deg": 24.55, "mean_rain_30d_mm": 331.2}}, {"type": "Feature", "geometry": {"type": "Polygon", "coordinates": [[[92.80000000000001, 23.400000000000002], [92.9, 23.400000000000002], [92.9, 23.500000000000004], [92.80000000000001, 23.500000000000004], [92.80000000000001, 23.400000000000002]]]}, "properties": {"cell_id": "928_234", "state": "Mizoram", "samples": 51, "events": 3, "risk_index": 0.0588, "severity": "Moderate", "mean_slope_deg": 26.05, "mean_rain_30d_mm": 299.1}}, {"type": "Feature", "geometry": {"type": "Polygon", "coordinates": [[[92.80000000000001, 23.5], [92.9, 23.5], [92.9, 23.6], [92.80000000000001, 23.6], [92.80000000000001, 23.5]]]}, "properties": {"cell_id": "928_235", "state": "Mizoram", "samples": 40, "events": 1, "risk_index": 0.025, "severity": "Moderate", "mean_slope_deg": 24.9, "mean_rain_30d_mm": 310.8}}, {"type": "Feature", "geometry": {"type": "Polygon", "coordinates": [[[92.80000000000001, 23.6], [92.9, 23.6], [92.9, 23.700000000000003], [92.80000000000001, 23.700000000000003], [92.80000000000001, 23.6]]]}, "properties": {"cell_id": "928_236", "state": "Mizoram", "samples": 44, "events": 3, "risk_index": 0.0682, "severity": "Moderate", "mean_slope_deg": 23.38, "mean_rain_30d_mm": 317.0}}, {"type": "Feature", "geometry": {"type": "Polygon", "coordinates": [[[92.80000000000001, 23.700000000000003], [92.9, 23.700000000000003], [92.9, 23.800000000000004], [92.80000000000001, 23.800000000000004], [92.80000000000001, 23.700000000000003]]]}, "properties": {"cell_id": "928_237", "state": "Mizoram", "samples": 24, "events": 2, "risk_index": 0.0833, "severity": "Moderate", "mean_slope_deg": 26.49, "mean_rain_30d_mm": 308.6}}, {"type": "Feature", "geometry": {"type": "Polygon", "coordinates": [[[92.80000000000001, 23.8], [92.9, 23.8], [92.9, 23.900000000000002], [92.80000000000001, 23.900000000000002], [92.80000000000001, 23.8]]]}, "properties": {"cell_id": "928_238", "state": "Mizoram", "samples": 22, "events": 0, "risk_index": 0.0, "severity": "Low", "mean_slope_deg": 22.67, "mean_rain_30d_mm": 345.4}}, {"type": "Feature", "geometry": {"type": "Polygon", "coordinates": [[[92.80000000000001, 23.900000000000002], [92.9, 23.900000000000002], [92.9, 24.000000000000004], [92.80000000000001, 24.000000000000004], [92.80000000000001, 23.900000000000002]]]}, "properties": {"cell_id": "928_239", "state": "Mizoram", "samples": 5, "events": 0, "risk_index": 0.0, "severity": "Low", "mean_slope_deg": 26.36, "mean_rain_30d_mm": 234.6}}, {"type": "Feature", "geometry": {"type": "Polygon", "coordinates": [[[92.80000000000001, 24.0], [92.9, 24.0], [92.9, 24.1], [92.80000000000001, 24.1], [92.80000000000001, 24.0]]]}, "properties": {"cell_id": "928_240", "state": "Mizoram", "samples": 5, "events": 2, "risk_index": 0.4, "severity": "Very High", "mean_slope_deg": 36.08, "mean_rain_30d_mm": 258.2}}, {"type": "Feature", "geometry": {"type": "Polygon", "coordinates": [[[92.80000000000001, 24.1], [92.9, 24.1], [92.9, 24.200000000000003], [92.80000000000001, 24.200000000000003], [92.80000000000001, 24.1]]]}, "properties": {"cell_id": "928_241", "state": "Mizoram", "samples": 3, "events": 0, "risk_index": 0.0, "severity": "Low", "mean_slope_deg": 19.66, "mean_rain_30d_mm": 248.1}}, {"type": "Feature", "geometry": {"type": "Polygon", "coordinates": [[[92.80000000000001, 25.900000000000002], [92.9, 25.900000000000002], [92.9, 26.000000000000004], [92.80000000000001, 26.000000000000004], [92.80000000000001, 25.900000000000002]]]}, "properties": {"cell_id": "928_259", "state": "Assam", "samples": 4, "events": 0, "risk_index": 0.0, "severity": "Low", "mean_slope_deg": 4.73, "mean_rain_30d_mm": 289.9}}, {"type": "Feature", "geometry": {"type": "Polygon", "coordinates": [[[92.80000000000001, 26.0], [92.9, 26.0], [92.9, 26.1], [92.80000000000001, 26.1], [92.80000000000001, 26.0]]]}, "properties": {"cell_id": "928_260", "state": "Assam", "samples": 5, "events": 1, "risk_index": 0.2, "severity": "High", "mean_slope_deg": 3.18, "mean_rain_30d_mm": 331.8}}, {"type": "Feature", "geometry": {"type": "Polygon", "coordinates": [[[92.80000000000001, 26.1], [92.9, 26.1], [92.9, 26.200000000000003], [92.80000000000001, 26.200000000000003], [92.80000000000001, 26.1]]]}, "properties": {"cell_id": "928_261", "state": "Assam", "samples": 3, "events": 0, "risk_index": 0.0, "severity": "Low", "mean_slope_deg": 2.84, "mean_rain_30d_mm": 339.1}}, {"type": "Feature", "geometry": {"type": "Polygon", "coordinates": [[[92.80000000000001, 26.200000000000003], [92.9, 26.200000000000003], [92.9, 26.300000000000004], [92.80000000000001, 26.300000000000004], [92.80000000000001, 26.200000000000003]]]}, "properties": {"cell_id": "928_262", "state": "Assam", "samples": 5, "events": 0, "risk_index": 0.0, "severity": "Low", "mean_slope_deg": 3.55, "mean_rain_30d_mm": 361.0}}, {"type": "Feature", "geometry": {"type": "Polygon", "coordinates": [[[92.80000000000001, 26.3], [92.9, 26.3], [92.9, 26.400000000000002], [92.80000000000001, 26.400000000000002], [92.80000000000001, 26.3]]]}, "properties": {"cell_id": "928_263", "state": "Assam", "samples": 6, "events": 0, "risk_index": 0.0, "severity": "Low", "mean_slope_deg": 5.95, "mean_rain_30d_mm": 341.4}}, {"type": "Feature", "geometry": {"type": "Polygon", "coordinates": [[[92.80000000000001, 26.400000000000002], [92.9, 26.400000000000002], [92.9, 26.500000000000004], [92.80000000000001, 26.500000000000004], [92.80000000000001, 26.400000000000002]]]}, "properties": {"cell_id": "928_264", "state": "Assam", "samples": 3, "events": 0, "risk_index": 0.0, "severity": "Low", "mean_slope_deg": 3.8, "mean_rain_30d_mm": 271.6}}, {"type": "Feature", "geometry": {"type": "Polygon", "coordinates": [[[92.80000000000001, 26.5], [92.9, 26.5], [92.9, 26.6], [92.80000000000001, 26.6], [92.80000000000001, 26.5]]]}, "properties": {"cell_id": "928_265", "state": "Assam", "samples": 5, "events": 0, "risk_index": 0.0, "severity": "Low", "mean_slope_deg": 3.09, "mean_rain_30d_mm": 348.7}}, {"type": "Feature", "geometry": {"type": "Polygon", "coordinates": [[[92.80000000000001, 26.6], [92.9, 26.6], [92.9, 26.700000000000003], [92.80000000000001, 26.700000000000003], [92.80000000000001, 26.6]]]}, "properties": {"cell_id": "928_266", "state": "Assam", "samples": 4, "events": 0, "risk_index": 0.0, "severity": "Low", "mean_slope_deg": 5.48, "mean_rain_30d_mm": 301.8}}, {"type": "Feature", "geometry": {"type": "Polygon", "coordinates": [[[92.80000000000001, 26.700000000000003], [92.9, 26.700000000000003], [92.9, 26.800000000000004], [92.80000000000001, 26.800000000000004], [92.80000000000001, 26.700000000000003]]]}, "properties": {"cell_id": "928_267", "state": "Assam", "samples": 3, "events": 0, "risk_index": 0.0, "severity": "Low", "mean_slope_deg": 3.27, "mean_rain_30d_mm": 295.3}}, {"type": "Feature", "geometry": {"type": "Polygon", "coordinates": [[[92.80000000000001, 27.6], [92.9, 27.6], [92.9, 27.700000000000003], [92.80000000000001, 27.700000000000003], [92.80000000000001, 27.6]]]}, "properties": {"cell_id": "928_276", "state": "Arunachal Pradesh", "samples": 7, "events": 0, "risk_index": 0.0, "severity": "Low", "mean_slope_deg": 22.36, "mean_rain_30d_mm": 325.9}}, {"type": "Feature", "geometry": {"type": "Polygon", "coordinates": [[[92.80000000000001, 27.700000000000003], [92.9, 27.700000000000003], [92.9, 27.800000000000004], [92.80000000000001, 27.800000000000004], [92.80000000000001, 27.700000000000003]]]}, "properties": {"cell_id": "928_277", "state": "Arunachal Pradesh", "samples": 4, "events": 0, "risk_index": 0.0, "severity": "Low", "mean_slope_deg": 25.67, "mean_rain_30d_mm": 294.6}}, {"type": "Feature", "geometry": {"type": "Polygon", "coordinates": [[[92.80000000000001, 27.8], [92.9, 27.8], [92.9, 27.900000000000002], [92.80000000000001, 27.900000000000002], [92.80000000000001, 27.8]]]}, "properties": {"cell_id": "928_278", "state": "Arunachal Pradesh", "samples": 6, "events": 2, "risk_index": 0.3333, "severity": "Very High", "mean_slope_deg": 25.09, "mean_rain_30d_mm": 332.9}}, {"type": "Feature", "geometry": {"type": "Polygon", "coordinates": [[[92.80000000000001, 27.900000000000002], [92.9, 27.900000000000002], [92.9, 28.000000000000004], [92.80000000000001, 28.000000000000004], [92.80000000000001, 27.900000000000002]]]}, "properties": {"cell_id": "928_279", "state": "Arunachal Pradesh", "samples": 9, "events": 1, "risk_index": 0.1111, "severity": "Moderate", "mean_slope_deg": 21.83, "mean_rain_30d_mm": 311.5}}, {"type": "Feature", "geometry": {"type": "Polygon", "coordinates": [[[92.80000000000001, 28.0], [92.9, 28.0], [92.9, 28.1], [92.80000000000001, 28.1], [92.80000000000001, 28.0]]]}, "properties": {"cell_id": "928_280", "state": "Arunachal Pradesh", "samples": 5, "events": 2, "risk_index": 0.4, "severity": "Very High", "mean_slope_deg": 20.13, "mean_rain_30d_mm": 348.8}}, {"type": "Feature", "geometry": {"type": "Polygon", "coordinates": [[[92.80000000000001, 28.1], [92.9, 28.1], [92.9, 28.200000000000003], [92.80000000000001, 28.200000000000003], [92.80000000000001, 28.1]]]}, "properties": {"cell_id": "928_281", "state": "Arunachal Pradesh", "samples": 7, "events": 0, "risk_index": 0.0, "severity": "Low", "mean_slope_deg": 20.79, "mean_rain_30d_mm": 309.3}}, {"type": "Feature", "geometry": {"type": "Polygon", "coordinates": [[[92.80000000000001, 28.200000000000003], [92.9, 28.200000000000003], [92.9, 28.300000000000004], [92.80000000000001, 28.300000000000004], [92.80000000000001, 28.200000000000003]]]}, "properties": {"cell_id": "928_282", "state": "Arunachal Pradesh", "samples": 5, "events": 1, "risk_index": 0.2, "severity": "High", "mean_slope_deg": 32.99, "mean_rain_30d_mm": 349.9}}, {"type": "Feature", "geometry": {"type": "Polygon", "coordinates": [[[92.80000000000001, 28.3], [92.9, 28.3], [92.9, 28.400000000000002], [92.80000000000001, 28.400000000000002], [92.80000000000001, 28.3]]]}, "properties": {"cell_id": "928_283", "state": "Arunachal Pradesh", "samples": 4, "events": 0, "risk_index": 0.0, "severity": "Low", "mean_slope_deg": 31.34, "mean_rain_30d_mm": 317.9}}, {"type": "Feature", "geometry": {"type": "Polygon", "coordinates": [[[92.80000000000001, 28.5], [92.9, 28.5], [92.9, 28.6], [92.80000000000001, 28.6], [92.80000000000001, 28.5]]]}, "properties": {"cell_id": "928_285", "state": "Arunachal Pradesh", "samples": 3, "events": 0, "risk_index": 0.0, "severity": "Low", "mean_slope_deg": 28.86, "mean_rain_30d_mm": 327.5}}, {"type": "Feature", "geometry": {"type": "Polygon", "coordinates": [[[92.9, 22.8], [93.0, 22.8], [93.0, 22.900000000000002], [92.9, 22.900000000000002], [92.9, 22.8]]]}, "properties": {"cell_id": "929_228", "state": "Mizoram", "samples": 7, "events": 3, "risk_index": 0.4286, "severity": "Very High", "mean_slope_deg": 32.35, "mean_rain_30d_mm": 321.4}}, {"type": "Feature", "geometry": {"type": "Polygon", "coordinates": [[[92.9, 22.900000000000002], [93.0, 22.900000000000002], [93.0, 23.000000000000004], [92.9, 23.000000000000004], [92.9, 22.900000000000002]]]}, "properties": {"cell_id": "929_229", "state": "Mizoram", "samples": 8, "events": 0, "risk_index": 0.0, "severity": "Low", "mean_slope_deg": 22.35, "mean_rain_30d_mm": 269.8}}, {"type": "Feature", "geometry": {"type": "Polygon", "coordinates": [[[92.9, 23.0], [93.0, 23.0], [93.0, 23.1], [92.9, 23.1], [92.9, 23.0]]]}, "properties": {"cell_id": "929_230", "state": "Mizoram", "samples": 16, "events": 1, "risk_index": 0.0625, "severity": "Moderate", "mean_slope_deg": 27.22, "mean_rain_30d_mm": 308.0}}, {"type": "Feature", "geometry": {"type": "Polygon", "coordinates": [[[92.9, 23.1], [93.0, 23.1], [93.0, 23.200000000000003], [92.9, 23.200000000000003], [92.9, 23.1]]]}, "properties": {"cell_id": "929_231", "state": "Mizoram", "samples": 33, "events": 5, "risk_index": 0.1515, "severity": "High", "mean_slope_deg": 24.52, "mean_rain_30d_mm": 340.3}}, {"type": "Feature", "geometry": {"type": "Polygon", "coordinates": [[[92.9, 23.200000000000003], [93.0, 23.200000000000003], [93.0, 23.300000000000004], [92.9, 23.300000000000004], [92.9, 23.200000000000003]]]}, "properties": {"cell_id": "929_232", "state": "Mizoram", "samples": 33, "events": 1, "risk_index": 0.0303, "severity": "Moderate", "mean_slope_deg": 23.04, "mean_rain_30d_mm": 343.1}}, {"type": "Feature", "geometry": {"type": "Polygon", "coordinates": [[[92.9, 23.3], [93.0, 23.3], [93.0, 23.400000000000002], [92.9, 23.400000000000002], [92.9, 23.3]]]}, "properties": {"cell_id": "929_233", "state": "Mizoram", "samples": 27, "events": 2, "risk_index": 0.0741, "severity": "Moderate", "mean_slope_deg": 25.71, "mean_rain_30d_mm": 345.3}}, {"type": "Feature", "geometry": {"type": "Polygon", "coordinates": [[[92.9, 23.400000000000002], [93.0, 23.400000000000002], [93.0, 23.500000000000004], [92.9, 23.500000000000004], [92.9, 23.400000000000002]]]}, "properties": {"cell_id": "929_234", "state": "Mizoram", "samples": 48, "events": 5, "risk_index": 0.1042, "severity": "Moderate", "mean_slope_deg": 26.11, "mean_rain_30d_mm": 328.9}}, {"type": "Feature", "geometry": {"type": "Polygon", "coordinates": [[[92.9, 23.5], [93.0, 23.5], [93.0, 23.6], [92.9, 23.6], [92.9, 23.5]]]}, "properties": {"cell_id": "929_235", "state": "Mizoram", "samples": 33, "events": 5, "risk_index": 0.1515, "severity": "High", "mean_slope_deg": 28.33, "mean_rain_30d_mm": 356.4}}, {"type": "Feature", "geometry": {"type": "Polygon", "coordinates": [[[92.9, 23.6], [93.0, 23.6], [93.0, 23.700000000000003], [92.9, 23.700000000000003], [92.9, 23.6]]]}, "properties": {"cell_id": "929_236", "state": "Mizoram", "samples": 32, "events": 4, "risk_index": 0.125, "severity": "High", "mean_slope_deg": 26.16, "mean_rain_30d_mm": 330.6}}, {"type": "Feature", "geometry": {"type": "Polygon", "coordinates": [[[92.9, 23.700000000000003], [93.0, 23.700000000000003], [93.0, 23.800000000000004], [92.9, 23.800000000000004], [92.9, 23.700000000000003]]]}, "properties": {"cell_id": "929_237", "state": "Mizoram", "samples": 21, "events": 3, "risk_index": 0.1429, "severity": "High", "mean_slope_deg": 20.95, "mean_rain_30d_mm": 314.9}}, {"type": "Feature", "geometry": {"type": "Polygon", "coordinates": [[[92.9, 23.8], [93.0, 23.8], [93.0, 23.900000000000002], [92.9, 23.900000000000002], [92.9, 23.8]]]}, "properties": {"cell_id": "929_238", "state": "Mizoram", "samples": 18, "events": 2, "risk_index": 0.1111, "severity": "Moderate", "mean_slope_deg": 25.97, "mean_rain_30d_mm": 298.4}}, {"type": "Feature", "geometry": {"type": "Polygon", "coordinates": [[[92.9, 23.900000000000002], [93.0, 23.900000000000002], [93.0, 24.000000000000004], [92.9, 24.000000000000004], [92.9, 23.900000000000002]]]}, "properties": {"cell_id": "929_239", "state": "Mizoram", "samples": 7, "events": 1, "risk_index": 0.1429, "severity": "High", "mean_slope_deg": 28.76, "mean_rain_30d_mm": 355.1}}, {"type": "Feature", "geometry": {"type": "Polygon", "coordinates": [[[92.9, 26.0], [93.0, 26.0], [93.0, 26.1], [92.9, 26.1], [92.9, 26.0]]]}, "properties": {"cell_id": "929_260", "state": "Assam", "samples": 6, "events": 0, "risk_index": 0.0, "severity": "Low", "mean_slope_deg": 5.7, "mean_rain_30d_mm": 383.4}}, {"type": "Feature", "geometry": {"type": "Polygon", "coordinates": [[[92.9, 26.1], [93.0, 26.1], [93.0, 26.200000000000003], [92.9, 26.200000000000003], [92.9, 26.1]]]}, "properties": {"cell_id": "929_261", "state": "Assam", "samples": 3, "events": 0, "risk_index": 0.0, "severity": "Low", "mean_slope_deg": 3.9, "mean_rain_30d_mm": 361.9}}, {"type": "Feature", "geometry": {"type": "Polygon", "coordinates": [[[92.9, 26.3], [93.0, 26.3], [93.0, 26.400000000000002], [92.9, 26.400000000000002], [92.9, 26.3]]]}, "properties": {"cell_id": "929_263", "state": "Assam", "samples": 6, "events": 0, "risk_index": 0.0, "severity": "Low", "mean_slope_deg": 2.96, "mean_rain_30d_mm": 308.2}}, {"type": "Feature", "geometry": {"type": "Polygon", "coordinates": [[[92.9, 26.400000000000002], [93.0, 26.400000000000002], [93.0, 26.500000000000004], [92.9, 26.500000000000004], [92.9, 26.400000000000002]]]}, "properties": {"cell_id": "929_264", "state": "Assam", "samples": 3, "events": 0, "risk_index": 0.0, "severity": "Low", "mean_slope_deg": 3.83, "mean_rain_30d_mm": 265.2}}, {"type": "Feature", "geometry": {"type": "Polygon", "coordinates": [[[92.9, 26.700000000000003], [93.0, 26.700000000000003], [93.0, 26.800000000000004], [92.9, 26.800000000000004], [92.9, 26.700000000000003]]]}, "properties": {"cell_id": "929_267", "state": "Assam", "samples": 3, "events": 0, "risk_index": 0.0, "severity": "Low", "mean_slope_deg": 3.33, "mean_rain_30d_mm": 368.1}}, {"type": "Feature", "geometry": {"type": "Polygon", "coordinates": [[[92.9, 27.5], [93.0, 27.5], [93.0, 27.6], [92.9, 27.6], [92.9, 27.5]]]}, "properties": {"cell_id": "929_275", "state": "Arunachal Pradesh", "samples": 6, "events": 0, "risk_index": 0.0, "severity": "Low", "mean_slope_deg": 17.09, "mean_rain_30d_mm": 399.8}}, {"type": "Feature", "geometry": {"type": "Polygon", "coordinates": [[[92.9, 27.6], [93.0, 27.6], [93.0, 27.700000000000003], [92.9, 27.700000000000003], [92.9, 27.6]]]}, "properties": {"cell_id": "929_276", "state": "Arunachal Pradesh", "samples": 6, "events": 0, "risk_index": 0.0, "severity": "Low", "mean_slope_deg": 22.11, "mean_rain_30d_mm": 266.3}}, {"type": "Feature", "geometry": {"type": "Polygon", "coordinates": [[[92.9, 27.700000000000003], [93.0, 27.700000000000003], [93.0, 27.800000000000004], [92.9, 27.800000000000004], [92.9, 27.700000000000003]]]}, "properties": {"cell_id": "929_277", "state": "Arunachal Pradesh", "samples": 4, "events": 0, "risk_index": 0.0, "severity": "Low", "mean_slope_deg": 32.15, "mean_rain_30d_mm": 292.9}}, {"type": "Feature", "geometry": {"type": "Polygon", "coordinates": [[[92.9, 27.8], [93.0, 27.8], [93.0, 27.900000000000002], [92.9, 27.900000000000002], [92.9, 27.8]]]}, "properties": {"cell_id": "929_278", "state": "Arunachal Pradesh", "samples": 7, "events": 1, "risk_index": 0.1429, "severity": "High", "mean_slope_deg": 23.28, "mean_rain_30d_mm": 333.4}}, {"type": "Feature", "geometry": {"type": "Polygon", "coordinates": [[[92.9, 27.900000000000002], [93.0, 27.900000000000002], [93.0, 28.000000000000004], [92.9, 28.000000000000004], [92.9, 27.900000000000002]]]}, "properties": {"cell_id": "929_279", "state": "Arunachal Pradesh", "samples": 12, "events": 2, "risk_index": 0.1667, "severity": "High", "mean_slope_deg": 26.52, "mean_rain_30d_mm": 316.9}}, {"type": "Feature", "geometry": {"type": "Polygon", "coordinates": [[[92.9, 28.0], [93.0, 28.0], [93.0, 28.1], [92.9, 28.1], [92.9, 28.0]]]}, "properties": {"cell_id": "929_280", "state": "Arunachal Pradesh", "samples": 10, "events": 0, "risk_index": 0.0, "severity": "Low", "mean_slope_deg": 17.89, "mean_rain_30d_mm": 304.4}}, {"type": "Feature", "geometry": {"type": "Polygon", "coordinates": [[[92.9, 28.1], [93.0, 28.1], [93.0, 28.200000000000003], [92.9, 28.200000000000003], [92.9, 28.1]]]}, "properties": {"cell_id": "929_281", "state": "Arunachal Pradesh", "samples": 5, "events": 0, "risk_index": 0.0, "severity": "Low", "mean_slope_deg": 23.45, "mean_rain_30d_mm": 353.1}}, {"type": "Feature", "geometry": {"type": "Polygon", "coordinates": [[[92.9, 28.200000000000003], [93.0, 28.200000000000003], [93.0, 28.300000000000004], [92.9, 28.300000000000004], [92.9, 28.200000000000003]]]}, "properties": {"cell_id": "929_282", "state": "Arunachal Pradesh", "samples": 9, "events": 1, "risk_index": 0.1111, "severity": "Moderate", "mean_slope_deg": 14.45, "mean_rain_30d_mm": 318.7}}, {"type": "Feature", "geometry": {"type": "Polygon", "coordinates": [[[93.0, 22.700000000000003], [93.1, 22.700000000000003], [93.1, 22.800000000000004], [93.0, 22.800000000000004], [93.0, 22.700000000000003]]]}, "properties": {"cell_id": "930_227", "state": "Mizoram", "samples": 3, "events": 0, "risk_index": 0.0, "severity": "Low", "mean_slope_deg": 20.16, "mean_rain_30d_mm": 326.6}}, {"type": "Feature", "geometry": {"type": "Polygon", "coordinates": [[[93.0, 22.8], [93.1, 22.8], [93.1, 22.900000000000002], [93.0, 22.900000000000002], [93.0, 22.8]]]}, "properties": {"cell_id": "930_228", "state": "Mizoram", "samples": 5, "events": 2, "risk_index": 0.4, "severity": "Very High", "mean_slope_deg": 25.67, "mean_rain_30d_mm": 365.1}}, {"type": "Feature", "geometry": {"type": "Polygon", "coordinates": [[[93.0, 22.900000000000002], [93.1, 22.900000000000002], [93.1, 23.000000000000004], [93.0, 23.000000000000004], [93.0, 22.900000000000002]]]}, "properties": {"cell_id": "930_229", "state": "Mizoram", "samples": 5, "events": 1, "risk_index": 0.2, "severity": "High", "mean_slope_deg": 26.27, "mean_rain_30d_mm": 241.5}}, {"type": "Feature", "geometry": {"type": "Polygon", "coordinates": [[[93.0, 23.0], [93.1, 23.0], [93.1, 23.1], [93.0, 23.1], [93.0, 23.0]]]}, "properties": {"cell_id": "930_230", "state": "Mizoram", "samples": 14, "events": 1, "risk_index": 0.0714, "severity": "Moderate", "mean_slope_deg": 24.02, "mean_rain_30d_mm": 300.6}}, {"type": "Feature", "geometry": {"type": "Polygon", "coordinates": [[[93.0, 23.1], [93.1, 23.1], [93.1, 23.200000000000003], [93.0, 23.200000000000003], [93.0, 23.1]]]}, "properties": {"cell_id": "930_231", "state": "Mizoram", "samples": 10, "events": 1, "risk_index": 0.1, "severity": "Moderate", "mean_slope_deg": 25.58, "mean_rain_30d_mm": 396.1}}, {"type": "Feature", "geometry": {"type": "Polygon", "coordinates": [[[93.0, 23.200000000000003], [93.1, 23.200000000000003], [93.1, 23.300000000000004], [93.0, 23.300000000000004], [93.0, 23.200000000000003]]]}, "properties": {"cell_id": "930_232", "state": "Mizoram", "samples": 19, "events": 2, "risk_index": 0.1053, "severity": "Moderate", "mean_slope_deg": 26.19, "mean_rain_30d_mm": 321.4}}, {"type": "Feature", "geometry": {"type": "Polygon", "coordinates": [[[93.0, 23.3], [93.1, 23.3], [93.1, 23.400000000000002], [93.0, 23.400000000000002], [93.0, 23.3]]]}, "properties": {"cell_id": "930_233", "state": "Mizoram", "samples": 24, "events": 1, "risk_index": 0.0417, "severity": "Moderate", "mean_slope_deg": 22.96, "mean_rain_30d_mm": 317.3}}, {"type": "Feature", "geometry": {"type": "Polygon", "coordinates": [[[93.0, 23.400000000000002], [93.1, 23.400000000000002], [93.1, 23.500000000000004], [93.0, 23.500000000000004], [93.0, 23.400000000000002]]]}, "properties": {"cell_id": "930_234", "state": "Mizoram", "samples": 26, "events": 2, "risk_index": 0.0769, "severity": "Moderate", "mean_slope_deg": 25.78, "mean_rain_30d_mm": 318.1}}, {"type": "Feature", "geometry": {"type": "Polygon", "coordinates": [[[93.0, 23.5], [93.1, 23.5], [93.1, 23.6], [93.0, 23.6], [93.0, 23.5]]]}, "properties": {"cell_id": "930_235", "state": "Mizoram", "samples": 21, "events": 0, "risk_index": 0.0, "severity": "Low", "mean_slope_deg": 20.09, "mean_rain_30d_mm": 282.1}}, {"type": "Feature", "geometry": {"type": "Polygon", "coordinates": [[[93.0, 23.6], [93.1, 23.6], [93.1, 23.700000000000003], [93.0, 23.700000000000003], [93.0, 23.6]]]}, "properties": {"cell_id": "930_236", "state": "Mizoram", "samples": 19, "events": 1, "risk_index": 0.0526, "severity": "Moderate", "mean_slope_deg": 24.71, "mean_rain_30d_mm": 263.0}}, {"type": "Feature", "geometry": {"type": "Polygon", "coordinates": [[[93.0, 23.700000000000003], [93.1, 23.700000000000003], [93.1, 23.800000000000004], [93.0, 23.800000000000004], [93.0, 23.700000000000003]]]}, "properties": {"cell_id": "930_237", "state": "Mizoram", "samples": 13, "events": 2, "risk_index": 0.1538, "severity": "High", "mean_slope_deg": 22.88, "mean_rain_30d_mm": 347.8}}, {"type": "Feature", "geometry": {"type": "Polygon", "coordinates": [[[93.0, 23.8], [93.1, 23.8], [93.1, 23.900000000000002], [93.0, 23.900000000000002], [93.0, 23.8]]]}, "properties": {"cell_id": "930_238", "state": "Mizoram", "samples": 9, "events": 2, "risk_index": 0.2222, "severity": "Very High", "mean_slope_deg": 23.37, "mean_rain_30d_mm": 333.9}}, {"type": "Feature", "geometry": {"type": "Polygon", "coordinates": [[[93.0, 23.900000000000002], [93.1, 23.900000000000002], [93.1, 24.000000000000004], [93.0, 24.000000000000004], [93.0, 23.900000000000002]]]}, "properties": {"cell_id": "930_239", "state": "Mizoram", "samples": 3, "events": 0, "risk_index": 0.0, "severity": "Low", "mean_slope_deg": 11.46, "mean_rain_30d_mm": 348.3}}, {"type": "Feature", "geometry": {"type": "Polygon", "coordinates": [[[93.0, 24.1], [93.1, 24.1], [93.1, 24.200000000000003], [93.0, 24.200000000000003], [93.0, 24.1]]]}, "properties": {"cell_id": "930_241", "state": "Mizoram", "samples": 3, "events": 0, "risk_index": 0.0, "severity": "Low", "mean_slope_deg": 24.61, "mean_rain_30d_mm": 413.8}}, {"type": "Feature", "geometry": {"type": "Polygon", "coordinates": [[[93.0, 26.0], [93.1, 26.0], [93.1, 26.1], [93.0, 26.1], [93.0, 26.0]]]}, "properties": {"cell_id": "930_260", "state": "Assam", "samples": 4, "events": 0, "risk_index": 0.0, "severity": "Low", "mean_slope_deg": 4.83, "mean_rain_30d_mm": 319.6}}, {"type": "Feature", "geometry": {"type": "Polygon", "coordinates": [[[93.0, 26.1], [93.1, 26.1], [93.1, 26.200000000000003], [93.0, 26.200000000000003], [93.0, 26.1]]]}, "properties": {"cell_id": "930_261", "state": "Assam", "samples": 6, "events": 1, "risk_index": 0.1667, "severity": "High", "mean_slope_deg": 4.77, "mean_rain_30d_mm": 270.2}}, {"type": "Feature", "geometry": {"type": "Polygon", "coordinates": [[[93.0, 26.200000000000003], [93.1, 26.200000000000003], [93.1, 26.300000000000004], [93.0, 26.300000000000004], [93.0, 26.200000000000003]]]}, "properties": {"cell_id": "930_262", "state": "Assam", "samples": 8, "events": 0, "risk_index": 0.0, "severity": "Low", "mean_slope_deg": 4.16, "mean_rain_30d_mm": 319.2}}, {"type": "Feature", "geometry": {"type": "Polygon", "coordinates": [[[93.0, 26.3], [93.1, 26.3], [93.1, 26.400000000000002], [93.0, 26.400000000000002], [93.0, 26.3]]]}, "properties": {"cell_id": "930_263", "state": "Assam", "samples": 3, "events": 0, "risk_index": 0.0, "severity": "Low", "mean_slope_deg": 2.81, "mean_rain_30d_mm": 298.3}}, {"type": "Feature", "geometry": {"type": "Polygon", "coordinates": [[[93.0, 26.5], [93.1, 26.5], [93.1, 26.6], [93.0, 26.6], [93.0, 26.5]]]}, "properties": {"cell_id": "930_265", "state": "Assam", "samples": 3, "events": 0, "risk_index": 0.0, "severity": "Low", "mean_slope_deg": 7.44, "mean_rain_30d_mm": 330.0}}, {"type": "Feature", "geometry": {"type": "Polygon", "coordinates": [[[93.0, 27.400000000000002], [93.1, 27.400000000000002], [93.1, 27.500000000000004], [93.0, 27.500000000000004], [93.0, 27.400000000000002]]]}, "properties": {"cell_id": "930_274", "state": "Arunachal Pradesh", "samples": 3, "events": 0, "risk_index": 0.0, "severity": "Low", "mean_slope_deg": 37.18, "mean_rain_30d_mm": 379.7}}, {"type": "Feature", "geometry": {"type": "Polygon", "coordinates": [[[93.0, 27.6], [93.1, 27.6], [93.1, 27.700000000000003], [93.0, 27.700000000000003], [93.0, 27.6]]]}, "properties": {"cell_id": "930_276", "state": "Arunachal Pradesh", "samples": 5, "events": 1, "risk_index": 0.2, "severity": "High", "mean_slope_deg": 34.87, "mean_rain_30d_mm": 358.2}}, {"type": "Feature", "geometry": {"type": "Polygon", "coordinates": [[[93.0, 27.700000000000003], [93.1, 27.700000000000003], [93.1, 27.800000000000004], [93.0, 27.800000000000004], [93.0, 27.700000000000003]]]}, "properties": {"cell_id": "930_277", "state": "Arunachal Pradesh", "samples": 9, "events": 0, "risk_index": 0.0, "severity": "Low", "mean_slope_deg": 21.46, "mean_rain_30d_mm": 345.4}}, {"type": "Feature", "geometry": {"type": "Polygon", "coordinates": [[[93.0, 27.8], [93.1, 27.8], [93.1, 27.900000000000002], [93.0, 27.900000000000002], [93.0, 27.8]]]}, "properties": {"cell_id": "930_278", "state": "Arunachal Pradesh", "samples": 6, "events": 1, "risk_index": 0.1667, "severity": "High", "mean_slope_deg": 28.68, "mean_rain_30d_mm": 308.7}}, {"type": "Feature", "geometry": {"type": "Polygon", "coordinates": [[[93.0, 27.900000000000002], [93.1, 27.900000000000002], [93.1, 28.000000000000004], [93.0, 28.000000000000004], [93.0, 27.900000000000002]]]}, "properties": {"cell_id": "930_279", "state": "Arunachal Pradesh", "samples": 12, "events": 0, "risk_index": 0.0, "severity": "Low", "mean_slope_deg": 25.41, "mean_rain_30d_mm": 332.1}}, {"type": "Feature", "geometry": {"type": "Polygon", "coordinates": [[[93.0, 28.0], [93.1, 28.0], [93.1, 28.1], [93.0, 28.1], [93.0, 28.0]]]}, "properties": {"cell_id": "930_280", "state": "Arunachal Pradesh", "samples": 12, "events": 1, "risk_index": 0.0833, "severity": "Moderate", "mean_slope_deg": 24.52, "mean_rain_30d_mm": 331.8}}, {"type": "Feature", "geometry": {"type": "Polygon", "coordinates": [[[93.0, 28.1], [93.1, 28.1], [93.1, 28.200000000000003], [93.0, 28.200000000000003], [93.0, 28.1]]]}, "properties": {"cell_id": "930_281", "state": "Arunachal Pradesh", "samples": 10, "events": 1, "risk_index": 0.1, "severity": "Moderate", "mean_slope_deg": 26.71, "mean_rain_30d_mm": 330.0}}, {"type": "Feature", "geometry": {"type": "Polygon", "coordinates": [[[93.0, 28.200000000000003], [93.1, 28.200000000000003], [93.1, 28.300000000000004], [93.0, 28.300000000000004], [93.0, 28.200000000000003]]]}, "properties": {"cell_id": "930_282", "state": "Arunachal Pradesh", "samples": 5, "events": 2, "risk_index": 0.4, "severity": "Very High", "mean_slope_deg": 20.33, "mean_rain_30d_mm": 365.8}}, {"type": "Feature", "geometry": {"type": "Polygon", "coordinates": [[[93.0, 28.3], [93.1, 28.3], [93.1, 28.400000000000002], [93.0, 28.400000000000002], [93.0, 28.3]]]}, "properties": {"cell_id": "930_283", "state": "Arunachal Pradesh", "samples": 4, "events": 0, "risk_index": 0.0, "severity": "Low", "mean_slope_deg": 14.8, "mean_rain_30d_mm": 264.9}}, {"type": "Feature", "geometry": {"type": "Polygon", "coordinates": [[[93.10000000000001, 22.8], [93.2, 22.8], [93.2, 22.900000000000002], [93.10000000000001, 22.900000000000002], [93.10000000000001, 22.8]]]}, "properties": {"cell_id": "931_228", "state": "Mizoram", "samples": 3, "events": 0, "risk_index": 0.0, "severity": "Low", "mean_slope_deg": 20.28, "mean_rain_30d_mm": 315.5}}, {"type": "Feature", "geometry": {"type": "Polygon", "coordinates": [[[93.10000000000001, 23.0], [93.2, 23.0], [93.2, 23.1], [93.10000000000001, 23.1], [93.10000000000001, 23.0]]]}, "properties": {"cell_id": "931_230", "state": "Mizoram", "samples": 5, "events": 1, "risk_index": 0.2, "severity": "High", "mean_slope_deg": 36.23, "mean_rain_30d_mm": 300.5}}, {"type": "Feature", "geometry": {"type": "Polygon", "coordinates": [[[93.10000000000001, 23.1], [93.2, 23.1], [93.2, 23.200000000000003], [93.10000000000001, 23.200000000000003], [93.10000000000001, 23.1]]]}, "properties": {"cell_id": "931_231", "state": "Mizoram", "samples": 9, "events": 0, "risk_index": 0.0, "severity": "Low", "mean_slope_deg": 20.54, "mean_rain_30d_mm": 281.8}}, {"type": "Feature", "geometry": {"type": "Polygon", "coordinates": [[[93.10000000000001, 23.200000000000003], [93.2, 23.200000000000003], [93.2, 23.300000000000004], [93.10000000000001, 23.300000000000004], [93.10000000000001, 23.200000000000003]]]}, "properties": {"cell_id": "931_232", "state": "Mizoram", "samples": 11, "events": 1, "risk_index": 0.0909, "severity": "Moderate", "mean_slope_deg": 23.91, "mean_rain_30d_mm": 318.1}}, {"type": "Feature", "geometry": {"type": "Polygon", "coordinates": [[[93.10000000000001, 23.3], [93.2, 23.3], [93.2, 23.400000000000002], [93.10000000000001, 23.400000000000002], [93.10000000000001, 23.3]]]}, "properties": {"cell_id": "931_233", "state": "Mizoram", "samples": 15, "events": 3, "risk_index": 0.2, "severity": "High", "mean_slope_deg": 21.46, "mean_rain_30d_mm": 380.9}}, {"type": "Feature", "geometry": {"type": "Polygon", "coordinates": [[[93.10000000000001, 23.400000000000002], [93.2, 23.400000000000002], [93.2, 23.500000000000004], [93.10000000000001, 23.500000000000004], [93.10000000000001, 23.400000000000002]]]}, "properties": {"cell_id": "931_234", "state": "Mizoram", "samples": 14, "events": 0, "risk_index": 0.0, "severity": "Low", "mean_slope_deg": 26.95, "mean_rain_30d_mm": 324.8}}, {"type": "Feature", "geometry": {"type": "Polygon", "coordinates": [[[93.10000000000001, 23.5], [93.2, 23.5], [93.2, 23.6], [93.10000000000001, 23.6], [93.10000000000001, 23.5]]]}, "properties": {"cell_id": "931_235", "state": "Mizoram", "samples": 7, "events": 1, "risk_index": 0.1429, "severity": "High", "mean_slope_deg": 26.94, "mean_rain_30d_mm": 288.1}}, {"type": "Feature", "geometry": {"type": "Polygon", "coordinates": [[[93.10000000000001, 23.6], [93.2, 23.6], [93.2, 23.700000000000003], [93.10000000000001, 23.700000000000003], [93.10000000000001, 23.6]]]}, "properties": {"cell_id": "931_236", "state": "Mizoram", "samples": 7, "events": 3, "risk_index": 0.4286, "severity": "Very High", "mean_slope_deg": 36.46, "mean_rain_30d_mm": 344.0}}, {"type": "Feature", "geometry": {"type": "Polygon", "coordinates": [[[93.10000000000001, 23.700000000000003], [93.2, 23.700000000000003], [93.2, 23.800000000000004], [93.10000000000001, 23.800000000000004], [93.10000000000001, 23.700000000000003]]]}, "properties": {"cell_id": "931_237", "state": "Mizoram", "samples": 4, "events": 0, "risk_index": 0.0, "severity": "Low", "mean_slope_deg": 23.8, "mean_rain_30d_mm": 332.0}}, {"type": "Feature", "geometry": {"type": "Polygon", "coordinates": [[[93.10000000000001, 23.8], [93.2, 23.8], [93.2, 23.900000000000002], [93.10000000000001, 23.900000000000002], [93.10000000000001, 23.8]]]}, "properties": {"cell_id": "931_238", "state": "Mizoram", "samples": 6, "events": 1, "risk_index": 0.1667, "severity": "High", "mean_slope_deg": 28.45, "mean_rain_30d_mm": 342.8}}, {"type": "Feature", "geometry": {"type": "Polygon", "coordinates": [[[93.10000000000001, 26.0], [93.2, 26.0], [93.2, 26.1], [93.10000000000001, 26.1], [93.10000000000001, 26.0]]]}, "properties": {"cell_id": "931_260", "state": "Assam", "samples": 3, "events": 0, "risk_index": 0.0, "severity": "Low", "mean_slope_deg": 4.11, "mean_rain_30d_mm": 337.7}}, {"type": "Feature", "geometry": {"type": "Polygon", "coordinates": [[[93.10000000000001, 26.1], [93.2, 26.1], [93.2, 26.200000000000003], [93.10000000000001, 26.200000000000003], [93.10000000000001, 26.1]]]}, "properties": {"cell_id": "931_261", "state": "Assam", "samples": 3, "events": 0, "risk_index": 0.0, "severity": "Low", "mean_slope_deg": 3.47, "mean_rain_30d_mm": 405.6}}, {"type": "Feature", "geometry": {"type": "Polygon", "coordinates": [[[93.10000000000001, 26.200000000000003], [93.2, 26.200000000000003], [93.2, 26.300000000000004], [93.10000000000001, 26.300000000000004], [93.10000000000001, 26.200000000000003]]]}, "properties": {"cell_id": "931_262", "state": "Assam", "samples": 5, "events": 0, "risk_index": 0.0, "severity": "Low", "mean_slope_deg": 4.14, "mean_rain_30d_mm": 363.2}}, {"type": "Feature", "geometry": {"type": "Polygon", "coordinates": [[[93.10000000000001, 26.3], [93.2, 26.3], [93.2, 26.400000000000002], [93.10000000000001, 26.400000000000002], [93.10000000000001, 26.3]]]}, "properties": {"cell_id": "931_263", "state": "Assam", "samples": 5, "events": 0, "risk_index": 0.0, "severity": "Low", "mean_slope_deg": 4.02, "mean_rain_30d_mm": 347.8}}, {"type": "Feature", "geometry": {"type": "Polygon", "coordinates": [[[93.10000000000001, 26.400000000000002], [93.2, 26.400000000000002], [93.2, 26.500000000000004], [93.10000000000001, 26.500000000000004], [93.10000000000001, 26.400000000000002]]]}, "properties": {"cell_id": "931_264", "state": "Assam", "samples": 4, "events": 0, "risk_index": 0.0, "severity": "Low", "mean_slope_deg": 6.74, "mean_rain_30d_mm": 435.1}}, {"type": "Feature", "geometry": {"type": "Polygon", "coordinates": [[[93.10000000000001, 26.5], [93.2, 26.5], [93.2, 26.6], [93.10000000000001, 26.6], [93.10000000000001, 26.5]]]}, "properties": {"cell_id": "931_265", "state": "Assam", "samples": 5, "events": 0, "risk_index": 0.0, "severity": "Low", "mean_slope_deg": 5.76, "mean_rain_30d_mm": 307.5}}, {"type": "Feature", "geometry": {"type": "Polygon", "coordinates": [[[93.10000000000001, 27.6], [93.2, 27.6], [93.2, 27.700000000000003], [93.10000000000001, 27.700000000000003], [93.10000000000001, 27.6]]]}, "properties": {"cell_id": "931_276", "state": "Arunachal Pradesh", "samples": 6, "events": 2, "risk_index": 0.3333, "severity": "Very High", "mean_slope_deg": 19.64, "mean_rain_30d_mm": 360.5}}, {"type": "Feature", "geometry": {"type": "Polygon", "coordinates": [[[93.10000000000001, 27.700000000000003], [93.2, 27.700000000000003], [93.2, 27.800000000000004], [93.10000000000001, 27.800000000000004], [93.10000000000001, 27.700000000000003]]]}, "properties": {"cell_id": "931_277", "state": "Arunachal Pradesh", "samples": 9, "events": 1, "risk_index": 0.1111, "severity": "Moderate", "mean_slope_deg": 18.09, "mean_rain_30d_mm": 321.8}}, {"type": "Feature", "geometry": {"type": "Polygon", "coordinates": [[[93.10000000000001, 27.8], [93.2, 27.8], [93.2, 27.900000000000002], [93.10000000000001, 27.900000000000002], [93.10000000000001, 27.8]]]}, "properties": {"cell_id": "931_278", "state": "Arunachal Pradesh", "samples": 11, "events": 0, "risk_index": 0.0, "severity": "Low", "mean_slope_deg": 20.47, "mean_rain_30d_mm": 326.2}}, {"type": "Feature", "geometry": {"type": "Polygon", "coordinates": [[[93.10000000000001, 27.900000000000002], [93.2, 27.900000000000002], [93.2, 28.000000000000004], [93.10000000000001, 28.000000000000004], [93.10000000000001, 27.900000000000002]]]}, "properties": {"cell_id": "931_279", "state": "Arunachal Pradesh", "samples": 20, "events": 3, "risk_index": 0.15, "severity": "High", "mean_slope_deg": 26.61, "mean_rain_30d_mm": 306.1}}, {"type": "Feature", "geometry": {"type": "Polygon", "coordinates": [[[93.10000000000001, 28.0], [93.2, 28.0], [93.2, 28.1], [93.10000000000001, 28.1], [93.10000000000001, 28.0]]]}, "properties": {"cell_id": "931_280", "state": "Arunachal Pradesh", "samples": 16, "events": 2, "risk_index": 0.125, "severity": "High", "mean_slope_deg": 22.61, "mean_rain_30d_mm": 342.2}}, {"type": "Feature", "geometry": {"type": "Polygon", "coordinates": [[[93.10000000000001, 28.1], [93.2, 28.1], [93.2, 28.200000000000003], [93.10000000000001, 28.200000000000003], [93.10000000000001, 28.1]]]}, "properties": {"cell_id": "931_281", "state": "Arunachal Pradesh", "samples": 13, "events": 2, "risk_index": 0.1538, "severity": "High", "mean_slope_deg": 31.04, "mean_rain_30d_mm": 316.5}}, {"type": "Feature", "geometry": {"type": "Polygon", "coordinates": [[[93.10000000000001, 28.200000000000003], [93.2, 28.200000000000003], [93.2, 28.300000000000004], [93.10000000000001, 28.300000000000004], [93.10000000000001, 28.200000000000003]]]}, "properties": {"cell_id": "931_282", "state": "Arunachal Pradesh", "samples": 8, "events": 1, "risk_index": 0.125, "severity": "High", "mean_slope_deg": 22.74, "mean_rain_30d_mm": 339.5}}, {"type": "Feature", "geometry": {"type": "Polygon", "coordinates": [[[93.10000000000001, 28.3], [93.2, 28.3], [93.2, 28.400000000000002], [93.10000000000001, 28.400000000000002], [93.10000000000001, 28.3]]]}, "properties": {"cell_id": "931_283", "state": "Arunachal Pradesh", "samples": 6, "events": 0, "risk_index": 0.0, "severity": "Low", "mean_slope_deg": 24.11, "mean_rain_30d_mm": 425.6}}, {"type": "Feature", "geometry": {"type": "Polygon", "coordinates": [[[93.10000000000001, 28.400000000000002], [93.2, 28.400000000000002], [93.2, 28.500000000000004], [93.10000000000001, 28.500000000000004], [93.10000000000001, 28.400000000000002]]]}, "properties": {"cell_id": "931_284", "state": "Arunachal Pradesh", "samples": 3, "events": 0, "risk_index": 0.0, "severity": "Low", "mean_slope_deg": 17.63, "mean_rain_30d_mm": 398.3}}, {"type": "Feature", "geometry": {"type": "Polygon", "coordinates": [[[93.2, 23.200000000000003], [93.3, 23.200000000000003], [93.3, 23.300000000000004], [93.2, 23.300000000000004], [93.2, 23.200000000000003]]]}, "properties": {"cell_id": "932_232", "state": "Mizoram", "samples": 6, "events": 1, "risk_index": 0.1667, "severity": "High", "mean_slope_deg": 19.36, "mean_rain_30d_mm": 394.6}}, {"type": "Feature", "geometry": {"type": "Polygon", "coordinates": [[[93.2, 23.3], [93.3, 23.3], [93.3, 23.400000000000002], [93.2, 23.400000000000002], [93.2, 23.3]]]}, "properties": {"cell_id": "932_233", "state": "Mizoram", "samples": 4, "events": 0, "risk_index": 0.0, "severity": "Low", "mean_slope_deg": 28.31, "mean_rain_30d_mm": 338.3}}, {"type": "Feature", "geometry": {"type": "Polygon", "coordinates": [[[93.2, 23.6], [93.3, 23.6], [93.3, 23.700000000000003], [93.2, 23.700000000000003], [93.2, 23.6]]]}, "properties": {"cell_id": "932_236", "state": "Mizoram", "samples": 3, "events": 0, "risk_index": 0.0, "severity": "Low", "mean_slope_deg": 20.3, "mean_rain_30d_mm": 414.9}}, {"type": "Feature", "geometry": {"type": "Polygon", "coordinates": [[[93.2, 23.700000000000003], [93.3, 23.700000000000003], [93.3, 23.800000000000004], [93.2, 23.800000000000004], [93.2, 23.700000000000003]]]}, "properties": {"cell_id": "932_237", "state": "Mizoram", "samples": 3, "events": 0, "risk_index": 0.0, "severity": "Low", "mean_slope_deg": 20.16, "mean_rain_30d_mm": 292.0}}, {"type": "Feature", "geometry": {"type": "Polygon", "coordinates": [[[93.2, 25.8], [93.3, 25.8], [93.3, 25.900000000000002], [93.2, 25.900000000000002], [93.2, 25.8]]]}, "properties": {"cell_id": "932_258", "state": "Assam", "samples": 4, "events": 0, "risk_index": 0.0, "severity": "Low", "mean_slope_deg": 5.13, "mean_rain_30d_mm": 334.1}}, {"type": "Feature", "geometry": {"type": "Polygon", "coordinates": [[[93.2, 26.200000000000003], [93.3, 26.200000000000003], [93.3, 26.300000000000004], [93.2, 26.300000000000004], [93.2, 26.200000000000003]]]}, "properties": {"cell_id": "932_262", "state": "Assam", "samples": 5, "events": 0, "risk_index": 0.0, "severity": "Low", "mean_slope_deg": 3.05, "mean_rain_30d_mm": 289.2}}, {"type": "Feature", "geometry": {"type": "Polygon", "coordinates": [[[93.2, 26.3], [93.3, 26.3], [93.3, 26.400000000000002], [93.2, 26.400000000000002], [93.2, 26.3]]]}, "properties": {"cell_id": "932_263", "state": "Assam", "samples": 4, "events": 0, "risk_index": 0.0, "severity": "Low", "mean_slope_deg": 3.25, "mean_rain_30d_mm": 335.0}}, {"type": "Feature", "geometry": {"type": "Polygon", "coordinates": [[[93.2, 26.400000000000002], [93.3, 26.400000000000002], [93.3, 26.500000000000004], [93.2, 26.500000000000004], [93.2, 26.400000000000002]]]}, "properties": {"cell_id": "932_264", "state": "Assam", "samples": 5, "events": 0, "risk_index": 0.0, "severity": "Low", "mean_slope_deg": 5.31, "mean_rain_30d_mm": 324.4}}, {"type": "Feature", "geometry": {"type": "Polygon", "coordinates": [[[93.2, 27.400000000000002], [93.3, 27.400000000000002], [93.3, 27.500000000000004], [93.2, 27.500000000000004], [93.2, 27.400000000000002]]]}, "properties": {"cell_id": "932_274", "state": "Arunachal Pradesh", "samples": 3, "events": 0, "risk_index": 0.0, "severity": "Low", "mean_slope_deg": 13.3, "mean_rain_30d_mm": 270.9}}, {"type": "Feature", "geometry": {"type": "Polygon", "coordinates": [[[93.2, 27.5], [93.3, 27.5], [93.3, 27.6], [93.2, 27.6], [93.2, 27.5]]]}, "properties": {"cell_id": "932_275", "state": "Arunachal Pradesh", "samples": 4, "events": 0, "risk_index": 0.0, "severity": "Low", "mean_slope_deg": 27.06, "mean_rain_30d_mm": 318.9}}, {"type": "Feature", "geometry": {"type": "Polygon", "coordinates": [[[93.2, 27.6], [93.3, 27.6], [93.3, 27.700000000000003], [93.2, 27.700000000000003], [93.2, 27.6]]]}, "properties": {"cell_id": "932_276", "state": "Arunachal Pradesh", "samples": 5, "events": 0, "risk_index": 0.0, "severity": "Low", "mean_slope_deg": 31.02, "mean_rain_30d_mm": 262.7}}, {"type": "Feature", "geometry": {"type": "Polygon", "coordinates": [[[93.2, 27.700000000000003], [93.3, 27.700000000000003], [93.3, 27.800000000000004], [93.2, 27.800000000000004], [93.2, 27.700000000000003]]]}, "properties": {"cell_id": "932_277", "state": "Arunachal Pradesh", "samples": 10, "events": 2, "risk_index": 0.2, "severity": "High", "mean_slope_deg": 25.51, "mean_rain_30d_mm": 306.6}}, {"type": "Feature", "geometry": {"type": "Polygon", "coordinates": [[[93.2, 27.8], [93.3, 27.8], [93.3, 27.900000000000002], [93.2, 27.900000000000002], [93.2, 27.8]]]}, "properties": {"cell_id": "932_278", "state": "Arunachal Pradesh", "samples": 8, "events": 3, "risk_index": 0.375, "severity": "Very High", "mean_slope_deg": 27.59, "mean_rain_30d_mm": 318.3}}, {"type": "Feature", "geometry": {"type": "Polygon", "coordinates": [[[93.2, 27.900000000000002], [93.3, 27.900000000000002], [93.3, 28.000000000000004], [93.2, 28.000000000000004], [93.2, 27.900000000000002]]]}, "properties": {"cell_id": "932_279", "state": "Arunachal Pradesh", "samples": 19, "events": 4, "risk_index": 0.2105, "severity": "Very High", "mean_slope_deg": 31.24, "mean_rain_30d_mm": 342.2}}, {"type": "Feature", "geometry": {"type": "Polygon", "coordinates": [[[93.2, 28.0], [93.3, 28.0], [93.3, 28.1], [93.2, 28.1], [93.2, 28.0]]]}, "properties": {"cell_id": "932_280", "state": "Arunachal Pradesh", "samples": 20, "events": 3, "risk_index": 0.15, "severity": "High", "mean_slope_deg": 25.36, "mean_rain_30d_mm": 361.3}}, {"type": "Feature", "geometry": {"type": "Polygon", "coordinates": [[[93.2, 28.1], [93.3, 28.1], [93.3, 28.200000000000003], [93.2, 28.200000000000003], [93.2, 28.1]]]}, "properties": {"cell_id": "932_281", "state": "Arunachal Pradesh", "samples": 14, "events": 1, "risk_index": 0.0714, "severity": "Moderate", "mean_slope_deg": 25.97, "mean_rain_30d_mm": 320.4}}, {"type": "Feature", "geometry": {"type": "Polygon", "coordinates": [[[93.2, 28.200000000000003], [93.3, 28.200000000000003], [93.3, 28.300000000000004], [93.2, 28.300000000000004], [93.2, 28.200000000000003]]]}, "properties": {"cell_id": "932_282", "state": "Arunachal Pradesh", "samples": 10, "events": 2, "risk_index": 0.2, "severity": "High", "mean_slope_deg": 28.12, "mean_rain_30d_mm": 332.2}}, {"type": "Feature", "geometry": {"type": "Polygon", "coordinates": [[[93.2, 28.3], [93.3, 28.3], [93.3, 28.400000000000002], [93.2, 28.400000000000002], [93.2, 28.3]]]}, "properties": {"cell_id": "932_283", "state": "Arunachal Pradesh", "samples": 7, "events": 0, "risk_index": 0.0, "severity": "Low", "mean_slope_deg": 17.51, "mean_rain_30d_mm": 419.3}}, {"type": "Feature", "geometry": {"type": "Polygon", "coordinates": [[[93.2, 28.400000000000002], [93.3, 28.400000000000002], [93.3, 28.500000000000004], [93.2, 28.500000000000004], [93.2, 28.400000000000002]]]}, "properties": {"cell_id": "932_284", "state": "Arunachal Pradesh", "samples": 9, "events": 0, "risk_index": 0.0, "severity": "Low", "mean_slope_deg": 28.28, "mean_rain_30d_mm": 319.4}}, {"type": "Feature", "geometry": {"type": "Polygon", "coordinates": [[[93.2, 28.5], [93.3, 28.5], [93.3, 28.6], [93.2, 28.6], [93.2, 28.5]]]}, "properties": {"cell_id": "932_285", "state": "Arunachal Pradesh", "samples": 3, "events": 0, "risk_index": 0.0, "severity": "Low", "mean_slope_deg": 24.99, "mean_rain_30d_mm": 290.2}}, {"type": "Feature", "geometry": {"type": "Polygon", "coordinates": [[[93.2, 28.6], [93.3, 28.6], [93.3, 28.700000000000003], [93.2, 28.700000000000003], [93.2, 28.6]]]}, "properties": {"cell_id": "932_286", "state": "Arunachal Pradesh", "samples": 3, "events": 0, "risk_index": 0.0, "severity": "Low", "mean_slope_deg": 25.43, "mean_rain_30d_mm": 352.5}}, {"type": "Feature", "geometry": {"type": "Polygon", "coordinates": [[[93.30000000000001, 25.900000000000002], [93.4, 25.900000000000002], [93.4, 26.000000000000004], [93.30000000000001, 26.000000000000004], [93.30000000000001, 25.900000000000002]]]}, "properties": {"cell_id": "933_259", "state": "Assam", "samples": 4, "events": 0, "risk_index": 0.0, "severity": "Low", "mean_slope_deg": 3.05, "mean_rain_30d_mm": 380.6}}, {"type": "Feature", "geometry": {"type": "Polygon", "coordinates": [[[93.30000000000001, 26.200000000000003], [93.4, 26.200000000000003], [93.4, 26.300000000000004], [93.30000000000001, 26.300000000000004], [93.30000000000001, 26.200000000000003]]]}, "properties": {"cell_id": "933_262", "state": "Assam", "samples": 3, "events": 0, "risk_index": 0.0, "severity": "Low", "mean_slope_deg": 2.06, "mean_rain_30d_mm": 255.2}}, {"type": "Feature", "geometry": {"type": "Polygon", "coordinates": [[[93.30000000000001, 26.3], [93.4, 26.3], [93.4, 26.400000000000002], [93.30000000000001, 26.400000000000002], [93.30000000000001, 26.3]]]}, "properties": {"cell_id": "933_263", "state": "Assam", "samples": 3, "events": 0, "risk_index": 0.0, "severity": "Low", "mean_slope_deg": 9.19, "mean_rain_30d_mm": 298.5}}, {"type": "Feature", "geometry": {"type": "Polygon", "coordinates": [[[93.30000000000001, 26.400000000000002], [93.4, 26.400000000000002], [93.4, 26.500000000000004], [93.30000000000001, 26.500000000000004], [93.30000000000001, 26.400000000000002]]]}, "properties": {"cell_id": "933_264", "state": "Assam", "samples": 6, "events": 0, "risk_index": 0.0, "severity": "Low", "mean_slope_deg": 3.67, "mean_rain_30d_mm": 303.3}}, {"type": "Feature", "geometry": {"type": "Polygon", "coordinates": [[[93.30000000000001, 26.5], [93.4, 26.5], [93.4, 26.6], [93.30000000000001, 26.6], [93.30000000000001, 26.5]]]}, "properties": {"cell_id": "933_265", "state": "Assam", "samples": 4, "events": 0, "risk_index": 0.0, "severity": "Low", "mean_slope_deg": 3.89, "mean_rain_30d_mm": 356.8}}, {"type": "Feature", "geometry": {"type": "Polygon", "coordinates": [[[93.30000000000001, 27.5], [93.4, 27.5], [93.4, 27.6], [93.30000000000001, 27.6], [93.30000000000001, 27.5]]]}, "properties": {"cell_id": "933_275", "state": "Arunachal Pradesh", "samples": 10, "events": 2, "risk_index": 0.2, "severity": "High", "mean_slope_deg": 26.47, "mean_rain_30d_mm": 383.1}}, {"type": "Feature", "geometry": {"type": "Polygon", "coordinates": [[[93.30000000000001, 27.6], [93.4, 27.6], [93.4, 27.700000000000003], [93.30000000000001, 27.700000000000003], [93.30000000000001, 27.6]]]}, "properties": {"cell_id": "933_276", "state": "Arunachal Pradesh", "samples": 8, "events": 1, "risk_index": 0.125, "severity": "High", "mean_slope_deg": 26.87, "mean_rain_30d_mm": 289.3}}, {"type": "Feature", "geometry": {"type": "Polygon", "coordinates": [[[93.30000000000001, 27.700000000000003], [93.4, 27.700000000000003], [93.4, 27.800000000000004], [93.30000000000001, 27.800000000000004], [93.30000000000001, 27.700000000000003]]]}, "properties": {"cell_id": "933_277", "state": "Arunachal Pradesh", "samples": 10, "events": 0, "risk_index": 0.0, "severity": "Low", "mean_slope_deg": 21.99, "mean_rain_30d_mm": 308.7}}, {"type": "Feature", "geometry": {"type": "Polygon", "coordinates": [[[93.30000000000001, 27.8], [93.4, 27.8], [93.4, 27.900000000000002], [93.30000000000001, 27.900000000000002], [93.30000000000001, 27.8]]]}, "properties": {"cell_id": "933_278", "state": "Arunachal Pradesh", "samples": 11, "events": 1, "risk_index": 0.0909, "severity": "Moderate", "mean_slope_deg": 19.52, "mean_rain_30d_mm": 297.4}}, {"type": "Feature", "geometry": {"type": "Polygon", "coordinates": [[[93.30000000000001, 27.900000000000002], [93.4, 27.900000000000002], [93.4, 28.000000000000004], [93.30000000000001, 28.000000000000004], [93.30000000000001, 27.900000000000002]]]}, "properties": {"cell_id": "933_279", "state": "Arunachal Pradesh", "samples": 17, "events": 0, "risk_index": 0.0, "severity": "Low", "mean_slope_deg": 25.15, "mean_rain_30d_mm": 342.6}}, {"type": "Feature", "geometry": {"type": "Polygon", "coordinates": [[[93.30000000000001, 28.0], [93.4, 28.0], [93.4, 28.1], [93.30000000000001, 28.1], [93.30000000000001, 28.0]]]}, "properties": {"cell_id": "933_280", "state": "Arunachal Pradesh", "samples": 13, "events": 2, "risk_index": 0.1538, "severity": "High", "mean_slope_deg": 25.2, "mean_rain_30d_mm": 356.3}}, {"type": "Feature", "geometry": {"type": "Polygon", "coordinates": [[[93.30000000000001, 28.1], [93.4, 28.1], [93.4, 28.200000000000003], [93.30000000000001, 28.200000000000003], [93.30000000000001, 28.1]]]}, "properties": {"cell_id": "933_281", "state": "Arunachal Pradesh", "samples": 9, "events": 1, "risk_index": 0.1111, "severity": "Moderate", "mean_slope_deg": 24.95, "mean_rain_30d_mm": 320.1}}, {"type": "Feature", "geometry": {"type": "Polygon", "coordinates": [[[93.30000000000001, 28.200000000000003], [93.4, 28.200000000000003], [93.4, 28.300000000000004], [93.30000000000001, 28.300000000000004], [93.30000000000001, 28.200000000000003]]]}, "properties": {"cell_id": "933_282", "state": "Arunachal Pradesh", "samples": 10, "events": 1, "risk_index": 0.1, "severity": "Moderate", "mean_slope_deg": 17.58, "mean_rain_30d_mm": 253.4}}, {"type": "Feature", "geometry": {"type": "Polygon", "coordinates": [[[93.30000000000001, 28.3], [93.4, 28.3], [93.4, 28.400000000000002], [93.30000000000001, 28.400000000000002], [93.30000000000001, 28.3]]]}, "properties": {"cell_id": "933_283", "state": "Arunachal Pradesh", "samples": 7, "events": 0, "risk_index": 0.0, "severity": "Low", "mean_slope_deg": 21.05, "mean_rain_30d_mm": 275.2}}, {"type": "Feature", "geometry": {"type": "Polygon", "coordinates": [[[93.30000000000001, 28.400000000000002], [93.4, 28.400000000000002], [93.4, 28.500000000000004], [93.30000000000001, 28.500000000000004], [93.30000000000001, 28.400000000000002]]]}, "properties": {"cell_id": "933_284", "state": "Arunachal Pradesh", "samples": 3, "events": 0, "risk_index": 0.0, "severity": "Low", "mean_slope_deg": 25.55, "mean_rain_30d_mm": 445.8}}, {"type": "Feature", "geometry": {"type": "Polygon", "coordinates": [[[93.30000000000001, 28.5], [93.4, 28.5], [93.4, 28.6], [93.30000000000001, 28.6], [93.30000000000001, 28.5]]]}, "properties": {"cell_id": "933_285", "state": "Arunachal Pradesh", "samples": 3, "events": 0, "risk_index": 0.0, "severity": "Low", "mean_slope_deg": 32.19, "mean_rain_30d_mm": 316.3}}, {"type": "Feature", "geometry": {"type": "Polygon", "coordinates": [[[93.4, 24.3], [93.5, 24.3], [93.5, 24.400000000000002], [93.4, 24.400000000000002], [93.4, 24.3]]]}, "properties": {"cell_id": "934_243", "state": "Manipur", "samples": 3, "events": 0, "risk_index": 0.0, "severity": "Low", "mean_slope_deg": 16.42, "mean_rain_30d_mm": 213.9}}, {"type": "Feature", "geometry": {"type": "Polygon", "coordinates": [[[93.4, 24.400000000000002], [93.5, 24.400000000000002], [93.5, 24.500000000000004], [93.4, 24.500000000000004], [93.4, 24.400000000000002]]]}, "properties": {"cell_id": "934_244", "state": "Manipur", "samples": 4, "events": 0, "risk_index": 0.0, "severity": "Low", "mean_slope_deg": 27.96, "mean_rain_30d_mm": 378.4}}, {"type": "Feature", "geometry": {"type": "Polygon", "coordinates": [[[93.4, 24.5], [93.5, 24.5], [93.5, 24.6], [93.4, 24.6], [93.4, 24.5]]]}, "properties": {"cell_id": "934_245", "state": "Manipur", "samples": 5, "events": 1, "risk_index": 0.2, "severity": "High", "mean_slope_deg": 30.02, "mean_rain_30d_mm": 314.7}}, {"type": "Feature", "geometry": {"type": "Polygon", "coordinates": [[[93.4, 24.900000000000002], [93.5, 24.900000000000002], [93.5, 25.000000000000004], [93.4, 25.000000000000004], [93.4, 24.900000000000002]]]}, "properties": {"cell_id": "934_249", "state": "Manipur", "samples": 3, "events": 1, "risk_index": 0.3333, "severity": "Very High", "mean_slope_deg": 23.76, "mean_rain_30d_mm": 400.3}}, {"type": "Feature", "geometry": {"type": "Polygon", "coordinates": [[[93.4, 26.1], [93.5, 26.1], [93.5, 26.200000000000003], [93.4, 26.200000000000003], [93.4, 26.1]]]}, "properties": {"cell_id": "934_261", "state": "Assam", "samples": 6, "events": 0, "risk_index": 0.0, "severity": "Low", "mean_slope_deg": 4.9, "mean_rain_30d_mm": 336.1}}, {"type": "Feature", "geometry": {"type": "Polygon", "coordinates": [[[93.4, 26.200000000000003], [93.5, 26.200000000000003], [93.5, 26.300000000000004], [93.4, 26.300000000000004], [93.4, 26.200000000000003]]]}, "properties": {"cell_id": "934_262", "state": "Assam", "samples": 3, "events": 0, "risk_index": 0.0, "severity": "Low", "mean_slope_deg": 3.47, "mean_rain_30d_mm": 308.4}}, {"type": "Feature", "geometry": {"type": "Polygon", "coordinates": [[[93.4, 26.5], [93.5, 26.5], [93.5, 26.6], [93.4, 26.6], [93.4, 26.5]]]}, "properties": {"cell_id": "934_265", "state": "Assam", "samples": 3, "events": 0, "risk_index": 0.0, "severity": "Low", "mean_slope_deg": 5.17, "mean_rain_30d_mm": 267.3}}, {"type": "Feature", "geometry": {"type": "Polygon", "coordinates": [[[93.4, 26.700000000000003], [93.5, 26.700000000000003], [93.5, 26.800000000000004], [93.4, 26.800000000000004], [93.4, 26.700000000000003]]]}, "properties": {"cell_id": "934_267", "state": "Assam", "samples": 3, "events": 0, "risk_index": 0.0, "severity": "Low", "mean_slope_deg": 3.36, "mean_rain_30d_mm": 288.1}}, {"type": "Feature", "geometry": {"type": "Polygon", "coordinates": [[[93.4, 27.3], [93.5, 27.3], [93.5, 27.400000000000002], [93.4, 27.400000000000002], [93.4, 27.3]]]}, "properties": {"cell_id": "934_273", "state": "Arunachal Pradesh", "samples": 3, "events": 0, "risk_index": 0.0, "severity": "Low", "mean_slope_deg": 24.26, "mean_rain_30d_mm": 283.0}}, {"type": "Feature", "geometry": {"type": "Polygon", "coordinates": [[[93.4, 27.5], [93.5, 27.5], [93.5, 27.6], [93.4, 27.6], [93.4, 27.5]]]}, "properties": {"cell_id": "934_275", "state": "Arunachal Pradesh", "samples": 5, "events": 0, "risk_index": 0.0, "severity": "Low", "mean_slope_deg": 18.55, "mean_rain_30d_mm": 284.7}}, {"type": "Feature", "geometry": {"type": "Polygon", "coordinates": [[[93.4, 27.6], [93.5, 27.6], [93.5, 27.700000000000003], [93.4, 27.700000000000003], [93.4, 27.6]]]}, "properties": {"cell_id": "934_276", "state": "Arunachal Pradesh", "samples": 11, "events": 0, "risk_index": 0.0, "severity": "Low", "mean_slope_deg": 23.04, "mean_rain_30d_mm": 400.9}}, {"type": "Feature", "geometry": {"type": "Polygon", "coordinates": [[[93.4, 27.700000000000003], [93.5, 27.700000000000003], [93.5, 27.800000000000004], [93.4, 27.800000000000004], [93.4, 27.700000000000003]]]}, "properties": {"cell_id": "934_277", "state": "Arunachal Pradesh", "samples": 13, "events": 2, "risk_index": 0.1538, "severity": "High", "mean_slope_deg": 30.87, "mean_rain_30d_mm": 301.3}}, {"type": "Feature", "geometry": {"type": "Polygon", "coordinates": [[[93.4, 27.8], [93.5, 27.8], [93.5, 27.900000000000002], [93.4, 27.900000000000002], [93.4, 27.8]]]}, "properties": {"cell_id": "934_278", "state": "Arunachal Pradesh", "samples": 23, "events": 0, "risk_index": 0.0, "severity": "Low", "mean_slope_deg": 24.53, "mean_rain_30d_mm": 339.7}}, {"type": "Feature", "geometry": {"type": "Polygon", "coordinates": [[[93.4, 27.900000000000002], [93.5, 27.900000000000002], [93.5, 28.000000000000004], [93.4, 28.000000000000004], [93.4, 27.900000000000002]]]}, "properties": {"cell_id": "934_279", "state": "Arunachal Pradesh", "samples": 13, "events": 2, "risk_index": 0.1538, "severity": "High", "mean_slope_deg": 27.54, "mean_rain_30d_mm": 305.8}}, {"type": "Feature", "geometry": {"type": "Polygon", "coordinates": [[[93.4, 28.0], [93.5, 28.0], [93.5, 28.1], [93.4, 28.1], [93.4, 28.0]]]}, "properties": {"cell_id": "934_280", "state": "Arunachal Pradesh", "samples": 22, "events": 3, "risk_index": 0.1364, "severity": "High", "mean_slope_deg": 25.78, "mean_rain_30d_mm": 304.1}}, {"type": "Feature", "geometry": {"type": "Polygon", "coordinates": [[[93.4, 28.1], [93.5, 28.1], [93.5, 28.200000000000003], [93.4, 28.200000000000003], [93.4, 28.1]]]}, "properties": {"cell_id": "934_281", "state": "Arunachal Pradesh", "samples": 10, "events": 1, "risk_index": 0.1, "severity": "Moderate", "mean_slope_deg": 18.14, "mean_rain_30d_mm": 337.8}}, {"type": "Feature", "geometry": {"type": "Polygon", "coordinates": [[[93.4, 28.200000000000003], [93.5, 28.200000000000003], [93.5, 28.300000000000004], [93.4, 28.300000000000004], [93.4, 28.200000000000003]]]}, "properties": {"cell_id": "934_282", "state": "Arunachal Pradesh", "samples": 13, "events": 0, "risk_index": 0.0, "severity": "Low", "mean_slope_deg": 23.58, "mean_rain_30d_mm": 375.0}}, {"type": "Feature", "geometry": {"type": "Polygon", "coordinates": [[[93.4, 28.3], [93.5, 28.3], [93.5, 28.400000000000002], [93.4, 28.400000000000002], [93.4, 28.3]]]}, "properties": {"cell_id": "934_283", "state": "Arunachal Pradesh", "samples": 9, "events": 0, "risk_index": 0.0, "severity": "Low", "mean_slope_deg": 22.38, "mean_rain_30d_mm": 292.2}}, {"type": "Feature", "geometry": {"type": "Polygon", "coordinates": [[[93.4, 28.400000000000002], [93.5, 28.400000000000002], [93.5, 28.500000000000004], [93.4, 28.500000000000004], [93.4, 28.400000000000002]]]}, "properties": {"cell_id": "934_284", "state": "Arunachal Pradesh", "samples": 5, "events": 0, "risk_index": 0.0, "severity": "Low", "mean_slope_deg": 18.5, "mean_rain_30d_mm": 277.4}}, {"type": "Feature", "geometry": {"type": "Polygon", "coordinates": [[[93.4, 28.5], [93.5, 28.5], [93.5, 28.6], [93.4, 28.6], [93.4, 28.5]]]}, "properties": {"cell_id": "934_285", "state": "Arunachal Pradesh", "samples": 3, "events": 1, "risk_index": 0.3333, "severity": "Very High", "mean_slope_deg": 27.86, "mean_rain_30d_mm": 346.3}}, {"type": "Feature", "geometry": {"type": "Polygon", "coordinates": [[[93.5, 24.3], [93.6, 24.3], [93.6, 24.400000000000002], [93.5, 24.400000000000002], [93.5, 24.3]]]}, "properties": {"cell_id": "935_243", "state": "Manipur", "samples": 4, "events": 0, "risk_index": 0.0, "severity": "Low", "mean_slope_deg": 26.48, "mean_rain_30d_mm": 287.3}}, {"type": "Feature", "geometry": {"type": "Polygon", "coordinates": [[[93.5, 24.400000000000002], [93.6, 24.400000000000002], [93.6, 24.500000000000004], [93.5, 24.500000000000004], [93.5, 24.400000000000002]]]}, "properties": {"cell_id": "935_244", "state": "Manipur", "samples": 10, "events": 0, "risk_index": 0.0, "severity": "Low", "mean_slope_deg": 27.66, "mean_rain_30d_mm": 385.7}}, {"type": "Feature", "geometry": {"type": "Polygon", "coordinates": [[[93.5, 24.5], [93.6, 24.5], [93.6, 24.6], [93.5, 24.6], [93.5, 24.5]]]}, "properties": {"cell_id": "935_245", "state": "Manipur", "samples": 4, "events": 0, "risk_index": 0.0, "severity": "Low", "mean_slope_deg": 19.01, "mean_rain_30d_mm": 301.6}}, {"type": "Feature", "geometry": {"type": "Polygon", "coordinates": [[[93.5, 24.6], [93.6, 24.6], [93.6, 24.700000000000003], [93.5, 24.700000000000003], [93.5, 24.6]]]}, "properties": {"cell_id": "935_246", "state": "Manipur", "samples": 12, "events": 0, "risk_index": 0.0, "severity": "Low", "mean_slope_deg": 21.9, "mean_rain_30d_mm": 319.0}}, {"type": "Feature", "geometry": {"type": "Polygon", "coordinates": [[[93.5, 24.700000000000003], [93.6, 24.700000000000003], [93.6, 24.800000000000004], [93.5, 24.800000000000004], [93.5, 24.700000000000003]]]}, "properties": {"cell_id": "935_247", "state": "Manipur", "samples": 6, "events": 1, "risk_index": 0.1667, "severity": "High", "mean_slope_deg": 19.83, "mean_rain_30d_mm": 301.3}}, {"type": "Feature", "geometry": {"type": "Polygon", "coordinates": [[[93.5, 24.8], [93.6, 24.8], [93.6, 24.900000000000002], [93.5, 24.900000000000002], [93.5, 24.8]]]}, "properties": {"cell_id": "935_248", "state": "Manipur", "samples": 14, "events": 0, "risk_index": 0.0, "severity": "Low", "mean_slope_deg": 24.42, "mean_rain_30d_mm": 284.5}}, {"type": "Feature", "geometry": {"type": "Polygon", "coordinates": [[[93.5, 24.900000000000002], [93.6, 24.900000000000002], [93.6, 25.000000000000004], [93.5, 25.000000000000004], [93.5, 24.900000000000002]]]}, "properties": {"cell_id": "935_249", "state": "Manipur", "samples": 9, "events": 0, "risk_index": 0.0, "severity": "Low", "mean_slope_deg": 16.9, "mean_rain_30d_mm": 333.1}}, {"type": "Feature", "geometry": {"type": "Polygon", "coordinates": [[[93.5, 25.1], [93.6, 25.1], [93.6, 25.200000000000003], [93.5, 25.200000000000003], [93.5, 25.1]]]}, "properties": {"cell_id": "935_251", "state": "Manipur", "samples": 3, "events": 0, "risk_index": 0.0, "severity": "Low", "mean_slope_deg": 26.28, "mean_rain_30d_mm": 366.8}}, {"type": "Feature", "geometry": {"type": "Polygon", "coordinates": [[[93.5, 26.1], [93.6, 26.1], [93.6, 26.200000000000003], [93.5, 26.200000000000003], [93.5, 26.1]]]}, "properties": {"cell_id": "935_261", "state": "Assam", "samples": 3, "events": 0, "risk_index": 0.0, "severity": "Low", "mean_slope_deg": 6.0, "mean_rain_30d_mm": 295.9}}, {"type": "Feature", "geometry": {"type": "Polygon", "coordinates": [[[93.5, 26.3], [93.6, 26.3], [93.6, 26.400000000000002], [93.5, 26.400000000000002], [93.5, 26.3]]]}, "properties": {"cell_id": "935_263", "state": "Assam", "samples": 3, "events": 0, "risk_index": 0.0, "severity": "Low", "mean_slope_deg": 4.72, "mean_rain_30d_mm": 333.3}}, {"type": "Feature", "geometry": {"type": "Polygon", "coordinates": [[[93.5, 26.400000000000002], [93.6, 26.400000000000002], [93.6, 26.500000000000004], [93.5, 26.500000000000004], [93.5, 26.400000000000002]]]}, "properties": {"cell_id": "935_264", "state": "Assam", "samples": 4, "events": 0, "risk_index": 0.0, "severity": "Low", "mean_slope_deg": 2.4, "mean_rain_30d_mm": 283.2}}, {"type": "Feature", "geometry": {"type": "Polygon", "coordinates": [[[93.5, 26.6], [93.6, 26.6], [93.6, 26.700000000000003], [93.5, 26.700000000000003], [93.5, 26.6]]]}, "properties": {"cell_id": "935_266", "state": "Assam", "samples": 3, "events": 0, "risk_index": 0.0, "severity": "Low", "mean_slope_deg": 3.0, "mean_rain_30d_mm": 234.7}}, {"type": "Feature", "geometry": {"type": "Polygon", "coordinates": [[[93.5, 27.400000000000002], [93.6, 27.400000000000002], [93.6, 27.500000000000004], [93.5, 27.500000000000004], [93.5, 27.400000000000002]]]}, "properties": {"cell_id": "935_274", "state": "Arunachal Pradesh", "samples": 6, "events": 1, "risk_index": 0.1667, "severity": "High", "mean_slope_deg": 22.94, "mean_rain_30d_mm": 304.8}}, {"type": "Feature", "geometry": {"type": "Polygon", "coordinates": [[[93.5, 27.5], [93.6, 27.5], [93.6, 27.6], [93.5, 27.6], [93.5, 27.5]]]}, "properties": {"cell_id": "935_275", "state": "Arunachal Pradesh", "samples": 4, "events": 0, "risk_index": 0.0, "severity": "Low", "mean_slope_deg": 21.45, "mean_rain_30d_mm": 420.2}}, {"type": "Feature", "geometry": {"type": "Polygon", "coordinates": [[[93.5, 27.6], [93.6, 27.6], [93.6, 27.700000000000003], [93.5, 27.700000000000003], [93.5, 27.6]]]}, "properties": {"cell_id": "935_276", "state": "Arunachal Pradesh", "samples": 10, "events": 0, "risk_index": 0.0, "severity": "Low", "mean_slope_deg": 24.6, "mean_rain_30d_mm": 298.6}}, {"type": "Feature", "geometry": {"type": "Polygon", "coordinates": [[[93.5, 27.700000000000003], [93.6, 27.700000000000003], [93.6, 27.800000000000004], [93.5, 27.800000000000004], [93.5, 27.700000000000003]]]}, "properties": {"cell_id": "935_277", "state": "Arunachal Pradesh", "samples": 14, "events": 0, "risk_index": 0.0, "severity": "Low", "mean_slope_deg": 25.44, "mean_rain_30d_mm": 311.6}}, {"type": "Feature", "geometry": {"type": "Polygon", "coordinates": [[[93.5, 27.8], [93.6, 27.8], [93.6, 27.900000000000002], [93.5, 27.900000000000002], [93.5, 27.8]]]}, "properties": {"cell_id": "935_278", "state": "Arunachal Pradesh", "samples": 15, "events": 1, "risk_index": 0.0667, "severity": "Moderate", "mean_slope_deg": 27.22, "mean_rain_30d_mm": 309.1}}, {"type": "Feature", "geometry": {"type": "Polygon", "coordinates": [[[93.5, 27.900000000000002], [93.6, 27.900000000000002], [93.6, 28.000000000000004], [93.5, 28.000000000000004], [93.5, 27.900000000000002]]]}, "properties": {"cell_id": "935_279", "state": "Arunachal Pradesh", "samples": 19, "events": 2, "risk_index": 0.1053, "severity": "Moderate", "mean_slope_deg": 29.42, "mean_rain_30d_mm": 339.3}}, {"type": "Feature", "geometry": {"type": "Polygon", "coordinates": [[[93.5, 28.0], [93.6, 28.0], [93.6, 28.1], [93.5, 28.1], [93.5, 28.0]]]}, "properties": {"cell_id": "935_280", "state": "Arunachal Pradesh", "samples": 21, "events": 1, "risk_index": 0.0476, "severity": "Moderate", "mean_slope_deg": 22.59, "mean_rain_30d_mm": 294.3}}, {"type": "Feature", "geometry": {"type": "Polygon", "coordinates": [[[93.5, 28.1], [93.6, 28.1], [93.6, 28.200000000000003], [93.5, 28.200000000000003], [93.5, 28.1]]]}, "properties": {"cell_id": "935_281", "state": "Arunachal Pradesh", "samples": 28, "events": 3, "risk_index": 0.1071, "severity": "Moderate", "mean_slope_deg": 27.91, "mean_rain_30d_mm": 316.8}}, {"type": "Feature", "geometry": {"type": "Polygon", "coordinates": [[[93.5, 28.200000000000003], [93.6, 28.200000000000003], [93.6, 28.300000000000004], [93.5, 28.300000000000004], [93.5, 28.200000000000003]]]}, "properties": {"cell_id": "935_282", "state": "Arunachal Pradesh", "samples": 7, "events": 0, "risk_index": 0.0, "severity": "Low", "mean_slope_deg": 23.97, "mean_rain_30d_mm": 344.5}}, {"type": "Feature", "geometry": {"type": "Polygon", "coordinates": [[[93.5, 28.3], [93.6, 28.3], [93.6, 28.400000000000002], [93.5, 28.400000000000002], [93.5, 28.3]]]}, "properties": {"cell_id": "935_283", "state": "Arunachal Pradesh", "samples": 12, "events": 0, "risk_index": 0.0, "severity": "Low", "mean_slope_deg": 22.66, "mean_rain_30d_mm": 287.9}}, {"type": "Feature", "geometry": {"type": "Polygon", "coordinates": [[[93.5, 28.400000000000002], [93.6, 28.400000000000002], [93.6, 28.500000000000004], [93.5, 28.500000000000004], [93.5, 28.400000000000002]]]}, "properties": {"cell_id": "935_284", "state": "Arunachal Pradesh", "samples": 5, "events": 1, "risk_index": 0.2, "severity": "High", "mean_slope_deg": 42.37, "mean_rain_30d_mm": 351.1}}, {"type": "Feature", "geometry": {"type": "Polygon", "coordinates": [[[93.5, 28.5], [93.6, 28.5], [93.6, 28.6], [93.5, 28.6], [93.5, 28.5]]]}, "properties": {"cell_id": "935_285", "state": "Arunachal Pradesh", "samples": 5, "events": 0, "risk_index": 0.0, "severity": "Low", "mean_slope_deg": 23.77, "mean_rain_30d_mm": 346.2}}, {"type": "Feature", "geometry": {"type": "Polygon", "coordinates": [[[93.60000000000001, 24.200000000000003], [93.7, 24.200000000000003], [93.7, 24.300000000000004], [93.60000000000001, 24.300000000000004], [93.60000000000001, 24.200000000000003]]]}, "properties": {"cell_id": "936_242", "state": "Manipur", "samples": 10, "events": 2, "risk_index": 0.2, "severity": "High", "mean_slope_deg": 29.85, "mean_rain_30d_mm": 328.0}}, {"type": "Feature", "geometry": {"type": "Polygon", "coordinates": [[[93.60000000000001, 24.3], [93.7, 24.3], [93.7, 24.400000000000002], [93.60000000000001, 24.400000000000002], [93.60000000000001, 24.3]]]}, "properties": {"cell_id": "936_243", "state": "Manipur", "samples": 6, "events": 1, "risk_index": 0.1667, "severity": "High", "mean_slope_deg": 22.49, "mean_rain_30d_mm": 285.2}}, {"type": "Feature", "geometry": {"type": "Polygon", "coordinates": [[[93.60000000000001, 24.400000000000002], [93.7, 24.400000000000002], [93.7, 24.500000000000004], [93.60000000000001, 24.500000000000004], [93.60000000000001, 24.400000000000002]]]}, "properties": {"cell_id": "936_244", "state": "Manipur", "samples": 13, "events": 1, "risk_index": 0.0769, "severity": "Moderate", "mean_slope_deg": 18.96, "mean_rain_30d_mm": 274.7}}, {"type": "Feature", "geometry": {"type": "Polygon", "coordinates": [[[93.60000000000001, 24.5], [93.7, 24.5], [93.7, 24.6], [93.60000000000001, 24.6], [93.60000000000001, 24.5]]]}, "properties": {"cell_id": "936_245", "state": "Manipur", "samples": 13, "events": 1, "risk_index": 0.0769, "severity": "Moderate", "mean_slope_deg": 25.83, "mean_rain_30d_mm": 333.6}}, {"type": "Feature", "geometry": {"type": "Polygon", "coordinates": [[[93.60000000000001, 24.6], [93.7, 24.6], [93.7, 24.700000000000003], [93.60000000000001, 24.700000000000003], [93.60000000000001, 24.6]]]}, "properties": {"cell_id": "936_246", "state": "Manipur", "samples": 18, "events": 1, "risk_index": 0.0556, "severity": "Moderate", "mean_slope_deg": 25.31, "mean_rain_30d_mm": 299.0}}, {"type": "Feature", "geometry": {"type": "Polygon", "coordinates": [[[93.60000000000001, 24.700000000000003], [93.7, 24.700000000000003], [93.7, 24.800000000000004], [93.60000000000001, 24.800000000000004], [93.60000000000001, 24.700000000000003]]]}, "properties": {"cell_id": "936_247", "state": "Manipur", "samples": 31, "events": 1, "risk_index": 0.0323, "severity": "Moderate", "mean_slope_deg": 23.82, "mean_rain_30d_mm": 343.1}}, {"type": "Feature", "geometry": {"type": "Polygon", "coordinates": [[[93.60000000000001, 24.8], [93.7, 24.8], [93.7, 24.900000000000002], [93.60000000000001, 24.900000000000002], [93.60000000000001, 24.8]]]}, "properties": {"cell_id": "936_248", "state": "Manipur", "samples": 20, "events": 1, "risk_index": 0.05, "severity": "Moderate", "mean_slope_deg": 27.36, "mean_rain_30d_mm": 326.4}}, {"type": "Feature", "geometry": {"type": "Polygon", "coordinates": [[[93.60000000000001, 24.900000000000002], [93.7, 24.900000000000002], [93.7, 25.000000000000004], [93.60000000000001, 25.000000000000004], [93.60000000000001, 24.900000000000002]]]}, "properties": {"cell_id": "936_249", "state": "Manipur", "samples": 11, "events": 0, "risk_index": 0.0, "severity": "Low", "mean_slope_deg": 24.61, "mean_rain_30d_mm": 266.1}}, {"type": "Feature", "geometry": {"type": "Polygon", "coordinates": [[[93.60000000000001, 25.0], [93.7, 25.0], [93.7, 25.1], [93.60000000000001, 25.1], [93.60000000000001, 25.0]]]}, "properties": {"cell_id": "936_250", "state": "Manipur", "samples": 11, "events": 1, "risk_index": 0.0909, "severity": "Moderate", "mean_slope_deg": 34.71, "mean_rain_30d_mm": 306.0}}, {"type": "Feature", "geometry": {"type": "Polygon", "coordinates": [[[93.60000000000001, 25.1], [93.7, 25.1], [93.7, 25.200000000000003], [93.60000000000001, 25.200000000000003], [93.60000000000001, 25.1]]]}, "properties": {"cell_id": "936_251", "state": "Manipur", "samples": 9, "events": 0, "risk_index": 0.0, "severity": "Low", "mean_slope_deg": 24.32, "mean_rain_30d_mm": 310.8}}, {"type": "Feature", "geometry": {"type": "Polygon", "coordinates": [[[93.60000000000001, 25.200000000000003], [93.7, 25.200000000000003], [93.7, 25.300000000000004], [93.60000000000001, 25.300000000000004], [93.60000000000001, 25.200000000000003]]]}, "properties": {"cell_id": "936_252", "state": "Manipur", "samples": 4, "events": 0, "risk_index": 0.0, "severity": "Low", "mean_slope_deg": 18.58, "mean_rain_30d_mm": 279.4}}, {"type": "Feature", "geometry": {"type": "Polygon", "coordinates": [[[93.60000000000001, 25.400000000000002], [93.7, 25.400000000000002], [93.7, 25.500000000000004], [93.60000000000001, 25.500000000000004], [93.60000000000001, 25.400000000000002]]]}, "properties": {"cell_id": "936_254", "state": "Manipur", "samples": 3, "events": 1, "risk_index": 0.3333, "severity": "Very High", "mean_slope_deg": 33.83, "mean_rain_30d_mm": 418.0}}, {"type": "Feature", "geometry": {"type": "Polygon", "coordinates": [[[93.60000000000001, 26.0], [93.7, 26.0], [93.7, 26.1], [93.60000000000001, 26.1], [93.60000000000001, 26.0]]]}, "properties": {"cell_id": "936_260", "state": "Assam", "samples": 3, "events": 0, "risk_index": 0.0, "severity": "Low", "mean_slope_deg": 2.9, "mean_rain_30d_mm": 311.9}}, {"type": "Feature", "geometry": {"type": "Polygon", "coordinates": [[[93.60000000000001, 26.200000000000003], [93.7, 26.200000000000003], [93.7, 26.300000000000004], [93.60000000000001, 26.300000000000004], [93.60000000000001, 26.200000000000003]]]}, "properties": {"cell_id": "936_262", "state": "Assam", "samples": 3, "events": 0, "risk_index": 0.0, "severity": "Low", "mean_slope_deg": 2.63, "mean_rain_30d_mm": 274.2}}, {"type": "Feature", "geometry": {"type": "Polygon", "coordinates": [[[93.60000000000001, 27.5], [93.7, 27.5], [93.7, 27.6], [93.60000000000001, 27.6], [93.60000000000001, 27.5]]]}, "properties": {"cell_id": "936_275", "state": "Arunachal Pradesh", "samples": 12, "events": 1, "risk_index": 0.0833, "severity": "Moderate", "mean_slope_deg": 23.11, "mean_rain_30d_mm": 348.2}}, {"type": "Feature", "geometry": {"type": "Polygon", "coordinates": [[[93.60000000000001, 27.6], [93.7, 27.6], [93.7, 27.700000000000003], [93.60000000000001, 27.700000000000003], [93.60000000000001, 27.6]]]}, "properties": {"cell_id": "936_276", "state": "Arunachal Pradesh", "samples": 12, "events": 0, "risk_index": 0.0, "severity": "Low", "mean_slope_deg": 28.4, "mean_rain_30d_mm": 323.5}}, {"type": "Feature", "geometry": {"type": "Polygon", "coordinates": [[[93.60000000000001, 27.700000000000003], [93.7, 27.700000000000003], [93.7, 27.800000000000004], [93.60000000000001, 27.800000000000004], [93.60000000000001, 27.700000000000003]]]}, "properties": {"cell_id": "936_277", "state": "Arunachal Pradesh", "samples": 11, "events": 1, "risk_index": 0.0909, "severity": "Moderate", "mean_slope_deg": 23.66, "mean_rain_30d_mm": 315.3}}, {"type": "Feature", "geometry": {"type": "Polygon", "coordinates": [[[93.60000000000001, 27.8], [93.7, 27.8], [93.7, 27.900000000000002], [93.60000000000001, 27.900000000000002], [93.60000000000001, 27.8]]]}, "properties": {"cell_id": "936_278", "state": "Arunachal Pradesh", "samples": 13, "events": 1, "risk_index": 0.0769, "severity": "Moderate", "mean_slope_deg": 20.67, "mean_rain_30d_mm": 308.3}}, {"type": "Feature", "geometry": {"type": "Polygon", "coordinates": [[[93.60000000000001, 27.900000000000002], [93.7, 27.900000000000002], [93.7, 28.000000000000004], [93.60000000000001, 28.000000000000004], [93.60000000000001, 27.900000000000002]]]}, "properties": {"cell_id": "936_279", "state": "Arunachal Pradesh", "samples": 20, "events": 2, "risk_index": 0.1, "severity": "Moderate", "mean_slope_deg": 24.03, "mean_rain_30d_mm": 366.9}}, {"type": "Feature", "geometry": {"type": "Polygon", "coordinates": [[[93.60000000000001, 28.0], [93.7, 28.0], [93.7, 28.1], [93.60000000000001, 28.1], [93.60000000000001, 28.0]]]}, "properties": {"cell_id": "936_280", "state": "Arunachal Pradesh", "samples": 18, "events": 3, "risk_index": 0.1667, "severity": "High", "mean_slope_deg": 28.44, "mean_rain_30d_mm": 296.2}}, {"type": "Feature", "geometry": {"type": "Polygon", "coordinates": [[[93.60000000000001, 28.1], [93.7, 28.1], [93.7, 28.200000000000003], [93.60000000000001, 28.200000000000003], [93.60000000000001, 28.1]]]}, "properties": {"cell_id": "936_281", "state": "Arunachal Pradesh", "samples": 15, "events": 2, "risk_index": 0.1333, "severity": "High", "mean_slope_deg": 29.54, "mean_rain_30d_mm": 357.3}}, {"type": "Feature", "geometry": {"type": "Polygon", "coordinates": [[[93.60000000000001, 28.200000000000003], [93.7, 28.200000000000003], [93.7, 28.300000000000004], [93.60000000000001, 28.300000000000004], [93.60000000000001, 28.200000000000003]]]}, "properties": {"cell_id": "936_282", "state": "Arunachal Pradesh", "samples": 13, "events": 1, "risk_index": 0.0769, "severity": "Moderate", "mean_slope_deg": 23.28, "mean_rain_30d_mm": 315.5}}, {"type": "Feature", "geometry": {"type": "Polygon", "coordinates": [[[93.60000000000001, 28.3], [93.7, 28.3], [93.7, 28.400000000000002], [93.60000000000001, 28.400000000000002], [93.60000000000001, 28.3]]]}, "properties": {"cell_id": "936_283", "state": "Arunachal Pradesh", "samples": 15, "events": 0, "risk_index": 0.0, "severity": "Low", "mean_slope_deg": 24.61, "mean_rain_30d_mm": 292.3}}, {"type": "Feature", "geometry": {"type": "Polygon", "coordinates": [[[93.60000000000001, 28.400000000000002], [93.7, 28.400000000000002], [93.7, 28.500000000000004], [93.60000000000001, 28.500000000000004], [93.60000000000001, 28.400000000000002]]]}, "properties": {"cell_id": "936_284", "state": "Arunachal Pradesh", "samples": 7, "events": 2, "risk_index": 0.2857, "severity": "Very High", "mean_slope_deg": 34.09, "mean_rain_30d_mm": 311.4}}, {"type": "Feature", "geometry": {"type": "Polygon", "coordinates": [[[93.60000000000001, 28.6], [93.7, 28.6], [93.7, 28.700000000000003], [93.60000000000001, 28.700000000000003], [93.60000000000001, 28.6]]]}, "properties": {"cell_id": "936_286", "state": "Arunachal Pradesh", "samples": 5, "events": 0, "risk_index": 0.0, "severity": "Low", "mean_slope_deg": 24.39, "mean_rain_30d_mm": 359.2}}, {"type": "Feature", "geometry": {"type": "Polygon", "coordinates": [[[93.7, 24.0], [93.8, 24.0], [93.8, 24.1], [93.7, 24.1], [93.7, 24.0]]]}, "properties": {"cell_id": "937_240", "state": "Manipur", "samples": 4, "events": 0, "risk_index": 0.0, "severity": "Low", "mean_slope_deg": 14.01, "mean_rain_30d_mm": 258.4}}, {"type": "Feature", "geometry": {"type": "Polygon", "coordinates": [[[93.7, 24.1], [93.8, 24.1], [93.8, 24.200000000000003], [93.7, 24.200000000000003], [93.7, 24.1]]]}, "properties": {"cell_id": "937_241", "state": "Manipur", "samples": 5, "events": 1, "risk_index": 0.2, "severity": "High", "mean_slope_deg": 20.66, "mean_rain_30d_mm": 287.7}}, {"type": "Feature", "geometry": {"type": "Polygon", "coordinates": [[[93.7, 24.200000000000003], [93.8, 24.200000000000003], [93.8, 24.300000000000004], [93.7, 24.300000000000004], [93.7, 24.200000000000003]]]}, "properties": {"cell_id": "937_242", "state": "Manipur", "samples": 4, "events": 0, "risk_index": 0.0, "severity": "Low", "mean_slope_deg": 32.61, "mean_rain_30d_mm": 321.5}}, {"type": "Feature", "geometry": {"type": "Polygon", "coordinates": [[[93.7, 24.3], [93.8, 24.3], [93.8, 24.400000000000002], [93.7, 24.400000000000002], [93.7, 24.3]]]}, "properties": {"cell_id": "937_243", "state": "Manipur", "samples": 16, "events": 1, "risk_index": 0.0625, "severity": "Moderate", "mean_slope_deg": 24.16, "mean_rain_30d_mm": 310.2}}, {"type": "Feature", "geometry": {"type": "Polygon", "coordinates": [[[93.7, 24.400000000000002], [93.8, 24.400000000000002], [93.8, 24.500000000000004], [93.7, 24.500000000000004], [93.7, 24.400000000000002]]]}, "properties": {"cell_id": "937_244", "state": "Manipur", "samples": 20, "events": 1, "risk_index": 0.05, "severity": "Moderate", "mean_slope_deg": 22.63, "mean_rain_30d_mm": 323.4}}, {"type": "Feature", "geometry": {"type": "Polygon", "coordinates": [[[93.7, 24.5], [93.8, 24.5], [93.8, 24.6], [93.7, 24.6], [93.7, 24.5]]]}, "properties": {"cell_id": "937_245", "state": "Manipur", "samples": 28, "events": 4, "risk_index": 0.1429, "severity": "High", "mean_slope_deg": 23.72, "mean_rain_30d_mm": 322.3}}, {"type": "Feature", "geometry": {"type": "Polygon", "coordinates": [[[93.7, 24.6], [93.8, 24.6], [93.8, 24.700000000000003], [93.7, 24.700000000000003], [93.7, 24.6]]]}, "properties": {"cell_id": "937_246", "state": "Manipur", "samples": 23, "events": 0, "risk_index": 0.0, "severity": "Low", "mean_slope_deg": 25.23, "mean_rain_30d_mm": 299.6}}, {"type": "Feature", "geometry": {"type": "Polygon", "coordinates": [[[93.7, 24.700000000000003], [93.8, 24.700000000000003], [93.8, 24.800000000000004], [93.7, 24.800000000000004], [93.7, 24.700000000000003]]]}, "properties": {"cell_id": "937_247", "state": "Manipur", "samples": 28, "events": 3, "risk_index": 0.1071, "severity": "Moderate", "mean_slope_deg": 25.52, "mean_rain_30d_mm": 331.7}}, {"type": "Feature", "geometry": {"type": "Polygon", "coordinates": [[[93.7, 24.8], [93.8, 24.8], [93.8, 24.900000000000002], [93.7, 24.900000000000002], [93.7, 24.8]]]}, "properties": {"cell_id": "937_248", "state": "Manipur", "samples": 23, "events": 0, "risk_index": 0.0, "severity": "Low", "mean_slope_deg": 22.05, "mean_rain_30d_mm": 357.6}}, {"type": "Feature", "geometry": {"type": "Polygon", "coordinates": [[[93.7, 24.900000000000002], [93.8, 24.900000000000002], [93.8, 25.000000000000004], [93.7, 25.000000000000004], [93.7, 24.900000000000002]]]}, "properties": {"cell_id": "937_249", "state": "Manipur", "samples": 29, "events": 2, "risk_index": 0.069, "severity": "Moderate", "mean_slope_deg": 24.04, "mean_rain_30d_mm": 341.9}}, {"type": "Feature", "geometry": {"type": "Polygon", "coordinates": [[[93.7, 25.0], [93.8, 25.0], [93.8, 25.1], [93.7, 25.1], [93.7, 25.0]]]}, "properties": {"cell_id": "937_250", "state": "Manipur", "samples": 11, "events": 0, "risk_index": 0.0, "severity": "Low", "mean_slope_deg": 25.0, "mean_rain_30d_mm": 362.2}}, {"type": "Feature", "geometry": {"type": "Polygon", "coordinates": [[[93.7, 25.1], [93.8, 25.1], [93.8, 25.200000000000003], [93.7, 25.200000000000003], [93.7, 25.1]]]}, "properties": {"cell_id": "937_251", "state": "Manipur", "samples": 9, "events": 0, "risk_index": 0.0, "severity": "Low", "mean_slope_deg": 22.38, "mean_rain_30d_mm": 262.5}}, {"type": "Feature", "geometry": {"type": "Polygon", "coordinates": [[[93.7, 25.200000000000003], [93.8, 25.200000000000003], [93.8, 25.300000000000004], [93.7, 25.300000000000004], [93.7, 25.200000000000003]]]}, "properties": {"cell_id": "937_252", "state": "Manipur", "samples": 10, "events": 1, "risk_index": 0.1, "severity": "Moderate", "mean_slope_deg": 22.05, "mean_rain_30d_mm": 372.8}}, {"type": "Feature", "geometry": {"type": "Polygon", "coordinates": [[[93.7, 25.3], [93.8, 25.3], [93.8, 25.400000000000002], [93.7, 25.400000000000002], [93.7, 25.3]]]}, "properties": {"cell_id": "937_253", "state": "Manipur", "samples": 7, "events": 0, "risk_index": 0.0, "severity": "Low", "mean_slope_deg": 23.19, "mean_rain_30d_mm": 329.5}}, {"type": "Feature", "geometry": {"type": "Polygon", "coordinates": [[[93.7, 26.200000000000003], [93.8, 26.200000000000003], [93.8, 26.300000000000004], [93.7, 26.300000000000004], [93.7, 26.200000000000003]]]}, "properties": {"cell_id": "937_262", "state": "Assam", "samples": 3, "events": 0, "risk_index": 0.0, "severity": "Low", "mean_slope_deg": 3.81, "mean_rain_30d_mm": 253.9}}, {"type": "Feature", "geometry": {"type": "Polygon", "coordinates": [[[93.7, 26.400000000000002], [93.8, 26.400000000000002], [93.8, 26.500000000000004], [93.7, 26.500000000000004], [93.7, 26.400000000000002]]]}, "properties": {"cell_id": "937_264", "state": "Assam", "samples": 3, "events": 0, "risk_index": 0.0, "severity": "Low", "mean_slope_deg": 4.69, "mean_rain_30d_mm": 365.7}}, {"type": "Feature", "geometry": {"type": "Polygon", "coordinates": [[[93.7, 27.400000000000002], [93.8, 27.400000000000002], [93.8, 27.500000000000004], [93.7, 27.500000000000004], [93.7, 27.400000000000002]]]}, "properties": {"cell_id": "937_274", "state": "Arunachal Pradesh", "samples": 11, "events": 1, "risk_index": 0.0909, "severity": "Moderate", "mean_slope_deg": 27.6, "mean_rain_30d_mm": 304.6}}, {"type": "Feature", "geometry": {"type": "Polygon", "coordinates": [[[93.7, 27.5], [93.8, 27.5], [93.8, 27.6], [93.7, 27.6], [93.7, 27.5]]]}, "properties": {"cell_id": "937_275", "state": "Arunachal Pradesh", "samples": 11, "events": 4, "risk_index": 0.3636, "severity": "Very High", "mean_slope_deg": 30.68, "mean_rain_30d_mm": 332.1}}, {"type": "Feature", "geometry": {"type": "Polygon", "coordinates": [[[93.7, 27.6], [93.8, 27.6], [93.8, 27.700000000000003], [93.7, 27.700000000000003], [93.7, 27.6]]]}, "properties": {"cell_id": "937_276", "state": "Arunachal Pradesh", "samples": 11, "events": 1, "risk_index": 0.0909, "severity": "Moderate", "mean_slope_deg": 19.63, "mean_rain_30d_mm": 285.6}}, {"type": "Feature", "geometry": {"type": "Polygon", "coordinates": [[[93.7, 27.700000000000003], [93.8, 27.700000000000003], [93.8, 27.800000000000004], [93.7, 27.800000000000004], [93.7, 27.700000000000003]]]}, "properties": {"cell_id": "937_277", "state": "Arunachal Pradesh", "samples": 14, "events": 2, "risk_index": 0.1429, "severity": "High", "mean_slope_deg": 24.31, "mean_rain_30d_mm": 271.0}}, {"type": "Feature", "geometry": {"type": "Polygon", "coordinates": [[[93.7, 27.8], [93.8, 27.8], [93.8, 27.900000000000002], [93.7, 27.900000000000002], [93.7, 27.8]]]}, "properties": {"cell_id": "937_278", "state": "Arunachal Pradesh", "samples": 19, "events": 0, "risk_index": 0.0, "severity": "Low", "mean_slope_deg": 24.53, "mean_rain_30d_mm": 322.2}}, {"type": "Feature", "geometry": {"type": "Polygon", "coordinates": [[[93.7, 27.900000000000002], [93.8, 27.900000000000002], [93.8, 28.000000000000004], [93.7, 28.000000000000004], [93.7, 27.900000000000002]]]}, "properties": {"cell_id": "937_279", "state": "Arunachal Pradesh", "samples": 28, "events": 2, "risk_index": 0.0714, "severity": "Moderate", "mean_slope_deg": 26.66, "mean_rain_30d_mm": 320.6}}, {"type": "Feature", "geometry": {"type": "Polygon", "coordinates": [[[93.7, 28.0], [93.8, 28.0], [93.8, 28.1], [93.7, 28.1], [93.7, 28.0]]]}, "properties": {"cell_id": "937_280", "state": "Arunachal Pradesh", "samples": 19, "events": 2, "risk_index": 0.1053, "severity": "Moderate", "mean_slope_deg": 26.87, "mean_rain_30d_mm": 361.2}}, {"type": "Feature", "geometry": {"type": "Polygon", "coordinates": [[[93.7, 28.1], [93.8, 28.1], [93.8, 28.200000000000003], [93.7, 28.200000000000003], [93.7, 28.1]]]}, "properties": {"cell_id": "937_281", "state": "Arunachal Pradesh", "samples": 18, "events": 0, "risk_index": 0.0, "severity": "Low", "mean_slope_deg": 19.92, "mean_rain_30d_mm": 320.7}}, {"type": "Feature", "geometry": {"type": "Polygon", "coordinates": [[[93.7, 28.200000000000003], [93.8, 28.200000000000003], [93.8, 28.300000000000004], [93.7, 28.300000000000004], [93.7, 28.200000000000003]]]}, "properties": {"cell_id": "937_282", "state": "Arunachal Pradesh", "samples": 16, "events": 2, "risk_index": 0.125, "severity": "High", "mean_slope_deg": 20.14, "mean_rain_30d_mm": 390.7}}, {"type": "Feature", "geometry": {"type": "Polygon", "coordinates": [[[93.7, 28.3], [93.8, 28.3], [93.8, 28.400000000000002], [93.7, 28.400000000000002], [93.7, 28.3]]]}, "properties": {"cell_id": "937_283", "state": "Arunachal Pradesh", "samples": 6, "events": 0, "risk_index": 0.0, "severity": "Low", "mean_slope_deg": 27.51, "mean_rain_30d_mm": 365.9}}, {"type": "Feature", "geometry": {"type": "Polygon", "coordinates": [[[93.7, 28.400000000000002], [93.8, 28.400000000000002], [93.8, 28.500000000000004], [93.7, 28.500000000000004], [93.7, 28.400000000000002]]]}, "properties": {"cell_id": "937_284", "state": "Arunachal Pradesh", "samples": 9, "events": 0, "risk_index": 0.0, "severity": "Low", "mean_slope_deg": 18.36, "mean_rain_30d_mm": 356.7}}, {"type": "Feature", "geometry": {"type": "Polygon", "coordinates": [[[93.7, 28.5], [93.8, 28.5], [93.8, 28.6], [93.7, 28.6], [93.7, 28.5]]]}, "properties": {"cell_id": "937_285", "state": "Arunachal Pradesh", "samples": 6, "events": 2, "risk_index": 0.3333, "severity": "Very High", "mean_slope_deg": 30.03, "mean_rain_30d_mm": 297.3}}, {"type": "Feature", "geometry": {"type": "Polygon", "coordinates": [[[93.80000000000001, 23.900000000000002], [93.9, 23.900000000000002], [93.9, 24.000000000000004], [93.80000000000001, 24.000000000000004], [93.80000000000001, 23.900000000000002]]]}, "properties": {"cell_id": "938_239", "state": "Manipur", "samples": 5, "events": 1, "risk_index": 0.2, "severity": "High", "mean_slope_deg": 22.25, "mean_rain_30d_mm": 334.2}}, {"type": "Feature", "geometry": {"type": "Polygon", "coordinates": [[[93.80000000000001, 24.1], [93.9, 24.1], [93.9, 24.200000000000003], [93.80000000000001, 24.200000000000003], [93.80000000000001, 24.1]]]}, "properties": {"cell_id": "938_241", "state": "Manipur", "samples": 9, "events": 1, "risk_index": 0.1111, "severity": "Moderate", "mean_slope_deg": 25.68, "mean_rain_30d_mm": 268.3}}, {"type": "Feature", "geometry": {"type": "Polygon", "coordinates": [[[93.80000000000001, 24.200000000000003], [93.9, 24.200000000000003], [93.9, 24.300000000000004], [93.80000000000001, 24.300000000000004], [93.80000000000001, 24.200000000000003]]]}, "properties": {"cell_id": "938_242", "state": "Manipur", "samples": 16, "events": 3, "risk_index": 0.1875, "severity": "High", "mean_slope_deg": 22.45, "mean_rain_30d_mm": 332.2}}, {"type": "Feature", "geometry": {"type": "Polygon", "coordinates": [[[93.80000000000001, 24.3], [93.9, 24.3], [93.9, 24.400000000000002], [93.80000000000001, 24.400000000000002], [93.80000000000001, 24.3]]]}, "properties": {"cell_id": "938_243", "state": "Manipur", "samples": 16, "events": 0, "risk_index": 0.0, "severity": "Low", "mean_slope_deg": 21.26, "mean_rain_30d_mm": 349.0}}, {"type": "Feature", "geometry": {"type": "Polygon", "coordinates": [[[93.80000000000001, 24.400000000000002], [93.9, 24.400000000000002], [93.9, 24.500000000000004], [93.80000000000001, 24.500000000000004], [93.80000000000001, 24.400000000000002]]]}, "properties": {"cell_id": "938_244", "state": "Manipur", "samples": 36, "events": 4, "risk_index": 0.1111, "severity": "Moderate", "mean_slope_deg": 22.64, "mean_rain_30d_mm": 291.3}}, {"type": "Feature", "geometry": {"type": "Polygon", "coordinates": [[[93.80000000000001, 24.5], [93.9, 24.5], [93.9, 24.6], [93.80000000000001, 24.6], [93.80000000000001, 24.5]]]}, "properties": {"cell_id": "938_245", "state": "Manipur", "samples": 23, "events": 1, "risk_index": 0.0435, "severity": "Moderate", "mean_slope_deg": 21.71, "mean_rain_30d_mm": 342.7}}, {"type": "Feature", "geometry": {"type": "Polygon", "coordinates": [[[93.80000000000001, 24.6], [93.9, 24.6], [93.9, 24.700000000000003], [93.80000000000001, 24.700000000000003], [93.80000000000001, 24.6]]]}, "properties": {"cell_id": "938_246", "state": "Manipur", "samples": 44, "events": 3, "risk_index": 0.0682, "severity": "Moderate", "mean_slope_deg": 24.91, "mean_rain_30d_mm": 309.2}}, {"type": "Feature", "geometry": {"type": "Polygon", "coordinates": [[[93.80000000000001, 24.700000000000003], [93.9, 24.700000000000003], [93.9, 24.800000000000004], [93.80000000000001, 24.800000000000004], [93.80000000000001, 24.700000000000003]]]}, "properties": {"cell_id": "938_247", "state": "Manipur", "samples": 29, "events": 3, "risk_index": 0.1034, "severity": "Moderate", "mean_slope_deg": 23.25, "mean_rain_30d_mm": 311.4}}, {"type": "Feature", "geometry": {"type": "Polygon", "coordinates": [[[93.80000000000001, 24.8], [93.9, 24.8], [93.9, 24.900000000000002], [93.80000000000001, 24.900000000000002], [93.80000000000001, 24.8]]]}, "properties": {"cell_id": "938_248", "state": "Manipur", "samples": 36, "events": 1, "risk_index": 0.0278, "severity": "Moderate", "mean_slope_deg": 22.52, "mean_rain_30d_mm": 307.2}}, {"type": "Feature", "geometry": {"type": "Polygon", "coordinates": [[[93.80000000000001, 24.900000000000002], [93.9, 24.900000000000002], [93.9, 25.000000000000004], [93.80000000000001, 25.000000000000004], [93.80000000000001, 24.900000000000002]]]}, "properties": {"cell_id": "938_249", "state": "Manipur", "samples": 21, "events": 0, "risk_index": 0.0, "severity": "Low", "mean_slope_deg": 26.41, "mean_rain_30d_mm": 341.3}}, {"type": "Feature", "geometry": {"type": "Polygon", "coordinates": [[[93.80000000000001, 25.0], [93.9, 25.0], [93.9, 25.1], [93.80000000000001, 25.1], [93.80000000000001, 25.0]]]}, "properties": {"cell_id": "938_250", "state": "Manipur", "samples": 23, "events": 3, "risk_index": 0.1304, "severity": "High", "mean_slope_deg": 23.38, "mean_rain_30d_mm": 330.2}}, {"type": "Feature", "geometry": {"type": "Polygon", "coordinates": [[[93.80000000000001, 25.1], [93.9, 25.1], [93.9, 25.200000000000003], [93.80000000000001, 25.200000000000003], [93.80000000000001, 25.1]]]}, "properties": {"cell_id": "938_251", "state": "Manipur", "samples": 10, "events": 1, "risk_index": 0.1, "severity": "Moderate", "mean_slope_deg": 28.72, "mean_rain_30d_mm": 325.2}}, {"type": "Feature", "geometry": {"type": "Polygon", "coordinates": [[[93.80000000000001, 25.200000000000003], [93.9, 25.200000000000003], [93.9, 25.300000000000004], [93.80000000000001, 25.300000000000004], [93.80000000000001, 25.200000000000003]]]}, "properties": {"cell_id": "938_252", "state": "Manipur", "samples": 7, "events": 1, "risk_index": 0.1429, "severity": "High", "mean_slope_deg": 26.11, "mean_rain_30d_mm": 368.8}}, {"type": "Feature", "geometry": {"type": "Polygon", "coordinates": [[[93.80000000000001, 25.3], [93.9, 25.3], [93.9, 25.400000000000002], [93.80000000000001, 25.400000000000002], [93.80000000000001, 25.3]]]}, "properties": {"cell_id": "938_253", "state": "Manipur", "samples": 3, "events": 0, "risk_index": 0.0, "severity": "Low", "mean_slope_deg": 21.15, "mean_rain_30d_mm": 475.9}}, {"type": "Feature", "geometry": {"type": "Polygon", "coordinates": [[[93.80000000000001, 27.3], [93.9, 27.3], [93.9, 27.400000000000002], [93.80000000000001, 27.400000000000002], [93.80000000000001, 27.3]]]}, "properties": {"cell_id": "938_273", "state": "Arunachal Pradesh", "samples": 4, "events": 1, "risk_index": 0.25, "severity": "Very High", "mean_slope_deg": 19.36, "mean_rain_30d_mm": 452.7}}, {"type": "Feature", "geometry": {"type": "Polygon", "coordinates": [[[93.80000000000001, 27.400000000000002], [93.9, 27.400000000000002], [93.9, 27.500000000000004], [93.80000000000001, 27.500000000000004], [93.80000000000001, 27.400000000000002]]]}, "properties": {"cell_id": "938_274", "state": "Arunachal Pradesh", "samples": 5, "events": 1, "risk_index": 0.2, "severity": "High", "mean_slope_deg": 27.36, "mean_rain_30d_mm": 304.7}}, {"type": "Feature", "geometry": {"type": "Polygon", "coordinates": [[[93.80000000000001, 27.5], [93.9, 27.5], [93.9, 27.6], [93.80000000000001, 27.6], [93.80000000000001, 27.5]]]}, "properties": {"cell_id": "938_275", "state": "Arunachal Pradesh", "samples": 8, "events": 0, "risk_index": 0.0, "severity": "Low", "mean_slope_deg": 32.75, "mean_rain_30d_mm": 348.1}}, {"type": "Feature", "geometry": {"type": "Polygon", "coordinates": [[[93.80000000000001, 27.6], [93.9, 27.6], [93.9, 27.700000000000003], [93.80000000000001, 27.700000000000003], [93.80000000000001, 27.6]]]}, "properties": {"cell_id": "938_276", "state": "Arunachal Pradesh", "samples": 17, "events": 2, "risk_index": 0.1176, "severity": "Moderate", "mean_slope_deg": 22.67, "mean_rain_30d_mm": 336.8}}, {"type": "Feature", "geometry": {"type": "Polygon", "coordinates": [[[93.80000000000001, 27.700000000000003], [93.9, 27.700000000000003], [93.9, 27.800000000000004], [93.80000000000001, 27.800000000000004], [93.80000000000001, 27.700000000000003]]]}, "properties": {"cell_id": "938_277", "state": "Arunachal Pradesh", "samples": 13, "events": 0, "risk_index": 0.0, "severity": "Low", "mean_slope_deg": 20.52, "mean_rain_30d_mm": 328.6}}, {"type": "Feature", "geometry": {"type": "Polygon", "coordinates": [[[93.80000000000001, 27.8], [93.9, 27.8], [93.9, 27.900000000000002], [93.80000000000001, 27.900000000000002], [93.80000000000001, 27.8]]]}, "properties": {"cell_id": "938_278", "state": "Arunachal Pradesh", "samples": 17, "events": 1, "risk_index": 0.0588, "severity": "Moderate", "mean_slope_deg": 24.72, "mean_rain_30d_mm": 301.3}}, {"type": "Feature", "geometry": {"type": "Polygon", "coordinates": [[[93.80000000000001, 27.900000000000002], [93.9, 27.900000000000002], [93.9, 28.000000000000004], [93.80000000000001, 28.000000000000004], [93.80000000000001, 27.900000000000002]]]}, "properties": {"cell_id": "938_279", "state": "Arunachal Pradesh", "samples": 20, "events": 1, "risk_index": 0.05, "severity": "Moderate", "mean_slope_deg": 22.0, "mean_rain_30d_mm": 310.8}}, {"type": "Feature", "geometry": {"type": "Polygon", "coordinates": [[[93.80000000000001, 28.0], [93.9, 28.0], [93.9, 28.1], [93.80000000000001, 28.1], [93.80000000000001, 28.0]]]}, "properties": {"cell_id": "938_280", "state": "Arunachal Pradesh", "samples": 24, "events": 2, "risk_index": 0.0833, "severity": "Moderate", "mean_slope_deg": 25.67, "mean_rain_30d_mm": 320.7}}, {"type": "Feature", "geometry": {"type": "Polygon", "coordinates": [[[93.80000000000001, 28.1], [93.9, 28.1], [93.9, 28.200000000000003], [93.80000000000001, 28.200000000000003], [93.80000000000001, 28.1]]]}, "properties": {"cell_id": "938_281", "state": "Arunachal Pradesh", "samples": 28, "events": 3, "risk_index": 0.1071, "severity": "Moderate", "mean_slope_deg": 21.01, "mean_rain_30d_mm": 298.1}}, {"type": "Feature", "geometry": {"type": "Polygon", "coordinates": [[[93.80000000000001, 28.200000000000003], [93.9, 28.200000000000003], [93.9, 28.300000000000004], [93.80000000000001, 28.300000000000004], [93.80000000000001, 28.200000000000003]]]}, "properties": {"cell_id": "938_282", "state": "Arunachal Pradesh", "samples": 18, "events": 0, "risk_index": 0.0, "severity": "Low", "mean_slope_deg": 22.5, "mean_rain_30d_mm": 355.3}}, {"type": "Feature", "geometry": {"type": "Polygon", "coordinates": [[[93.80000000000001, 28.3], [93.9, 28.3], [93.9, 28.400000000000002], [93.80000000000001, 28.400000000000002], [93.80000000000001, 28.3]]]}, "properties": {"cell_id": "938_283", "state": "Arunachal Pradesh", "samples": 11, "events": 0, "risk_index": 0.0, "severity": "Low", "mean_slope_deg": 26.75, "mean_rain_30d_mm": 312.9}}, {"type": "Feature", "geometry": {"type": "Polygon", "coordinates": [[[93.80000000000001, 28.400000000000002], [93.9, 28.400000000000002], [93.9, 28.500000000000004], [93.80000000000001, 28.500000000000004], [93.80000000000001, 28.400000000000002]]]}, "properties": {"cell_id": "938_284", "state": "Arunachal Pradesh", "samples": 11, "events": 0, "risk_index": 0.0, "severity": "Low", "mean_slope_deg": 23.19, "mean_rain_30d_mm": 342.6}}, {"type": "Feature", "geometry": {"type": "Polygon", "coordinates": [[[93.80000000000001, 28.5], [93.9, 28.5], [93.9, 28.6], [93.80000000000001, 28.6], [93.80000000000001, 28.5]]]}, "properties": {"cell_id": "938_285", "state": "Arunachal Pradesh", "samples": 8, "events": 1, "risk_index": 0.125, "severity": "High", "mean_slope_deg": 23.4, "mean_rain_30d_mm": 302.8}}, {"type": "Feature", "geometry": {"type": "Polygon", "coordinates": [[[93.80000000000001, 28.6], [93.9, 28.6], [93.9, 28.700000000000003], [93.80000000000001, 28.700000000000003], [93.80000000000001, 28.6]]]}, "properties": {"cell_id": "938_286", "state": "Arunachal Pradesh", "samples": 3, "events": 1, "risk_index": 0.3333, "severity": "Very High", "mean_slope_deg": 29.61, "mean_rain_30d_mm": 294.3}}, {"type": "Feature", "geometry": {"type": "Polygon", "coordinates": [[[93.80000000000001, 28.700000000000003], [93.9, 28.700000000000003], [93.9, 28.800000000000004], [93.80000000000001, 28.800000000000004], [93.80000000000001, 28.700000000000003]]]}, "properties": {"cell_id": "938_287", "state": "Arunachal Pradesh", "samples": 3, "events": 0, "risk_index": 0.0, "severity": "Low", "mean_slope_deg": 26.7, "mean_rain_30d_mm": 259.0}}, {"type": "Feature", "geometry": {"type": "Polygon", "coordinates": [[[93.9, 23.900000000000002], [94.0, 23.900000000000002], [94.0, 24.000000000000004], [93.9, 24.000000000000004], [93.9, 23.900000000000002]]]}, "properties": {"cell_id": "939_239", "state": "Manipur", "samples": 4, "events": 1, "risk_index": 0.25, "severity": "Very High", "mean_slope_deg": 32.97, "mean_rain_30d_mm": 354.6}}, {"type": "Feature", "geometry": {"type": "Polygon", "coordinates": [[[93.9, 24.0], [94.0, 24.0], [94.0, 24.1], [93.9, 24.1], [93.9, 24.0]]]}, "properties": {"cell_id": "939_240", "state": "Manipur", "samples": 6, "events": 0, "risk_index": 0.0, "severity": "Low", "mean_slope_deg": 20.18, "mean_rain_30d_mm": 287.2}}, {"type": "Feature", "geometry": {"type": "Polygon", "coordinates": [[[93.9, 24.1], [94.0, 24.1], [94.0, 24.200000000000003], [93.9, 24.200000000000003], [93.9, 24.1]]]}, "properties": {"cell_id": "939_241", "state": "Manipur", "samples": 8, "events": 0, "risk_index": 0.0, "severity": "Low", "mean_slope_deg": 23.1, "mean_rain_30d_mm": 338.6}}, {"type": "Feature", "geometry": {"type": "Polygon", "coordinates": [[[93.9, 24.200000000000003], [94.0, 24.200000000000003], [94.0, 24.300000000000004], [93.9, 24.300000000000004], [93.9, 24.200000000000003]]]}, "properties": {"cell_id": "939_242", "state": "Manipur", "samples": 10, "events": 1, "risk_index": 0.1, "severity": "Moderate", "mean_slope_deg": 24.99, "mean_rain_30d_mm": 370.5}}, {"type": "Feature", "geometry": {"type": "Polygon", "coordinates": [[[93.9, 24.3], [94.0, 24.3], [94.0, 24.400000000000002], [93.9, 24.400000000000002], [93.9, 24.3]]]}, "properties": {"cell_id": "939_243", "state": "Manipur", "samples": 26, "events": 3, "risk_index": 0.1154, "severity": "Moderate", "mean_slope_deg": 24.56, "mean_rain_30d_mm": 299.8}}, {"type": "Feature", "geometry": {"type": "Polygon", "coordinates": [[[93.9, 24.400000000000002], [94.0, 24.400000000000002], [94.0, 24.500000000000004], [93.9, 24.500000000000004], [93.9, 24.400000000000002]]]}, "properties": {"cell_id": "939_244", "state": "Manipur", "samples": 31, "events": 4, "risk_index": 0.129, "severity": "High", "mean_slope_deg": 25.62, "mean_rain_30d_mm": 360.2}}, {"type": "Feature", "geometry": {"type": "Polygon", "coordinates": [[[93.9, 24.5], [94.0, 24.5], [94.0, 24.6], [93.9, 24.6], [93.9, 24.5]]]}, "properties": {"cell_id": "939_245", "state": "Manipur", "samples": 40, "events": 4, "risk_index": 0.1, "severity": "Moderate", "mean_slope_deg": 26.54, "mean_rain_30d_mm": 322.1}}, {"type": "Feature", "geometry": {"type": "Polygon", "coordinates": [[[93.9, 24.6], [94.0, 24.6], [94.0, 24.700000000000003], [93.9, 24.700000000000003], [93.9, 24.6]]]}, "properties": {"cell_id": "939_246", "state": "Manipur", "samples": 40, "events": 0, "risk_index": 0.0, "severity": "Low", "mean_slope_deg": 21.73, "mean_rain_30d_mm": 309.0}}, {"type": "Feature", "geometry": {"type": "Polygon", "coordinates": [[[93.9, 24.700000000000003], [94.0, 24.700000000000003], [94.0, 24.800000000000004], [93.9, 24.800000000000004], [93.9, 24.700000000000003]]]}, "properties": {"cell_id": "939_247", "state": "Manipur", "samples": 34, "events": 3, "risk_index": 0.0882, "severity": "Moderate", "mean_slope_deg": 26.53, "mean_rain_30d_mm": 336.7}}, {"type": "Feature", "geometry": {"type": "Polygon", "coordinates": [[[93.9, 24.8], [94.0, 24.8], [94.0, 24.900000000000002], [93.9, 24.900000000000002], [93.9, 24.8]]]}, "properties": {"cell_id": "939_248", "state": "Manipur", "samples": 23, "events": 2, "risk_index": 0.087, "severity": "Moderate", "mean_slope_deg": 28.04, "mean_rain_30d_mm": 332.9}}, {"type": "Feature", "geometry": {"type": "Polygon", "coordinates": [[[93.9, 24.900000000000002], [94.0, 24.900000000000002], [94.0, 25.000000000000004], [93.9, 25.000000000000004], [93.9, 24.900000000000002]]]}, "properties": {"cell_id": "939_249", "state": "Manipur", "samples": 21, "events": 1, "risk_index": 0.0476, "severity": "Moderate", "mean_slope_deg": 25.81, "mean_rain_30d_mm": 343.5}}, {"type": "Feature", "geometry": {"type": "Polygon", "coordinates": [[[93.9, 25.0], [94.0, 25.0], [94.0, 25.1], [93.9, 25.1], [93.9, 25.0]]]}, "properties": {"cell_id": "939_250", "state": "Manipur", "samples": 23, "events": 0, "risk_index": 0.0, "severity": "Low", "mean_slope_deg": 26.82, "mean_rain_30d_mm": 325.5}}, {"type": "Feature", "geometry": {"type": "Polygon", "coordinates": [[[93.9, 25.1], [94.0, 25.1], [94.0, 25.200000000000003], [93.9, 25.200000000000003], [93.9, 25.1]]]}, "properties": {"cell_id": "939_251", "state": "Manipur", "samples": 12, "events": 2, "risk_index": 0.1667, "severity": "High", "mean_slope_deg": 23.89, "mean_rain_30d_mm": 254.1}}, {"type": "Feature", "geometry": {"type": "Polygon", "coordinates": [[[93.9, 25.200000000000003], [94.0, 25.200000000000003], [94.0, 25.300000000000004], [93.9, 25.300000000000004], [93.9, 25.200000000000003]]]}, "properties": {"cell_id": "939_252", "state": "Manipur", "samples": 8, "events": 0, "risk_index": 0.0, "severity": "Low", "mean_slope_deg": 28.96, "mean_rain_30d_mm": 305.5}}, {"type": "Feature", "geometry": {"type": "Polygon", "coordinates": [[[93.9, 25.3], [94.0, 25.3], [94.0, 25.400000000000002], [93.9, 25.400000000000002], [93.9, 25.3]]]}, "properties": {"cell_id": "939_253", "state": "Manipur", "samples": 7, "events": 1, "risk_index": 0.1429, "severity": "High", "mean_slope_deg": 24.03, "mean_rain_30d_mm": 324.4}}, {"type": "Feature", "geometry": {"type": "Polygon", "coordinates": [[[93.9, 25.400000000000002], [94.0, 25.400000000000002], [94.0, 25.500000000000004], [93.9, 25.500000000000004], [93.9, 25.400000000000002]]]}, "properties": {"cell_id": "939_254", "state": "Manipur", "samples": 4, "events": 1, "risk_index": 0.25, "severity": "Very High", "mean_slope_deg": 28.27, "mean_rain_30d_mm": 296.6}}, {"type": "Feature", "geometry": {"type": "Polygon", "coordinates": [[[93.9, 25.5], [94.0, 25.5], [94.0, 25.6], [93.9, 25.6], [93.9, 25.5]]]}, "properties": {"cell_id": "939_255", "state": "Manipur", "samples": 4, "events": 0, "risk_index": 0.0, "severity": "Low", "mean_slope_deg": 11.65, "mean_rain_30d_mm": 280.7}}, {"type": "Feature", "geometry": {"type": "Polygon", "coordinates": [[[93.9, 25.8], [94.0, 25.8], [94.0, 25.900000000000002], [93.9, 25.900000000000002], [93.9, 25.8]]]}, "properties": {"cell_id": "939_258", "state": "Nagaland", "samples": 7, "events": 1, "risk_index": 0.1429, "severity": "High", "mean_slope_deg": 21.02, "mean_rain_30d_mm": 350.9}}, {"type": "Feature", "geometry": {"type": "Polygon", "coordinates": [[[93.9, 25.900000000000002], [94.0, 25.900000000000002], [94.0, 26.000000000000004], [93.9, 26.000000000000004], [93.9, 25.900000000000002]]]}, "properties": {"cell_id": "939_259", "state": "Nagaland", "samples": 6, "events": 0, "risk_index": 0.0, "severity": "Low", "mean_slope_deg": 24.49, "mean_rain_30d_mm": 328.2}}, {"type": "Feature", "geometry": {"type": "Polygon", "coordinates": [[[93.9, 26.0], [94.0, 26.0], [94.0, 26.1], [93.9, 26.1], [93.9, 26.0]]]}, "properties": {"cell_id": "939_260", "state": "Nagaland", "samples": 6, "events": 0, "risk_index": 0.0, "severity": "Low", "mean_slope_deg": 14.61, "mean_rain_30d_mm": 311.3}}, {"type": "Feature", "geometry": {"type": "Polygon", "coordinates": [[[93.9, 26.200000000000003], [94.0, 26.200000000000003], [94.0, 26.300000000000004], [93.9, 26.300000000000004], [93.9, 26.200000000000003]]]}, "properties": {"cell_id": "939_262", "state": "Assam", "samples": 5, "events": 0, "risk_index": 0.0, "severity": "Low", "mean_slope_deg": 15.65, "mean_rain_30d_mm": 280.1}}, {"type": "Feature", "geometry": {"type": "Polygon", "coordinates": [[[93.9, 26.3], [94.0, 26.3], [94.0, 26.400000000000002], [93.9, 26.400000000000002], [93.9, 26.3]]]}, "properties": {"cell_id": "939_263", "state": "Assam", "samples": 4, "events": 0, "risk_index": 0.0, "severity": "Low", "mean_slope_deg": 9.57, "mean_rain_30d_mm": 322.0}}, {"type": "Feature", "geometry": {"type": "Polygon", "coordinates": [[[93.9, 27.400000000000002], [94.0, 27.400000000000002], [94.0, 27.500000000000004], [93.9, 27.500000000000004], [93.9, 27.400000000000002]]]}, "properties": {"cell_id": "939_274", "state": "Arunachal Pradesh", "samples": 3, "events": 0, "risk_index": 0.0, "severity": "Low", "mean_slope_deg": 25.94, "mean_rain_30d_mm": 255.3}}, {"type": "Feature", "geometry": {"type": "Polygon", "coordinates": [[[93.9, 27.5], [94.0, 27.5], [94.0, 27.6], [93.9, 27.6], [93.9, 27.5]]]}, "properties": {"cell_id": "939_275", "state": "Arunachal Pradesh", "samples": 12, "events": 1, "risk_index": 0.0833, "severity": "Moderate", "mean_slope_deg": 20.22, "mean_rain_30d_mm": 325.8}}, {"type": "Feature", "geometry": {"type": "Polygon", "coordinates": [[[93.9, 27.6], [94.0, 27.6], [94.0, 27.700000000000003], [93.9, 27.700000000000003], [93.9, 27.6]]]}, "properties": {"cell_id": "939_276", "state": "Arunachal Pradesh", "samples": 12, "events": 2, "risk_index": 0.1667, "severity": "High", "mean_slope_deg": 24.21, "mean_rain_30d_mm": 273.2}}, {"type": "Feature", "geometry": {"type": "Polygon", "coordinates": [[[93.9, 27.700000000000003], [94.0, 27.700000000000003], [94.0, 27.800000000000004], [93.9, 27.800000000000004], [93.9, 27.700000000000003]]]}, "properties": {"cell_id": "939_277", "state": "Arunachal Pradesh", "samples": 20, "events": 2, "risk_index": 0.1, "severity": "Moderate", "mean_slope_deg": 23.82, "mean_rain_30d_mm": 354.4}}, {"type": "Feature", "geometry": {"type": "Polygon", "coordinates": [[[93.9, 27.8], [94.0, 27.8], [94.0, 27.900000000000002], [93.9, 27.900000000000002], [93.9, 27.8]]]}, "properties": {"cell_id": "939_278", "state": "Arunachal Pradesh", "samples": 10, "events": 0, "risk_index": 0.0, "severity": "Low", "mean_slope_deg": 17.34, "mean_rain_30d_mm": 313.1}}, {"type": "Feature", "geometry": {"type": "Polygon", "coordinates": [[[93.9, 27.900000000000002], [94.0, 27.900000000000002], [94.0, 28.000000000000004], [93.9, 28.000000000000004], [93.9, 27.900000000000002]]]}, "properties": {"cell_id": "939_279", "state": "Arunachal Pradesh", "samples": 25, "events": 1, "risk_index": 0.04, "severity": "Moderate", "mean_slope_deg": 23.74, "mean_rain_30d_mm": 320.6}}, {"type": "Feature", "geometry": {"type": "Polygon", "coordinates": [[[93.9, 28.0], [94.0, 28.0], [94.0, 28.1], [93.9, 28.1], [93.9, 28.0]]]}, "properties": {"cell_id": "939_280", "state": "Arunachal Pradesh", "samples": 32, "events": 0, "risk_index": 0.0, "severity": "Low", "mean_slope_deg": 18.97, "mean_rain_30d_mm": 331.4}}, {"type": "Feature", "geometry": {"type": "Polygon", "coordinates": [[[93.9, 28.1], [94.0, 28.1], [94.0, 28.200000000000003], [93.9, 28.200000000000003], [93.9, 28.1]]]}, "properties": {"cell_id": "939_281", "state": "Arunachal Pradesh", "samples": 18, "events": 1, "risk_index": 0.0556, "severity": "Moderate", "mean_slope_deg": 28.59, "mean_rain_30d_mm": 342.1}}, {"type": "Feature", "geometry": {"type": "Polygon", "coordinates": [[[93.9, 28.200000000000003], [94.0, 28.200000000000003], [94.0, 28.300000000000004], [93.9, 28.300000000000004], [93.9, 28.200000000000003]]]}, "properties": {"cell_id": "939_282", "state": "Arunachal Pradesh", "samples": 14, "events": 2, "risk_index": 0.1429, "severity": "High", "mean_slope_deg": 24.18, "mean_rain_30d_mm": 309.5}}, {"type": "Feature", "geometry": {"type": "Polygon", "coordinates": [[[93.9, 28.3], [94.0, 28.3], [94.0, 28.400000000000002], [93.9, 28.400000000000002], [93.9, 28.3]]]}, "properties": {"cell_id": "939_283", "state": "Arunachal Pradesh", "samples": 11, "events": 0, "risk_index": 0.0, "severity": "Low", "mean_slope_deg": 24.41, "mean_rain_30d_mm": 294.0}}, {"type": "Feature", "geometry": {"type": "Polygon", "coordinates": [[[93.9, 28.400000000000002], [94.0, 28.400000000000002], [94.0, 28.500000000000004], [93.9, 28.500000000000004], [93.9, 28.400000000000002]]]}, "properties": {"cell_id": "939_284", "state": "Arunachal Pradesh", "samples": 14, "events": 3, "risk_index": 0.2143, "severity": "Very High", "mean_slope_deg": 26.63, "mean_rain_30d_mm": 365.3}}, {"type": "Feature", "geometry": {"type": "Polygon", "coordinates": [[[93.9, 28.5], [94.0, 28.5], [94.0, 28.6], [93.9, 28.6], [93.9, 28.5]]]}, "properties": {"cell_id": "939_285", "state": "Arunachal Pradesh", "samples": 3, "events": 1, "risk_index": 0.3333, "severity": "Very High", "mean_slope_deg": 21.15, "mean_rain_30d_mm": 227.4}}, {"type": "Feature", "geometry": {"type": "Polygon", "coordinates": [[[93.9, 28.6], [94.0, 28.6], [94.0, 28.700000000000003], [93.9, 28.700000000000003], [93.9, 28.6]]]}, "properties": {"cell_id": "939_286", "state": "Arunachal Pradesh", "samples": 4, "events": 0, "risk_index": 0.0, "severity": "Low", "mean_slope_deg": 27.54, "mean_rain_30d_mm": 376.7}}, {"type": "Feature", "geometry": {"type": "Polygon", "coordinates": [[[94.0, 23.900000000000002], [94.1, 23.900000000000002], [94.1, 24.000000000000004], [94.0, 24.000000000000004], [94.0, 23.900000000000002]]]}, "properties": {"cell_id": "940_239", "state": "Manipur", "samples": 3, "events": 1, "risk_index": 0.3333, "severity": "Very High", "mean_slope_deg": 32.59, "mean_rain_30d_mm": 309.6}}, {"type": "Feature", "geometry": {"type": "Polygon", "coordinates": [[[94.0, 24.0], [94.1, 24.0], [94.1, 24.1], [94.0, 24.1], [94.0, 24.0]]]}, "properties": {"cell_id": "940_240", "state": "Manipur", "samples": 6, "events": 1, "risk_index": 0.1667, "severity": "High", "mean_slope_deg": 17.64, "mean_rain_30d_mm": 287.2}}, {"type": "Feature", "geometry": {"type": "Polygon", "coordinates": [[[94.0, 24.1], [94.1, 24.1], [94.1, 24.200000000000003], [94.0, 24.200000000000003], [94.0, 24.1]]]}, "properties": {"cell_id": "940_241", "state": "Manipur", "samples": 5, "events": 1, "risk_index": 0.2, "severity": "High", "mean_slope_deg": 30.19, "mean_rain_30d_mm": 242.3}}, {"type": "Feature", "geometry": {"type": "Polygon", "coordinates": [[[94.0, 24.200000000000003], [94.1, 24.200000000000003], [94.1, 24.300000000000004], [94.0, 24.300000000000004], [94.0, 24.200000000000003]]]}, "properties": {"cell_id": "940_242", "state": "Manipur", "samples": 14, "events": 2, "risk_index": 0.1429, "severity": "High", "mean_slope_deg": 24.12, "mean_rain_30d_mm": 318.4}}, {"type": "Feature", "geometry": {"type": "Polygon", "coordinates": [[[94.0, 24.3], [94.1, 24.3], [94.1, 24.400000000000002], [94.0, 24.400000000000002], [94.0, 24.3]]]}, "properties": {"cell_id": "940_243", "state": "Manipur", "samples": 17, "events": 3, "risk_index": 0.1765, "severity": "High", "mean_slope_deg": 22.28, "mean_rain_30d_mm": 312.6}}, {"type": "Feature", "geometry": {"type": "Polygon", "coordinates": [[[94.0, 24.400000000000002], [94.1, 24.400000000000002], [94.1, 24.500000000000004], [94.0, 24.500000000000004], [94.0, 24.400000000000002]]]}, "properties": {"cell_id": "940_244", "state": "Manipur", "samples": 20, "events": 1, "risk_index": 0.05, "severity": "Moderate", "mean_slope_deg": 21.48, "mean_rain_30d_mm": 305.3}}, {"type": "Feature", "geometry": {"type": "Polygon", "coordinates": [[[94.0, 24.5], [94.1, 24.5], [94.1, 24.6], [94.0, 24.6], [94.0, 24.5]]]}, "properties": {"cell_id": "940_245", "state": "Manipur", "samples": 23, "events": 3, "risk_index": 0.1304, "severity": "High", "mean_slope_deg": 22.92, "mean_rain_30d_mm": 339.5}}, {"type": "Feature", "geometry": {"type": "Polygon", "coordinates": [[[94.0, 24.6], [94.1, 24.6], [94.1, 24.700000000000003], [94.0, 24.700000000000003], [94.0, 24.6]]]}, "properties": {"cell_id": "940_246", "state": "Manipur", "samples": 30, "events": 2, "risk_index": 0.0667, "severity": "Moderate", "mean_slope_deg": 23.13, "mean_rain_30d_mm": 312.9}}, {"type": "Feature", "geometry": {"type": "Polygon", "coordinates": [[[94.0, 24.700000000000003], [94.1, 24.700000000000003], [94.1, 24.800000000000004], [94.0, 24.800000000000004], [94.0, 24.700000000000003]]]}, "properties": {"cell_id": "940_247", "state": "Manipur", "samples": 28, "events": 1, "risk_index": 0.0357, "severity": "Moderate", "mean_slope_deg": 26.29, "mean_rain_30d_mm": 342.4}}, {"type": "Feature", "geometry": {"type": "Polygon", "coordinates": [[[94.0, 24.8], [94.1, 24.8], [94.1, 24.900000000000002], [94.0, 24.900000000000002], [94.0, 24.8]]]}, "properties": {"cell_id": "940_248", "state": "Manipur", "samples": 29, "events": 2, "risk_index": 0.069, "severity": "Moderate", "mean_slope_deg": 24.98, "mean_rain_30d_mm": 299.2}}, {"type": "Feature", "geometry": {"type": "Polygon", "coordinates": [[[94.0, 24.900000000000002], [94.1, 24.900000000000002], [94.1, 25.000000000000004], [94.0, 25.000000000000004], [94.0, 24.900000000000002]]]}, "properties": {"cell_id": "940_249", "state": "Manipur", "samples": 22, "events": 2, "risk_index": 0.0909, "severity": "Moderate", "mean_slope_deg": 28.4, "mean_rain_30d_mm": 359.3}}, {"type": "Feature", "geometry": {"type": "Polygon", "coordinates": [[[94.0, 25.0], [94.1, 25.0], [94.1, 25.1], [94.0, 25.1], [94.0, 25.0]]]}, "properties": {"cell_id": "940_250", "state": "Manipur", "samples": 11, "events": 0, "risk_index": 0.0, "severity": "Low", "mean_slope_deg": 24.35, "mean_rain_30d_mm": 338.6}}, {"type": "Feature", "geometry": {"type": "Polygon", "coordinates": [[[94.0, 25.1], [94.1, 25.1], [94.1, 25.200000000000003], [94.0, 25.200000000000003], [94.0, 25.1]]]}, "properties": {"cell_id": "940_251", "state": "Manipur", "samples": 11, "events": 0, "risk_index": 0.0, "severity": "Low", "mean_slope_deg": 26.86, "mean_rain_30d_mm": 305.8}}, {"type": "Feature", "geometry": {"type": "Polygon", "coordinates": [[[94.0, 25.200000000000003], [94.1, 25.200000000000003], [94.1, 25.300000000000004], [94.0, 25.300000000000004], [94.0, 25.200000000000003]]]}, "properties": {"cell_id": "940_252", "state": "Manipur", "samples": 11, "events": 0, "risk_index": 0.0, "severity": "Low", "mean_slope_deg": 25.0, "mean_rain_30d_mm": 272.5}}, {"type": "Feature", "geometry": {"type": "Polygon", "coordinates": [[[94.0, 25.3], [94.1, 25.3], [94.1, 25.400000000000002], [94.0, 25.400000000000002], [94.0, 25.3]]]}, "properties": {"cell_id": "940_253", "state": "Manipur", "samples": 4, "events": 0, "risk_index": 0.0, "severity": "Low", "mean_slope_deg": 17.19, "mean_rain_30d_mm": 268.5}}, {"type": "Feature", "geometry": {"type": "Polygon", "coordinates": [[[94.0, 25.400000000000002], [94.1, 25.400000000000002], [94.1, 25.500000000000004], [94.0, 25.500000000000004], [94.0, 25.400000000000002]]]}, "properties": {"cell_id": "940_254", "state": "Manipur", "samples": 4, "events": 3, "risk_index": 0.75, "severity": "Very High", "mean_slope_deg": 24.61, "mean_rain_30d_mm": 405.7}}, {"type": "Feature", "geometry": {"type": "Polygon", "coordinates": [[[94.0, 25.5], [94.1, 25.5], [94.1, 25.6], [94.0, 25.6], [94.0, 25.5]]]}, "properties": {"cell_id": "940_255", "state": "Nagaland", "samples": 3, "events": 1, "risk_index": 0.3333, "severity": "Very High", "mean_slope_deg": 28.61, "mean_rain_30d_mm": 311.6}}, {"type": "Feature", "geometry": {"type": "Polygon", "coordinates": [[[94.0, 25.6], [94.1, 25.6], [94.1, 25.700000000000003], [94.0, 25.700000000000003], [94.0, 25.6]]]}, "properties": {"cell_id": "940_256", "state": "Nagaland", "samples": 8, "events": 0, "risk_index": 0.0, "severity": "Low", "mean_slope_deg": 23.38, "mean_rain_30d_mm": 358.2}}, {"type": "Feature", "geometry": {"type": "Polygon", "coordinates": [[[94.0, 25.700000000000003], [94.1, 25.700000000000003], [94.1, 25.800000000000004], [94.0, 25.800000000000004], [94.0, 25.700000000000003]]]}, "properties": {"cell_id": "940_257", "state": "Nagaland", "samples": 7, "events": 0, "risk_index": 0.0, "severity": "Low", "mean_slope_deg": 23.42, "mean_rain_30d_mm": 343.2}}, {"type": "Feature", "geometry": {"type": "Polygon", "coordinates": [[[94.0, 25.8], [94.1, 25.8], [94.1, 25.900000000000002], [94.0, 25.900000000000002], [94.0, 25.8]]]}, "properties": {"cell_id": "940_258", "state": "Nagaland", "samples": 13, "events": 1, "risk_index": 0.0769, "severity": "Moderate", "mean_slope_deg": 24.33, "mean_rain_30d_mm": 337.7}}, {"type": "Feature", "geometry": {"type": "Polygon", "coordinates": [[[94.0, 25.900000000000002], [94.1, 25.900000000000002], [94.1, 26.000000000000004], [94.0, 26.000000000000004], [94.0, 25.900000000000002]]]}, "properties": {"cell_id": "940_259", "state": "Nagaland", "samples": 5, "events": 1, "risk_index": 0.2, "severity": "High", "mean_slope_deg": 19.29, "mean_rain_30d_mm": 303.3}}, {"type": "Feature", "geometry": {"type": "Polygon", "coordinates": [[[94.0, 26.0], [94.1, 26.0], [94.1, 26.1], [94.0, 26.1], [94.0, 26.0]]]}, "properties": {"cell_id": "940_260", "state": "Nagaland", "samples": 11, "events": 0, "risk_index": 0.0, "severity": "Low", "mean_slope_deg": 22.34, "mean_rain_30d_mm": 428.5}}, {"type": "Feature", "geometry": {"type": "Polygon", "coordinates": [[[94.0, 26.1], [94.1, 26.1], [94.1, 26.200000000000003], [94.0, 26.200000000000003], [94.0, 26.1]]]}, "properties": {"cell_id": "940_261", "state": "Nagaland", "samples": 11, "events": 0, "risk_index": 0.0, "severity": "Low", "mean_slope_deg": 25.16, "mean_rain_30d_mm": 363.4}}, {"type": "Feature", "geometry": {"type": "Polygon", "coordinates": [[[94.0, 26.200000000000003], [94.1, 26.200000000000003], [94.1, 26.300000000000004], [94.0, 26.300000000000004], [94.0, 26.200000000000003]]]}, "properties": {"cell_id": "940_262", "state": "Nagaland", "samples": 9, "events": 1, "risk_index": 0.1111, "severity": "Moderate", "mean_slope_deg": 16.43, "mean_rain_30d_mm": 287.5}}, {"type": "Feature", "geometry": {"type": "Polygon", "coordinates": [[[94.0, 26.3], [94.1, 26.3], [94.1, 26.400000000000002], [94.0, 26.400000000000002], [94.0, 26.3]]]}, "properties": {"cell_id": "940_263", "state": "Nagaland", "samples": 3, "events": 1, "risk_index": 0.3333, "severity": "Very High", "mean_slope_deg": 18.8, "mean_rain_30d_mm": 287.0}}, {"type": "Feature", "geometry": {"type": "Polygon", "coordinates": [[[94.0, 27.3], [94.1, 27.3], [94.1, 27.400000000000002], [94.0, 27.400000000000002], [94.0, 27.3]]]}, "properties": {"cell_id": "940_273", "state": "Arunachal Pradesh", "samples": 3, "events": 0, "risk_index": 0.0, "severity": "Low", "mean_slope_deg": 32.27, "mean_rain_30d_mm": 311.4}}, {"type": "Feature", "geometry": {"type": "Polygon", "coordinates": [[[94.0, 27.400000000000002], [94.1, 27.400000000000002], [94.1, 27.500000000000004], [94.0, 27.500000000000004], [94.0, 27.400000000000002]]]}, "properties": {"cell_id": "940_274", "state": "Arunachal Pradesh", "samples": 8, "events": 1, "risk_index": 0.125, "severity": "High", "mean_slope_deg": 24.09, "mean_rain_30d_mm": 397.1}}, {"type": "Feature", "geometry": {"type": "Polygon", "coordinates": [[[94.0, 27.5], [94.1, 27.5], [94.1, 27.6], [94.0, 27.6], [94.0, 27.5]]]}, "properties": {"cell_id": "940_275", "state": "Arunachal Pradesh", "samples": 6, "events": 0, "risk_index": 0.0, "severity": "Low", "mean_slope_deg": 28.01, "mean_rain_30d_mm": 380.5}}, {"type": "Feature", "geometry": {"type": "Polygon", "coordinates": [[[94.0, 27.6], [94.1, 27.6], [94.1, 27.700000000000003], [94.0, 27.700000000000003], [94.0, 27.6]]]}, "properties": {"cell_id": "940_276", "state": "Arunachal Pradesh", "samples": 14, "events": 1, "risk_index": 0.0714, "severity": "Moderate", "mean_slope_deg": 30.01, "mean_rain_30d_mm": 292.3}}, {"type": "Feature", "geometry": {"type": "Polygon", "coordinates": [[[94.0, 27.700000000000003], [94.1, 27.700000000000003], [94.1, 27.800000000000004], [94.0, 27.800000000000004], [94.0, 27.700000000000003]]]}, "properties": {"cell_id": "940_277", "state": "Arunachal Pradesh", "samples": 14, "events": 2, "risk_index": 0.1429, "severity": "High", "mean_slope_deg": 27.91, "mean_rain_30d_mm": 387.1}}, {"type": "Feature", "geometry": {"type": "Polygon", "coordinates": [[[94.0, 27.8], [94.1, 27.8], [94.1, 27.900000000000002], [94.0, 27.900000000000002], [94.0, 27.8]]]}, "properties": {"cell_id": "940_278", "state": "Arunachal Pradesh", "samples": 16, "events": 1, "risk_index": 0.0625, "severity": "Moderate", "mean_slope_deg": 23.21, "mean_rain_30d_mm": 352.2}}, {"type": "Feature", "geometry": {"type": "Polygon", "coordinates": [[[94.0, 27.900000000000002], [94.1, 27.900000000000002], [94.1, 28.000000000000004], [94.0, 28.000000000000004], [94.0, 27.900000000000002]]]}, "properties": {"cell_id": "940_279", "state": "Arunachal Pradesh", "samples": 16, "events": 1, "risk_index": 0.0625, "severity": "Moderate", "mean_slope_deg": 26.92, "mean_rain_30d_mm": 343.5}}, {"type": "Feature", "geometry": {"type": "Polygon", "coordinates": [[[94.0, 28.0], [94.1, 28.0], [94.1, 28.1], [94.0, 28.1], [94.0, 28.0]]]}, "properties": {"cell_id": "940_280", "state": "Arunachal Pradesh", "samples": 21, "events": 1, "risk_index": 0.0476, "severity": "Moderate", "mean_slope_deg": 24.52, "mean_rain_30d_mm": 306.2}}, {"type": "Feature", "geometry": {"type": "Polygon", "coordinates": [[[94.0, 28.1], [94.1, 28.1], [94.1, 28.200000000000003], [94.0, 28.200000000000003], [94.0, 28.1]]]}, "properties": {"cell_id": "940_281", "state": "Arunachal Pradesh", "samples": 17, "events": 3, "risk_index": 0.1765, "severity": "High", "mean_slope_deg": 25.87, "mean_rain_30d_mm": 316.7}}, {"type": "Feature", "geometry": {"type": "Polygon", "coordinates": [[[94.0, 28.200000000000003], [94.1, 28.200000000000003], [94.1, 28.300000000000004], [94.0, 28.300000000000004], [94.0, 28.200000000000003]]]}, "properties": {"cell_id": "940_282", "state": "Arunachal Pradesh", "samples": 22, "events": 2, "risk_index": 0.0909, "severity": "Moderate", "mean_slope_deg": 27.5, "mean_rain_30d_mm": 319.0}}, {"type": "Feature", "geometry": {"type": "Polygon", "coordinates": [[[94.0, 28.3], [94.1, 28.3], [94.1, 28.400000000000002], [94.0, 28.400000000000002], [94.0, 28.3]]]}, "properties": {"cell_id": "940_283", "state": "Arunachal Pradesh", "samples": 13, "events": 1, "risk_index": 0.0769, "severity": "Moderate", "mean_slope_deg": 24.97, "mean_rain_30d_mm": 313.4}}, {"type": "Feature", "geometry": {"type": "Polygon", "coordinates": [[[94.0, 28.400000000000002], [94.1, 28.400000000000002], [94.1, 28.500000000000004], [94.0, 28.500000000000004], [94.0, 28.400000000000002]]]}, "properties": {"cell_id": "940_284", "state": "Arunachal Pradesh", "samples": 11, "events": 4, "risk_index": 0.3636, "severity": "Very High", "mean_slope_deg": 25.37, "mean_rain_30d_mm": 398.2}}, {"type": "Feature", "geometry": {"type": "Polygon", "coordinates": [[[94.0, 28.5], [94.1, 28.5], [94.1, 28.6], [94.0, 28.6], [94.0, 28.5]]]}, "properties": {"cell_id": "940_285", "state": "Arunachal Pradesh", "samples": 9, "events": 1, "risk_index": 0.1111, "severity": "Moderate", "mean_slope_deg": 19.47, "mean_rain_30d_mm": 336.6}}, {"type": "Feature", "geometry": {"type": "Polygon", "coordinates": [[[94.10000000000001, 24.3], [94.2, 24.3], [94.2, 24.400000000000002], [94.10000000000001, 24.400000000000002], [94.10000000000001, 24.3]]]}, "properties": {"cell_id": "941_243", "state": "Manipur", "samples": 9, "events": 1, "risk_index": 0.1111, "severity": "Moderate", "mean_slope_deg": 23.11, "mean_rain_30d_mm": 366.6}}, {"type": "Feature", "geometry": {"type": "Polygon", "coordinates": [[[94.10000000000001, 24.400000000000002], [94.2, 24.400000000000002], [94.2, 24.500000000000004], [94.10000000000001, 24.500000000000004], [94.10000000000001, 24.400000000000002]]]}, "properties": {"cell_id": "941_244", "state": "Manipur", "samples": 9, "events": 0, "risk_index": 0.0, "severity": "Low", "mean_slope_deg": 25.27, "mean_rain_30d_mm": 317.7}}, {"type": "Feature", "geometry": {"type": "Polygon", "coordinates": [[[94.10000000000001, 24.5], [94.2, 24.5], [94.2, 24.6], [94.10000000000001, 24.6], [94.10000000000001, 24.5]]]}, "properties": {"cell_id": "941_245", "state": "Manipur", "samples": 18, "events": 0, "risk_index": 0.0, "severity": "Low", "mean_slope_deg": 22.32, "mean_rain_30d_mm": 289.1}}, {"type": "Feature", "geometry": {"type": "Polygon", "coordinates": [[[94.10000000000001, 24.6], [94.2, 24.6], [94.2, 24.700000000000003], [94.10000000000001, 24.700000000000003], [94.10000000000001, 24.6]]]}, "properties": {"cell_id": "941_246", "state": "Manipur", "samples": 27, "events": 2, "risk_index": 0.0741, "severity": "Moderate", "mean_slope_deg": 24.49, "mean_rain_30d_mm": 335.1}}, {"type": "Feature", "geometry": {"type": "Polygon", "coordinates": [[[94.10000000000001, 24.700000000000003], [94.2, 24.700000000000003], [94.2, 24.800000000000004], [94.10000000000001, 24.800000000000004], [94.10000000000001, 24.700000000000003]]]}, "properties": {"cell_id": "941_247", "state": "Manipur", "samples": 13, "events": 2, "risk_index": 0.1538, "severity": "High", "mean_slope_deg": 24.09, "mean_rain_30d_mm": 266.6}}, {"type": "Feature", "geometry": {"type": "Polygon", "coordinates": [[[94.10000000000001, 24.8], [94.2, 24.8], [94.2, 24.900000000000002], [94.10000000000001, 24.900000000000002], [94.10000000000001, 24.8]]]}, "properties": {"cell_id": "941_248", "state": "Manipur", "samples": 17, "events": 1, "risk_index": 0.0588, "severity": "Moderate", "mean_slope_deg": 24.92, "mean_rain_30d_mm": 322.7}}, {"type": "Feature", "geometry": {"type": "Polygon", "coordinates": [[[94.10000000000001, 24.900000000000002], [94.2, 24.900000000000002], [94.2, 25.000000000000004], [94.10000000000001, 25.000000000000004], [94.10000000000001, 24.900000000000002]]]}, "properties": {"cell_id": "941_249", "state": "Manipur", "samples": 8, "events": 1, "risk_index": 0.125, "severity": "High", "mean_slope_deg": 23.47, "mean_rain_30d_mm": 380.1}}, {"type": "Feature", "geometry": {"type": "Polygon", "coordinates": [[[94.10000000000001, 25.0], [94.2, 25.0], [94.2, 25.1], [94.10000000000001, 25.1], [94.10000000000001, 25.0]]]}, "properties": {"cell_id": "941_250", "state": "Manipur", "samples": 12, "events": 0, "risk_index": 0.0, "severity": "Low", "mean_slope_deg": 21.95, "mean_rain_30d_mm": 351.8}}, {"type": "Feature", "geometry": {"type": "Polygon", "coordinates": [[[94.10000000000001, 25.1], [94.2, 25.1], [94.2, 25.200000000000003], [94.10000000000001, 25.200000000000003], [94.10000000000001, 25.1]]]}, "properties": {"cell_id": "941_251", "state": "Manipur", "samples": 8, "events": 1, "risk_index": 0.125, "severity": "High", "mean_slope_deg": 25.81, "mean_rain_30d_mm": 281.0}}, {"type": "Feature", "geometry": {"type": "Polygon", "coordinates": [[[94.10000000000001, 25.200000000000003], [94.2, 25.200000000000003], [94.2, 25.300000000000004], [94.10000000000001, 25.300000000000004], [94.10000000000001, 25.200000000000003]]]}, "properties": {"cell_id": "941_252", "state": "Manipur", "samples": 3, "events": 2, "risk_index": 0.6667, "severity": "Very High", "mean_slope_deg": 26.77, "mean_rain_30d_mm": 354.8}}, {"type": "Feature", "geometry": {"type": "Polygon", "coordinates": [[[94.10000000000001, 25.3], [94.2, 25.3], [94.2, 25.400000000000002], [94.10000000000001, 25.400000000000002], [94.10000000000001, 25.3]]]}, "properties": {"cell_id": "941_253", "state": "Manipur", "samples": 4, "events": 0, "risk_index": 0.0, "severity": "Low", "mean_slope_deg": 20.03, "mean_rain_30d_mm": 310.0}}, {"type": "Feature", "geometry": {"type": "Polygon", "coordinates": [[[94.10000000000001, 25.400000000000002], [94.2, 25.400000000000002], [94.2, 25.500000000000004], [94.10000000000001, 25.500000000000004], [94.10000000000001, 25.400000000000002]]]}, "properties": {"cell_id": "941_254", "state": "Nagaland", "samples": 9, "events": 2, "risk_index": 0.2222, "severity": "Very High", "mean_slope_deg": 27.39, "mean_rain_30d_mm": 261.1}}, {"type": "Feature", "geometry": {"type": "Polygon", "coordinates": [[[94.10000000000001, 25.5], [94.2, 25.5], [94.2, 25.6], [94.10000000000001, 25.6], [94.10000000000001, 25.5]]]}, "properties": {"cell_id": "941_255", "state": "Nagaland", "samples": 7, "events": 0, "risk_index": 0.0, "severity": "Low", "mean_slope_deg": 27.85, "mean_rain_30d_mm": 331.2}}, {"type": "Feature", "geometry": {"type": "Polygon", "coordinates": [[[94.10000000000001, 25.6], [94.2, 25.6], [94.2, 25.700000000000003], [94.10000000000001, 25.700000000000003], [94.10000000000001, 25.6]]]}, "properties": {"cell_id": "941_256", "state": "Nagaland", "samples": 11, "events": 4, "risk_index": 0.3636, "severity": "Very High", "mean_slope_deg": 28.64, "mean_rain_30d_mm": 291.7}}, {"type": "Feature", "geometry": {"type": "Polygon", "coordinates": [[[94.10000000000001, 25.700000000000003], [94.2, 25.700000000000003], [94.2, 25.800000000000004], [94.10000000000001, 25.800000000000004], [94.10000000000001, 25.700000000000003]]]}, "properties": {"cell_id": "941_257", "state": "Nagaland", "samples": 16, "events": 2, "risk_index": 0.125, "severity": "High", "mean_slope_deg": 25.27, "mean_rain_30d_mm": 370.2}}, {"type": "Feature", "geometry": {"type": "Polygon", "coordinates": [[[94.10000000000001, 25.8], [94.2, 25.8], [94.2, 25.900000000000002], [94.10000000000001, 25.900000000000002], [94.10000000000001, 25.8]]]}, "properties": {"cell_id": "941_258", "state": "Nagaland", "samples": 22, "events": 2, "risk_index": 0.0909, "severity": "Moderate", "mean_slope_deg": 26.8, "mean_rain_30d_mm": 307.1}}, {"type": "Feature", "geometry": {"type": "Polygon", "coordinates": [[[94.10000000000001, 25.900000000000002], [94.2, 25.900000000000002], [94.2, 26.000000000000004], [94.10000000000001, 26.000000000000004], [94.10000000000001, 25.900000000000002]]]}, "properties": {"cell_id": "941_259", "state": "Nagaland", "samples": 9, "events": 0, "risk_index": 0.0, "severity": "Low", "mean_slope_deg": 22.44, "mean_rain_30d_mm": 383.3}}, {"type": "Feature", "geometry": {"type": "Polygon", "coordinates": [[[94.10000000000001, 26.0], [94.2, 26.0], [94.2, 26.1], [94.10000000000001, 26.1], [94.10000000000001, 26.0]]]}, "properties": {"cell_id": "941_260", "state": "Nagaland", "samples": 17, "events": 3, "risk_index": 0.1765, "severity": "High", "mean_slope_deg": 27.66, "mean_rain_30d_mm": 277.1}}, {"type": "Feature", "geometry": {"type": "Polygon", "coordinates": [[[94.10000000000001, 26.1], [94.2, 26.1], [94.2, 26.200000000000003], [94.10000000000001, 26.200000000000003], [94.10000000000001, 26.1]]]}, "properties": {"cell_id": "941_261", "state": "Nagaland", "samples": 12, "events": 0, "risk_index": 0.0, "severity": "Low", "mean_slope_deg": 25.05, "mean_rain_30d_mm": 257.1}}, {"type": "Feature", "geometry": {"type": "Polygon", "coordinates": [[[94.10000000000001, 26.200000000000003], [94.2, 26.200000000000003], [94.2, 26.300000000000004], [94.10000000000001, 26.300000000000004], [94.10000000000001, 26.200000000000003]]]}, "properties": {"cell_id": "941_262", "state": "Nagaland", "samples": 12, "events": 0, "risk_index": 0.0, "severity": "Low", "mean_slope_deg": 23.08, "mean_rain_30d_mm": 317.5}}, {"type": "Feature", "geometry": {"type": "Polygon", "coordinates": [[[94.10000000000001, 26.3], [94.2, 26.3], [94.2, 26.400000000000002], [94.10000000000001, 26.400000000000002], [94.10000000000001, 26.3]]]}, "properties": {"cell_id": "941_263", "state": "Nagaland", "samples": 5, "events": 1, "risk_index": 0.2, "severity": "High", "mean_slope_deg": 16.32, "mean_rain_30d_mm": 391.7}}, {"type": "Feature", "geometry": {"type": "Polygon", "coordinates": [[[94.10000000000001, 26.400000000000002], [94.2, 26.400000000000002], [94.2, 26.500000000000004], [94.10000000000001, 26.500000000000004], [94.10000000000001, 26.400000000000002]]]}, "properties": {"cell_id": "941_264", "state": "Nagaland", "samples": 8, "events": 2, "risk_index": 0.25, "severity": "Very High", "mean_slope_deg": 34.03, "mean_rain_30d_mm": 285.2}}, {"type": "Feature", "geometry": {"type": "Polygon", "coordinates": [[[94.10000000000001, 26.5], [94.2, 26.5], [94.2, 26.6], [94.10000000000001, 26.6], [94.10000000000001, 26.5]]]}, "properties": {"cell_id": "941_265", "state": "Assam", "samples": 4, "events": 0, "risk_index": 0.0, "severity": "Low", "mean_slope_deg": 15.05, "mean_rain_30d_mm": 372.2}}, {"type": "Feature", "geometry": {"type": "Polygon", "coordinates": [[[94.10000000000001, 27.400000000000002], [94.2, 27.400000000000002], [94.2, 27.500000000000004], [94.10000000000001, 27.500000000000004], [94.10000000000001, 27.400000000000002]]]}, "properties": {"cell_id": "941_274", "state": "Arunachal Pradesh", "samples": 5, "events": 1, "risk_index": 0.2, "severity": "High", "mean_slope_deg": 15.01, "mean_rain_30d_mm": 260.3}}, {"type": "Feature", "geometry": {"type": "Polygon", "coordinates": [[[94.10000000000001, 27.5], [94.2, 27.5], [94.2, 27.6], [94.10000000000001, 27.6], [94.10000000000001, 27.5]]]}, "properties": {"cell_id": "941_275", "state": "Arunachal Pradesh", "samples": 6, "events": 1, "risk_index": 0.1667, "severity": "High", "mean_slope_deg": 22.16, "mean_rain_30d_mm": 332.1}}, {"type": "Feature", "geometry": {"type": "Polygon", "coordinates": [[[94.10000000000001, 27.6], [94.2, 27.6], [94.2, 27.700000000000003], [94.10000000000001, 27.700000000000003], [94.10000000000001, 27.6]]]}, "properties": {"cell_id": "941_276", "state": "Arunachal Pradesh", "samples": 12, "events": 0, "risk_index": 0.0, "severity": "Low", "mean_slope_deg": 22.53, "mean_rain_30d_mm": 265.1}}, {"type": "Feature", "geometry": {"type": "Polygon", "coordinates": [[[94.10000000000001, 27.700000000000003], [94.2, 27.700000000000003], [94.2, 27.800000000000004], [94.10000000000001, 27.800000000000004], [94.10000000000001, 27.700000000000003]]]}, "properties": {"cell_id": "941_277", "state": "Arunachal Pradesh", "samples": 11, "events": 3, "risk_index": 0.2727, "severity": "Very High", "mean_slope_deg": 30.18, "mean_rain_30d_mm": 303.1}}, {"type": "Feature", "geometry": {"type": "Polygon", "coordinates": [[[94.10000000000001, 27.8], [94.2, 27.8], [94.2, 27.900000000000002], [94.10000000000001, 27.900000000000002], [94.10000000000001, 27.8]]]}, "properties": {"cell_id": "941_278", "state": "Arunachal Pradesh", "samples": 13, "events": 1, "risk_index": 0.0769, "severity": "Moderate", "mean_slope_deg": 20.68, "mean_rain_30d_mm": 341.3}}, {"type": "Feature", "geometry": {"type": "Polygon", "coordinates": [[[94.10000000000001, 27.900000000000002], [94.2, 27.900000000000002], [94.2, 28.000000000000004], [94.10000000000001, 28.000000000000004], [94.10000000000001, 27.900000000000002]]]}, "properties": {"cell_id": "941_279", "state": "Arunachal Pradesh", "samples": 21, "events": 3, "risk_index": 0.1429, "severity": "High", "mean_slope_deg": 25.12, "mean_rain_30d_mm": 311.9}}, {"type": "Feature", "geometry": {"type": "Polygon", "coordinates": [[[94.10000000000001, 28.0], [94.2, 28.0], [94.2, 28.1], [94.10000000000001, 28.1], [94.10000000000001, 28.0]]]}, "properties": {"cell_id": "941_280", "state": "Arunachal Pradesh", "samples": 19, "events": 2, "risk_index": 0.1053, "severity": "Moderate", "mean_slope_deg": 30.43, "mean_rain_30d_mm": 303.2}}, {"type": "Feature", "geometry": {"type": "Polygon", "coordinates": [[[94.10000000000001, 28.1], [94.2, 28.1], [94.2, 28.200000000000003], [94.10000000000001, 28.200000000000003], [94.10000000000001, 28.1]]]}, "properties": {"cell_id": "941_281", "state": "Arunachal Pradesh", "samples": 19, "events": 1, "risk_index": 0.0526, "severity": "Moderate", "mean_slope_deg": 20.21, "mean_rain_30d_mm": 334.9}}, {"type": "Feature", "geometry": {"type": "Polygon", "coordinates": [[[94.10000000000001, 28.200000000000003], [94.2, 28.200000000000003], [94.2, 28.300000000000004], [94.10000000000001, 28.300000000000004], [94.10000000000001, 28.200000000000003]]]}, "properties": {"cell_id": "941_282", "state": "Arunachal Pradesh", "samples": 25, "events": 4, "risk_index": 0.16, "severity": "High", "mean_slope_deg": 28.38, "mean_rain_30d_mm": 293.8}}, {"type": "Feature", "geometry": {"type": "Polygon", "coordinates": [[[94.10000000000001, 28.3], [94.2, 28.3], [94.2, 28.400000000000002], [94.10000000000001, 28.400000000000002], [94.10000000000001, 28.3]]]}, "properties": {"cell_id": "941_283", "state": "Arunachal Pradesh", "samples": 7, "events": 0, "risk_index": 0.0, "severity": "Low", "mean_slope_deg": 27.08, "mean_rain_30d_mm": 355.3}}, {"type": "Feature", "geometry": {"type": "Polygon", "coordinates": [[[94.10000000000001, 28.400000000000002], [94.2, 28.400000000000002], [94.2, 28.500000000000004], [94.10000000000001, 28.500000000000004], [94.10000000000001, 28.400000000000002]]]}, "properties": {"cell_id": "941_284", "state": "Arunachal Pradesh", "samples": 6, "events": 0, "risk_index": 0.0, "severity": "Low", "mean_slope_deg": 19.78, "mean_rain_30d_mm": 302.7}}, {"type": "Feature", "geometry": {"type": "Polygon", "coordinates": [[[94.10000000000001, 28.5], [94.2, 28.5], [94.2, 28.6], [94.10000000000001, 28.6], [94.10000000000001, 28.5]]]}, "properties": {"cell_id": "941_285", "state": "Arunachal Pradesh", "samples": 3, "events": 1, "risk_index": 0.3333, "severity": "Very High", "mean_slope_deg": 25.77, "mean_rain_30d_mm": 287.8}}, {"type": "Feature", "geometry": {"type": "Polygon", "coordinates": [[[94.10000000000001, 28.700000000000003], [94.2, 28.700000000000003], [94.2, 28.800000000000004], [94.10000000000001, 28.800000000000004], [94.10000000000001, 28.700000000000003]]]}, "properties": {"cell_id": "941_287", "state": "Arunachal Pradesh", "samples": 3, "events": 0, "risk_index": 0.0, "severity": "Low", "mean_slope_deg": 24.17, "mean_rain_30d_mm": 379.6}}, {"type": "Feature", "geometry": {"type": "Polygon", "coordinates": [[[94.2, 24.3], [94.3, 24.3], [94.3, 24.400000000000002], [94.2, 24.400000000000002], [94.2, 24.3]]]}, "properties": {"cell_id": "942_243", "state": "Manipur", "samples": 5, "events": 0, "risk_index": 0.0, "severity": "Low", "mean_slope_deg": 26.84, "mean_rain_30d_mm": 271.2}}, {"type": "Feature", "geometry": {"type": "Polygon", "coordinates": [[[94.2, 24.400000000000002], [94.3, 24.400000000000002], [94.3, 24.500000000000004], [94.2, 24.500000000000004], [94.2, 24.400000000000002]]]}, "properties": {"cell_id": "942_244", "state": "Manipur", "samples": 4, "events": 0, "risk_index": 0.0, "severity": "Low", "mean_slope_deg": 18.99, "mean_rain_30d_mm": 289.3}}, {"type": "Feature", "geometry": {"type": "Polygon", "coordinates": [[[94.2, 24.5], [94.3, 24.5], [94.3, 24.6], [94.2, 24.6], [94.2, 24.5]]]}, "properties": {"cell_id": "942_245", "state": "Manipur", "samples": 6, "events": 1, "risk_index": 0.1667, "severity": "High", "mean_slope_deg": 26.42, "mean_rain_30d_mm": 306.4}}, {"type": "Feature", "geometry": {"type": "Polygon", "coordinates": [[[94.2, 24.6], [94.3, 24.6], [94.3, 24.700000000000003], [94.2, 24.700000000000003], [94.2, 24.6]]]}, "properties": {"cell_id": "942_246", "state": "Manipur", "samples": 7, "events": 1, "risk_index": 0.1429, "severity": "High", "mean_slope_deg": 28.34, "mean_rain_30d_mm": 354.3}}, {"type": "Feature", "geometry": {"type": "Polygon", "coordinates": [[[94.2, 24.700000000000003], [94.3, 24.700000000000003], [94.3, 24.800000000000004], [94.2, 24.800000000000004], [94.2, 24.700000000000003]]]}, "properties": {"cell_id": "942_247", "state": "Manipur", "samples": 7, "events": 0, "risk_index": 0.0, "severity": "Low", "mean_slope_deg": 27.95, "mean_rain_30d_mm": 354.5}}, {"type": "Feature", "geometry": {"type": "Polygon", "coordinates": [[[94.2, 24.8], [94.3, 24.8], [94.3, 24.900000000000002], [94.2, 24.900000000000002], [94.2, 24.8]]]}, "properties": {"cell_id": "942_248", "state": "Manipur", "samples": 11, "events": 0, "risk_index": 0.0, "severity": "Low", "mean_slope_deg": 26.49, "mean_rain_30d_mm": 300.4}}, {"type": "Feature", "geometry": {"type": "Polygon", "coordinates": [[[94.2, 24.900000000000002], [94.3, 24.900000000000002], [94.3, 25.000000000000004], [94.2, 25.000000000000004], [94.2, 24.900000000000002]]]}, "properties": {"cell_id": "942_249", "state": "Manipur", "samples": 5, "events": 3, "risk_index": 0.6, "severity": "Very High", "mean_slope_deg": 26.0, "mean_rain_30d_mm": 310.8}}, {"type": "Feature", "geometry": {"type": "Polygon", "coordinates": [[[94.2, 25.1], [94.3, 25.1], [94.3, 25.200000000000003], [94.2, 25.200000000000003], [94.2, 25.1]]]}, "properties": {"cell_id": "942_251", "state": "Manipur", "samples": 5, "events": 0, "risk_index": 0.0, "severity": "Low", "mean_slope_deg": 25.63, "mean_rain_30d_mm": 323.0}}, {"type": "Feature", "geometry": {"type": "Polygon", "coordinates": [[[94.2, 25.200000000000003], [94.3, 25.200000000000003], [94.3, 25.300000000000004], [94.2, 25.300000000000004], [94.2, 25.200000000000003]]]}, "properties": {"cell_id": "942_252", "state": "Manipur", "samples": 3, "events": 0, "risk_index": 0.0, "severity": "Low", "mean_slope_deg": 32.3, "mean_rain_30d_mm": 274.9}}, {"type": "Feature", "geometry": {"type": "Polygon", "coordinates": [[[94.2, 25.3], [94.3, 25.3], [94.3, 25.400000000000002], [94.2, 25.400000000000002], [94.2, 25.3]]]}, "properties": {"cell_id": "942_253", "state": "Nagaland", "samples": 5, "events": 0, "risk_index": 0.0, "severity": "Low", "mean_slope_deg": 24.09, "mean_rain_30d_mm": 332.3}}, {"type": "Feature", "geometry": {"type": "Polygon", "coordinates": [[[94.2, 25.400000000000002], [94.3, 25.400000000000002], [94.3, 25.500000000000004], [94.2, 25.500000000000004], [94.2, 25.400000000000002]]]}, "properties": {"cell_id": "942_254", "state": "Nagaland", "samples": 10, "events": 0, "risk_index": 0.0, "severity": "Low", "mean_slope_deg": 21.55, "mean_rain_30d_mm": 309.7}}, {"type": "Feature", "geometry": {"type": "Polygon", "coordinates": [[[94.2, 25.5], [94.3, 25.5], [94.3, 25.6], [94.2, 25.6], [94.2, 25.5]]]}, "properties": {"cell_id": "942_255", "state": "Nagaland", "samples": 11, "events": 0, "risk_index": 0.0, "severity": "Low", "mean_slope_deg": 16.49, "mean_rain_30d_mm": 323.7}}, {"type": "Feature", "geometry": {"type": "Polygon", "coordinates": [[[94.2, 25.6], [94.3, 25.6], [94.3, 25.700000000000003], [94.2, 25.700000000000003], [94.2, 25.6]]]}, "properties": {"cell_id": "942_256", "state": "Nagaland", "samples": 21, "events": 2, "risk_index": 0.0952, "severity": "Moderate", "mean_slope_deg": 23.0, "mean_rain_30d_mm": 298.2}}, {"type": "Feature", "geometry": {"type": "Polygon", "coordinates": [[[94.2, 25.700000000000003], [94.3, 25.700000000000003], [94.3, 25.800000000000004], [94.2, 25.800000000000004], [94.2, 25.700000000000003]]]}, "properties": {"cell_id": "942_257", "state": "Nagaland", "samples": 22, "events": 4, "risk_index": 0.1818, "severity": "High", "mean_slope_deg": 25.07, "mean_rain_30d_mm": 327.4}}, {"type": "Feature", "geometry": {"type": "Polygon", "coordinates": [[[94.2, 25.8], [94.3, 25.8], [94.3, 25.900000000000002], [94.2, 25.900000000000002], [94.2, 25.8]]]}, "properties": {"cell_id": "942_258", "state": "Nagaland", "samples": 36, "events": 1, "risk_index": 0.0278, "severity": "Moderate", "mean_slope_deg": 23.08, "mean_rain_30d_mm": 335.0}}, {"type": "Feature", "geometry": {"type": "Polygon", "coordinates": [[[94.2, 25.900000000000002], [94.3, 25.900000000000002], [94.3, 26.000000000000004], [94.2, 26.000000000000004], [94.2, 25.900000000000002]]]}, "properties": {"cell_id": "942_259", "state": "Nagaland", "samples": 35, "events": 4, "risk_index": 0.1143, "severity": "Moderate", "mean_slope_deg": 26.64, "mean_rain_30d_mm": 327.5}}, {"type": "Feature", "geometry": {"type": "Polygon", "coordinates": [[[94.2, 26.0], [94.3, 26.0], [94.3, 26.1], [94.2, 26.1], [94.2, 26.0]]]}, "properties": {"cell_id": "942_260", "state": "Nagaland", "samples": 45, "events": 5, "risk_index": 0.1111, "severity": "Moderate", "mean_slope_deg": 25.59, "mean_rain_30d_mm": 291.7}}, {"type": "Feature", "geometry": {"type": "Polygon", "coordinates": [[[94.2, 26.1], [94.3, 26.1], [94.3, 26.200000000000003], [94.2, 26.200000000000003], [94.2, 26.1]]]}, "properties": {"cell_id": "942_261", "state": "Nagaland", "samples": 29, "events": 7, "risk_index": 0.2414, "severity": "Very High", "mean_slope_deg": 26.42, "mean_rain_30d_mm": 299.3}}, {"type": "Feature", "geometry": {"type": "Polygon", "coordinates": [[[94.2, 26.200000000000003], [94.3, 26.200000000000003], [94.3, 26.300000000000004], [94.2, 26.300000000000004], [94.2, 26.200000000000003]]]}, "properties": {"cell_id": "942_262", "state": "Nagaland", "samples": 33, "events": 3, "risk_index": 0.0909, "severity": "Moderate", "mean_slope_deg": 21.93, "mean_rain_30d_mm": 332.2}}, {"type": "Feature", "geometry": {"type": "Polygon", "coordinates": [[[94.2, 26.3], [94.3, 26.3], [94.3, 26.400000000000002], [94.2, 26.400000000000002], [94.2, 26.3]]]}, "properties": {"cell_id": "942_263", "state": "Nagaland", "samples": 19, "events": 3, "risk_index": 0.1579, "severity": "High", "mean_slope_deg": 31.17, "mean_rain_30d_mm": 328.4}}, {"type": "Feature", "geometry": {"type": "Polygon", "coordinates": [[[94.2, 26.400000000000002], [94.3, 26.400000000000002], [94.3, 26.500000000000004], [94.2, 26.500000000000004], [94.2, 26.400000000000002]]]}, "properties": {"cell_id": "942_264", "state": "Nagaland", "samples": 12, "events": 2, "risk_index": 0.1667, "severity": "High", "mean_slope_deg": 25.77, "mean_rain_30d_mm": 308.7}}, {"type": "Feature", "geometry": {"type": "Polygon", "coordinates": [[[94.2, 26.5], [94.3, 26.5], [94.3, 26.6], [94.2, 26.6], [94.2, 26.5]]]}, "properties": {"cell_id": "942_265", "state": "Nagaland", "samples": 4, "events": 0, "risk_index": 0.0, "severity": "Low", "mean_slope_deg": 11.27, "mean_rain_30d_mm": 366.1}}, {"type": "Feature", "geometry": {"type": "Polygon", "coordinates": [[[94.2, 26.6], [94.3, 26.6], [94.3, 26.700000000000003], [94.2, 26.700000000000003], [94.2, 26.6]]]}, "properties": {"cell_id": "942_266", "state": "Nagaland", "samples": 7, "events": 1, "risk_index": 0.1429, "severity": "High", "mean_slope_deg": 22.02, "mean_rain_30d_mm": 386.7}}, {"type": "Feature", "geometry": {"type": "Polygon", "coordinates": [[[94.2, 27.5], [94.3, 27.5], [94.3, 27.6], [94.2, 27.6], [94.2, 27.5]]]}, "properties": {"cell_id": "942_275", "state": "Arunachal Pradesh", "samples": 6, "events": 0, "risk_index": 0.0, "severity": "Low", "mean_slope_deg": 28.54, "mean_rain_30d_mm": 307.9}}, {"type": "Feature", "geometry": {"type": "Polygon", "coordinates": [[[94.2, 27.6], [94.3, 27.6], [94.3, 27.700000000000003], [94.2, 27.700000000000003], [94.2, 27.6]]]}, "properties": {"cell_id": "942_276", "state": "Arunachal Pradesh", "samples": 8, "events": 1, "risk_index": 0.125, "severity": "High", "mean_slope_deg": 20.02, "mean_rain_30d_mm": 275.3}}, {"type": "Feature", "geometry": {"type": "Polygon", "coordinates": [[[94.2, 27.700000000000003], [94.3, 27.700000000000003], [94.3, 27.800000000000004], [94.2, 27.800000000000004], [94.2, 27.700000000000003]]]}, "properties": {"cell_id": "942_277", "state": "Arunachal Pradesh", "samples": 14, "events": 0, "risk_index": 0.0, "severity": "Low", "mean_slope_deg": 22.7, "mean_rain_30d_mm": 272.5}}, {"type": "Feature", "geometry": {"type": "Polygon", "coordinates": [[[94.2, 27.8], [94.3, 27.8], [94.3, 27.900000000000002], [94.2, 27.900000000000002], [94.2, 27.8]]]}, "properties": {"cell_id": "942_278", "state": "Arunachal Pradesh", "samples": 28, "events": 2, "risk_index": 0.0714, "severity": "Moderate", "mean_slope_deg": 27.42, "mean_rain_30d_mm": 320.2}}, {"type": "Feature", "geometry": {"type": "Polygon", "coordinates": [[[94.2, 27.900000000000002], [94.3, 27.900000000000002], [94.3, 28.000000000000004], [94.2, 28.000000000000004], [94.2, 27.900000000000002]]]}, "properties": {"cell_id": "942_279", "state": "Arunachal Pradesh", "samples": 22, "events": 1, "risk_index": 0.0455, "severity": "Moderate", "mean_slope_deg": 25.49, "mean_rain_30d_mm": 329.5}}, {"type": "Feature", "geometry": {"type": "Polygon", "coordinates": [[[94.2, 28.0], [94.3, 28.0], [94.3, 28.1], [94.2, 28.1], [94.2, 28.0]]]}, "properties": {"cell_id": "942_280", "state": "Arunachal Pradesh", "samples": 22, "events": 1, "risk_index": 0.0455, "severity": "Moderate", "mean_slope_deg": 20.94, "mean_rain_30d_mm": 322.1}}, {"type": "Feature", "geometry": {"type": "Polygon", "coordinates": [[[94.2, 28.1], [94.3, 28.1], [94.3, 28.200000000000003], [94.2, 28.200000000000003], [94.2, 28.1]]]}, "properties": {"cell_id": "942_281", "state": "Arunachal Pradesh", "samples": 21, "events": 1, "risk_index": 0.0476, "severity": "Moderate", "mean_slope_deg": 24.85, "mean_rain_30d_mm": 351.8}}, {"type": "Feature", "geometry": {"type": "Polygon", "coordinates": [[[94.2, 28.200000000000003], [94.3, 28.200000000000003], [94.3, 28.300000000000004], [94.2, 28.300000000000004], [94.2, 28.200000000000003]]]}, "properties": {"cell_id": "942_282", "state": "Arunachal Pradesh", "samples": 15, "events": 0, "risk_index": 0.0, "severity": "Low", "mean_slope_deg": 27.31, "mean_rain_30d_mm": 323.3}}, {"type": "Feature", "geometry": {"type": "Polygon", "coordinates": [[[94.2, 28.3], [94.3, 28.3], [94.3, 28.400000000000002], [94.2, 28.400000000000002], [94.2, 28.3]]]}, "properties": {"cell_id": "942_283", "state": "Arunachal Pradesh", "samples": 16, "events": 2, "risk_index": 0.125, "severity": "High", "mean_slope_deg": 23.67, "mean_rain_30d_mm": 292.9}}, {"type": "Feature", "geometry": {"type": "Polygon", "coordinates": [[[94.2, 28.400000000000002], [94.3, 28.400000000000002], [94.3, 28.500000000000004], [94.2, 28.500000000000004], [94.2, 28.400000000000002]]]}, "properties": {"cell_id": "942_284", "state": "Arunachal Pradesh", "samples": 10, "events": 2, "risk_index": 0.2, "severity": "High", "mean_slope_deg": 29.73, "mean_rain_30d_mm": 370.5}}, {"type": "Feature", "geometry": {"type": "Polygon", "coordinates": [[[94.2, 28.5], [94.3, 28.5], [94.3, 28.6], [94.2, 28.6], [94.2, 28.5]]]}, "properties": {"cell_id": "942_285", "state": "Arunachal Pradesh", "samples": 3, "events": 0, "risk_index": 0.0, "severity": "Low", "mean_slope_deg": 18.19, "mean_rain_30d_mm": 377.1}}, {"type": "Feature", "geometry": {"type": "Polygon", "coordinates": [[[94.30000000000001, 24.3], [94.4, 24.3], [94.4, 24.400000000000002], [94.30000000000001, 24.400000000000002], [94.30000000000001, 24.3]]]}, "properties": {"cell_id": "943_243", "state": "Manipur", "samples": 3, "events": 0, "risk_index": 0.0, "severity": "Low", "mean_slope_deg": 34.45, "mean_rain_30d_mm": 368.4}}, {"type": "Feature", "geometry": {"type": "Polygon", "coordinates": [[[94.30000000000001, 24.5], [94.4, 24.5], [94.4, 24.6], [94.30000000000001, 24.6], [94.30000000000001, 24.5]]]}, "properties": {"cell_id": "943_245", "state": "Manipur", "samples": 6, "events": 1, "risk_index": 0.1667, "severity": "High", "mean_slope_deg": 15.7, "mean_rain_30d_mm": 317.6}}, {"type": "Feature", "geometry": {"type": "Polygon", "coordinates": [[[94.30000000000001, 24.6], [94.4, 24.6], [94.4, 24.700000000000003], [94.30000000000001, 24.700000000000003], [94.30000000000001, 24.6]]]}, "properties": {"cell_id": "943_246", "state": "Manipur", "samples": 5, "events": 1, "risk_index": 0.2, "severity": "High", "mean_slope_deg": 15.21, "mean_rain_30d_mm": 325.7}}, {"type": "Feature", "geometry": {"type": "Polygon", "coordinates": [[[94.30000000000001, 25.0], [94.4, 25.0], [94.4, 25.1], [94.30000000000001, 25.1], [94.30000000000001, 25.0]]]}, "properties": {"cell_id": "943_250", "state": "Manipur", "samples": 3, "events": 0, "risk_index": 0.0, "severity": "Low", "mean_slope_deg": 14.53, "mean_rain_30d_mm": 266.2}}, {"type": "Feature", "geometry": {"type": "Polygon", "coordinates": [[[94.30000000000001, 25.1], [94.4, 25.1], [94.4, 25.200000000000003], [94.30000000000001, 25.200000000000003], [94.30000000000001, 25.1]]]}, "properties": {"cell_id": "943_251", "state": "Manipur", "samples": 3, "events": 0, "risk_index": 0.0, "severity": "Low", "mean_slope_deg": 32.54, "mean_rain_30d_mm": 397.4}}, {"type": "Feature", "geometry": {"type": "Polygon", "coordinates": [[[94.30000000000001, 25.3], [94.4, 25.3], [94.4, 25.400000000000002], [94.30000000000001, 25.400000000000002], [94.30000000000001, 25.3]]]}, "properties": {"cell_id": "943_253", "state": "Nagaland", "samples": 5, "events": 0, "risk_index": 0.0, "severity": "Low", "mean_slope_deg": 24.2, "mean_rain_30d_mm": 328.6}}, {"type": "Feature", "geometry": {"type": "Polygon", "coordinates": [[[94.30000000000001, 25.400000000000002], [94.4, 25.400000000000002], [94.4, 25.500000000000004], [94.30000000000001, 25.500000000000004], [94.30000000000001, 25.400000000000002]]]}, "properties": {"cell_id": "943_254", "state": "Nagaland", "samples": 11, "events": 1, "risk_index": 0.0909, "severity": "Moderate", "mean_slope_deg": 24.43, "mean_rain_30d_mm": 307.1}}, {"type": "Feature", "geometry": {"type": "Polygon", "coordinates": [[[94.30000000000001, 25.5], [94.4, 25.5], [94.4, 25.6], [94.30000000000001, 25.6], [94.30000000000001, 25.5]]]}, "properties": {"cell_id": "943_255", "state": "Nagaland", "samples": 16, "events": 1, "risk_index": 0.0625, "severity": "Moderate", "mean_slope_deg": 27.05, "mean_rain_30d_mm": 339.0}}, {"type": "Feature", "geometry": {"type": "Polygon", "coordinates": [[[94.30000000000001, 25.6], [94.4, 25.6], [94.4, 25.700000000000003], [94.30000000000001, 25.700000000000003], [94.30000000000001, 25.6]]]}, "properties": {"cell_id": "943_256", "state": "Nagaland", "samples": 28, "events": 2, "risk_index": 0.0714, "severity": "Moderate", "mean_slope_deg": 26.79, "mean_rain_30d_mm": 337.8}}, {"type": "Feature", "geometry": {"type": "Polygon", "coordinates": [[[94.30000000000001, 25.700000000000003], [94.4, 25.700000000000003], [94.4, 25.800000000000004], [94.30000000000001, 25.800000000000004], [94.30000000000001, 25.700000000000003]]]}, "properties": {"cell_id": "943_257", "state": "Nagaland", "samples": 33, "events": 4, "risk_index": 0.1212, "severity": "Moderate", "mean_slope_deg": 26.93, "mean_rain_30d_mm": 296.3}}, {"type": "Feature", "geometry": {"type": "Polygon", "coordinates": [[[94.30000000000001, 25.8], [94.4, 25.8], [94.4, 25.900000000000002], [94.30000000000001, 25.900000000000002], [94.30000000000001, 25.8]]]}, "properties": {"cell_id": "943_258", "state": "Nagaland", "samples": 48, "events": 3, "risk_index": 0.0625, "severity": "Moderate", "mean_slope_deg": 25.82, "mean_rain_30d_mm": 330.7}}, {"type": "Feature", "geometry": {"type": "Polygon", "coordinates": [[[94.30000000000001, 25.900000000000002], [94.4, 25.900000000000002], [94.4, 26.000000000000004], [94.30000000000001, 26.000000000000004], [94.30000000000001, 25.900000000000002]]]}, "properties": {"cell_id": "943_259", "state": "Nagaland", "samples": 43, "events": 1, "risk_index": 0.0233, "severity": "Moderate", "mean_slope_deg": 26.31, "mean_rain_30d_mm": 317.1}}, {"type": "Feature", "geometry": {"type": "Polygon", "coordinates": [[[94.30000000000001, 26.0], [94.4, 26.0], [94.4, 26.1], [94.30000000000001, 26.1], [94.30000000000001, 26.0]]]}, "properties": {"cell_id": "943_260", "state": "Nagaland", "samples": 48, "events": 6, "risk_index": 0.125, "severity": "High", "mean_slope_deg": 24.37, "mean_rain_30d_mm": 308.2}}, {"type": "Feature", "geometry": {"type": "Polygon", "coordinates": [[[94.30000000000001, 26.1], [94.4, 26.1], [94.4, 26.200000000000003], [94.30000000000001, 26.200000000000003], [94.30000000000001, 26.1]]]}, "properties": {"cell_id": "943_261", "state": "Nagaland", "samples": 44, "events": 3, "risk_index": 0.0682, "severity": "Moderate", "mean_slope_deg": 25.26, "mean_rain_30d_mm": 311.0}}, {"type": "Feature", "geometry": {"type": "Polygon", "coordinates": [[[94.30000000000001, 26.200000000000003], [94.4, 26.200000000000003], [94.4, 26.300000000000004], [94.30000000000001, 26.300000000000004], [94.30000000000001, 26.200000000000003]]]}, "properties": {"cell_id": "943_262", "state": "Nagaland", "samples": 30, "events": 5, "risk_index": 0.1667, "severity": "High", "mean_slope_deg": 25.32, "mean_rain_30d_mm": 314.0}}, {"type": "Feature", "geometry": {"type": "Polygon", "coordinates": [[[94.30000000000001, 26.3], [94.4, 26.3], [94.4, 26.400000000000002], [94.30000000000001, 26.400000000000002], [94.30000000000001, 26.3]]]}, "properties": {"cell_id": "943_263", "state": "Nagaland", "samples": 30, "events": 4, "risk_index": 0.1333, "severity": "High", "mean_slope_deg": 25.24, "mean_rain_30d_mm": 324.5}}, {"type": "Feature", "geometry": {"type": "Polygon", "coordinates": [[[94.30000000000001, 26.400000000000002], [94.4, 26.400000000000002], [94.4, 26.500000000000004], [94.30000000000001, 26.500000000000004], [94.30000000000001, 26.400000000000002]]]}, "properties": {"cell_id": "943_264", "state": "Nagaland", "samples": 16, "events": 1, "risk_index": 0.0625, "severity": "Moderate", "mean_slope_deg": 24.22, "mean_rain_30d_mm": 333.6}}, {"type": "Feature", "geometry": {"type": "Polygon", "coordinates": [[[94.30000000000001, 26.5], [94.4, 26.5], [94.4, 26.6], [94.30000000000001, 26.6], [94.30000000000001, 26.5]]]}, "properties": {"cell_id": "943_265", "state": "Nagaland", "samples": 9, "events": 2, "risk_index": 0.2222, "severity": "Very High", "mean_slope_deg": 36.3, "mean_rain_30d_mm": 331.5}}, {"type": "Feature", "geometry": {"type": "Polygon", "coordinates": [[[94.30000000000001, 26.700000000000003], [94.4, 26.700000000000003], [94.4, 26.800000000000004], [94.30000000000001, 26.800000000000004], [94.30000000000001, 26.700000000000003]]]}, "properties": {"cell_id": "943_267", "state": "Nagaland", "samples": 4, "events": 0, "risk_index": 0.0, "severity": "Low", "mean_slope_deg": 21.33, "mean_rain_30d_mm": 316.6}}, {"type": "Feature", "geometry": {"type": "Polygon", "coordinates": [[[94.30000000000001, 27.3], [94.4, 27.3], [94.4, 27.400000000000002], [94.30000000000001, 27.400000000000002], [94.30000000000001, 27.3]]]}, "properties": {"cell_id": "943_273", "state": "Arunachal Pradesh", "samples": 4, "events": 0, "risk_index": 0.0, "severity": "Low", "mean_slope_deg": 26.89, "mean_rain_30d_mm": 335.4}}, {"type": "Feature", "geometry": {"type": "Polygon", "coordinates": [[[94.30000000000001, 27.400000000000002], [94.4, 27.400000000000002], [94.4, 27.500000000000004], [94.30000000000001, 27.500000000000004], [94.30000000000001, 27.400000000000002]]]}, "properties": {"cell_id": "943_274", "state": "Arunachal Pradesh", "samples": 3, "events": 1, "risk_index": 0.3333, "severity": "Very High", "mean_slope_deg": 23.04, "mean_rain_30d_mm": 255.0}}, {"type": "Feature", "geometry": {"type": "Polygon", "coordinates": [[[94.30000000000001, 27.5], [94.4, 27.5], [94.4, 27.6], [94.30000000000001, 27.6], [94.30000000000001, 27.5]]]}, "properties": {"cell_id": "943_275", "state": "Arunachal Pradesh", "samples": 6, "events": 0, "risk_index": 0.0, "severity": "Low", "mean_slope_deg": 19.78, "mean_rain_30d_mm": 321.7}}, {"type": "Feature", "geometry": {"type": "Polygon", "coordinates": [[[94.30000000000001, 27.6], [94.4, 27.6], [94.4, 27.700000000000003], [94.30000000000001, 27.700000000000003], [94.30000000000001, 27.6]]]}, "properties": {"cell_id": "943_276", "state": "Arunachal Pradesh", "samples": 10, "events": 0, "risk_index": 0.0, "severity": "Low", "mean_slope_deg": 29.3, "mean_rain_30d_mm": 302.2}}, {"type": "Feature", "geometry": {"type": "Polygon", "coordinates": [[[94.30000000000001, 27.700000000000003], [94.4, 27.700000000000003], [94.4, 27.800000000000004], [94.30000000000001, 27.800000000000004], [94.30000000000001, 27.700000000000003]]]}, "properties": {"cell_id": "943_277", "state": "Arunachal Pradesh", "samples": 15, "events": 1, "risk_index": 0.0667, "severity": "Moderate", "mean_slope_deg": 24.85, "mean_rain_30d_mm": 330.2}}, {"type": "Feature", "geometry": {"type": "Polygon", "coordinates": [[[94.30000000000001, 27.8], [94.4, 27.8], [94.4, 27.900000000000002], [94.30000000000001, 27.900000000000002], [94.30000000000001, 27.8]]]}, "properties": {"cell_id": "943_278", "state": "Arunachal Pradesh", "samples": 17, "events": 2, "risk_index": 0.1176, "severity": "Moderate", "mean_slope_deg": 26.09, "mean_rain_30d_mm": 323.2}}, {"type": "Feature", "geometry": {"type": "Polygon", "coordinates": [[[94.30000000000001, 27.900000000000002], [94.4, 27.900000000000002], [94.4, 28.000000000000004], [94.30000000000001, 28.000000000000004], [94.30000000000001, 27.900000000000002]]]}, "properties": {"cell_id": "943_279", "state": "Arunachal Pradesh", "samples": 19, "events": 1, "risk_index": 0.0526, "severity": "Moderate", "mean_slope_deg": 24.52, "mean_rain_30d_mm": 316.2}}, {"type": "Feature", "geometry": {"type": "Polygon", "coordinates": [[[94.30000000000001, 28.0], [94.4, 28.0], [94.4, 28.1], [94.30000000000001, 28.1], [94.30000000000001, 28.0]]]}, "properties": {"cell_id": "943_280", "state": "Arunachal Pradesh", "samples": 13, "events": 3, "risk_index": 0.2308, "severity": "Very High", "mean_slope_deg": 22.04, "mean_rain_30d_mm": 281.9}}, {"type": "Feature", "geometry": {"type": "Polygon", "coordinates": [[[94.30000000000001, 28.1], [94.4, 28.1], [94.4, 28.200000000000003], [94.30000000000001, 28.200000000000003], [94.30000000000001, 28.1]]]}, "properties": {"cell_id": "943_281", "state": "Arunachal Pradesh", "samples": 26, "events": 2, "risk_index": 0.0769, "severity": "Moderate", "mean_slope_deg": 23.99, "mean_rain_30d_mm": 308.4}}, {"type": "Feature", "geometry": {"type": "Polygon", "coordinates": [[[94.30000000000001, 28.200000000000003], [94.4, 28.200000000000003], [94.4, 28.300000000000004], [94.30000000000001, 28.300000000000004], [94.30000000000001, 28.200000000000003]]]}, "properties": {"cell_id": "943_282", "state": "Arunachal Pradesh", "samples": 20, "events": 1, "risk_index": 0.05, "severity": "Moderate", "mean_slope_deg": 25.83, "mean_rain_30d_mm": 305.5}}, {"type": "Feature", "geometry": {"type": "Polygon", "coordinates": [[[94.30000000000001, 28.3], [94.4, 28.3], [94.4, 28.400000000000002], [94.30000000000001, 28.400000000000002], [94.30000000000001, 28.3]]]}, "properties": {"cell_id": "943_283", "state": "Arunachal Pradesh", "samples": 10, "events": 1, "risk_index": 0.1, "severity": "Moderate", "mean_slope_deg": 27.47, "mean_rain_30d_mm": 314.8}}, {"type": "Feature", "geometry": {"type": "Polygon", "coordinates": [[[94.30000000000001, 28.400000000000002], [94.4, 28.400000000000002], [94.4, 28.500000000000004], [94.30000000000001, 28.500000000000004], [94.30000000000001, 28.400000000000002]]]}, "properties": {"cell_id": "943_284", "state": "Arunachal Pradesh", "samples": 7, "events": 2, "risk_index": 0.2857, "severity": "Very High", "mean_slope_deg": 23.25, "mean_rain_30d_mm": 269.6}}, {"type": "Feature", "geometry": {"type": "Polygon", "coordinates": [[[94.30000000000001, 28.5], [94.4, 28.5], [94.4, 28.6], [94.30000000000001, 28.6], [94.30000000000001, 28.5]]]}, "properties": {"cell_id": "943_285", "state": "Arunachal Pradesh", "samples": 5, "events": 1, "risk_index": 0.2, "severity": "High", "mean_slope_deg": 18.29, "mean_rain_30d_mm": 306.4}}, {"type": "Feature", "geometry": {"type": "Polygon", "coordinates": [[[94.4, 24.5], [94.5, 24.5], [94.5, 24.6], [94.4, 24.6], [94.4, 24.5]]]}, "properties": {"cell_id": "944_245", "state": "Manipur", "samples": 3, "events": 0, "risk_index": 0.0, "severity": "Low", "mean_slope_deg": 24.23, "mean_rain_30d_mm": 209.3}}, {"type": "Feature", "geometry": {"type": "Polygon", "coordinates": [[[94.4, 25.3], [94.5, 25.3], [94.5, 25.400000000000002], [94.4, 25.400000000000002], [94.4, 25.3]]]}, "properties": {"cell_id": "944_253", "state": "Nagaland", "samples": 5, "events": 0, "risk_index": 0.0, "severity": "Low", "mean_slope_deg": 24.76, "mean_rain_30d_mm": 382.6}}, {"type": "Feature", "geometry": {"type": "Polygon", "coordinates": [[[94.4, 25.400000000000002], [94.5, 25.400000000000002], [94.5, 25.500000000000004], [94.4, 25.500000000000004], [94.4, 25.400000000000002]]]}, "properties": {"cell_id": "944_254", "state": "Nagaland", "samples": 10, "events": 1, "risk_index": 0.1, "severity": "Moderate", "mean_slope_deg": 23.52, "mean_rain_30d_mm": 319.1}}, {"type": "Feature", "geometry": {"type": "Polygon", "coordinates": [[[94.4, 25.5], [94.5, 25.5], [94.5, 25.6], [94.4, 25.6], [94.4, 25.5]]]}, "properties": {"cell_id": "944_255", "state": "Nagaland", "samples": 17, "events": 1, "risk_index": 0.0588, "severity": "Moderate", "mean_slope_deg": 23.01, "mean_rain_30d_mm": 298.3}}, {"type": "Feature", "geometry": {"type": "Polygon", "coordinates": [[[94.4, 25.6], [94.5, 25.6], [94.5, 25.700000000000003], [94.4, 25.700000000000003], [94.4, 25.6]]]}, "properties": {"cell_id": "944_256", "state": "Nagaland", "samples": 31, "events": 1, "risk_index": 0.0323, "severity": "Moderate", "mean_slope_deg": 24.35, "mean_rain_30d_mm": 326.6}}, {"type": "Feature", "geometry": {"type": "Polygon", "coordinates": [[[94.4, 25.700000000000003], [94.5, 25.700000000000003], [94.5, 25.800000000000004], [94.4, 25.800000000000004], [94.4, 25.700000000000003]]]}, "properties": {"cell_id": "944_257", "state": "Nagaland", "samples": 30, "events": 8, "risk_index": 0.2667, "severity": "Very High", "mean_slope_deg": 30.87, "mean_rain_30d_mm": 350.1}}, {"type": "Feature", "geometry": {"type": "Polygon", "coordinates": [[[94.4, 25.8], [94.5, 25.8], [94.5, 25.900000000000002], [94.4, 25.900000000000002], [94.4, 25.8]]]}, "properties": {"cell_id": "944_258", "state": "Nagaland", "samples": 47, "events": 7, "risk_index": 0.1489, "severity": "High", "mean_slope_deg": 25.32, "mean_rain_30d_mm": 343.5}}, {"type": "Feature", "geometry": {"type": "Polygon", "coordinates": [[[94.4, 25.900000000000002], [94.5, 25.900000000000002], [94.5, 26.000000000000004], [94.4, 26.000000000000004], [94.4, 25.900000000000002]]]}, "properties": {"cell_id": "944_259", "state": "Nagaland", "samples": 52, "events": 3, "risk_index": 0.0577, "severity": "Moderate", "mean_slope_deg": 25.95, "mean_rain_30d_mm": 346.3}}, {"type": "Feature", "geometry": {"type": "Polygon", "coordinates": [[[94.4, 26.0], [94.5, 26.0], [94.5, 26.1], [94.4, 26.1], [94.4, 26.0]]]}, "properties": {"cell_id": "944_260", "state": "Nagaland", "samples": 52, "events": 2, "risk_index": 0.0385, "severity": "Moderate", "mean_slope_deg": 26.35, "mean_rain_30d_mm": 313.3}}, {"type": "Feature", "geometry": {"type": "Polygon", "coordinates": [[[94.4, 26.1], [94.5, 26.1], [94.5, 26.200000000000003], [94.4, 26.200000000000003], [94.4, 26.1]]]}, "properties": {"cell_id": "944_261", "state": "Nagaland", "samples": 26, "events": 2, "risk_index": 0.0769, "severity": "Moderate", "mean_slope_deg": 24.94, "mean_rain_30d_mm": 290.6}}, {"type": "Feature", "geometry": {"type": "Polygon", "coordinates": [[[94.4, 26.200000000000003], [94.5, 26.200000000000003], [94.5, 26.300000000000004], [94.4, 26.300000000000004], [94.4, 26.200000000000003]]]}, "properties": {"cell_id": "944_262", "state": "Nagaland", "samples": 38, "events": 2, "risk_index": 0.0526, "severity": "Moderate", "mean_slope_deg": 22.62, "mean_rain_30d_mm": 332.9}}, {"type": "Feature", "geometry": {"type": "Polygon", "coordinates": [[[94.4, 26.3], [94.5, 26.3], [94.5, 26.400000000000002], [94.4, 26.400000000000002], [94.4, 26.3]]]}, "properties": {"cell_id": "944_263", "state": "Nagaland", "samples": 30, "events": 3, "risk_index": 0.1, "severity": "Moderate", "mean_slope_deg": 21.73, "mean_rain_30d_mm": 307.8}}, {"type": "Feature", "geometry": {"type": "Polygon", "coordinates": [[[94.4, 26.400000000000002], [94.5, 26.400000000000002], [94.5, 26.500000000000004], [94.4, 26.500000000000004], [94.4, 26.400000000000002]]]}, "properties": {"cell_id": "944_264", "state": "Nagaland", "samples": 15, "events": 0, "risk_index": 0.0, "severity": "Low", "mean_slope_deg": 22.98, "mean_rain_30d_mm": 325.1}}, {"type": "Feature", "geometry": {"type": "Polygon", "coordinates": [[[94.4, 26.5], [94.5, 26.5], [94.5, 26.6], [94.4, 26.6], [94.4, 26.5]]]}, "properties": {"cell_id": "944_265", "state": "Nagaland", "samples": 9, "events": 0, "risk_index": 0.0, "severity": "Low", "mean_slope_deg": 24.91, "mean_rain_30d_mm": 345.0}}, {"type": "Feature", "geometry": {"type": "Polygon", "coordinates": [[[94.4, 26.6], [94.5, 26.6], [94.5, 26.700000000000003], [94.4, 26.700000000000003], [94.4, 26.6]]]}, "properties": {"cell_id": "944_266", "state": "Nagaland", "samples": 9, "events": 1, "risk_index": 0.1111, "severity": "Moderate", "mean_slope_deg": 20.48, "mean_rain_30d_mm": 292.5}}, {"type": "Feature", "geometry": {"type": "Polygon", "coordinates": [[[94.4, 27.400000000000002], [94.5, 27.400000000000002], [94.5, 27.500000000000004], [94.4, 27.500000000000004], [94.4, 27.400000000000002]]]}, "properties": {"cell_id": "944_274", "state": "Arunachal Pradesh", "samples": 6, "events": 2, "risk_index": 0.3333, "severity": "Very High", "mean_slope_deg": 39.58, "mean_rain_30d_mm": 360.4}}, {"type": "Feature", "geometry": {"type": "Polygon", "coordinates": [[[94.4, 27.5], [94.5, 27.5], [94.5, 27.6], [94.4, 27.6], [94.4, 27.5]]]}, "properties": {"cell_id": "944_275", "state": "Arunachal Pradesh", "samples": 6, "events": 0, "risk_index": 0.0, "severity": "Low", "mean_slope_deg": 14.5, "mean_rain_30d_mm": 298.5}}, {"type": "Feature", "geometry": {"type": "Polygon", "coordinates": [[[94.4, 27.6], [94.5, 27.6], [94.5, 27.700000000000003], [94.4, 27.700000000000003], [94.4, 27.6]]]}, "properties": {"cell_id": "944_276", "state": "Arunachal Pradesh", "samples": 13, "events": 1, "risk_index": 0.0769, "severity": "Moderate", "mean_slope_deg": 26.14, "mean_rain_30d_mm": 373.2}}, {"type": "Feature", "geometry": {"type": "Polygon", "coordinates": [[[94.4, 27.700000000000003], [94.5, 27.700000000000003], [94.5, 27.800000000000004], [94.4, 27.800000000000004], [94.4, 27.700000000000003]]]}, "properties": {"cell_id": "944_277", "state": "Arunachal Pradesh", "samples": 20, "events": 3, "risk_index": 0.15, "severity": "High", "mean_slope_deg": 28.33, "mean_rain_30d_mm": 322.4}}, {"type": "Feature", "geometry": {"type": "Polygon", "coordinates": [[[94.4, 27.8], [94.5, 27.8], [94.5, 27.900000000000002], [94.4, 27.900000000000002], [94.4, 27.8]]]}, "properties": {"cell_id": "944_278", "state": "Arunachal Pradesh", "samples": 21, "events": 2, "risk_index": 0.0952, "severity": "Moderate", "mean_slope_deg": 26.94, "mean_rain_30d_mm": 329.2}}, {"type": "Feature", "geometry": {"type": "Polygon", "coordinates": [[[94.4, 27.900000000000002], [94.5, 27.900000000000002], [94.5, 28.000000000000004], [94.4, 28.000000000000004], [94.4, 27.900000000000002]]]}, "properties": {"cell_id": "944_279", "state": "Arunachal Pradesh", "samples": 14, "events": 3, "risk_index": 0.2143, "severity": "Very High", "mean_slope_deg": 25.85, "mean_rain_30d_mm": 301.3}}, {"type": "Feature", "geometry": {"type": "Polygon", "coordinates": [[[94.4, 28.0], [94.5, 28.0], [94.5, 28.1], [94.4, 28.1], [94.4, 28.0]]]}, "properties": {"cell_id": "944_280", "state": "Arunachal Pradesh", "samples": 25, "events": 4, "risk_index": 0.16, "severity": "High", "mean_slope_deg": 23.54, "mean_rain_30d_mm": 311.8}}, {"type": "Feature", "geometry": {"type": "Polygon", "coordinates": [[[94.4, 28.1], [94.5, 28.1], [94.5, 28.200000000000003], [94.4, 28.200000000000003], [94.4, 28.1]]]}, "properties": {"cell_id": "944_281", "state": "Arunachal Pradesh", "samples": 15, "events": 1, "risk_index": 0.0667, "severity": "Moderate", "mean_slope_deg": 23.46, "mean_rain_30d_mm": 324.6}}, {"type": "Feature", "geometry": {"type": "Polygon", "coordinates": [[[94.4, 28.200000000000003], [94.5, 28.200000000000003], [94.5, 28.300000000000004], [94.4, 28.300000000000004], [94.4, 28.200000000000003]]]}, "properties": {"cell_id": "944_282", "state": "Arunachal Pradesh", "samples": 12, "events": 1, "risk_index": 0.0833, "severity": "Moderate", "mean_slope_deg": 28.29, "mean_rain_30d_mm": 284.0}}, {"type": "Feature", "geometry": {"type": "Polygon", "coordinates": [[[94.4, 28.3], [94.5, 28.3], [94.5, 28.400000000000002], [94.4, 28.400000000000002], [94.4, 28.3]]]}, "properties": {"cell_id": "944_283", "state": "Arunachal Pradesh", "samples": 7, "events": 1, "risk_index": 0.1429, "severity": "High", "mean_slope_deg": 27.77, "mean_rain_30d_mm": 327.2}}, {"type": "Feature", "geometry": {"type": "Polygon", "coordinates": [[[94.4, 28.400000000000002], [94.5, 28.400000000000002], [94.5, 28.500000000000004], [94.4, 28.500000000000004], [94.4, 28.400000000000002]]]}, "properties": {"cell_id": "944_284", "state": "Arunachal Pradesh", "samples": 4, "events": 2, "risk_index": 0.5, "severity": "Very High", "mean_slope_deg": 32.21, "mean_rain_30d_mm": 245.8}}, {"type": "Feature", "geometry": {"type": "Polygon", "coordinates": [[[94.4, 28.5], [94.5, 28.5], [94.5, 28.6], [94.4, 28.6], [94.4, 28.5]]]}, "properties": {"cell_id": "944_285", "state": "Arunachal Pradesh", "samples": 4, "events": 0, "risk_index": 0.0, "severity": "Low", "mean_slope_deg": 23.71, "mean_rain_30d_mm": 317.5}}, {"type": "Feature", "geometry": {"type": "Polygon", "coordinates": [[[94.5, 25.200000000000003], [94.6, 25.200000000000003], [94.6, 25.300000000000004], [94.5, 25.300000000000004], [94.5, 25.200000000000003]]]}, "properties": {"cell_id": "945_252", "state": "Nagaland", "samples": 3, "events": 0, "risk_index": 0.0, "severity": "Low", "mean_slope_deg": 22.79, "mean_rain_30d_mm": 356.7}}, {"type": "Feature", "geometry": {"type": "Polygon", "coordinates": [[[94.5, 25.400000000000002], [94.6, 25.400000000000002], [94.6, 25.500000000000004], [94.5, 25.500000000000004], [94.5, 25.400000000000002]]]}, "properties": {"cell_id": "945_254", "state": "Nagaland", "samples": 5, "events": 0, "risk_index": 0.0, "severity": "Low", "mean_slope_deg": 23.95, "mean_rain_30d_mm": 265.3}}, {"type": "Feature", "geometry": {"type": "Polygon", "coordinates": [[[94.5, 25.5], [94.6, 25.5], [94.6, 25.6], [94.5, 25.6], [94.5, 25.5]]]}, "properties": {"cell_id": "945_255", "state": "Nagaland", "samples": 10, "events": 1, "risk_index": 0.1, "severity": "Moderate", "mean_slope_deg": 22.77, "mean_rain_30d_mm": 314.0}}, {"type": "Feature", "geometry": {"type": "Polygon", "coordinates": [[[94.5, 25.6], [94.6, 25.6], [94.6, 25.700000000000003], [94.5, 25.700000000000003], [94.5, 25.6]]]}, "properties": {"cell_id": "945_256", "state": "Nagaland", "samples": 16, "events": 3, "risk_index": 0.1875, "severity": "High", "mean_slope_deg": 30.77, "mean_rain_30d_mm": 317.4}}, {"type": "Feature", "geometry": {"type": "Polygon", "coordinates": [[[94.5, 25.700000000000003], [94.6, 25.700000000000003], [94.6, 25.800000000000004], [94.5, 25.800000000000004], [94.5, 25.700000000000003]]]}, "properties": {"cell_id": "945_257", "state": "Nagaland", "samples": 30, "events": 2, "risk_index": 0.0667, "severity": "Moderate", "mean_slope_deg": 24.4, "mean_rain_30d_mm": 315.7}}, {"type": "Feature", "geometry": {"type": "Polygon", "coordinates": [[[94.5, 25.8], [94.6, 25.8], [94.6, 25.900000000000002], [94.5, 25.900000000000002], [94.5, 25.8]]]}, "properties": {"cell_id": "945_258", "state": "Nagaland", "samples": 38, "events": 0, "risk_index": 0.0, "severity": "Low", "mean_slope_deg": 21.71, "mean_rain_30d_mm": 311.4}}, {"type": "Feature", "geometry": {"type": "Polygon", "coordinates": [[[94.5, 25.900000000000002], [94.6, 25.900000000000002], [94.6, 26.000000000000004], [94.5, 26.000000000000004], [94.5, 25.900000000000002]]]}, "properties": {"cell_id": "945_259", "state": "Nagaland", "samples": 35, "events": 6, "risk_index": 0.1714, "severity": "High", "mean_slope_deg": 23.34, "mean_rain_30d_mm": 320.9}}, {"type": "Feature", "geometry": {"type": "Polygon", "coordinates": [[[94.5, 26.0], [94.6, 26.0], [94.6, 26.1], [94.5, 26.1], [94.5, 26.0]]]}, "properties": {"cell_id": "945_260", "state": "Nagaland", "samples": 38, "events": 3, "risk_index": 0.0789, "severity": "Moderate", "mean_slope_deg": 24.73, "mean_rain_30d_mm": 316.7}}, {"type": "Feature", "geometry": {"type": "Polygon", "coordinates": [[[94.5, 26.1], [94.6, 26.1], [94.6, 26.200000000000003], [94.5, 26.200000000000003], [94.5, 26.1]]]}, "properties": {"cell_id": "945_261", "state": "Nagaland", "samples": 31, "events": 1, "risk_index": 0.0323, "severity": "Moderate", "mean_slope_deg": 21.4, "mean_rain_30d_mm": 278.9}}, {"type": "Feature", "geometry": {"type": "Polygon", "coordinates": [[[94.5, 26.200000000000003], [94.6, 26.200000000000003], [94.6, 26.300000000000004], [94.5, 26.300000000000004], [94.5, 26.200000000000003]]]}, "properties": {"cell_id": "945_262", "state": "Nagaland", "samples": 27, "events": 0, "risk_index": 0.0, "severity": "Low", "mean_slope_deg": 25.36, "mean_rain_30d_mm": 352.2}}, {"type": "Feature", "geometry": {"type": "Polygon", "coordinates": [[[94.5, 26.3], [94.6, 26.3], [94.6, 26.400000000000002], [94.5, 26.400000000000002], [94.5, 26.3]]]}, "properties": {"cell_id": "945_263", "state": "Nagaland", "samples": 22, "events": 2, "risk_index": 0.0909, "severity": "Moderate", "mean_slope_deg": 22.67, "mean_rain_30d_mm": 295.2}}, {"type": "Feature", "geometry": {"type": "Polygon", "coordinates": [[[94.5, 26.400000000000002], [94.6, 26.400000000000002], [94.6, 26.500000000000004], [94.5, 26.500000000000004], [94.5, 26.400000000000002]]]}, "properties": {"cell_id": "945_264", "state": "Nagaland", "samples": 12, "events": 0, "risk_index": 0.0, "severity": "Low", "mean_slope_deg": 20.83, "mean_rain_30d_mm": 333.3}}, {"type": "Feature", "geometry": {"type": "Polygon", "coordinates": [[[94.5, 26.5], [94.6, 26.5], [94.6, 26.6], [94.5, 26.6], [94.5, 26.5]]]}, "properties": {"cell_id": "945_265", "state": "Nagaland", "samples": 8, "events": 0, "risk_index": 0.0, "severity": "Low", "mean_slope_deg": 17.28, "mean_rain_30d_mm": 256.4}}, {"type": "Feature", "geometry": {"type": "Polygon", "coordinates": [[[94.5, 26.6], [94.6, 26.6], [94.6, 26.700000000000003], [94.5, 26.700000000000003], [94.5, 26.6]]]}, "properties": {"cell_id": "945_266", "state": "Nagaland", "samples": 7, "events": 0, "risk_index": 0.0, "severity": "Low", "mean_slope_deg": 24.52, "mean_rain_30d_mm": 357.3}}, {"type": "Feature", "geometry": {"type": "Polygon", "coordinates": [[[94.5, 27.3], [94.6, 27.3], [94.6, 27.400000000000002], [94.5, 27.400000000000002], [94.5, 27.3]]]}, "properties": {"cell_id": "945_273", "state": "Arunachal Pradesh", "samples": 4, "events": 1, "risk_index": 0.25, "severity": "Very High", "mean_slope_deg": 27.55, "mean_rain_30d_mm": 312.0}}, {"type": "Feature", "geometry": {"type": "Polygon", "coordinates": [[[94.5, 27.6], [94.6, 27.6], [94.6, 27.700000000000003], [94.5, 27.700000000000003], [94.5, 27.6]]]}, "properties": {"cell_id": "945_276", "state": "Arunachal Pradesh", "samples": 9, "events": 0, "risk_index": 0.0, "severity": "Low", "mean_slope_deg": 22.26, "mean_rain_30d_mm": 339.3}}, {"type": "Feature", "geometry": {"type": "Polygon", "coordinates": [[[94.5, 27.700000000000003], [94.6, 27.700000000000003], [94.6, 27.800000000000004], [94.5, 27.800000000000004], [94.5, 27.700000000000003]]]}, "properties": {"cell_id": "945_277", "state": "Arunachal Pradesh", "samples": 12, "events": 1, "risk_index": 0.0833, "severity": "Moderate", "mean_slope_deg": 24.11, "mean_rain_30d_mm": 345.0}}, {"type": "Feature", "geometry": {"type": "Polygon", "coordinates": [[[94.5, 27.8], [94.6, 27.8], [94.6, 27.900000000000002], [94.5, 27.900000000000002], [94.5, 27.8]]]}, "properties": {"cell_id": "945_278", "state": "Arunachal Pradesh", "samples": 11, "events": 0, "risk_index": 0.0, "severity": "Low", "mean_slope_deg": 23.92, "mean_rain_30d_mm": 332.6}}, {"type": "Feature", "geometry": {"type": "Polygon", "coordinates": [[[94.5, 27.900000000000002], [94.6, 27.900000000000002], [94.6, 28.000000000000004], [94.5, 28.000000000000004], [94.5, 27.900000000000002]]]}, "properties": {"cell_id": "945_279", "state": "Arunachal Pradesh", "samples": 24, "events": 1, "risk_index": 0.0417, "severity": "Moderate", "mean_slope_deg": 20.82, "mean_rain_30d_mm": 359.0}}, {"type": "Feature", "geometry": {"type": "Polygon", "coordinates": [[[94.5, 28.0], [94.6, 28.0], [94.6, 28.1], [94.5, 28.1], [94.5, 28.0]]]}, "properties": {"cell_id": "945_280", "state": "Arunachal Pradesh", "samples": 18, "events": 0, "risk_index": 0.0, "severity": "Low", "mean_slope_deg": 24.6, "mean_rain_30d_mm": 279.0}}, {"type": "Feature", "geometry": {"type": "Polygon", "coordinates": [[[94.5, 28.1], [94.6, 28.1], [94.6, 28.200000000000003], [94.5, 28.200000000000003], [94.5, 28.1]]]}, "properties": {"cell_id": "945_281", "state": "Arunachal Pradesh", "samples": 10, "events": 0, "risk_index": 0.0, "severity": "Low", "mean_slope_deg": 21.22, "mean_rain_30d_mm": 298.2}}, {"type": "Feature", "geometry": {"type": "Polygon", "coordinates": [[[94.5, 28.200000000000003], [94.6, 28.200000000000003], [94.6, 28.300000000000004], [94.5, 28.300000000000004], [94.5, 28.200000000000003]]]}, "properties": {"cell_id": "945_282", "state": "Arunachal Pradesh", "samples": 8, "events": 0, "risk_index": 0.0, "severity": "Low", "mean_slope_deg": 26.22, "mean_rain_30d_mm": 347.2}}, {"type": "Feature", "geometry": {"type": "Polygon", "coordinates": [[[94.5, 28.3], [94.6, 28.3], [94.6, 28.400000000000002], [94.5, 28.400000000000002], [94.5, 28.3]]]}, "properties": {"cell_id": "945_283", "state": "Arunachal Pradesh", "samples": 8, "events": 1, "risk_index": 0.125, "severity": "High", "mean_slope_deg": 27.72, "mean_rain_30d_mm": 359.3}}, {"type": "Feature", "geometry": {"type": "Polygon", "coordinates": [[[94.5, 28.400000000000002], [94.6, 28.400000000000002], [94.6, 28.500000000000004], [94.5, 28.500000000000004], [94.5, 28.400000000000002]]]}, "properties": {"cell_id": "945_284", "state": "Arunachal Pradesh", "samples": 7, "events": 0, "risk_index": 0.0, "severity": "Low", "mean_slope_deg": 17.98, "mean_rain_30d_mm": 354.9}}, {"type": "Feature", "geometry": {"type": "Polygon", "coordinates": [[[94.60000000000001, 25.400000000000002], [94.7, 25.400000000000002], [94.7, 25.500000000000004], [94.60000000000001, 25.500000000000004], [94.60000000000001, 25.400000000000002]]]}, "properties": {"cell_id": "946_254", "state": "Nagaland", "samples": 3, "events": 0, "risk_index": 0.0, "severity": "Low", "mean_slope_deg": 26.83, "mean_rain_30d_mm": 315.5}}, {"type": "Feature", "geometry": {"type": "Polygon", "coordinates": [[[94.60000000000001, 25.6], [94.7, 25.6], [94.7, 25.700000000000003], [94.60000000000001, 25.700000000000003], [94.60000000000001, 25.6]]]}, "properties": {"cell_id": "946_256", "state": "Nagaland", "samples": 10, "events": 1, "risk_index": 0.1, "severity": "Moderate", "mean_slope_deg": 27.75, "mean_rain_30d_mm": 305.5}}, {"type": "Feature", "geometry": {"type": "Polygon", "coordinates": [[[94.60000000000001, 25.700000000000003], [94.7, 25.700000000000003], [94.7, 25.800000000000004], [94.60000000000001, 25.800000000000004], [94.60000000000001, 25.700000000000003]]]}, "properties": {"cell_id": "946_257", "state": "Nagaland", "samples": 15, "events": 2, "risk_index": 0.1333, "severity": "High", "mean_slope_deg": 21.88, "mean_rain_30d_mm": 288.8}}, {"type": "Feature", "geometry": {"type": "Polygon", "coordinates": [[[94.60000000000001, 25.8], [94.7, 25.8], [94.7, 25.900000000000002], [94.60000000000001, 25.900000000000002], [94.60000000000001, 25.8]]]}, "properties": {"cell_id": "946_258", "state": "Nagaland", "samples": 25, "events": 4, "risk_index": 0.16, "severity": "High", "mean_slope_deg": 25.51, "mean_rain_30d_mm": 316.7}}, {"type": "Feature", "geometry": {"type": "Polygon", "coordinates": [[[94.60000000000001, 25.900000000000002], [94.7, 25.900000000000002], [94.7, 26.000000000000004], [94.60000000000001, 26.000000000000004], [94.60000000000001, 25.900000000000002]]]}, "properties": {"cell_id": "946_259", "state": "Nagaland", "samples": 20, "events": 2, "risk_index": 0.1, "severity": "Moderate", "mean_slope_deg": 22.15, "mean_rain_30d_mm": 299.1}}, {"type": "Feature", "geometry": {"type": "Polygon", "coordinates": [[[94.60000000000001, 26.0], [94.7, 26.0], [94.7, 26.1], [94.60000000000001, 26.1], [94.60000000000001, 26.0]]]}, "properties": {"cell_id": "946_260", "state": "Nagaland", "samples": 27, "events": 5, "risk_index": 0.1852, "severity": "High", "mean_slope_deg": 24.77, "mean_rain_30d_mm": 293.1}}, {"type": "Feature", "geometry": {"type": "Polygon", "coordinates": [[[94.60000000000001, 26.1], [94.7, 26.1], [94.7, 26.200000000000003], [94.60000000000001, 26.200000000000003], [94.60000000000001, 26.1]]]}, "properties": {"cell_id": "946_261", "state": "Nagaland", "samples": 20, "events": 4, "risk_index": 0.2, "severity": "High", "mean_slope_deg": 29.09, "mean_rain_30d_mm": 332.5}}, {"type": "Feature", "geometry": {"type": "Polygon", "coordinates": [[[94.60000000000001, 26.200000000000003], [94.7, 26.200000000000003], [94.7, 26.300000000000004], [94.60000000000001, 26.300000000000004], [94.60000000000001, 26.200000000000003]]]}, "properties": {"cell_id": "946_262", "state": "Nagaland", "samples": 15, "events": 0, "risk_index": 0.0, "severity": "Low", "mean_slope_deg": 23.68, "mean_rain_30d_mm": 307.8}}, {"type": "Feature", "geometry": {"type": "Polygon", "coordinates": [[[94.60000000000001, 26.3], [94.7, 26.3], [94.7, 26.400000000000002], [94.60000000000001, 26.400000000000002], [94.60000000000001, 26.3]]]}, "properties": {"cell_id": "946_263", "state": "Nagaland", "samples": 12, "events": 1, "risk_index": 0.0833, "severity": "Moderate", "mean_slope_deg": 23.16, "mean_rain_30d_mm": 295.0}}, {"type": "Feature", "geometry": {"type": "Polygon", "coordinates": [[[94.60000000000001, 26.400000000000002], [94.7, 26.400000000000002], [94.7, 26.500000000000004], [94.60000000000001, 26.500000000000004], [94.60000000000001, 26.400000000000002]]]}, "properties": {"cell_id": "946_264", "state": "Nagaland", "samples": 5, "events": 0, "risk_index": 0.0, "severity": "Low", "mean_slope_deg": 22.16, "mean_rain_30d_mm": 294.5}}, {"type": "Feature", "geometry": {"type": "Polygon", "coordinates": [[[94.60000000000001, 26.6], [94.7, 26.6], [94.7, 26.700000000000003], [94.60000000000001, 26.700000000000003], [94.60000000000001, 26.6]]]}, "properties": {"cell_id": "946_266", "state": "Nagaland", "samples": 3, "events": 0, "risk_index": 0.0, "severity": "Low", "mean_slope_deg": 12.78, "mean_rain_30d_mm": 255.2}}, {"type": "Feature", "geometry": {"type": "Polygon", "coordinates": [[[94.60000000000001, 27.400000000000002], [94.7, 27.400000000000002], [94.7, 27.500000000000004], [94.60000000000001, 27.500000000000004], [94.60000000000001, 27.400000000000002]]]}, "properties": {"cell_id": "946_274", "state": "Arunachal Pradesh", "samples": 4, "events": 0, "risk_index": 0.0, "severity": "Low", "mean_slope_deg": 21.07, "mean_rain_30d_mm": 250.6}}, {"type": "Feature", "geometry": {"type": "Polygon", "coordinates": [[[94.60000000000001, 27.5], [94.7, 27.5], [94.7, 27.6], [94.60000000000001, 27.6], [94.60000000000001, 27.5]]]}, "properties": {"cell_id": "946_275", "state": "Arunachal Pradesh", "samples": 3, "events": 1, "risk_index": 0.3333, "severity": "Very High", "mean_slope_deg": 37.78, "mean_rain_30d_mm": 287.3}}, {"type": "Feature", "geometry": {"type": "Polygon", "coordinates": [[[94.60000000000001, 27.6], [94.7, 27.6], [94.7, 27.700000000000003], [94.60000000000001, 27.700000000000003], [94.60000000000001, 27.6]]]}, "properties": {"cell_id": "946_276", "state": "Arunachal Pradesh", "samples": 7, "events": 0, "risk_index": 0.0, "severity": "Low", "mean_slope_deg": 18.18, "mean_rain_30d_mm": 307.8}}, {"type": "Feature", "geometry": {"type": "Polygon", "coordinates": [[[94.60000000000001, 27.700000000000003], [94.7, 27.700000000000003], [94.7, 27.800000000000004], [94.60000000000001, 27.800000000000004], [94.60000000000001, 27.700000000000003]]]}, "properties": {"cell_id": "946_277", "state": "Arunachal Pradesh", "samples": 11, "events": 1, "risk_index": 0.0909, "severity": "Moderate", "mean_slope_deg": 24.95, "mean_rain_30d_mm": 353.3}}, {"type": "Feature", "geometry": {"type": "Polygon", "coordinates": [[[94.60000000000001, 27.8], [94.7, 27.8], [94.7, 27.900000000000002], [94.60000000000001, 27.900000000000002], [94.60000000000001, 27.8]]]}, "properties": {"cell_id": "946_278", "state": "Arunachal Pradesh", "samples": 12, "events": 1, "risk_index": 0.0833, "severity": "Moderate", "mean_slope_deg": 22.92, "mean_rain_30d_mm": 344.8}}, {"type": "Feature", "geometry": {"type": "Polygon", "coordinates": [[[94.60000000000001, 27.900000000000002], [94.7, 27.900000000000002], [94.7, 28.000000000000004], [94.60000000000001, 28.000000000000004], [94.60000000000001, 27.900000000000002]]]}, "properties": {"cell_id": "946_279", "state": "Arunachal Pradesh", "samples": 16, "events": 1, "risk_index": 0.0625, "severity": "Moderate", "mean_slope_deg": 25.73, "mean_rain_30d_mm": 350.3}}, {"type": "Feature", "geometry": {"type": "Polygon", "coordinates": [[[94.60000000000001, 28.0], [94.7, 28.0], [94.7, 28.1], [94.60000000000001, 28.1], [94.60000000000001, 28.0]]]}, "properties": {"cell_id": "946_280", "state": "Arunachal Pradesh", "samples": 15, "events": 0, "risk_index": 0.0, "severity": "Low", "mean_slope_deg": 25.28, "mean_rain_30d_mm": 290.3}}, {"type": "Feature", "geometry": {"type": "Polygon", "coordinates": [[[94.60000000000001, 28.1], [94.7, 28.1], [94.7, 28.200000000000003], [94.60000000000001, 28.200000000000003], [94.60000000000001, 28.1]]]}, "properties": {"cell_id": "946_281", "state": "Arunachal Pradesh", "samples": 14, "events": 3, "risk_index": 0.2143, "severity": "Very High", "mean_slope_deg": 24.49, "mean_rain_30d_mm": 318.1}}, {"type": "Feature", "geometry": {"type": "Polygon", "coordinates": [[[94.60000000000001, 28.200000000000003], [94.7, 28.200000000000003], [94.7, 28.300000000000004], [94.60000000000001, 28.300000000000004], [94.60000000000001, 28.200000000000003]]]}, "properties": {"cell_id": "946_282", "state": "Arunachal Pradesh", "samples": 11, "events": 1, "risk_index": 0.0909, "severity": "Moderate", "mean_slope_deg": 31.44, "mean_rain_30d_mm": 283.0}}, {"type": "Feature", "geometry": {"type": "Polygon", "coordinates": [[[94.60000000000001, 28.3], [94.7, 28.3], [94.7, 28.400000000000002], [94.60000000000001, 28.400000000000002], [94.60000000000001, 28.3]]]}, "properties": {"cell_id": "946_283", "state": "Arunachal Pradesh", "samples": 13, "events": 0, "risk_index": 0.0, "severity": "Low", "mean_slope_deg": 23.87, "mean_rain_30d_mm": 335.0}}, {"type": "Feature", "geometry": {"type": "Polygon", "coordinates": [[[94.60000000000001, 28.400000000000002], [94.7, 28.400000000000002], [94.7, 28.500000000000004], [94.60000000000001, 28.500000000000004], [94.60000000000001, 28.400000000000002]]]}, "properties": {"cell_id": "946_284", "state": "Arunachal Pradesh", "samples": 3, "events": 1, "risk_index": 0.3333, "severity": "Very High", "mean_slope_deg": 23.5, "mean_rain_30d_mm": 384.0}}, {"type": "Feature", "geometry": {"type": "Polygon", "coordinates": [[[94.60000000000001, 28.5], [94.7, 28.5], [94.7, 28.6], [94.60000000000001, 28.6], [94.60000000000001, 28.5]]]}, "properties": {"cell_id": "946_285", "state": "Arunachal Pradesh", "samples": 5, "events": 0, "risk_index": 0.0, "severity": "Low", "mean_slope_deg": 32.62, "mean_rain_30d_mm": 416.5}}, {"type": "Feature", "geometry": {"type": "Polygon", "coordinates": [[[94.7, 25.400000000000002], [94.8, 25.400000000000002], [94.8, 25.500000000000004], [94.7, 25.500000000000004], [94.7, 25.400000000000002]]]}, "properties": {"cell_id": "947_254", "state": "Nagaland", "samples": 4, "events": 0, "risk_index": 0.0, "severity": "Low", "mean_slope_deg": 30.69, "mean_rain_30d_mm": 317.1}}, {"type": "Feature", "geometry": {"type": "Polygon", "coordinates": [[[94.7, 25.5], [94.8, 25.5], [94.8, 25.6], [94.7, 25.6], [94.7, 25.5]]]}, "properties": {"cell_id": "947_255", "state": "Nagaland", "samples": 3, "events": 0, "risk_index": 0.0, "severity": "Low", "mean_slope_deg": 16.01, "mean_rain_30d_mm": 342.8}}, {"type": "Feature", "geometry": {"type": "Polygon", "coordinates": [[[94.7, 25.6], [94.8, 25.6], [94.8, 25.700000000000003], [94.7, 25.700000000000003], [94.7, 25.6]]]}, "properties": {"cell_id": "947_256", "state": "Nagaland", "samples": 6, "events": 0, "risk_index": 0.0, "severity": "Low", "mean_slope_deg": 22.65, "mean_rain_30d_mm": 287.1}}, {"type": "Feature", "geometry": {"type": "Polygon", "coordinates": [[[94.7, 25.700000000000003], [94.8, 25.700000000000003], [94.8, 25.800000000000004], [94.7, 25.800000000000004], [94.7, 25.700000000000003]]]}, "properties": {"cell_id": "947_257", "state": "Nagaland", "samples": 3, "events": 0, "risk_index": 0.0, "severity": "Low", "mean_slope_deg": 22.24, "mean_rain_30d_mm": 288.9}}, {"type": "Feature", "geometry": {"type": "Polygon", "coordinates": [[[94.7, 25.8], [94.8, 25.8], [94.8, 25.900000000000002], [94.7, 25.900000000000002], [94.7, 25.8]]]}, "properties": {"cell_id": "947_258", "state": "Nagaland", "samples": 12, "events": 1, "risk_index": 0.0833, "severity": "Moderate", "mean_slope_deg": 33.53, "mean_rain_30d_mm": 299.8}}, {"type": "Feature", "geometry": {"type": "Polygon", "coordinates": [[[94.7, 25.900000000000002], [94.8, 25.900000000000002], [94.8, 26.000000000000004], [94.7, 26.000000000000004], [94.7, 25.900000000000002]]]}, "properties": {"cell_id": "947_259", "state": "Nagaland", "samples": 3, "events": 1, "risk_index": 0.3333, "severity": "Very High", "mean_slope_deg": 27.43, "mean_rain_30d_mm": 362.4}}, {"type": "Feature", "geometry": {"type": "Polygon", "coordinates": [[[94.7, 26.0], [94.8, 26.0], [94.8, 26.1], [94.7, 26.1], [94.7, 26.0]]]}, "properties": {"cell_id": "947_260", "state": "Nagaland", "samples": 11, "events": 0, "risk_index": 0.0, "severity": "Low", "mean_slope_deg": 26.75, "mean_rain_30d_mm": 320.5}}, {"type": "Feature", "geometry": {"type": "Polygon", "coordinates": [[[94.7, 26.1], [94.8, 26.1], [94.8, 26.200000000000003], [94.7, 26.200000000000003], [94.7, 26.1]]]}, "properties": {"cell_id": "947_261", "state": "Nagaland", "samples": 14, "events": 2, "risk_index": 0.1429, "severity": "High", "mean_slope_deg": 24.99, "mean_rain_30d_mm": 310.4}}, {"type": "Feature", "geometry": {"type": "Polygon", "coordinates": [[[94.7, 26.200000000000003], [94.8, 26.200000000000003], [94.8, 26.300000000000004], [94.7, 26.300000000000004], [94.7, 26.200000000000003]]]}, "properties": {"cell_id": "947_262", "state": "Nagaland", "samples": 8, "events": 1, "risk_index": 0.125, "severity": "High", "mean_slope_deg": 23.93, "mean_rain_30d_mm": 342.5}}, {"type": "Feature", "geometry": {"type": "Polygon", "coordinates": [[[94.7, 26.3], [94.8, 26.3], [94.8, 26.400000000000002], [94.7, 26.400000000000002], [94.7, 26.3]]]}, "properties": {"cell_id": "947_263", "state": "Nagaland", "samples": 5, "events": 0, "risk_index": 0.0, "severity": "Low", "mean_slope_deg": 26.14, "mean_rain_30d_mm": 253.7}}, {"type": "Feature", "geometry": {"type": "Polygon", "coordinates": [[[94.7, 26.400000000000002], [94.8, 26.400000000000002], [94.8, 26.500000000000004], [94.7, 26.500000000000004], [94.7, 26.400000000000002]]]}, "properties": {"cell_id": "947_264", "state": "Nagaland", "samples": 3, "events": 0, "risk_index": 0.0, "severity": "Low", "mean_slope_deg": 16.29, "mean_rain_30d_mm": 290.9}}, {"type": "Feature", "geometry": {"type": "Polygon", "coordinates": [[[94.7, 27.5], [94.8, 27.5], [94.8, 27.6], [94.7, 27.6], [94.7, 27.5]]]}, "properties": {"cell_id": "947_275", "state": "Arunachal Pradesh", "samples": 5, "events": 0, "risk_index": 0.0, "severity": "Low", "mean_slope_deg": 28.12, "mean_rain_30d_mm": 376.7}}, {"type": "Feature", "geometry": {"type": "Polygon", "coordinates": [[[94.7, 27.6], [94.8, 27.6], [94.8, 27.700000000000003], [94.7, 27.700000000000003], [94.7, 27.6]]]}, "properties": {"cell_id": "947_276", "state": "Arunachal Pradesh", "samples": 8, "events": 0, "risk_index": 0.0, "severity": "Low", "mean_slope_deg": 21.84, "mean_rain_30d_mm": 309.0}}, {"type": "Feature", "geometry": {"type": "Polygon", "coordinates": [[[94.7, 27.700000000000003], [94.8, 27.700000000000003], [94.8, 27.800000000000004], [94.7, 27.800000000000004], [94.7, 27.700000000000003]]]}, "properties": {"cell_id": "947_277", "state": "Arunachal Pradesh", "samples": 8, "events": 0, "risk_index": 0.0, "severity": "Low", "mean_slope_deg": 29.57, "mean_rain_30d_mm": 288.1}}, {"type": "Feature", "geometry": {"type": "Polygon", "coordinates": [[[94.7, 27.8], [94.8, 27.8], [94.8, 27.900000000000002], [94.7, 27.900000000000002], [94.7, 27.8]]]}, "properties": {"cell_id": "947_278", "state": "Arunachal Pradesh", "samples": 7, "events": 0, "risk_index": 0.0, "severity": "Low", "mean_slope_deg": 26.62, "mean_rain_30d_mm": 365.5}}, {"type": "Feature", "geometry": {"type": "Polygon", "coordinates": [[[94.7, 27.900000000000002], [94.8, 27.900000000000002], [94.8, 28.000000000000004], [94.7, 28.000000000000004], [94.7, 27.900000000000002]]]}, "properties": {"cell_id": "947_279", "state": "Arunachal Pradesh", "samples": 17, "events": 0, "risk_index": 0.0, "severity": "Low", "mean_slope_deg": 22.48, "mean_rain_30d_mm": 314.8}}, {"type": "Feature", "geometry": {"type": "Polygon", "coordinates": [[[94.7, 28.0], [94.8, 28.0], [94.8, 28.1], [94.7, 28.1], [94.7, 28.0]]]}, "properties": {"cell_id": "947_280", "state": "Arunachal Pradesh", "samples": 9, "events": 2, "risk_index": 0.2222, "severity": "Very High", "mean_slope_deg": 26.16, "mean_rain_30d_mm": 270.1}}, {"type": "Feature", "geometry": {"type": "Polygon", "coordinates": [[[94.7, 28.1], [94.8, 28.1], [94.8, 28.200000000000003], [94.7, 28.200000000000003], [94.7, 28.1]]]}, "properties": {"cell_id": "947_281", "state": "Arunachal Pradesh", "samples": 10, "events": 1, "risk_index": 0.1, "severity": "Moderate", "mean_slope_deg": 24.88, "mean_rain_30d_mm": 290.2}}, {"type": "Feature", "geometry": {"type": "Polygon", "coordinates": [[[94.7, 28.200000000000003], [94.8, 28.200000000000003], [94.8, 28.300000000000004], [94.7, 28.300000000000004], [94.7, 28.200000000000003]]]}, "properties": {"cell_id": "947_282", "state": "Arunachal Pradesh", "samples": 6, "events": 0, "risk_index": 0.0, "severity": "Low", "mean_slope_deg": 24.37, "mean_rain_30d_mm": 295.8}}, {"type": "Feature", "geometry": {"type": "Polygon", "coordinates": [[[94.7, 28.3], [94.8, 28.3], [94.8, 28.400000000000002], [94.7, 28.400000000000002], [94.7, 28.3]]]}, "properties": {"cell_id": "947_283", "state": "Arunachal Pradesh", "samples": 7, "events": 0, "risk_index": 0.0, "severity": "Low", "mean_slope_deg": 26.03, "mean_rain_30d_mm": 337.0}}, {"type": "Feature", "geometry": {"type": "Polygon", "coordinates": [[[94.7, 28.400000000000002], [94.8, 28.400000000000002], [94.8, 28.500000000000004], [94.7, 28.500000000000004], [94.7, 28.400000000000002]]]}, "properties": {"cell_id": "947_284", "state": "Arunachal Pradesh", "samples": 7, "events": 1, "risk_index": 0.1429, "severity": "High", "mean_slope_deg": 34.91, "mean_rain_30d_mm": 335.5}}, {"type": "Feature", "geometry": {"type": "Polygon", "coordinates": [[[94.7, 28.5], [94.8, 28.5], [94.8, 28.6], [94.7, 28.6], [94.7, 28.5]]]}, "properties": {"cell_id": "947_285", "state": "Arunachal Pradesh", "samples": 4, "events": 0, "risk_index": 0.0, "severity": "Low", "mean_slope_deg": 22.75, "mean_rain_30d_mm": 355.2}}, {"type": "Feature", "geometry": {"type": "Polygon", "coordinates": [[[94.80000000000001, 25.400000000000002], [94.9, 25.400000000000002], [94.9, 25.500000000000004], [94.80000000000001, 25.500000000000004], [94.80000000000001, 25.400000000000002]]]}, "properties": {"cell_id": "948_254", "state": "Nagaland", "samples": 3, "events": 0, "risk_index": 0.0, "severity": "Low", "mean_slope_deg": 21.07, "mean_rain_30d_mm": 325.7}}, {"type": "Feature", "geometry": {"type": "Polygon", "coordinates": [[[94.80000000000001, 25.6], [94.9, 25.6], [94.9, 25.700000000000003], [94.80000000000001, 25.700000000000003], [94.80000000000001, 25.6]]]}, "properties": {"cell_id": "948_256", "state": "Nagaland", "samples": 4, "events": 2, "risk_index": 0.5, "severity": "Very High", "mean_slope_deg": 30.39, "mean_rain_30d_mm": 254.2}}, {"type": "Feature", "geometry": {"type": "Polygon", "coordinates": [[[94.80000000000001, 26.0], [94.9, 26.0], [94.9, 26.1], [94.80000000000001, 26.1], [94.80000000000001, 26.0]]]}, "properties": {"cell_id": "948_260", "state": "Nagaland", "samples": 3, "events": 0, "risk_index": 0.0, "severity": "Low", "mean_slope_deg": 18.1, "mean_rain_30d_mm": 364.0}}, {"type": "Feature", "geometry": {"type": "Polygon", "coordinates": [[[94.80000000000001, 26.1], [94.9, 26.1], [94.9, 26.200000000000003], [94.80000000000001, 26.200000000000003], [94.80000000000001, 26.1]]]}, "properties": {"cell_id": "948_261", "state": "Nagaland", "samples": 3, "events": 1, "risk_index": 0.3333, "severity": "Very High", "mean_slope_deg": 34.7, "mean_rain_30d_mm": 364.6}}, {"type": "Feature", "geometry": {"type": "Polygon", "coordinates": [[[94.80000000000001, 26.200000000000003], [94.9, 26.200000000000003], [94.9, 26.300000000000004], [94.80000000000001, 26.300000000000004], [94.80000000000001, 26.200000000000003]]]}, "properties": {"cell_id": "948_262", "state": "Nagaland", "samples": 4, "events": 1, "risk_index": 0.25, "severity": "Very High", "mean_slope_deg": 28.43, "mean_rain_30d_mm": 352.7}}, {"type": "Feature", "geometry": {"type": "Polygon", "coordinates": [[[94.80000000000001, 27.5], [94.9, 27.5], [94.9, 27.6], [94.80000000000001, 27.6], [94.80000000000001, 27.5]]]}, "properties": {"cell_id": "948_275", "state": "Arunachal Pradesh", "samples": 4, "events": 0, "risk_index": 0.0, "severity": "Low", "mean_slope_deg": 18.87, "mean_rain_30d_mm": 345.7}}, {"type": "Feature", "geometry": {"type": "Polygon", "coordinates": [[[94.80000000000001, 27.6], [94.9, 27.6], [94.9, 27.700000000000003], [94.80000000000001, 27.700000000000003], [94.80000000000001, 27.6]]]}, "properties": {"cell_id": "948_276", "state": "Arunachal Pradesh", "samples": 5, "events": 0, "risk_index": 0.0, "severity": "Low", "mean_slope_deg": 19.67, "mean_rain_30d_mm": 246.5}}, {"type": "Feature", "geometry": {"type": "Polygon", "coordinates": [[[94.80000000000001, 27.700000000000003], [94.9, 27.700000000000003], [94.9, 27.800000000000004], [94.80000000000001, 27.800000000000004], [94.80000000000001, 27.700000000000003]]]}, "properties": {"cell_id": "948_277", "state": "Arunachal Pradesh", "samples": 12, "events": 1, "risk_index": 0.0833, "severity": "Moderate", "mean_slope_deg": 19.64, "mean_rain_30d_mm": 286.9}}, {"type": "Feature", "geometry": {"type": "Polygon", "coordinates": [[[94.80000000000001, 27.8], [94.9, 27.8], [94.9, 27.900000000000002], [94.80000000000001, 27.900000000000002], [94.80000000000001, 27.8]]]}, "properties": {"cell_id": "948_278", "state": "Arunachal Pradesh", "samples": 11, "events": 2, "risk_index": 0.1818, "severity": "High", "mean_slope_deg": 24.12, "mean_rain_30d_mm": 321.5}}, {"type": "Feature", "geometry": {"type": "Polygon", "coordinates": [[[94.80000000000001, 27.900000000000002], [94.9, 27.900000000000002], [94.9, 28.000000000000004], [94.80000000000001, 28.000000000000004], [94.80000000000001, 27.900000000000002]]]}, "properties": {"cell_id": "948_279", "state": "Arunachal Pradesh", "samples": 13, "events": 1, "risk_index": 0.0769, "severity": "Moderate", "mean_slope_deg": 21.96, "mean_rain_30d_mm": 294.8}}, {"type": "Feature", "geometry": {"type": "Polygon", "coordinates": [[[94.80000000000001, 28.0], [94.9, 28.0], [94.9, 28.1], [94.80000000000001, 28.1], [94.80000000000001, 28.0]]]}, "properties": {"cell_id": "948_280", "state": "Arunachal Pradesh", "samples": 20, "events": 3, "risk_index": 0.15, "severity": "High", "mean_slope_deg": 25.47, "mean_rain_30d_mm": 295.2}}, {"type": "Feature", "geometry": {"type": "Polygon", "coordinates": [[[94.80000000000001, 28.1], [94.9, 28.1], [94.9, 28.200000000000003], [94.80000000000001, 28.200000000000003], [94.80000000000001, 28.1]]]}, "properties": {"cell_id": "948_281", "state": "Arunachal Pradesh", "samples": 9, "events": 0, "risk_index": 0.0, "severity": "Low", "mean_slope_deg": 28.71, "mean_rain_30d_mm": 333.4}}, {"type": "Feature", "geometry": {"type": "Polygon", "coordinates": [[[94.80000000000001, 28.200000000000003], [94.9, 28.200000000000003], [94.9, 28.300000000000004], [94.80000000000001, 28.300000000000004], [94.80000000000001, 28.200000000000003]]]}, "properties": {"cell_id": "948_282", "state": "Arunachal Pradesh", "samples": 3, "events": 0, "risk_index": 0.0, "severity": "Low", "mean_slope_deg": 21.36, "mean_rain_30d_mm": 322.3}}, {"type": "Feature", "geometry": {"type": "Polygon", "coordinates": [[[94.80000000000001, 28.3], [94.9, 28.3], [94.9, 28.400000000000002], [94.80000000000001, 28.400000000000002], [94.80000000000001, 28.3]]]}, "properties": {"cell_id": "948_283", "state": "Arunachal Pradesh", "samples": 10, "events": 1, "risk_index": 0.1, "severity": "Moderate", "mean_slope_deg": 23.45, "mean_rain_30d_mm": 364.5}}, {"type": "Feature", "geometry": {"type": "Polygon", "coordinates": [[[94.80000000000001, 28.400000000000002], [94.9, 28.400000000000002], [94.9, 28.500000000000004], [94.80000000000001, 28.500000000000004], [94.80000000000001, 28.400000000000002]]]}, "properties": {"cell_id": "948_284", "state": "Arunachal Pradesh", "samples": 3, "events": 0, "risk_index": 0.0, "severity": "Low", "mean_slope_deg": 17.0, "mean_rain_30d_mm": 300.9}}, {"type": "Feature", "geometry": {"type": "Polygon", "coordinates": [[[94.9, 27.5], [95.0, 27.5], [95.0, 27.6], [94.9, 27.6], [94.9, 27.5]]]}, "properties": {"cell_id": "949_275", "state": "Arunachal Pradesh", "samples": 4, "events": 0, "risk_index": 0.0, "severity": "Low", "mean_slope_deg": 18.23, "mean_rain_30d_mm": 304.6}}, {"type": "Feature", "geometry": {"type": "Polygon", "coordinates": [[[94.9, 27.6], [95.0, 27.6], [95.0, 27.700000000000003], [94.9, 27.700000000000003], [94.9, 27.6]]]}, "properties": {"cell_id": "949_276", "state": "Arunachal Pradesh", "samples": 5, "events": 0, "risk_index": 0.0, "severity": "Low", "mean_slope_deg": 25.82, "mean_rain_30d_mm": 317.8}}, {"type": "Feature", "geometry": {"type": "Polygon", "coordinates": [[[94.9, 27.700000000000003], [95.0, 27.700000000000003], [95.0, 27.800000000000004], [94.9, 27.800000000000004], [94.9, 27.700000000000003]]]}, "properties": {"cell_id": "949_277", "state": "Arunachal Pradesh", "samples": 6, "events": 0, "risk_index": 0.0, "severity": "Low", "mean_slope_deg": 19.35, "mean_rain_30d_mm": 268.9}}, {"type": "Feature", "geometry": {"type": "Polygon", "coordinates": [[[94.9, 27.8], [95.0, 27.8], [95.0, 27.900000000000002], [94.9, 27.900000000000002], [94.9, 27.8]]]}, "properties": {"cell_id": "949_278", "state": "Arunachal Pradesh", "samples": 11, "events": 1, "risk_index": 0.0909, "severity": "Moderate", "mean_slope_deg": 19.28, "mean_rain_30d_mm": 375.8}}, {"type": "Feature", "geometry": {"type": "Polygon", "coordinates": [[[94.9, 27.900000000000002], [95.0, 27.900000000000002], [95.0, 28.000000000000004], [94.9, 28.000000000000004], [94.9, 27.900000000000002]]]}, "properties": {"cell_id": "949_279", "state": "Arunachal Pradesh", "samples": 6, "events": 0, "risk_index": 0.0, "severity": "Low", "mean_slope_deg": 26.96, "mean_rain_30d_mm": 248.2}}, {"type": "Feature", "geometry": {"type": "Polygon", "coordinates": [[[94.9, 28.0], [95.0, 28.0], [95.0, 28.1], [94.9, 28.1], [94.9, 28.0]]]}, "properties": {"cell_id": "949_280", "state": "Arunachal Pradesh", "samples": 14, "events": 0, "risk_index": 0.0, "severity": "Low", "mean_slope_deg": 23.45, "mean_rain_30d_mm": 316.9}}, {"type": "Feature", "geometry": {"type": "Polygon", "coordinates": [[[94.9, 28.1], [95.0, 28.1], [95.0, 28.200000000000003], [94.9, 28.200000000000003], [94.9, 28.1]]]}, "properties": {"cell_id": "949_281", "state": "Arunachal Pradesh", "samples": 4, "events": 0, "risk_index": 0.0, "severity": "Low", "mean_slope_deg": 20.36, "mean_rain_30d_mm": 307.5}}, {"type": "Feature", "geometry": {"type": "Polygon", "coordinates": [[[94.9, 28.200000000000003], [95.0, 28.200000000000003], [95.0, 28.300000000000004], [94.9, 28.300000000000004], [94.9, 28.200000000000003]]]}, "properties": {"cell_id": "949_282", "state": "Arunachal Pradesh", "samples": 5, "events": 0, "risk_index": 0.0, "severity": "Low", "mean_slope_deg": 19.39, "mean_rain_30d_mm": 301.6}}, {"type": "Feature", "geometry": {"type": "Polygon", "coordinates": [[[94.9, 28.3], [95.0, 28.3], [95.0, 28.400000000000002], [94.9, 28.400000000000002], [94.9, 28.3]]]}, "properties": {"cell_id": "949_283", "state": "Arunachal Pradesh", "samples": 7, "events": 0, "risk_index": 0.0, "severity": "Low", "mean_slope_deg": 23.81, "mean_rain_30d_mm": 310.3}}, {"type": "Feature", "geometry": {"type": "Polygon", "coordinates": [[[94.9, 28.400000000000002], [95.0, 28.400000000000002], [95.0, 28.500000000000004], [94.9, 28.500000000000004], [94.9, 28.400000000000002]]]}, "properties": {"cell_id": "949_284", "state": "Arunachal Pradesh", "samples": 6, "events": 0, "risk_index": 0.0, "severity": "Low", "mean_slope_deg": 21.92, "mean_rain_30d_mm": 416.4}}, {"type": "Feature", "geometry": {"type": "Polygon", "coordinates": [[[95.0, 27.3], [95.1, 27.3], [95.1, 27.400000000000002], [95.0, 27.400000000000002], [95.0, 27.3]]]}, "properties": {"cell_id": "950_273", "state": "Arunachal Pradesh", "samples": 4, "events": 1, "risk_index": 0.25, "severity": "Very High", "mean_slope_deg": 27.13, "mean_rain_30d_mm": 299.4}}, {"type": "Feature", "geometry": {"type": "Polygon", "coordinates": [[[95.0, 27.400000000000002], [95.1, 27.400000000000002], [95.1, 27.500000000000004], [95.0, 27.500000000000004], [95.0, 27.400000000000002]]]}, "properties": {"cell_id": "950_274", "state": "Arunachal Pradesh", "samples": 3, "events": 0, "risk_index": 0.0, "severity": "Low", "mean_slope_deg": 22.18, "mean_rain_30d_mm": 284.8}}, {"type": "Feature", "geometry": {"type": "Polygon", "coordinates": [[[95.0, 27.6], [95.1, 27.6], [95.1, 27.700000000000003], [95.0, 27.700000000000003], [95.0, 27.6]]]}, "properties": {"cell_id": "950_276", "state": "Arunachal Pradesh", "samples": 4, "events": 0, "risk_index": 0.0, "severity": "Low", "mean_slope_deg": 23.65, "mean_rain_30d_mm": 301.6}}, {"type": "Feature", "geometry": {"type": "Polygon", "coordinates": [[[95.0, 27.700000000000003], [95.1, 27.700000000000003], [95.1, 27.800000000000004], [95.0, 27.800000000000004], [95.0, 27.700000000000003]]]}, "properties": {"cell_id": "950_277", "state": "Arunachal Pradesh", "samples": 4, "events": 1, "risk_index": 0.25, "severity": "Very High", "mean_slope_deg": 34.04, "mean_rain_30d_mm": 336.7}}, {"type": "Feature", "geometry": {"type": "Polygon", "coordinates": [[[95.0, 27.8], [95.1, 27.8], [95.1, 27.900000000000002], [95.0, 27.900000000000002], [95.0, 27.8]]]}, "properties": {"cell_id": "950_278", "state": "Arunachal Pradesh", "samples": 11, "events": 2, "risk_index": 0.1818, "severity": "High", "mean_slope_deg": 29.87, "mean_rain_30d_mm": 317.2}}, {"type": "Feature", "geometry": {"type": "Polygon", "coordinates": [[[95.0, 27.900000000000002], [95.1, 27.900000000000002], [95.1, 28.000000000000004], [95.0, 28.000000000000004], [95.0, 27.900000000000002]]]}, "properties": {"cell_id": "950_279", "state": "Arunachal Pradesh", "samples": 10, "events": 1, "risk_index": 0.1, "severity": "Moderate", "mean_slope_deg": 23.0, "mean_rain_30d_mm": 283.4}}, {"type": "Feature", "geometry": {"type": "Polygon", "coordinates": [[[95.0, 28.0], [95.1, 28.0], [95.1, 28.1], [95.0, 28.1], [95.0, 28.0]]]}, "properties": {"cell_id": "950_280", "state": "Arunachal Pradesh", "samples": 11, "events": 0, "risk_index": 0.0, "severity": "Low", "mean_slope_deg": 19.84, "mean_rain_30d_mm": 373.2}}, {"type": "Feature", "geometry": {"type": "Polygon", "coordinates": [[[95.0, 28.1], [95.1, 28.1], [95.1, 28.200000000000003], [95.0, 28.200000000000003], [95.0, 28.1]]]}, "properties": {"cell_id": "950_281", "state": "Arunachal Pradesh", "samples": 11, "events": 0, "risk_index": 0.0, "severity": "Low", "mean_slope_deg": 22.75, "mean_rain_30d_mm": 345.5}}, {"type": "Feature", "geometry": {"type": "Polygon", "coordinates": [[[95.0, 28.200000000000003], [95.1, 28.200000000000003], [95.1, 28.300000000000004], [95.0, 28.300000000000004], [95.0, 28.200000000000003]]]}, "properties": {"cell_id": "950_282", "state": "Arunachal Pradesh", "samples": 8, "events": 2, "risk_index": 0.25, "severity": "Very High", "mean_slope_deg": 22.71, "mean_rain_30d_mm": 314.0}}, {"type": "Feature", "geometry": {"type": "Polygon", "coordinates": [[[95.0, 28.3], [95.1, 28.3], [95.1, 28.400000000000002], [95.0, 28.400000000000002], [95.0, 28.3]]]}, "properties": {"cell_id": "950_283", "state": "Arunachal Pradesh", "samples": 6, "events": 4, "risk_index": 0.6667, "severity": "Very High", "mean_slope_deg": 28.8, "mean_rain_30d_mm": 312.5}}, {"type": "Feature", "geometry": {"type": "Polygon", "coordinates": [[[95.0, 28.5], [95.1, 28.5], [95.1, 28.6], [95.0, 28.6], [95.0, 28.5]]]}, "properties": {"cell_id": "950_285", "state": "Arunachal Pradesh", "samples": 4, "events": 1, "risk_index": 0.25, "severity": "Very High", "mean_slope_deg": 20.83, "mean_rain_30d_mm": 295.6}}, {"type": "Feature", "geometry": {"type": "Polygon", "coordinates": [[[95.10000000000001, 27.6], [95.2, 27.6], [95.2, 27.700000000000003], [95.10000000000001, 27.700000000000003], [95.10000000000001, 27.6]]]}, "properties": {"cell_id": "951_276", "state": "Arunachal Pradesh", "samples": 4, "events": 0, "risk_index": 0.0, "severity": "Low", "mean_slope_deg": 20.73, "mean_rain_30d_mm": 248.9}}, {"type": "Feature", "geometry": {"type": "Polygon", "coordinates": [[[95.10000000000001, 27.8], [95.2, 27.8], [95.2, 27.900000000000002], [95.10000000000001, 27.900000000000002], [95.10000000000001, 27.8]]]}, "properties": {"cell_id": "951_278", "state": "Arunachal Pradesh", "samples": 6, "events": 0, "risk_index": 0.0, "severity": "Low", "mean_slope_deg": 23.83, "mean_rain_30d_mm": 359.1}}, {"type": "Feature", "geometry": {"type": "Polygon", "coordinates": [[[95.10000000000001, 27.900000000000002], [95.2, 27.900000000000002], [95.2, 28.000000000000004], [95.10000000000001, 28.000000000000004], [95.10000000000001, 27.900000000000002]]]}, "properties": {"cell_id": "951_279", "state": "Arunachal Pradesh", "samples": 11, "events": 5, "risk_index": 0.4545, "severity": "Very High", "mean_slope_deg": 24.1, "mean_rain_30d_mm": 349.2}}, {"type": "Feature", "geometry": {"type": "Polygon", "coordinates": [[[95.10000000000001, 28.0], [95.2, 28.0], [95.2, 28.1], [95.10000000000001, 28.1], [95.10000000000001, 28.0]]]}, "properties": {"cell_id": "951_280", "state": "Arunachal Pradesh", "samples": 8, "events": 1, "risk_index": 0.125, "severity": "High", "mean_slope_deg": 24.73, "mean_rain_30d_mm": 379.7}}, {"type": "Feature", "geometry": {"type": "Polygon", "coordinates": [[[95.10000000000001, 28.1], [95.2, 28.1], [95.2, 28.200000000000003], [95.10000000000001, 28.200000000000003], [95.10000000000001, 28.1]]]}, "properties": {"cell_id": "951_281", "state": "Arunachal Pradesh", "samples": 10, "events": 0, "risk_index": 0.0, "severity": "Low", "mean_slope_deg": 19.43, "mean_rain_30d_mm": 351.7}}, {"type": "Feature", "geometry": {"type": "Polygon", "coordinates": [[[95.10000000000001, 28.200000000000003], [95.2, 28.200000000000003], [95.2, 28.300000000000004], [95.10000000000001, 28.300000000000004], [95.10000000000001, 28.200000000000003]]]}, "properties": {"cell_id": "951_282", "state": "Arunachal Pradesh", "samples": 5, "events": 1, "risk_index": 0.2, "severity": "High", "mean_slope_deg": 21.48, "mean_rain_30d_mm": 344.1}}, {"type": "Feature", "geometry": {"type": "Polygon", "coordinates": [[[95.10000000000001, 28.3], [95.2, 28.3], [95.2, 28.400000000000002], [95.10000000000001, 28.400000000000002], [95.10000000000001, 28.3]]]}, "properties": {"cell_id": "951_283", "state": "Arunachal Pradesh", "samples": 3, "events": 0, "risk_index": 0.0, "severity": "Low", "mean_slope_deg": 19.09, "mean_rain_30d_mm": 329.0}}, {"type": "Feature", "geometry": {"type": "Polygon", "coordinates": [[[95.10000000000001, 28.400000000000002], [95.2, 28.400000000000002], [95.2, 28.500000000000004], [95.10000000000001, 28.500000000000004], [95.10000000000001, 28.400000000000002]]]}, "properties": {"cell_id": "951_284", "state": "Arunachal Pradesh", "samples": 4, "events": 0, "risk_index": 0.0, "severity": "Low", "mean_slope_deg": 28.44, "mean_rain_30d_mm": 322.8}}, {"type": "Feature", "geometry": {"type": "Polygon", "coordinates": [[[95.2, 27.400000000000002], [95.3, 27.400000000000002], [95.3, 27.500000000000004], [95.2, 27.500000000000004], [95.2, 27.400000000000002]]]}, "properties": {"cell_id": "952_274", "state": "Arunachal Pradesh", "samples": 3, "events": 0, "risk_index": 0.0, "severity": "Low", "mean_slope_deg": 13.67, "mean_rain_30d_mm": 451.7}}, {"type": "Feature", "geometry": {"type": "Polygon", "coordinates": [[[95.2, 27.6], [95.3, 27.6], [95.3, 27.700000000000003], [95.2, 27.700000000000003], [95.2, 27.6]]]}, "properties": {"cell_id": "952_276", "state": "Arunachal Pradesh", "samples": 6, "events": 0, "risk_index": 0.0, "severity": "Low", "mean_slope_deg": 19.49, "mean_rain_30d_mm": 377.2}}, {"type": "Feature", "geometry": {"type": "Polygon", "coordinates": [[[95.2, 27.700000000000003], [95.3, 27.700000000000003], [95.3, 27.800000000000004], [95.2, 27.800000000000004], [95.2, 27.700000000000003]]]}, "properties": {"cell_id": "952_277", "state": "Arunachal Pradesh", "samples": 6, "events": 0, "risk_index": 0.0, "severity": "Low", "mean_slope_deg": 26.82, "mean_rain_30d_mm": 410.9}}, {"type": "Feature", "geometry": {"type": "Polygon", "coordinates": [[[95.2, 27.8], [95.3, 27.8], [95.3, 27.900000000000002], [95.2, 27.900000000000002], [95.2, 27.8]]]}, "properties": {"cell_id": "952_278", "state": "Arunachal Pradesh", "samples": 6, "events": 0, "risk_index": 0.0, "severity": "Low", "mean_slope_deg": 22.75, "mean_rain_30d_mm": 400.5}}, {"type": "Feature", "geometry": {"type": "Polygon", "coordinates": [[[95.2, 27.900000000000002], [95.3, 27.900000000000002], [95.3, 28.000000000000004], [95.2, 28.000000000000004], [95.2, 27.900000000000002]]]}, "properties": {"cell_id": "952_279", "state": "Arunachal Pradesh", "samples": 6, "events": 2, "risk_index": 0.3333, "severity": "Very High", "mean_slope_deg": 28.65, "mean_rain_30d_mm": 309.5}}, {"type": "Feature", "geometry": {"type": "Polygon", "coordinates": [[[95.2, 28.0], [95.3, 28.0], [95.3, 28.1], [95.2, 28.1], [95.2, 28.0]]]}, "properties": {"cell_id": "952_280", "state": "Arunachal Pradesh", "samples": 9, "events": 1, "risk_index": 0.1111, "severity": "Moderate", "mean_slope_deg": 26.34, "mean_rain_30d_mm": 295.6}}, {"type": "Feature", "geometry": {"type": "Polygon", "coordinates": [[[95.2, 28.1], [95.3, 28.1], [95.3, 28.200000000000003], [95.2, 28.200000000000003], [95.2, 28.1]]]}, "properties": {"cell_id": "952_281", "state": "Arunachal Pradesh", "samples": 5, "events": 3, "risk_index": 0.6, "severity": "Very High", "mean_slope_deg": 19.43, "mean_rain_30d_mm": 264.2}}, {"type": "Feature", "geometry": {"type": "Polygon", "coordinates": [[[95.2, 28.200000000000003], [95.3, 28.200000000000003], [95.3, 28.300000000000004], [95.2, 28.300000000000004], [95.2, 28.200000000000003]]]}, "properties": {"cell_id": "952_282", "state": "Arunachal Pradesh", "samples": 7, "events": 1, "risk_index": 0.1429, "severity": "High", "mean_slope_deg": 24.18, "mean_rain_30d_mm": 295.8}}, {"type": "Feature", "geometry": {"type": "Polygon", "coordinates": [[[95.30000000000001, 27.700000000000003], [95.4, 27.700000000000003], [95.4, 27.800000000000004], [95.30000000000001, 27.800000000000004], [95.30000000000001, 27.700000000000003]]]}, "properties": {"cell_id": "953_277", "state": "Arunachal Pradesh", "samples": 3, "events": 0, "risk_index": 0.0, "severity": "Low", "mean_slope_deg": 24.52, "mean_rain_30d_mm": 392.3}}, {"type": "Feature", "geometry": {"type": "Polygon", "coordinates": [[[95.30000000000001, 28.0], [95.4, 28.0], [95.4, 28.1], [95.30000000000001, 28.1], [95.30000000000001, 28.0]]]}, "properties": {"cell_id": "953_280", "state": "Arunachal Pradesh", "samples": 4, "events": 1, "risk_index": 0.25, "severity": "Very High", "mean_slope_deg": 39.16, "mean_rain_30d_mm": 263.4}}, {"type": "Feature", "geometry": {"type": "Polygon", "coordinates": [[[95.30000000000001, 28.1], [95.4, 28.1], [95.4, 28.200000000000003], [95.30000000000001, 28.200000000000003], [95.30000000000001, 28.1]]]}, "properties": {"cell_id": "953_281", "state": "Arunachal Pradesh", "samples": 8, "events": 0, "risk_index": 0.0, "severity": "Low", "mean_slope_deg": 24.79, "mean_rain_30d_mm": 295.0}}, {"type": "Feature", "geometry": {"type": "Polygon", "coordinates": [[[95.30000000000001, 28.200000000000003], [95.4, 28.200000000000003], [95.4, 28.300000000000004], [95.30000000000001, 28.300000000000004], [95.30000000000001, 28.200000000000003]]]}, "properties": {"cell_id": "953_282", "state": "Arunachal Pradesh", "samples": 6, "events": 0, "risk_index": 0.0, "severity": "Low", "mean_slope_deg": 22.38, "mean_rain_30d_mm": 315.6}}, {"type": "Feature", "geometry": {"type": "Polygon", "coordinates": [[[95.30000000000001, 28.3], [95.4, 28.3], [95.4, 28.400000000000002], [95.30000000000001, 28.400000000000002], [95.30000000000001, 28.3]]]}, "properties": {"cell_id": "953_283", "state": "Arunachal Pradesh", "samples": 4, "events": 1, "risk_index": 0.25, "severity": "Very High", "mean_slope_deg": 42.58, "mean_rain_30d_mm": 284.6}}, {"type": "Feature", "geometry": {"type": "Polygon", "coordinates": [[[95.4, 27.700000000000003], [95.5, 27.700000000000003], [95.5, 27.800000000000004], [95.4, 27.800000000000004], [95.4, 27.700000000000003]]]}, "properties": {"cell_id": "954_277", "state": "Arunachal Pradesh", "samples": 4, "events": 1, "risk_index": 0.25, "severity": "Very High", "mean_slope_deg": 24.7, "mean_rain_30d_mm": 273.8}}, {"type": "Feature", "geometry": {"type": "Polygon", "coordinates": [[[95.4, 27.8], [95.5, 27.8], [95.5, 27.900000000000002], [95.4, 27.900000000000002], [95.4, 27.8]]]}, "properties": {"cell_id": "954_278", "state": "Arunachal Pradesh", "samples": 4, "events": 0, "risk_index": 0.0, "severity": "Low", "mean_slope_deg": 20.9, "mean_rain_30d_mm": 391.5}}, {"type": "Feature", "geometry": {"type": "Polygon", "coordinates": [[[95.4, 27.900000000000002], [95.5, 27.900000000000002], [95.5, 28.000000000000004], [95.4, 28.000000000000004], [95.4, 27.900000000000002]]]}, "properties": {"cell_id": "954_279", "state": "Arunachal Pradesh", "samples": 11, "events": 1, "risk_index": 0.0909, "severity": "Moderate", "mean_slope_deg": 21.67, "mean_rain_30d_mm": 325.6}}, {"type": "Feature", "geometry": {"type": "Polygon", "coordinates": [[[95.4, 28.0], [95.5, 28.0], [95.5, 28.1], [95.4, 28.1], [95.4, 28.0]]]}, "properties": {"cell_id": "954_280", "state": "Arunachal Pradesh", "samples": 4, "events": 1, "risk_index": 0.25, "severity": "Very High", "mean_slope_deg": 26.52, "mean_rain_30d_mm": 287.2}}, {"type": "Feature", "geometry": {"type": "Polygon", "coordinates": [[[95.4, 28.1], [95.5, 28.1], [95.5, 28.200000000000003], [95.4, 28.200000000000003], [95.4, 28.1]]]}, "properties": {"cell_id": "954_281", "state": "Arunachal Pradesh", "samples": 4, "events": 2, "risk_index": 0.5, "severity": "Very High", "mean_slope_deg": 33.64, "mean_rain_30d_mm": 423.4}}, {"type": "Feature", "geometry": {"type": "Polygon", "coordinates": [[[95.4, 28.400000000000002], [95.5, 28.400000000000002], [95.5, 28.500000000000004], [95.4, 28.500000000000004], [95.4, 28.400000000000002]]]}, "properties": {"cell_id": "954_284", "state": "Arunachal Pradesh", "samples": 5, "events": 0, "risk_index": 0.0, "severity": "Low", "mean_slope_deg": 17.34, "mean_rain_30d_mm": 395.9}}, {"type": "Feature", "geometry": {"type": "Polygon", "coordinates": [[[95.5, 27.8], [95.6, 27.8], [95.6, 27.900000000000002], [95.5, 27.900000000000002], [95.5, 27.8]]]}, "properties": {"cell_id": "955_278", "state": "Arunachal Pradesh", "samples": 4, "events": 0, "risk_index": 0.0, "severity": "Low", "mean_slope_deg": 26.94, "mean_rain_30d_mm": 325.9}}, {"type": "Feature", "geometry": {"type": "Polygon", "coordinates": [[[95.5, 27.900000000000002], [95.6, 27.900000000000002], [95.6, 28.000000000000004], [95.5, 28.000000000000004], [95.5, 27.900000000000002]]]}, "properties": {"cell_id": "955_279", "state": "Arunachal Pradesh", "samples": 3, "events": 0, "risk_index": 0.0, "severity": "Low", "mean_slope_deg": 29.2, "mean_rain_30d_mm": 374.5}}, {"type": "Feature", "geometry": {"type": "Polygon", "coordinates": [[[95.5, 28.0], [95.6, 28.0], [95.6, 28.1], [95.5, 28.1], [95.5, 28.0]]]}, "properties": {"cell_id": "955_280", "state": "Arunachal Pradesh", "samples": 4, "events": 0, "risk_index": 0.0, "severity": "Low", "mean_slope_deg": 25.99, "mean_rain_30d_mm": 369.8}}, {"type": "Feature", "geometry": {"type": "Polygon", "coordinates": [[[95.5, 28.1], [95.6, 28.1], [95.6, 28.200000000000003], [95.5, 28.200000000000003], [95.5, 28.1]]]}, "properties": {"cell_id": "955_281", "state": "Arunachal Pradesh", "samples": 4, "events": 0, "risk_index": 0.0, "severity": "Low", "mean_slope_deg": 22.44, "mean_rain_30d_mm": 381.5}}, {"type": "Feature", "geometry": {"type": "Polygon", "coordinates": [[[95.5, 28.200000000000003], [95.6, 28.200000000000003], [95.6, 28.300000000000004], [95.5, 28.300000000000004], [95.5, 28.200000000000003]]]}, "properties": {"cell_id": "955_282", "state": "Arunachal Pradesh", "samples": 3, "events": 0, "risk_index": 0.0, "severity": "Low", "mean_slope_deg": 22.54, "mean_rain_30d_mm": 294.7}}, {"type": "Feature", "geometry": {"type": "Polygon", "coordinates": [[[95.60000000000001, 27.8], [95.7, 27.8], [95.7, 27.900000000000002], [95.60000000000001, 27.900000000000002], [95.60000000000001, 27.8]]]}, "properties": {"cell_id": "956_278", "state": "Arunachal Pradesh", "samples": 4, "events": 0, "risk_index": 0.0, "severity": "Low", "mean_slope_deg": 25.87, "mean_rain_30d_mm": 265.8}}, {"type": "Feature", "geometry": {"type": "Polygon", "coordinates": [[[95.60000000000001, 27.900000000000002], [95.7, 27.900000000000002], [95.7, 28.000000000000004], [95.60000000000001, 28.000000000000004], [95.60000000000001, 27.900000000000002]]]}, "properties": {"cell_id": "956_279", "state": "Arunachal Pradesh", "samples": 3, "events": 0, "risk_index": 0.0, "severity": "Low", "mean_slope_deg": 17.24, "mean_rain_30d_mm": 360.7}}, {"type": "Feature", "geometry": {"type": "Polygon", "coordinates": [[[95.60000000000001, 28.0], [95.7, 28.0], [95.7, 28.1], [95.60000000000001, 28.1], [95.60000000000001, 28.0]]]}, "properties": {"cell_id": "956_280", "state": "Arunachal Pradesh", "samples": 4, "events": 0, "risk_index": 0.0, "severity": "Low", "mean_slope_deg": 26.16, "mean_rain_30d_mm": 288.4}}, {"type": "Feature", "geometry": {"type": "Polygon", "coordinates": [[[95.60000000000001, 28.1], [95.7, 28.1], [95.7, 28.200000000000003], [95.60000000000001, 28.200000000000003], [95.60000000000001, 28.1]]]}, "properties": {"cell_id": "956_281", "state": "Arunachal Pradesh", "samples": 5, "events": 0, "risk_index": 0.0, "severity": "Low", "mean_slope_deg": 27.35, "mean_rain_30d_mm": 305.8}}, {"type": "Feature", "geometry": {"type": "Polygon", "coordinates": [[[95.7, 28.0], [95.8, 28.0], [95.8, 28.1], [95.7, 28.1], [95.7, 28.0]]]}, "properties": {"cell_id": "957_280", "state": "Arunachal Pradesh", "samples": 4, "events": 0, "risk_index": 0.0, "severity": "Low", "mean_slope_deg": 23.58, "mean_rain_30d_mm": 353.7}}, {"type": "Feature", "geometry": {"type": "Polygon", "coordinates": [[[95.7, 28.1], [95.8, 28.1], [95.8, 28.200000000000003], [95.7, 28.200000000000003], [95.7, 28.1]]]}, "properties": {"cell_id": "957_281", "state": "Arunachal Pradesh", "samples": 4, "events": 0, "risk_index": 0.0, "severity": "Low", "mean_slope_deg": 27.95, "mean_rain_30d_mm": 259.1}}, {"type": "Feature", "geometry": {"type": "Polygon", "coordinates": [[[95.9, 27.700000000000003], [96.0, 27.700000000000003], [96.0, 27.800000000000004], [95.9, 27.800000000000004], [95.9, 27.700000000000003]]]}, "properties": {"cell_id": "959_277", "state": "Arunachal Pradesh", "samples": 3, "events": 1, "risk_index": 0.3333, "severity": "Very High", "mean_slope_deg": 23.52, "mean_rain_30d_mm": 389.9}}]}