{"type": "FeatureCollection", "name": "MOCK_ner_landslide_points", "features": [{"type": "Feature", "geometry": {"type": "Point", "coordinates": [93.2408, 27.9087]}, "properties": {"state": "Arunachal Pradesh", "district": "Arunac-D2", "event_date": "2023-06-01", "slope_deg": 54.551, "rain_3d": 43.7185, "label_conf": 0.7}}, {"type": "Feature", "geometry": {"type": "Point", "coordinates": [93.9479, 24.5366]}, "properties": {"state": "Manipur", "district": "Manipu-D3", "event_date": "2023-06-28", "slope_deg": 34.469, "rain_3d": 23.3858, "label_conf": 0.7}}, {"type": "Feature", "geometry": {"type": "Point", "coordinates": [92.7485, 27.7519]}, "properties": {"state": "Arunachal Pradesh", "district": "Arunac-D4", "event_date": "2023-07-02", "slope_deg": 44.3554, "rain_3d": 99.153, "label_conf": 1.0}}, {"type": "Feature", "geometry": {"type": "Point", "coordinates": [93.6855, 25.4305]}, "properties": {"state": "Manipur", "district": "Manipu-D1", "event_date": "2023-05-09", "slope_deg": 52.8439, "rain_3d": 14.384, "label_conf": 0.7}}, {"type": "Feature", "geometry": {"type": "Point", "coordinates": [94.0219, 24.5297]}, "properties": {"state": "Manipur", "district": "Manipu-D2", "event_date": "2023-07-09", "slope_deg": 31.1901, "rain_3d": 51.4472, "label_conf": 0.7}}, {"type": "Feature", "geometry": {"type": "Point", "coordinates": [91.2938, 25.1246]}, "properties": {"state": "Meghalaya", "district": "Meghal-D4", "event_date": "2023-07-26", "slope_deg": 52.5187, "rain_3d": 85.9261, "label_conf": 1.0}}, {"type": "Feature", "geometry": {"type": "Point", "coordinates": [93.6118, 27.9096]}, "properties": {"state": "Arunachal Pradesh", "district": "Arunac-D4", "event_date": "2023-07-01", "slope_deg": 42.4814, "rain_3d": 24.4482, "label_conf": 0.7}}, {"type": "Feature", "geometry": {"type": "Point", "coordinates": [92.8883, 28.0248]}, "properties": {"state": "Arunachal Pradesh", "district": "Arunac-D2", "event_date": "2023-04-23", "slope_deg": 18.9111, "rain_3d": 38.5645, "label_conf": 0.4}}, {"type": "Feature", "geometry": {"type": "Point", "coordinates": [94.0931, 28.4147]}, "properties": {"state": "Arunachal Pradesh", "district": "Arunac-D7", "event_date": "2023-07-29", "slope_deg": 22.1936, "rain_3d": 154.9403, "label_conf": 0.7}}, {"type": "Feature", "geometry": {"type": "Point", "coordinates": [90.7667, 25.4385]}, "properties": {"state": "Meghalaya", "district": "Meghal-D4", "event_date": "2023-09-06", "slope_deg": 39.2083, "rain_3d": 43.8364, "label_conf": 0.4}}, {"type": "Feature", "geometry": {"type": "Point", "coordinates": [91.5813, 25.3304]}, "properties": {"state": "Meghalaya", "district": "Meghal-D1", "event_date": "2023-09-21", "slope_deg": 47.745, "rain_3d": 27.4015, "label_conf": 1.0}}, {"type": "Feature", "geometry": {"type": "Point", "coordinates": [91.6252, 25.5968]}, "properties": {"state": "Meghalaya", "district": "Meghal-D3", "event_date": "2023-09-04", "slope_deg": 57.7613, "rain_3d": 58.3734, "label_conf": 0.7}}, {"type": "Feature", "geometry": {"type": "Point", "coordinates": [93.8381, 24.4727]}, "properties": {"state": "Manipur", "district": "Manipu-D3", "event_date": "2023-05-13", "slope_deg": 40.0439, "rain_3d": 58.1787, "label_conf": 0.4}}, {"type": "Feature", "geometry": {"type": "Point", "coordinates": [94.0318, 27.6953]}, "properties": {"state": "Arunachal Pradesh", "district": "Arunac-D7", "event_date": "2023-09-10", "slope_deg": 29.9509, "rain_3d": 148.9125, "label_conf": 0.7}}, {"type": "Feature", "geometry": {"type": "Point", "coordinates": [92.7507, 23.4956]}, "properties": {"state": "Mizoram", "district": "Mizora-D4", "event_date": "2023-07-21", "slope_deg": 19.0873, "rain_3d": 82.306, "label_conf": 1.0}}, {"type": "Feature", "geometry": {"type": "Point", "coordinates": [95.2016, 28.0116]}, "properties": {"state": "Arunachal Pradesh", "district": "Arunac-D6", "event_date": "2023-01-15", "slope_deg": 18.9352, "rain_3d": 79.186, "label_conf": 1.0}}, {"type": "Feature", "geometry": {"type": "Point", "coordinates": [91.0429, 25.2444]}, "properties": {"state": "Meghalaya", "district": "Meghal-D1", "event_date": "2023-06-27", "slope_deg": 35.784, "rain_3d": 22.7557, "label_conf": 0.4}}, {"type": "Feature", "geometry": {"type": "Point", "coordinates": [94.6513, 26.0612]}, "properties": {"state": "Nagaland", "district": "Nagala-D4", "event_date": "2023-07-03", "slope_deg": 26.8868, "rain_3d": 142.6424, "label_conf": 1.0}}, {"type": "Feature", "geometry": {"type": "Point", "coordinates": [92.9768, 23.5273]}, "properties": {"state": "Mizoram", "district": "Mizora-D1", "event_date": "2023-09-01", "slope_deg": 54.2095, "rain_3d": 65.3326, "label_conf": 0.4}}, {"type": "Feature", "geometry": {"type": "Point", "coordinates": [91.2594, 25.2034]}, "properties": {"state": "Meghalaya", "district": "Meghal-D2", "event_date": "2023-04-13", "slope_deg": 47.6805, "rain_3d": 34.5564, "label_conf": 0.7}}, {"type": "Feature", "geometry": {"type": "Point", "coordinates": [92.6203, 22.8096]}, "properties": {"state": "Mizoram", "district": "Mizora-D4", "event_date": "2023-06-20", "slope_deg": 46.2124, "rain_3d": 48.102, "label_conf": 0.7}}, {"type": "Feature", "geometry": {"type": "Point", "coordinates": [91.6041, 25.3663]}, "properties": {"state": "Meghalaya", "district": "Meghal-D7", "event_date": "2023-10-03", "slope_deg": 30.202, "rain_3d": 30.9874, "label_conf": 0.4}}, {"type": "Feature", "geometry": {"type": "Point", "coordinates": [94.3897, 25.5561]}, "properties": {"state": "Nagaland", "district": "Nagala-D2", "event_date": "2023-05-28", "slope_deg": 55.3557, "rain_3d": 51.0095, "label_conf": 1.0}}, {"type": "Feature", "geometry": {"type": "Point", "coordinates": [91.5342, 25.2166]}, "properties": {"state": "Meghalaya", "district": "Meghal-D5", "event_date": "2023-07-25", "slope_deg": 40.4072, "rain_3d": 12.9044, "label_conf": 0.4}}, {"type": "Feature", "geometry": {"type": "Point", "coordinates": [93.0164, 23.2751]}, "properties": {"state": "Mizoram", "district": "Mizora-D3", "event_date": "2023-06-18", "slope_deg": 25.5391, "rain_3d": 135.3905, "label_conf": 0.7}}, {"type": "Feature", "geometry": {"type": "Point", "coordinates": [93.5598, 28.1916]}, "properties": {"state": "Arunachal Pradesh", "district": "Arunac-D1", "event_date": "2023-07-13", "slope_deg": 36.9382, "rain_3d": 51.228, "label_conf": 0.7}}, {"type": "Feature", "geometry": {"type": "Point", "coordinates": [93.4932, 27.7866]}, "properties": {"state": "Arunachal Pradesh", "district": "Arunac-D1", "event_date": "2023-09-28", "slope_deg": 37.7537, "rain_3d": 73.6894, "label_conf": 1.0}}, {"type": "Feature", "geometry": {"type": "Point", "coordinates": [91.1535, 25.7762]}, "properties": {"state": "Meghalaya", "district": "Meghal-D7", "event_date": "2023-07-22", "slope_deg": 38.4242, "rain_3d": 113.7424, "label_conf": 0.4}}, {"type": "Feature", "geometry": {"type": "Point", "coordinates": [91.328, 25.0117]}, "properties": {"state": "Meghalaya", "district": "Meghal-D2", "event_date": "2023-07-31", "slope_deg": 22.8996, "rain_3d": 36.8542, "label_conf": 1.0}}, {"type": "Feature", "geometry": {"type": "Point", "coordinates": [93.066, 23.4516]}, "properties": {"state": "Mizoram", "district": "Mizora-D2", "event_date": "2023-06-28", "slope_deg": 32.8315, "rain_3d": 54.598, "label_conf": 0.4}}, {"type": "Feature", "geometry": {"type": "Point", "coordinates": [93.9868, 24.3956]}, "properties": {"state": "Manipur", "district": "Manipu-D3", "event_date": "2023-07-15", "slope_deg": 27.8051, "rain_3d": 79.8238, "label_conf": 1.0}}, {"type": "Feature", "geometry": {"type": "Point", "coordinates": [91.3894, 25.3557]}, "properties": {"state": "Meghalaya", "district": "Meghal-D3", "event_date": "2023-05-26", "slope_deg": 33.1517, "rain_3d": 85.8579, "label_conf": 0.4}}, {"type": "Feature", "geometry": {"type": "Point", "coordinates": [92.7471, 23.8527]}, "properties": {"state": "Mizoram", "district": "Mizora-D6", "event_date": "2023-06-21", "slope_deg": 27.1301, "rain_3d": 58.9236, "label_conf": 1.0}}, {"type": "Feature", "geometry": {"type": "Point", "coordinates": [93.3913, 27.5504]}, "properties": {"state": "Arunachal Pradesh", "district": "Arunac-D5", "event_date": "2023-08-12", "slope_deg": 32.6633, "rain_3d": 37.3411, "label_conf": 1.0}}, {"type": "Feature", "geometry": {"type": "Point", "coordinates": [93.2679, 28.1588]}, "properties": {"state": "Arunachal Pradesh", "district": "Arunac-D6", "event_date": "2023-06-24", "slope_deg": 38.5325, "rain_3d": 61.2682, "label_conf": 0.7}}, {"type": "Feature", "geometry": {"type": "Point", "coordinates": [93.1894, 28.1397]}, "properties": {"state": "Arunachal Pradesh", "district": "Arunac-D1", "event_date": "2023-05-07", "slope_deg": 58.1284, "rain_3d": 105.5356, "label_conf": 0.7}}, {"type": "Feature", "geometry": {"type": "Point", "coordinates": [94.3452, 25.4074]}, "properties": {"state": "Nagaland", "district": "Nagala-D2", "event_date": "2023-06-05", "slope_deg": 31.8186, "rain_3d": 36.0252, "label_conf": 0.7}}, {"type": "Feature", "geometry": {"type": "Point", "coordinates": [94.4084, 25.7374]}, "properties": {"state": "Nagaland", "district": "Nagala-D6", "event_date": "2023-07-13", "slope_deg": 62.0072, "rain_3d": 139.309, "label_conf": 0.7}}, {"type": "Feature", "geometry": {"type": "Point", "coordinates": [91.7058, 25.359]}, "properties": {"state": "Meghalaya", "district": "Meghal-D3", "event_date": "2023-06-21", "slope_deg": 25.2499, "rain_3d": 38.0505, "label_conf": 0.7}}, {"type": "Feature", "geometry": {"type": "Point", "coordinates": [94.2789, 25.9258]}, "properties": {"state": "Nagaland", "district": "Nagala-D7", "event_date": "2023-11-06", "slope_deg": 46.802, "rain_3d": 75.3677, "label_conf": 0.4}}, {"type": "Feature", "geometry": {"type": "Point", "coordinates": [92.8165, 23.2763]}, "properties": {"state": "Mizoram", "district": "Mizora-D7", "event_date": "2023-05-25", "slope_deg": 74.7501, "rain_3d": 120.2914, "label_conf": 0.4}}, {"type": "Feature", "geometry": {"type": "Point", "coordinates": [91.3405, 25.5535]}, "properties": {"state": "Meghalaya", "district": "Meghal-D2", "event_date": "2023-06-30", "slope_deg": 59.1476, "rain_3d": 36.1599, "label_conf": 0.7}}, {"type": "Feature", "geometry": {"type": "Point", "coordinates": [92.4466, 23.0748]}, "properties": {"state": "Mizoram", "district": "Mizora-D3", "event_date": "2023-07-29", "slope_deg": 32.3671, "rain_3d": 44.6308, "label_conf": 0.7}}, {"type": "Feature", "geometry": {"type": "Point", "coordinates": [93.9932, 25.8489]}, "properties": {"state": "Nagaland", "district": "Nagala-D2", "event_date": "2023-07-24", "slope_deg": 6.5055, "rain_3d": 35.9504, "label_conf": 0.4}}, {"type": "Feature", "geometry": {"type": "Point", "coordinates": [94.6349, 25.9922]}, "properties": {"state": "Nagaland", "district": "Nagala-D4", "event_date": "2023-08-11", "slope_deg": 26.2619, "rain_3d": 40.6807, "label_conf": 1.0}}, {"type": "Feature", "geometry": {"type": "Point", "coordinates": [94.0074, 24.524]}, "properties": {"state": "Manipur", "district": "Manipu-D1", "event_date": "2023-07-31", "slope_deg": 50.653, "rain_3d": 23.855, "label_conf": 0.7}}, {"type": "Feature", "geometry": {"type": "Point", "coordinates": [91.3793, 25.6067]}, "properties": {"state": "Meghalaya", "district": "Meghal-D2", "event_date": "2023-09-06", "slope_deg": 27.0034, "rain_3d": 27.4864, "label_conf": 0.4}}, {"type": "Feature", "geometry": {"type": "Point", "coordinates": [90.6927, 25.36]}, "properties": {"state": "Meghalaya", "district": "Meghal-D4", "event_date": "2023-07-04", "slope_deg": 27.9671, "rain_3d": 57.1935, "label_conf": 0.4}}, {"type": "Feature", "geometry": {"type": "Point", "coordinates": [94.1222, 27.7251]}, "properties": {"state": "Arunachal Pradesh", "district": "Arunac-D2", "event_date": "2023-09-14", "slope_deg": 27.1182, "rain_3d": 106.2869, "label_conf": 0.4}}, {"type": "Feature", "geometry": {"type": "Point", "coordinates": [94.491, 25.7773]}, "properties": {"state": "Nagaland", "district": "Nagala-D5", "event_date": "2023-05-29", "slope_deg": 21.8712, "rain_3d": 35.6686, "label_conf": 1.0}}, {"type": "Feature", "geometry": {"type": "Point", "coordinates": [93.8166, 24.5371]}, "properties": {"state": "Manipur", "district": "Manipu-D1", "event_date": "2023-06-22", "slope_deg": 57.6722, "rain_3d": 145.8951, "label_conf": 0.7}}, {"type": "Feature", "geometry": {"type": "Point", "coordinates": [93.4568, 28.1197]}, "properties": {"state": "Arunachal Pradesh", "district": "Arunac-D6", "event_date": "2023-07-23", "slope_deg": 22.6509, "rain_3d": 110.89, "label_conf": 0.7}}, {"type": "Feature", "geometry": {"type": "Point", "coordinates": [93.8596, 27.9693]}, "properties": {"state": "Arunachal Pradesh", "district": "Arunac-D3", "event_date": "2023-07-28", "slope_deg": 36.2878, "rain_3d": 45.795, "label_conf": 0.4}}, {"type": "Feature", "geometry": {"type": "Point", "coordinates": [92.9645, 23.0937]}, "properties": {"state": "Mizoram", "district": "Mizora-D5", "event_date": "2023-06-09", "slope_deg": 15.3825, "rain_3d": 88.8373, "label_conf": 0.4}}, {"type": "Feature", "geometry": {"type": "Point", "coordinates": [91.3712, 25.1598]}, "properties": {"state": "Meghalaya", "district": "Meghal-D5", "event_date": "2023-06-21", "slope_deg": 54.3181, "rain_3d": 64.155, "label_conf": 0.4}}, {"type": "Feature", "geometry": {"type": "Point", "coordinates": [93.1275, 28.8749]}, "properties": {"state": "Arunachal Pradesh", "district": "Arunac-D1", "event_date": "2023-12-29", "slope_deg": 26.107, "rain_3d": 55.8056, "label_conf": 1.0}}, {"type": "Feature", "geometry": {"type": "Point", "coordinates": [94.8107, 26.8067]}, "properties": {"state": "Nagaland", "district": "Nagala-D3", "event_date": "2023-07-18", "slope_deg": 22.7894, "rain_3d": 136.1313, "label_conf": 1.0}}, {"type": "Feature", "geometry": {"type": "Point", "coordinates": [94.431, 26.116]}, "properties": {"state": "Nagaland", "district": "Nagala-D3", "event_date": "2023-06-15", "slope_deg": 27.714, "rain_3d": 56.4252, "label_conf": 0.7}}, {"type": "Feature", "geometry": {"type": "Point", "coordinates": [94.038, 24.6795]}, "properties": {"state": "Manipur", "district": "Manipu-D2", "event_date": "2023-07-23", "slope_deg": 43.894, "rain_3d": 66.7733, "label_conf": 1.0}}, {"type": "Feature", "geometry": {"type": "Point", "coordinates": [94.558, 26.342]}, "properties": {"state": "Nagaland", "district": "Nagala-D3", "event_date": "2023-07-30", "slope_deg": 39.6226, "rain_3d": 122.5666, "label_conf": 0.4}}, {"type": "Feature", "geometry": {"type": "Point", "coordinates": [92.5699, 23.4284]}, "properties": {"state": "Mizoram", "district": "Mizora-D1", "event_date": "2023-06-17", "slope_deg": 43.2834, "rain_3d": 92.6593, "label_conf": 0.7}}, {"type": "Feature", "geometry": {"type": "Point", "coordinates": [93.6225, 24.4841]}, "properties": {"state": "Manipur", "district": "Manipu-D2", "event_date": "2023-06-26", "slope_deg": 18.721, "rain_3d": 54.9186, "label_conf": 0.7}}, {"type": "Feature", "geometry": {"type": "Point", "coordinates": [92.8802, 23.1324]}, "properties": {"state": "Mizoram", "district": "Mizora-D4", "event_date": "2023-08-17", "slope_deg": 61.2726, "rain_3d": 48.5142, "label_conf": 1.0}}, {"type": "Feature", "geometry": {"type": "Point", "coordinates": [94.3581, 26.0633]}, "properties": {"state": "Nagaland", "district": "Nagala-D3", "event_date": "2023-07-06", "slope_deg": 22.0271, "rain_3d": 8.5969, "label_conf": 1.0}}, {"type": "Feature", "geometry": {"type": "Point", "coordinates": [91.4751, 25.9323]}, "properties": {"state": "Meghalaya", "district": "Meghal-D7", "event_date": "2023-04-25", "slope_deg": 50.4847, "rain_3d": 114.5578, "label_conf": 1.0}}, {"type": "Feature", "geometry": {"type": "Point", "coordinates": [93.7015, 24.1678]}, "properties": {"state": "Manipur", "district": "Manipu-D7", "event_date": "2023-06-20", "slope_deg": 37.7087, "rain_3d": 37.6132, "label_conf": 0.4}}, {"type": "Feature", "geometry": {"type": "Point", "coordinates": [93.4642, 28.0169]}, "properties": {"state": "Arunachal Pradesh", "district": "Arunac-D2", "event_date": "2023-08-23", "slope_deg": 51.7778, "rain_3d": 19.5656, "label_conf": 0.4}}, {"type": "Feature", "geometry": {"type": "Point", "coordinates": [93.8316, 27.3728]}, "properties": {"state": "Arunachal Pradesh", "district": "Arunac-D2", "event_date": "2023-06-22", "slope_deg": 32.2732, "rain_3d": 108.0487, "label_conf": 1.0}}, {"type": "Feature", "geometry": {"type": "Point", "coordinates": [96.0035, 28.2964]}, "properties": {"state": "Arunachal Pradesh", "district": "Arunac-D7", "event_date": "2023-06-16", "slope_deg": 40.4235, "rain_3d": 130.9056, "label_conf": 0.4}}, {"type": "Feature", "geometry": {"type": "Point", "coordinates": [92.8053, 23.4441]}, "properties": {"state": "Mizoram", "district": "Mizora-D3", "event_date": "2023-04-11", "slope_deg": 35.5908, "rain_3d": 28.8635, "label_conf": 0.7}}, {"type": "Feature", "geometry": {"type": "Point", "coordinates": [91.8473, 25.874]}, "properties": {"state": "Meghalaya", "district": "Meghal-D1", "event_date": "2023-09-14", "slope_deg": 18.1368, "rain_3d": 38.7813, "label_conf": 1.0}}, {"type": "Feature", "geometry": {"type": "Point", "coordinates": [94.0319, 25.4664]}, "properties": {"state": "Nagaland", "district": "Nagala-D6", "event_date": "2023-09-08", "slope_deg": 29.9185, "rain_3d": 27.9064, "label_conf": 1.0}}, {"type": "Feature", "geometry": {"type": "Point", "coordinates": [94.8955, 27.7506]}, "properties": {"state": "Arunachal Pradesh", "district": "Arunac-D6", "event_date": "2023-08-11", "slope_deg": 29.0396, "rain_3d": 14.0509, "label_conf": 0.7}}, {"type": "Feature", "geometry": {"type": "Point", "coordinates": [93.843, 28.1868]}, "properties": {"state": "Arunachal Pradesh", "district": "Arunac-D3", "event_date": "2023-06-13", "slope_deg": 37.4929, "rain_3d": 87.447, "label_conf": 0.7}}, {"type": "Feature", "geometry": {"type": "Point", "coordinates": [94.0577, 28.5774]}, "properties": {"state": "Arunachal Pradesh", "district": "Arunac-D2", "event_date": "2023-09-06", "slope_deg": 14.7146, "rain_3d": 8.9904, "label_conf": 1.0}}, {"type": "Feature", "geometry": {"type": "Point", "coordinates": [93.7189, 27.4618]}, "properties": {"state": "Arunachal Pradesh", "district": "Arunac-D5", "event_date": "2023-06-29", "slope_deg": 57.8294, "rain_3d": 85.9732, "label_conf": 0.4}}, {"type": "Feature", "geometry": {"type": "Point", "coordinates": [91.0521, 25.5278]}, "properties": {"state": "Meghalaya", "district": "Meghal-D4", "event_date": "2023-06-29", "slope_deg": 31.9675, "rain_3d": 46.972, "label_conf": 1.0}}, {"type": "Feature", "geometry": {"type": "Point", "coordinates": [92.8907, 23.1871]}, "properties": {"state": "Mizoram", "district": "Mizora-D3", "event_date": "2023-06-11", "slope_deg": 20.507, "rain_3d": 82.2747, "label_conf": 0.7}}, {"type": "Feature", "geometry": {"type": "Point", "coordinates": [94.5768, 27.3197]}, "properties": {"state": "Arunachal Pradesh", "district": "Arunac-D4", "event_date": "2023-06-26", "slope_deg": 45.142, "rain_3d": 67.0224, "label_conf": 0.4}}, {"type": "Feature", "geometry": {"type": "Point", "coordinates": [92.8944, 22.9953]}, "properties": {"state": "Mizoram", "district": "Mizora-D2", "event_date": "2023-06-16", "slope_deg": 52.7017, "rain_3d": 26.7771, "label_conf": 0.7}}, {"type": "Feature", "geometry": {"type": "Point", "coordinates": [91.7517, 23.6734]}, "properties": {"state": "Tripura", "district": "Tripur-D5", "event_date": "2023-03-08", "slope_deg": 1.9859, "rain_3d": 218.9808, "label_conf": 0.4}}, {"type": "Feature", "geometry": {"type": "Point", "coordinates": [94.2766, 26.1169]}, "properties": {"state": "Nagaland", "district": "Nagala-D7", "event_date": "2023-04-09", "slope_deg": 35.0641, "rain_3d": 165.6004, "label_conf": 1.0}}, {"type": "Feature", "geometry": {"type": "Point", "coordinates": [94.2664, 24.6289]}, "properties": {"state": "Manipur", "district": "Manipu-D2", "event_date": "2023-08-06", "slope_deg": 24.2721, "rain_3d": 66.2254, "label_conf": 0.7}}, {"type": "Feature", "geometry": {"type": "Point", "coordinates": [94.2141, 24.9834]}, "properties": {"state": "Manipur", "district": "Manipu-D3", "event_date": "2023-05-02", "slope_deg": 14.3465, "rain_3d": 170.1166, "label_conf": 0.4}}, {"type": "Feature", "geometry": {"type": "Point", "coordinates": [92.6339, 22.8389]}, "properties": {"state": "Mizoram", "district": "Mizora-D3", "event_date": "2023-08-17", "slope_deg": 28.4608, "rain_3d": 115.2047, "label_conf": 1.0}}, {"type": "Feature", "geometry": {"type": "Point", "coordinates": [93.854, 28.054]}, "properties": {"state": "Arunachal Pradesh", "district": "Arunac-D5", "event_date": "2023-06-11", "slope_deg": 22.4658, "rain_3d": 34.2354, "label_conf": 0.7}}, {"type": "Feature", "geometry": {"type": "Point", "coordinates": [93.6601, 27.9404]}, "properties": {"state": "Arunachal Pradesh", "district": "Arunac-D3", "event_date": "2023-06-15", "slope_deg": 51.9222, "rain_3d": 59.4944, "label_conf": 0.7}}, {"type": "Feature", "geometry": {"type": "Point", "coordinates": [92.7524, 23.0621]}, "properties": {"state": "Mizoram", "district": "Mizora-D6", "event_date": "2023-07-27", "slope_deg": 29.837, "rain_3d": 24.7577, "label_conf": 1.0}}, {"type": "Feature", "geometry": {"type": "Point", "coordinates": [94.2736, 25.9992]}, "properties": {"state": "Nagaland", "district": "Nagala-D1", "event_date": "2023-06-09", "slope_deg": 29.7858, "rain_3d": 26.5895, "label_conf": 0.7}}, {"type": "Feature", "geometry": {"type": "Point", "coordinates": [94.2786, 26.4293]}, "properties": {"state": "Nagaland", "district": "Nagala-D3", "event_date": "2023-06-12", "slope_deg": 53.5352, "rain_3d": 223.7364, "label_conf": 0.7}}, {"type": "Feature", "geometry": {"type": "Point", "coordinates": [91.2908, 25.5747]}, "properties": {"state": "Meghalaya", "district": "Meghal-D6", "event_date": "2023-03-29", "slope_deg": 32.1793, "rain_3d": 45.681, "label_conf": 0.4}}, {"type": "Feature", "geometry": {"type": "Point", "coordinates": [90.3494, 25.7265]}, "properties": {"state": "Meghalaya", "district": "Meghal-D4", "event_date": "2023-04-14", "slope_deg": 61.8921, "rain_3d": 23.8274, "label_conf": 0.7}}, {"type": "Feature", "geometry": {"type": "Point", "coordinates": [94.3643, 27.8069]}, "properties": {"state": "Arunachal Pradesh", "district": "Arunac-D7", "event_date": "2023-07-15", "slope_deg": 47.7424, "rain_3d": 4.5013, "label_conf": 0.4}}, {"type": "Feature", "geometry": {"type": "Point", "coordinates": [94.4134, 27.7097]}, "properties": {"state": "Arunachal Pradesh", "district": "Arunac-D4", "event_date": "2023-07-12", "slope_deg": 34.8545, "rain_3d": 34.5538, "label_conf": 0.4}}, {"type": "Feature", "geometry": {"type": "Point", "coordinates": [92.5051, 26.2515]}, "properties": {"state": "Assam", "district": "Assam-D6", "event_date": "2023-04-19", "slope_deg": 1.9029, "rain_3d": 92.2758, "label_conf": 0.4}}, {"type": "Feature", "geometry": {"type": "Point", "coordinates": [93.0935, 27.8574]}, "properties": {"state": "Arunachal Pradesh", "district": "Arunac-D4", "event_date": "2023-07-30", "slope_deg": 49.5843, "rain_3d": 45.9095, "label_conf": 1.0}}, {"type": "Feature", "geometry": {"type": "Point", "coordinates": [91.363, 25.5135]}, "properties": {"state": "Meghalaya", "district": "Meghal-D2", "event_date": "2023-06-20", "slope_deg": 64.9631, "rain_3d": 40.5232, "label_conf": 0.7}}, {"type": "Feature", "geometry": {"type": "Point", "coordinates": [93.7354, 28.2394]}, "properties": {"state": "Arunachal Pradesh", "district": "Arunac-D5", "event_date": "2023-05-08", "slope_deg": 17.9319, "rain_3d": 154.6057, "label_conf": 0.4}}, {"type": "Feature", "geometry": {"type": "Point", "coordinates": [93.8123, 27.4436]}, "properties": {"state": "Arunachal Pradesh", "district": "Arunac-D6", "event_date": "2023-06-30", "slope_deg": 37.2213, "rain_3d": 98.6364, "label_conf": 0.7}}, {"type": "Feature", "geometry": {"type": "Point", "coordinates": [92.6615, 26.0598]}, "properties": {"state": "Assam", "district": "Assam-D2", "event_date": "2023-10-15", "slope_deg": 8.7512, "rain_3d": 37.3667, "label_conf": 1.0}}, {"type": "Feature", "geometry": {"type": "Point", "coordinates": [94.3603, 26.5304]}, "properties": {"state": "Nagaland", "district": "Nagala-D5", "event_date": "2023-07-03", "slope_deg": 75.98, "rain_3d": 39.6699, "label_conf": 0.7}}, {"type": "Feature", "geometry": {"type": "Point", "coordinates": [94.5037, 26.3551]}, "properties": {"state": "Nagaland", "district": "Nagala-D3", "event_date": "2023-08-21", "slope_deg": 39.7837, "rain_3d": 24.7614, "label_conf": 1.0}}, {"type": "Feature", "geometry": {"type": "Point", "coordinates": [94.1797, 25.6732]}, "properties": {"state": "Nagaland", "district": "Nagala-D1", "event_date": "2023-07-21", "slope_deg": 19.9924, "rain_3d": 127.4668, "label_conf": 1.0}}, {"type": "Feature", "geometry": {"type": "Point", "coordinates": [94.4031, 27.4639]}, "properties": {"state": "Arunachal Pradesh", "district": "Arunac-D3", "event_date": "2023-07-17", "slope_deg": 49.4487, "rain_3d": 58.79, "label_conf": 1.0}}, {"type": "Feature", "geometry": {"type": "Point", "coordinates": [91.9226, 28.0244]}, "properties": {"state": "Arunachal Pradesh", "district": "Arunac-D4", "event_date": "2023-04-06", "slope_deg": 39.7021, "rain_3d": 62.2082, "label_conf": 1.0}}, {"type": "Feature", "geometry": {"type": "Point", "coordinates": [92.7967, 23.3257]}, "properties": {"state": "Mizoram", "district": "Mizora-D6", "event_date": "2023-04-26", "slope_deg": 18.2998, "rain_3d": 42.6827, "label_conf": 0.7}}, {"type": "Feature", "geometry": {"type": "Point", "coordinates": [92.9184, 23.151]}, "properties": {"state": "Mizoram", "district": "Mizora-D6", "event_date": "2023-10-02", "slope_deg": 21.554, "rain_3d": 99.6659, "label_conf": 0.7}}, {"type": "Feature", "geometry": {"type": "Point", "coordinates": [94.1108, 24.1184]}, "properties": {"state": "Manipur", "district": "Manipu-D7", "event_date": "2023-08-09", "slope_deg": 31.6472, "rain_3d": 44.4857, "label_conf": 0.7}}, {"type": "Feature", "geometry": {"type": "Point", "coordinates": [94.122, 25.636]}, "properties": {"state": "Nagaland", "district": "Nagala-D6", "event_date": "2023-06-28", "slope_deg": 15.6478, "rain_3d": 211.7288, "label_conf": 1.0}}, {"type": "Feature", "geometry": {"type": "Point", "coordinates": [95.5198, 27.7836]}, "properties": {"state": "Arunachal Pradesh", "district": "Arunac-D3", "event_date": "2023-04-12", "slope_deg": 42.4435, "rain_3d": 96.5788, "label_conf": 0.4}}, {"type": "Feature", "geometry": {"type": "Point", "coordinates": [92.9736, 22.8964]}, "properties": {"state": "Mizoram", "district": "Mizora-D3", "event_date": "2023-06-28", "slope_deg": 33.7044, "rain_3d": 84.4251, "label_conf": 1.0}}, {"type": "Feature", "geometry": {"type": "Point", "coordinates": [90.721, 25.667]}, "properties": {"state": "Meghalaya", "district": "Meghal-D6", "event_date": "2023-05-03", "slope_deg": 19.4844, "rain_3d": 67.6184, "label_conf": 1.0}}, {"type": "Feature", "geometry": {"type": "Point", "coordinates": [94.7757, 28.1384]}, "properties": {"state": "Arunachal Pradesh", "district": "Arunac-D4", "event_date": "2023-06-03", "slope_deg": 10.5635, "rain_3d": 48.6017, "label_conf": 0.7}}, {"type": "Feature", "geometry": {"type": "Point", "coordinates": [94.4742, 26.1078]}, "properties": {"state": "Nagaland", "district": "Nagala-D5", "event_date": "2023-06-29", "slope_deg": 48.9113, "rain_3d": 60.0209, "label_conf": 1.0}}, {"type": "Feature", "geometry": {"type": "Point", "coordinates": [92.8566, 22.8264]}, "properties": {"state": "Mizoram", "district": "Mizora-D1", "event_date": "2023-07-22", "slope_deg": 36.089, "rain_3d": 17.0024, "label_conf": 1.0}}, {"type": "Feature", "geometry": {"type": "Point", "coordinates": [93.1284, 28.2122]}, "properties": {"state": "Arunachal Pradesh", "district": "Arunac-D2", "event_date": "2023-06-30", "slope_deg": 32.019, "rain_3d": 61.9991, "label_conf": 0.4}}, {"type": "Feature", "geometry": {"type": "Point", "coordinates": [91.2719, 25.373]}, "properties": {"state": "Meghalaya", "district": "Meghal-D3", "event_date": "2023-07-02", "slope_deg": 47.3043, "rain_3d": 34.3386, "label_conf": 0.4}}, {"type": "Feature", "geometry": {"type": "Point", "coordinates": [93.8684, 25.2369]}, "properties": {"state": "Manipur", "district": "Manipu-D2", "event_date": "2023-06-28", "slope_deg": 33.168, "rain_3d": 54.6645, "label_conf": 0.7}}, {"type": "Feature", "geometry": {"type": "Point", "coordinates": [92.6823, 22.7417]}, "properties": {"state": "Mizoram", "district": "Mizora-D7", "event_date": "2023-07-30", "slope_deg": 29.6949, "rain_3d": 17.6572, "label_conf": 0.4}}, {"type": "Feature", "geometry": {"type": "Point", "coordinates": [92.7814, 23.5668]}, "properties": {"state": "Mizoram", "district": "Mizora-D5", "event_date": "2023-05-12", "slope_deg": 54.9784, "rain_3d": 6.8581, "label_conf": 0.4}}, {"type": "Feature", "geometry": {"type": "Point", "coordinates": [93.7599, 28.5727]}, "properties": {"state": "Arunachal Pradesh", "district": "Arunac-D5", "event_date": "2023-08-18", "slope_deg": 56.9048, "rain_3d": 126.9191, "label_conf": 0.4}}, {"type": "Feature", "geometry": {"type": "Point", "coordinates": [92.8424, 22.9584]}, "properties": {"state": "Mizoram", "district": "Mizora-D5", "event_date": "2023-08-24", "slope_deg": 32.3339, "rain_3d": 64.5126, "label_conf": 1.0}}, {"type": "Feature", "geometry": {"type": "Point", "coordinates": [93.1892, 28.0599]}, "properties": {"state": "Arunachal Pradesh", "district": "Arunac-D4", "event_date": "2023-07-22", "slope_deg": 32.7186, "rain_3d": 106.9045, "label_conf": 1.0}}, {"type": "Feature", "geometry": {"type": "Point", "coordinates": [91.1459, 25.2862]}, "properties": {"state": "Meghalaya", "district": "Meghal-D2", "event_date": "2023-07-29", "slope_deg": 35.6001, "rain_3d": 72.7875, "label_conf": 1.0}}, {"type": "Feature", "geometry": {"type": "Point", "coordinates": [93.0693, 28.0088]}, "properties": {"state": "Arunachal Pradesh", "district": "Arunac-D3", "event_date": "2023-07-20", "slope_deg": 33.7417, "rain_3d": 39.7405, "label_conf": 1.0}}, {"type": "Feature", "geometry": {"type": "Point", "coordinates": [95.7109, 28.6656]}, "properties": {"state": "Arunachal Pradesh", "district": "Arunac-D1", "event_date": "2023-08-22", "slope_deg": 41.6433, "rain_3d": 46.0078, "label_conf": 0.4}}, {"type": "Feature", "geometry": {"type": "Point", "coordinates": [94.1243, 28.041]}, "properties": {"state": "Arunachal Pradesh", "district": "Arunac-D4", "event_date": "2023-08-08", "slope_deg": 19.5617, "rain_3d": 13.2266, "label_conf": 0.4}}, {"type": "Feature", "geometry": {"type": "Point", "coordinates": [94.1665, 24.6907]}, "properties": {"state": "Manipur", "district": "Manipu-D4", "event_date": "2023-08-24", "slope_deg": 23.4412, "rain_3d": 30.5378, "label_conf": 1.0}}, {"type": "Feature", "geometry": {"type": "Point", "coordinates": [92.6614, 23.4244]}, "properties": {"state": "Mizoram", "district": "Mizora-D7", "event_date": "2023-06-23", "slope_deg": 14.7253, "rain_3d": 36.5383, "label_conf": 1.0}}, {"type": "Feature", "geometry": {"type": "Point", "coordinates": [91.5755, 25.7424]}, "properties": {"state": "Meghalaya", "district": "Meghal-D7", "event_date": "2023-09-13", "slope_deg": 21.8762, "rain_3d": 77.0622, "label_conf": 0.7}}, {"type": "Feature", "geometry": {"type": "Point", "coordinates": [94.4518, 25.8168]}, "properties": {"state": "Nagaland", "district": "Nagala-D5", "event_date": "2023-04-09", "slope_deg": 39.867, "rain_3d": 60.8906, "label_conf": 0.7}}, {"type": "Feature", "geometry": {"type": "Point", "coordinates": [91.6616, 25.4202]}, "properties": {"state": "Meghalaya", "district": "Meghal-D7", "event_date": "2023-05-13", "slope_deg": 23.8871, "rain_3d": 38.3103, "label_conf": 1.0}}, {"type": "Feature", "geometry": {"type": "Point", "coordinates": [94.1188, 25.4175]}, "properties": {"state": "Nagaland", "district": "Nagala-D5", "event_date": "2023-05-19", "slope_deg": 37.6003, "rain_3d": 110.5275, "label_conf": 0.7}}, {"type": "Feature", "geometry": {"type": "Point", "coordinates": [92.7533, 23.2947]}, "properties": {"state": "Mizoram", "district": "Mizora-D6", "event_date": "2023-07-12", "slope_deg": 60.5917, "rain_3d": 23.6361, "label_conf": 0.7}}, {"type": "Feature", "geometry": {"type": "Point", "coordinates": [92.6402, 22.997]}, "properties": {"state": "Mizoram", "district": "Mizora-D5", "event_date": "2023-04-11", "slope_deg": 45.7455, "rain_3d": 60.4335, "label_conf": 0.7}}, {"type": "Feature", "geometry": {"type": "Point", "coordinates": [92.4254, 26.3826]}, "properties": {"state": "Assam", "district": "Assam-D7", "event_date": "2023-02-20", "slope_deg": 2.4919, "rain_3d": 39.6951, "label_conf": 1.0}}, {"type": "Feature", "geometry": {"type": "Point", "coordinates": [93.7627, 24.5678]}, "properties": {"state": "Manipur", "district": "Manipu-D2", "event_date": "2023-08-05", "slope_deg": 10.8152, "rain_3d": 58.1129, "label_conf": 0.4}}, {"type": "Feature", "geometry": {"type": "Point", "coordinates": [93.6381, 28.0248]}, "properties": {"state": "Arunachal Pradesh", "district": "Arunac-D3", "event_date": "2023-06-30", "slope_deg": 35.8309, "rain_3d": 45.6223, "label_conf": 1.0}}, {"type": "Feature", "geometry": {"type": "Point", "coordinates": [93.0369, 28.1439]}, "properties": {"state": "Arunachal Pradesh", "district": "Arunac-D3", "event_date": "2023-06-19", "slope_deg": 60.1804, "rain_3d": 21.2315, "label_conf": 0.4}}, {"type": "Feature", "geometry": {"type": "Point", "coordinates": [91.2748, 25.5112]}, "properties": {"state": "Meghalaya", "district": "Meghal-D4", "event_date": "2023-06-19", "slope_deg": 45.2272, "rain_3d": 25.066, "label_conf": 0.4}}, {"type": "Feature", "geometry": {"type": "Point", "coordinates": [91.3456, 25.7122]}, "properties": {"state": "Meghalaya", "district": "Meghal-D1", "event_date": "2023-07-29", "slope_deg": 22.0764, "rain_3d": 102.7149, "label_conf": 0.4}}, {"type": "Feature", "geometry": {"type": "Point", "coordinates": [91.3093, 25.2587]}, "properties": {"state": "Meghalaya", "district": "Meghal-D7", "event_date": "2023-05-16", "slope_deg": 48.1326, "rain_3d": 58.4553, "label_conf": 1.0}}, {"type": "Feature", "geometry": {"type": "Point", "coordinates": [94.1579, 27.881]}, "properties": {"state": "Arunachal Pradesh", "district": "Arunac-D2", "event_date": "2023-07-21", "slope_deg": 49.8496, "rain_3d": 23.6436, "label_conf": 0.7}}, {"type": "Feature", "geometry": {"type": "Point", "coordinates": [92.8712, 24.0165]}, "properties": {"state": "Mizoram", "district": "Mizora-D1", "event_date": "2023-08-12", "slope_deg": 60.4553, "rain_3d": 43.1577, "label_conf": 1.0}}, {"type": "Feature", "geometry": {"type": "Point", "coordinates": [91.313, 25.3698]}, "properties": {"state": "Meghalaya", "district": "Meghal-D3", "event_date": "2023-07-31", "slope_deg": 49.6354, "rain_3d": 61.3808, "label_conf": 1.0}}, {"type": "Feature", "geometry": {"type": "Point", "coordinates": [92.5162, 22.5822]}, "properties": {"state": "Mizoram", "district": "Mizora-D5", "event_date": "2023-06-25", "slope_deg": 36.6485, "rain_3d": 119.8268, "label_conf": 1.0}}, {"type": "Feature", "geometry": {"type": "Point", "coordinates": [93.3716, 28.2784]}, "properties": {"state": "Arunachal Pradesh", "district": "Arunac-D7", "event_date": "2023-08-03", "slope_deg": 10.8917, "rain_3d": 45.8969, "label_conf": 1.0}}, {"type": "Feature", "geometry": {"type": "Point", "coordinates": [94.4847, 26.3156]}, "properties": {"state": "Nagaland", "district": "Nagala-D4", "event_date": "2023-04-23", "slope_deg": 17.6316, "rain_3d": 98.7894, "label_conf": 0.7}}, {"type": "Feature", "geometry": {"type": "Point", "coordinates": [94.7205, 28.0593]}, "properties": {"state": "Arunachal Pradesh", "district": "Arunac-D1", "event_date": "2023-09-01", "slope_deg": 24.8763, "rain_3d": 52.5361, "label_conf": 0.4}}, {"type": "Feature", "geometry": {"type": "Point", "coordinates": [92.9838, 23.7012]}, "properties": {"state": "Mizoram", "district": "Mizora-D7", "event_date": "2023-05-05", "slope_deg": 12.9138, "rain_3d": 126.9064, "label_conf": 1.0}}, {"type": "Feature", "geometry": {"type": "Point", "coordinates": [93.6442, 28.4208]}, "properties": {"state": "Arunachal Pradesh", "district": "Arunac-D5", "event_date": "2023-07-27", "slope_deg": 40.6354, "rain_3d": 129.2033, "label_conf": 0.7}}, {"type": "Feature", "geometry": {"type": "Point", "coordinates": [93.8654, 24.7346]}, "properties": {"state": "Manipur", "district": "Manipu-D6", "event_date": "2023-05-13", "slope_deg": 62.9335, "rain_3d": 26.9711, "label_conf": 0.7}}, {"type": "Feature", "geometry": {"type": "Point", "coordinates": [88.4814, 27.1943]}, "properties": {"state": "Sikkim", "district": "Sikkim-D4", "event_date": "2023-07-23", "slope_deg": 0.9666, "rain_3d": 92.548, "label_conf": 1.0}}, {"type": "Feature", "geometry": {"type": "Point", "coordinates": [91.2963, 25.591]}, "properties": {"state": "Meghalaya", "district": "Meghal-D4", "event_date": "2023-03-31", "slope_deg": 46.6894, "rain_3d": 93.5694, "label_conf": 1.0}}, {"type": "Feature", "geometry": {"type": "Point", "coordinates": [93.6052, 28.0704]}, "properties": {"state": "Arunachal Pradesh", "district": "Arunac-D1", "event_date": "2023-08-22", "slope_deg": 57.9962, "rain_3d": 36.2039, "label_conf": 0.4}}, {"type": "Feature", "geometry": {"type": "Point", "coordinates": [95.0248, 28.3974]}, "properties": {"state": "Arunachal Pradesh", "district": "Arunac-D2", "event_date": "2023-08-06", "slope_deg": 20.3828, "rain_3d": 45.7274, "label_conf": 1.0}}, {"type": "Feature", "geometry": {"type": "Point", "coordinates": [92.9193, 23.4173]}, "properties": {"state": "Mizoram", "district": "Mizora-D4", "event_date": "2023-06-13", "slope_deg": 71.2281, "rain_3d": 58.3974, "label_conf": 0.7}}, {"type": "Feature", "geometry": {"type": "Point", "coordinates": [94.643, 26.3244]}, "properties": {"state": "Nagaland", "district": "Nagala-D5", "event_date": "2023-06-07", "slope_deg": 31.099, "rain_3d": 75.9874, "label_conf": 1.0}}, {"type": "Feature", "geometry": {"type": "Point", "coordinates": [94.1075, 24.6672]}, "properties": {"state": "Manipur", "district": "Manipu-D7", "event_date": "2023-08-30", "slope_deg": 42.6128, "rain_3d": 30.7497, "label_conf": 0.4}}, {"type": "Feature", "geometry": {"type": "Point", "coordinates": [92.8448, 28.2769]}, "properties": {"state": "Arunachal Pradesh", "district": "Arunac-D6", "event_date": "2023-07-15", "slope_deg": 46.659, "rain_3d": 15.4849, "label_conf": 0.7}}, {"type": "Feature", "geometry": {"type": "Point", "coordinates": [94.4408, 25.7785]}, "properties": {"state": "Nagaland", "district": "Nagala-D7", "event_date": "2023-05-10", "slope_deg": 27.2604, "rain_3d": 38.2437, "label_conf": 0.7}}, {"type": "Feature", "geometry": {"type": "Point", "coordinates": [93.169, 23.6189]}, "properties": {"state": "Mizoram", "district": "Mizora-D7", "event_date": "2023-03-05", "slope_deg": 39.2526, "rain_3d": 77.508, "label_conf": 0.4}}, {"type": "Feature", "geometry": {"type": "Point", "coordinates": [94.8452, 28.3878]}, "properties": {"state": "Arunachal Pradesh", "district": "Arunac-D1", "event_date": "2023-07-23", "slope_deg": 43.0502, "rain_3d": 85.0817, "label_conf": 0.4}}, {"type": "Feature", "geometry": {"type": "Point", "coordinates": [93.1623, 23.8264]}, "properties": {"state": "Mizoram", "district": "Mizora-D5", "event_date": "2023-09-04", "slope_deg": 42.0163, "rain_3d": 59.4792, "label_conf": 1.0}}, {"type": "Feature", "geometry": {"type": "Point", "coordinates": [91.05, 25.8882]}, "properties": {"state": "Meghalaya", "district": "Meghal-D1", "event_date": "2023-05-13", "slope_deg": 36.2373, "rain_3d": 93.4557, "label_conf": 0.4}}, {"type": "Feature", "geometry": {"type": "Point", "coordinates": [94.5061, 25.6586]}, "properties": {"state": "Nagaland", "district": "Nagala-D6", "event_date": "2023-09-23", "slope_deg": 60.9362, "rain_3d": 40.2115, "label_conf": 0.4}}, {"type": "Feature", "geometry": {"type": "Point", "coordinates": [94.3113, 28.5539]}, "properties": {"state": "Arunachal Pradesh", "district": "Arunac-D4", "event_date": "2023-08-05", "slope_deg": 15.2871, "rain_3d": 35.1361, "label_conf": 0.7}}, {"type": "Feature", "geometry": {"type": "Point", "coordinates": [93.2598, 27.9359]}, "properties": {"state": "Arunachal Pradesh", "district": "Arunac-D4", "event_date": "2023-05-01", "slope_deg": 49.9705, "rain_3d": 29.0113, "label_conf": 0.7}}, {"type": "Feature", "geometry": {"type": "Point", "coordinates": [94.244, 26.0771]}, "properties": {"state": "Nagaland", "district": "Nagala-D5", "event_date": "2023-06-03", "slope_deg": 13.7389, "rain_3d": 133.5683, "label_conf": 0.7}}, {"type": "Feature", "geometry": {"type": "Point", "coordinates": [93.8353, 27.8852]}, "properties": {"state": "Arunachal Pradesh", "district": "Arunac-D6", "event_date": "2023-06-20", "slope_deg": 62.5304, "rain_3d": 84.7374, "label_conf": 1.0}}, {"type": "Feature", "geometry": {"type": "Point", "coordinates": [92.7482, 27.9271]}, "properties": {"state": "Arunachal Pradesh", "district": "Arunac-D7", "event_date": "2023-08-17", "slope_deg": 42.3402, "rain_3d": 124.83, "label_conf": 0.4}}, {"type": "Feature", "geometry": {"type": "Point", "coordinates": [94.6863, 28.1929]}, "properties": {"state": "Arunachal Pradesh", "district": "Arunac-D2", "event_date": "2023-07-09", "slope_deg": 42.172, "rain_3d": 26.7588, "label_conf": 1.0}}, {"type": "Feature", "geometry": {"type": "Point", "coordinates": [92.8109, 23.593]}, "properties": {"state": "Mizoram", "district": "Mizora-D6", "event_date": "2023-06-17", "slope_deg": 21.6948, "rain_3d": 37.9904, "label_conf": 0.4}}, {"type": "Feature", "geometry": {"type": "Point", "coordinates": [94.5572, 27.4731]}, "properties": {"state": "Arunachal Pradesh", "district": "Arunac-D3", "event_date": "2023-02-09", "slope_deg": 27.7143, "rain_3d": 100.18, "label_conf": 0.7}}, {"type": "Feature", "geometry": {"type": "Point", "coordinates": [94.3934, 25.8682]}, "properties": {"state": "Nagaland", "district": "Nagala-D5", "event_date": "2023-08-24", "slope_deg": 35.355, "rain_3d": 21.7381, "label_conf": 1.0}}, {"type": "Feature", "geometry": {"type": "Point", "coordinates": [93.581, 27.4567]}, "properties": {"state": "Arunachal Pradesh", "district": "Arunac-D7", "event_date": "2023-07-21", "slope_deg": 55.1647, "rain_3d": 51.4902, "label_conf": 0.7}}, {"type": "Feature", "geometry": {"type": "Point", "coordinates": [92.6337, 23.0357]}, "properties": {"state": "Mizoram", "district": "Mizora-D7", "event_date": "2023-08-21", "slope_deg": 26.2445, "rain_3d": 88.5542, "label_conf": 1.0}}, {"type": "Feature", "geometry": {"type": "Point", "coordinates": [95.086, 27.3976]}, "properties": {"state": "Arunachal Pradesh", "district": "Arunac-D4", "event_date": "2023-06-17", "slope_deg": 23.5451, "rain_3d": 74.3019, "label_conf": 0.4}}, {"type": "Feature", "geometry": {"type": "Point", "coordinates": [91.3946, 25.406]}, "properties": {"state": "Meghalaya", "district": "Meghal-D4", "event_date": "2023-07-07", "slope_deg": 16.8247, "rain_3d": 8.8749, "label_conf": 0.4}}, {"type": "Feature", "geometry": {"type": "Point", "coordinates": [92.9283, 23.5264]}, "properties": {"state": "Mizoram", "district": "Mizora-D5", "event_date": "2023-06-06", "slope_deg": 54.5286, "rain_3d": 71.3825, "label_conf": 1.0}}, {"type": "Feature", "geometry": {"type": "Point", "coordinates": [93.8792, 24.2652]}, "properties": {"state": "Manipur", "district": "Manipu-D6", "event_date": "2023-07-13", "slope_deg": 15.7152, "rain_3d": 72.3284, "label_conf": 0.4}}, {"type": "Feature", "geometry": {"type": "Point", "coordinates": [93.7434, 28.0236]}, "properties": {"state": "Arunachal Pradesh", "district": "Arunac-D4", "event_date": "2023-07-05", "slope_deg": 49.9807, "rain_3d": 67.0304, "label_conf": 0.4}}, {"type": "Feature", "geometry": {"type": "Point", "coordinates": [93.7659, 24.7105]}, "properties": {"state": "Manipur", "district": "Manipu-D1", "event_date": "2023-08-01", "slope_deg": 52.3309, "rain_3d": 65.5727, "label_conf": 0.4}}, {"type": "Feature", "geometry": {"type": "Point", "coordinates": [95.4057, 28.0108]}, "properties": {"state": "Arunachal Pradesh", "district": "Arunac-D5", "event_date": "2023-09-02", "slope_deg": 48.9538, "rain_3d": 196.4156, "label_conf": 0.7}}, {"type": "Feature", "geometry": {"type": "Point", "coordinates": [94.1851, 28.2829]}, "properties": {"state": "Arunachal Pradesh", "district": "Arunac-D2", "event_date": "2023-05-13", "slope_deg": 51.7158, "rain_3d": 20.7008, "label_conf": 0.4}}, {"type": "Feature", "geometry": {"type": "Point", "coordinates": [94.329, 24.5976]}, "properties": {"state": "Manipur", "district": "Manipu-D7", "event_date": "2023-07-30", "slope_deg": 14.6904, "rain_3d": 49.9838, "label_conf": 1.0}}, {"type": "Feature", "geometry": {"type": "Point", "coordinates": [94.2644, 26.1167]}, "properties": {"state": "Nagaland", "district": "Nagala-D1", "event_date": "2023-07-14", "slope_deg": 22.969, "rain_3d": 16.7434, "label_conf": 0.4}}, {"type": "Feature", "geometry": {"type": "Point", "coordinates": [92.7004, 23.1744]}, "properties": {"state": "Mizoram", "district": "Mizora-D4", "event_date": "2023-07-26", "slope_deg": 18.5955, "rain_3d": 108.1616, "label_conf": 0.7}}, {"type": "Feature", "geometry": {"type": "Point", "coordinates": [91.4101, 25.1525]}, "properties": {"state": "Meghalaya", "district": "Meghal-D6", "event_date": "2023-10-08", "slope_deg": 54.6776, "rain_3d": 43.5185, "label_conf": 0.4}}, {"type": "Feature", "geometry": {"type": "Point", "coordinates": [91.3419, 25.6707]}, "properties": {"state": "Meghalaya", "district": "Meghal-D6", "event_date": "2023-08-18", "slope_deg": 50.1729, "rain_3d": 152.6732, "label_conf": 0.4}}, {"type": "Feature", "geometry": {"type": "Point", "coordinates": [91.6792, 25.2346]}, "properties": {"state": "Meghalaya", "district": "Meghal-D2", "event_date": "2023-07-19", "slope_deg": 38.9674, "rain_3d": 74.2769, "label_conf": 1.0}}, {"type": "Feature", "geometry": {"type": "Point", "coordinates": [93.6635, 27.8014]}, "properties": {"state": "Arunachal Pradesh", "district": "Arunac-D2", "event_date": "2023-09-07", "slope_deg": 28.444, "rain_3d": 35.1902, "label_conf": 1.0}}, {"type": "Feature", "geometry": {"type": "Point", "coordinates": [94.2876, 26.2139]}, "properties": {"state": "Nagaland", "district": "Nagala-D7", "event_date": "2023-07-13", "slope_deg": 24.0625, "rain_3d": 81.4823, "label_conf": 0.7}}, {"type": "Feature", "geometry": {"type": "Point", "coordinates": [93.9264, 28.2567]}, "properties": {"state": "Arunachal Pradesh", "district": "Arunac-D7", "event_date": "2023-06-23", "slope_deg": 58.0292, "rain_3d": 12.488, "label_conf": 0.7}}, {"type": "Feature", "geometry": {"type": "Point", "coordinates": [94.3298, 26.2011]}, "properties": {"state": "Nagaland", "district": "Nagala-D1", "event_date": "2023-04-20", "slope_deg": 35.5855, "rain_3d": 51.5671, "label_conf": 0.4}}, {"type": "Feature", "geometry": {"type": "Point", "coordinates": [93.355, 24.3875]}, "properties": {"state": "Manipur", "district": "Manipu-D7", "event_date": "2023-08-07", "slope_deg": 26.4386, "rain_3d": 217.1374, "label_conf": 0.4}}, {"type": "Feature", "geometry": {"type": "Point", "coordinates": [94.176, 24.7154]}, "properties": {"state": "Manipur", "district": "Manipu-D5", "event_date": "2023-09-26", "slope_deg": 9.4397, "rain_3d": 43.3417, "label_conf": 0.7}}, {"type": "Feature", "geometry": {"type": "Point", "coordinates": [92.9144, 22.5297]}, "properties": {"state": "Mizoram", "district": "Mizora-D4", "event_date": "2023-04-22", "slope_deg": 19.7063, "rain_3d": 172.5812, "label_conf": 0.4}}, {"type": "Feature", "geometry": {"type": "Point", "coordinates": [94.0301, 24.8535]}, "properties": {"state": "Manipur", "district": "Manipu-D3", "event_date": "2023-09-16", "slope_deg": 44.074, "rain_3d": 87.4786, "label_conf": 1.0}}, {"type": "Feature", "geometry": {"type": "Point", "coordinates": [92.7645, 23.5301]}, "properties": {"state": "Mizoram", "district": "Mizora-D5", "event_date": "2023-03-21", "slope_deg": 19.2877, "rain_3d": 43.6794, "label_conf": 0.7}}, {"type": "Feature", "geometry": {"type": "Point", "coordinates": [93.1669, 28.0576]}, "properties": {"state": "Arunachal Pradesh", "district": "Arunac-D3", "event_date": "2023-06-24", "slope_deg": 51.6015, "rain_3d": 76.8702, "label_conf": 0.7}}, {"type": "Feature", "geometry": {"type": "Point", "coordinates": [94.3552, 25.7469]}, "properties": {"state": "Nagaland", "district": "Nagala-D7", "event_date": "2023-09-24", "slope_deg": 76.0002, "rain_3d": 100.3884, "label_conf": 0.4}}, {"type": "Feature", "geometry": {"type": "Point", "coordinates": [88.6958, 27.6557]}, "properties": {"state": "Sikkim", "district": "Sikkim-D3", "event_date": "2023-07-20", "slope_deg": 1.1989, "rain_3d": 36.3071, "label_conf": 0.4}}, {"type": "Feature", "geometry": {"type": "Point", "coordinates": [93.3554, 28.0919]}, "properties": {"state": "Arunachal Pradesh", "district": "Arunac-D3", "event_date": "2023-07-15", "slope_deg": 42.4445, "rain_3d": 129.7544, "label_conf": 0.7}}, {"type": "Feature", "geometry": {"type": "Point", "coordinates": [94.3607, 25.7556]}, "properties": {"state": "Nagaland", "district": "Nagala-D5", "event_date": "2023-06-15", "slope_deg": 35.1423, "rain_3d": 101.5135, "label_conf": 1.0}}, {"type": "Feature", "geometry": {"type": "Point", "coordinates": [92.8875, 24.018]}, "properties": {"state": "Mizoram", "district": "Mizora-D6", "event_date": "2023-07-08", "slope_deg": 52.8112, "rain_3d": 29.5867, "label_conf": 1.0}}, {"type": "Feature", "geometry": {"type": "Point", "coordinates": [91.3857, 25.188]}, "properties": {"state": "Meghalaya", "district": "Meghal-D2", "event_date": "2023-07-13", "slope_deg": 41.1437, "rain_3d": 27.0949, "label_conf": 1.0}}, {"type": "Feature", "geometry": {"type": "Point", "coordinates": [94.4492, 28.2019]}, "properties": {"state": "Arunachal Pradesh", "district": "Arunac-D6", "event_date": "2023-07-05", "slope_deg": 63.2086, "rain_3d": 22.2441, "label_conf": 0.4}}, {"type": "Feature", "geometry": {"type": "Point", "coordinates": [94.1598, 25.7405]}, "properties": {"state": "Nagaland", "district": "Nagala-D6", "event_date": "2023-05-26", "slope_deg": 30.9359, "rain_3d": 11.5116, "label_conf": 1.0}}, {"type": "Feature", "geometry": {"type": "Point", "coordinates": [94.265, 26.2775]}, "properties": {"state": "Nagaland", "district": "Nagala-D6", "event_date": "2023-06-12", "slope_deg": 29.8007, "rain_3d": 106.0165, "label_conf": 0.7}}, {"type": "Feature", "geometry": {"type": "Point", "coordinates": [91.0404, 25.2771]}, "properties": {"state": "Meghalaya", "district": "Meghal-D6", "event_date": "2023-07-14", "slope_deg": 42.9942, "rain_3d": 61.3306, "label_conf": 0.7}}, {"type": "Feature", "geometry": {"type": "Point", "coordinates": [92.8889, 23.0387]}, "properties": {"state": "Mizoram", "district": "Mizora-D7", "event_date": "2023-07-16", "slope_deg": 44.9585, "rain_3d": 41.3293, "label_conf": 0.4}}, {"type": "Feature", "geometry": {"type": "Point", "coordinates": [96.0423, 27.2705]}, "properties": {"state": "Arunachal Pradesh", "district": "Arunac-D7", "event_date": "2023-07-24", "slope_deg": 30.9319, "rain_3d": 63.1744, "label_conf": 1.0}}, {"type": "Feature", "geometry": {"type": "Point", "coordinates": [93.4302, 28.5494]}, "properties": {"state": "Arunachal Pradesh", "district": "Arunac-D4", "event_date": "2023-05-25", "slope_deg": 49.6841, "rain_3d": 53.5146, "label_conf": 1.0}}, {"type": "Feature", "geometry": {"type": "Point", "coordinates": [93.017, 24.0512]}, "properties": {"state": "Mizoram", "district": "Mizora-D5", "event_date": "2023-07-02", "slope_deg": 19.4263, "rain_3d": 25.4517, "label_conf": 0.7}}, {"type": "Feature", "geometry": {"type": "Point", "coordinates": [94.4257, 25.754]}, "properties": {"state": "Nagaland", "district": "Nagala-D4", "event_date": "2023-05-07", "slope_deg": 51.4166, "rain_3d": 121.0821, "label_conf": 0.4}}, {"type": "Feature", "geometry": {"type": "Point", "coordinates": [95.394, 27.5634]}, "properties": {"state": "Arunachal Pradesh", "district": "Arunac-D6", "event_date": "2023-06-18", "slope_deg": 40.0528, "rain_3d": 11.3245, "label_conf": 0.4}}, {"type": "Feature", "geometry": {"type": "Point", "coordinates": [95.498, 28.1388]}, "properties": {"state": "Arunachal Pradesh", "district": "Arunac-D1", "event_date": "2023-08-28", "slope_deg": 27.3303, "rain_3d": 91.4622, "label_conf": 0.7}}, {"type": "Feature", "geometry": {"type": "Point", "coordinates": [93.3038, 27.6963]}, "properties": {"state": "Arunachal Pradesh", "district": "Arunac-D1", "event_date": "2023-05-26", "slope_deg": 30.8185, "rain_3d": 84.1916, "label_conf": 0.4}}, {"type": "Feature", "geometry": {"type": "Point", "coordinates": [91.0072, 25.3893]}, "properties": {"state": "Meghalaya", "district": "Meghal-D5", "event_date": "2023-10-09", "slope_deg": 19.3974, "rain_3d": 17.8436, "label_conf": 0.7}}, {"type": "Feature", "geometry": {"type": "Point", "coordinates": [95.2042, 28.2655]}, "properties": {"state": "Arunachal Pradesh", "district": "Arunac-D3", "event_date": "2023-07-29", "slope_deg": 45.7569, "rain_3d": 25.2853, "label_conf": 0.7}}, {"type": "Feature", "geometry": {"type": "Point", "coordinates": [93.711, 24.4082]}, "properties": {"state": "Manipur", "district": "Manipu-D3", "event_date": "2023-06-10", "slope_deg": 39.7155, "rain_3d": 12.2279, "label_conf": 0.4}}, {"type": "Feature", "geometry": {"type": "Point", "coordinates": [94.1224, 25.2466]}, "properties": {"state": "Manipur", "district": "Manipu-D4", "event_date": "2023-05-22", "slope_deg": 22.8719, "rain_3d": 106.3478, "label_conf": 0.7}}, {"type": "Feature", "geometry": {"type": "Point", "coordinates": [93.9293, 24.2016]}, "properties": {"state": "Manipur", "district": "Manipu-D1", "event_date": "2023-08-06", "slope_deg": 19.5669, "rain_3d": 123.1218, "label_conf": 1.0}}, {"type": "Feature", "geometry": {"type": "Point", "coordinates": [91.4078, 25.2141]}, "properties": {"state": "Meghalaya", "district": "Meghal-D2", "event_date": "2023-05-28", "slope_deg": 41.2825, "rain_3d": 61.3052, "label_conf": 1.0}}, {"type": "Feature", "geometry": {"type": "Point", "coordinates": [92.6916, 23.0883]}, "properties": {"state": "Mizoram", "district": "Mizora-D1", "event_date": "2023-07-07", "slope_deg": 18.9693, "rain_3d": 26.3156, "label_conf": 1.0}}, {"type": "Feature", "geometry": {"type": "Point", "coordinates": [94.1694, 27.797]}, "properties": {"state": "Arunachal Pradesh", "district": "Arunac-D1", "event_date": "2023-05-08", "slope_deg": 42.4731, "rain_3d": 78.5311, "label_conf": 1.0}}, {"type": "Feature", "geometry": {"type": "Point", "coordinates": [94.4632, 27.9536]}, "properties": {"state": "Arunachal Pradesh", "district": "Arunac-D2", "event_date": "2023-08-01", "slope_deg": 78.0, "rain_3d": 58.7525, "label_conf": 0.4}}, {"type": "Feature", "geometry": {"type": "Point", "coordinates": [91.4358, 25.2309]}, "properties": {"state": "Meghalaya", "district": "Meghal-D7", "event_date": "2023-11-16", "slope_deg": 45.6573, "rain_3d": 17.7251, "label_conf": 0.4}}, {"type": "Feature", "geometry": {"type": "Point", "coordinates": [95.3648, 28.3945]}, "properties": {"state": "Arunachal Pradesh", "district": "Arunac-D3", "event_date": "2023-04-03", "slope_deg": 64.5604, "rain_3d": 107.5766, "label_conf": 1.0}}, {"type": "Feature", "geometry": {"type": "Point", "coordinates": [94.3506, 25.7315]}, "properties": {"state": "Nagaland", "district": "Nagala-D3", "event_date": "2023-03-06", "slope_deg": 34.5308, "rain_3d": 43.9391, "label_conf": 1.0}}, {"type": "Feature", "geometry": {"type": "Point", "coordinates": [94.2519, 26.3514]}, "properties": {"state": "Nagaland", "district": "Nagala-D3", "event_date": "2023-04-18", "slope_deg": 38.7377, "rain_3d": 37.7115, "label_conf": 1.0}}, {"type": "Feature", "geometry": {"type": "Point", "coordinates": [88.2396, 26.9634]}, "properties": {"state": "Sikkim", "district": "Sikkim-D3", "event_date": "2023-05-30", "slope_deg": 6.5703, "rain_3d": 11.2817, "label_conf": 0.7}}, {"type": "Feature", "geometry": {"type": "Point", "coordinates": [93.7036, 24.5214]}, "properties": {"state": "Manipur", "district": "Manipu-D6", "event_date": "2023-07-29", "slope_deg": 46.6679, "rain_3d": 13.7486, "label_conf": 0.4}}, {"type": "Feature", "geometry": {"type": "Point", "coordinates": [94.4235, 28.087]}, "properties": {"state": "Arunachal Pradesh", "district": "Arunac-D1", "event_date": "2023-05-10", "slope_deg": 39.5479, "rain_3d": 97.6978, "label_conf": 0.7}}, {"type": "Feature", "geometry": {"type": "Point", "coordinates": [94.5936, 25.9737]}, "properties": {"state": "Nagaland", "district": "Nagala-D3", "event_date": "2023-05-20", "slope_deg": 42.9657, "rain_3d": 27.8991, "label_conf": 0.7}}, {"type": "Feature", "geometry": {"type": "Point", "coordinates": [94.2225, 26.1995]}, "properties": {"state": "Nagaland", "district": "Nagala-D2", "event_date": "2023-06-28", "slope_deg": 48.5305, "rain_3d": 55.8538, "label_conf": 0.7}}, {"type": "Feature", "geometry": {"type": "Point", "coordinates": [93.1535, 27.4414]}, "properties": {"state": "Arunachal Pradesh", "district": "Arunac-D5", "event_date": "2023-05-26", "slope_deg": 52.726, "rain_3d": 54.6462, "label_conf": 0.7}}, {"type": "Feature", "geometry": {"type": "Point", "coordinates": [94.0657, 25.4155]}, "properties": {"state": "Manipur", "district": "Manipu-D5", "event_date": "2023-06-15", "slope_deg": 27.1794, "rain_3d": 139.6635, "label_conf": 0.4}}, {"type": "Feature", "geometry": {"type": "Point", "coordinates": [94.1497, 27.901]}, "properties": {"state": "Arunachal Pradesh", "district": "Arunac-D3", "event_date": "2023-09-08", "slope_deg": 30.597, "rain_3d": 50.741, "label_conf": 1.0}}, {"type": "Feature", "geometry": {"type": "Point", "coordinates": [93.9733, 24.8349]}, "properties": {"state": "Manipur", "district": "Manipu-D7", "event_date": "2023-07-06", "slope_deg": 47.3258, "rain_3d": 106.8832, "label_conf": 0.7}}, {"type": "Feature", "geometry": {"type": "Point", "coordinates": [95.3842, 27.8275]}, "properties": {"state": "Arunachal Pradesh", "district": "Arunac-D6", "event_date": "2023-09-12", "slope_deg": 53.6561, "rain_3d": 44.4137, "label_conf": 0.7}}, {"type": "Feature", "geometry": {"type": "Point", "coordinates": [94.1575, 26.4648]}, "properties": {"state": "Nagaland", "district": "Nagala-D1", "event_date": "2023-07-11", "slope_deg": 46.9096, "rain_3d": 52.7373, "label_conf": 0.7}}, {"type": "Feature", "geometry": {"type": "Point", "coordinates": [92.6708, 22.9698]}, "properties": {"state": "Mizoram", "district": "Mizora-D4", "event_date": "2023-08-13", "slope_deg": 28.2889, "rain_3d": 46.7081, "label_conf": 0.4}}, {"type": "Feature", "geometry": {"type": "Point", "coordinates": [92.7887, 23.2657]}, "properties": {"state": "Mizoram", "district": "Mizora-D2", "event_date": "2023-07-31", "slope_deg": 44.7216, "rain_3d": 34.3987, "label_conf": 0.4}}, {"type": "Feature", "geometry": {"type": "Point", "coordinates": [94.0552, 24.3695]}, "properties": {"state": "Manipur", "district": "Manipu-D1", "event_date": "2023-05-07", "slope_deg": 18.3173, "rain_3d": 157.3716, "label_conf": 1.0}}, {"type": "Feature", "geometry": {"type": "Point", "coordinates": [92.8536, 28.071]}, "properties": {"state": "Arunachal Pradesh", "district": "Arunac-D6", "event_date": "2023-05-23", "slope_deg": 18.6076, "rain_3d": 37.2584, "label_conf": 0.4}}, {"type": "Feature", "geometry": {"type": "Point", "coordinates": [92.7978, 23.1533]}, "properties": {"state": "Mizoram", "district": "Mizora-D4", "event_date": "2023-08-19", "slope_deg": 12.0085, "rain_3d": 60.0929, "label_conf": 0.4}}, {"type": "Feature", "geometry": {"type": "Point", "coordinates": [90.9303, 25.8038]}, "properties": {"state": "Meghalaya", "district": "Meghal-D4", "event_date": "2023-09-11", "slope_deg": 11.6881, "rain_3d": 110.3613, "label_conf": 0.4}}, {"type": "Feature", "geometry": {"type": "Point", "coordinates": [92.8445, 23.3982]}, "properties": {"state": "Mizoram", "district": "Mizora-D5", "event_date": "2023-06-24", "slope_deg": 24.4339, "rain_3d": 20.1636, "label_conf": 1.0}}, {"type": "Feature", "geometry": {"type": "Point", "coordinates": [94.8047, 28.0386]}, "properties": {"state": "Arunachal Pradesh", "district": "Arunac-D4", "event_date": "2023-06-29", "slope_deg": 20.1309, "rain_3d": 48.7885, "label_conf": 1.0}}, {"type": "Feature", "geometry": {"type": "Point", "coordinates": [94.3553, 26.1369]}, "properties": {"state": "Nagaland", "district": "Nagala-D5", "event_date": "2023-06-19", "slope_deg": 54.1306, "rain_3d": 78.3086, "label_conf": 0.7}}, {"type": "Feature", "geometry": {"type": "Point", "coordinates": [93.1366, 23.5206]}, "properties": {"state": "Mizoram", "district": "Mizora-D5", "event_date": "2023-08-27", "slope_deg": 29.5609, "rain_3d": 58.5489, "label_conf": 0.7}}, {"type": "Feature", "geometry": {"type": "Point", "coordinates": [93.0283, 23.4528]}, "properties": {"state": "Mizoram", "district": "Mizora-D3", "event_date": "2023-09-07", "slope_deg": 12.2839, "rain_3d": 119.3072, "label_conf": 0.7}}, {"type": "Feature", "geometry": {"type": "Point", "coordinates": [91.1028, 25.7262]}, "properties": {"state": "Meghalaya", "district": "Meghal-D4", "event_date": "2023-04-22", "slope_deg": 52.6065, "rain_3d": 103.2456, "label_conf": 0.7}}, {"type": "Feature", "geometry": {"type": "Point", "coordinates": [94.2494, 26.249]}, "properties": {"state": "Nagaland", "district": "Nagala-D2", "event_date": "2023-07-23", "slope_deg": 41.3996, "rain_3d": 53.3232, "label_conf": 0.7}}, {"type": "Feature", "geometry": {"type": "Point", "coordinates": [93.1544, 23.3455]}, "properties": {"state": "Mizoram", "district": "Mizora-D7", "event_date": "2023-07-16", "slope_deg": 28.4303, "rain_3d": 128.7246, "label_conf": 0.7}}, {"type": "Feature", "geometry": {"type": "Point", "coordinates": [94.6012, 25.8369]}, "properties": {"state": "Nagaland", "district": "Nagala-D5", "event_date": "2023-07-22", "slope_deg": 32.2606, "rain_3d": 14.6813, "label_conf": 0.7}}, {"type": "Feature", "geometry": {"type": "Point", "coordinates": [94.4795, 25.7288]}, "properties": {"state": "Nagaland", "district": "Nagala-D5", "event_date": "2023-09-11", "slope_deg": 42.0277, "rain_3d": 28.0437, "label_conf": 1.0}}, {"type": "Feature", "geometry": {"type": "Point", "coordinates": [93.9167, 24.3977]}, "properties": {"state": "Manipur", "district": "Manipu-D4", "event_date": "2023-08-01", "slope_deg": 14.3583, "rain_3d": 56.5064, "label_conf": 0.7}}, {"type": "Feature", "geometry": {"type": "Point", "coordinates": [93.5971, 24.778]}, "properties": {"state": "Manipur", "district": "Manipu-D3", "event_date": "2023-05-10", "slope_deg": 38.8845, "rain_3d": 55.45, "label_conf": 0.4}}, {"type": "Feature", "geometry": {"type": "Point", "coordinates": [94.2154, 27.8735]}, "properties": {"state": "Arunachal Pradesh", "district": "Arunac-D1", "event_date": "2023-06-23", "slope_deg": 51.8068, "rain_3d": 42.0186, "label_conf": 1.0}}, {"type": "Feature", "geometry": {"type": "Point", "coordinates": [91.5097, 25.4182]}, "properties": {"state": "Meghalaya", "district": "Meghal-D2", "event_date": "2023-05-28", "slope_deg": 41.304, "rain_3d": 85.8443, "label_conf": 0.7}}, {"type": "Feature", "geometry": {"type": "Point", "coordinates": [93.3012, 28.1412]}, "properties": {"state": "Arunachal Pradesh", "district": "Arunac-D1", "event_date": "2023-04-22", "slope_deg": 37.664, "rain_3d": 72.2339, "label_conf": 1.0}}, {"type": "Feature", "geometry": {"type": "Point", "coordinates": [94.6025, 25.876]}, "properties": {"state": "Nagaland", "district": "Nagala-D3", "event_date": "2023-08-25", "slope_deg": 22.2689, "rain_3d": 61.8268, "label_conf": 0.4}}, {"type": "Feature", "geometry": {"type": "Point", "coordinates": [94.6938, 25.852]}, "properties": {"state": "Nagaland", "district": "Nagala-D2", "event_date": "2023-04-26", "slope_deg": 14.1968, "rain_3d": 4.1805, "label_conf": 0.7}}, {"type": "Feature", "geometry": {"type": "Point", "coordinates": [91.0593, 25.859]}, "properties": {"state": "Meghalaya", "district": "Meghal-D5", "event_date": "2023-07-08", "slope_deg": 34.3509, "rain_3d": 21.0016, "label_conf": 0.4}}, {"type": "Feature", "geometry": {"type": "Point", "coordinates": [94.4828, 25.8217]}, "properties": {"state": "Nagaland", "district": "Nagala-D2", "event_date": "2023-09-02", "slope_deg": 35.8004, "rain_3d": 86.1682, "label_conf": 0.4}}, {"type": "Feature", "geometry": {"type": "Point", "coordinates": [92.6105, 23.2369]}, "properties": {"state": "Mizoram", "district": "Mizora-D3", "event_date": "2023-11-18", "slope_deg": 25.9206, "rain_3d": 58.8121, "label_conf": 0.4}}, {"type": "Feature", "geometry": {"type": "Point", "coordinates": [94.2967, 26.4465]}, "properties": {"state": "Nagaland", "district": "Nagala-D3", "event_date": "2023-08-13", "slope_deg": 16.5724, "rain_3d": 58.3314, "label_conf": 0.7}}, {"type": "Feature", "geometry": {"type": "Point", "coordinates": [93.7072, 25.217]}, "properties": {"state": "Manipur", "district": "Manipu-D2", "event_date": "2023-01-21", "slope_deg": 17.0926, "rain_3d": 68.3235, "label_conf": 1.0}}, {"type": "Feature", "geometry": {"type": "Point", "coordinates": [94.0825, 24.0691]}, "properties": {"state": "Manipur", "district": "Manipu-D1", "event_date": "2023-08-02", "slope_deg": 28.7227, "rain_3d": 96.2972, "label_conf": 1.0}}, {"type": "Feature", "geometry": {"type": "Point", "coordinates": [94.2778, 26.111]}, "properties": {"state": "Nagaland", "district": "Nagala-D3", "event_date": "2023-08-11", "slope_deg": 16.898, "rain_3d": 61.2138, "label_conf": 0.7}}, {"type": "Feature", "geometry": {"type": "Point", "coordinates": [91.3047, 25.8421]}, "properties": {"state": "Meghalaya", "district": "Meghal-D5", "event_date": "2023-11-01", "slope_deg": 41.2285, "rain_3d": 24.0531, "label_conf": 1.0}}, {"type": "Feature", "geometry": {"type": "Point", "coordinates": [92.8032, 23.4999]}, "properties": {"state": "Mizoram", "district": "Mizora-D7", "event_date": "2023-08-18", "slope_deg": 49.9648, "rain_3d": 47.6909, "label_conf": 0.7}}, {"type": "Feature", "geometry": {"type": "Point", "coordinates": [91.0718, 24.8623]}, "properties": {"state": "Meghalaya", "district": "Meghal-D3", "event_date": "2023-05-03", "slope_deg": 21.0479, "rain_3d": 24.1935, "label_conf": 0.4}}, {"type": "Feature", "geometry": {"type": "Point", "coordinates": [90.8853, 24.8867]}, "properties": {"state": "Meghalaya", "district": "Meghal-D3", "event_date": "2023-07-25", "slope_deg": 66.5473, "rain_3d": 66.5904, "label_conf": 0.4}}, {"type": "Feature", "geometry": {"type": "Point", "coordinates": [94.2423, 25.7131]}, "properties": {"state": "Nagaland", "district": "Nagala-D4", "event_date": "2023-03-08", "slope_deg": 42.3355, "rain_3d": 171.2431, "label_conf": 1.0}}, {"type": "Feature", "geometry": {"type": "Point", "coordinates": [93.0431, 23.1458]}, "properties": {"state": "Mizoram", "district": "Mizora-D5", "event_date": "2023-06-18", "slope_deg": 32.1328, "rain_3d": 50.3064, "label_conf": 0.4}}, {"type": "Feature", "geometry": {"type": "Point", "coordinates": [91.2224, 25.517]}, "properties": {"state": "Meghalaya", "district": "Meghal-D2", "event_date": "2023-05-22", "slope_deg": 47.4426, "rain_3d": 40.1475, "label_conf": 1.0}}, {"type": "Feature", "geometry": {"type": "Point", "coordinates": [91.7539, 25.4633]}, "properties": {"state": "Meghalaya", "district": "Meghal-D3", "event_date": "2023-07-30", "slope_deg": 40.9999, "rain_3d": 75.4139, "label_conf": 0.4}}, {"type": "Feature", "geometry": {"type": "Point", "coordinates": [93.4483, 27.9262]}, "properties": {"state": "Arunachal Pradesh", "district": "Arunac-D3", "event_date": "2023-07-08", "slope_deg": 10.7813, "rain_3d": 53.5646, "label_conf": 0.7}}, {"type": "Feature", "geometry": {"type": "Point", "coordinates": [94.2272, 25.7819]}, "properties": {"state": "Nagaland", "district": "Nagala-D5", "event_date": "2023-04-24", "slope_deg": 42.9866, "rain_3d": 17.836, "label_conf": 0.4}}, {"type": "Feature", "geometry": {"type": "Point", "coordinates": [95.2923, 28.1663]}, "properties": {"state": "Arunachal Pradesh", "district": "Arunac-D6", "event_date": "2023-07-09", "slope_deg": 34.2631, "rain_3d": 92.8509, "label_conf": 0.7}}, {"type": "Feature", "geometry": {"type": "Point", "coordinates": [92.7685, 23.366]}, "properties": {"state": "Mizoram", "district": "Mizora-D5", "event_date": "2023-07-04", "slope_deg": 45.2892, "rain_3d": 14.0306, "label_conf": 1.0}}, {"type": "Feature", "geometry": {"type": "Point", "coordinates": [92.8221, 23.7155]}, "properties": {"state": "Mizoram", "district": "Mizora-D6", "event_date": "2023-07-24", "slope_deg": 34.6338, "rain_3d": 92.8593, "label_conf": 0.7}}, {"type": "Feature", "geometry": {"type": "Point", "coordinates": [94.4096, 27.9093]}, "properties": {"state": "Arunachal Pradesh", "district": "Arunac-D1", "event_date": "2023-07-07", "slope_deg": 39.0517, "rain_3d": 65.0875, "label_conf": 0.7}}, {"type": "Feature", "geometry": {"type": "Point", "coordinates": [93.5844, 28.4013]}, "properties": {"state": "Arunachal Pradesh", "district": "Arunac-D3", "event_date": "2023-05-06", "slope_deg": 45.8773, "rain_3d": 31.8956, "label_conf": 1.0}}, {"type": "Feature", "geometry": {"type": "Point", "coordinates": [94.4152, 27.8904]}, "properties": {"state": "Arunachal Pradesh", "district": "Arunac-D5", "event_date": "2023-06-05", "slope_deg": 14.3967, "rain_3d": 15.0025, "label_conf": 1.0}}, {"type": "Feature", "geometry": {"type": "Point", "coordinates": [94.0383, 24.2095]}, "properties": {"state": "Manipur", "district": "Manipu-D5", "event_date": "2023-11-07", "slope_deg": 58.4374, "rain_3d": 34.409, "label_conf": 0.7}}, {"type": "Feature", "geometry": {"type": "Point", "coordinates": [92.7891, 23.5775]}, "properties": {"state": "Mizoram", "district": "Mizora-D3", "event_date": "2023-11-06", "slope_deg": 26.2091, "rain_3d": 23.1987, "label_conf": 1.0}}, {"type": "Feature", "geometry": {"type": "Point", "coordinates": [92.5523, 23.0847]}, "properties": {"state": "Mizoram", "district": "Mizora-D5", "event_date": "2023-08-23", "slope_deg": 57.2885, "rain_3d": 68.7855, "label_conf": 0.7}}, {"type": "Feature", "geometry": {"type": "Point", "coordinates": [92.8144, 23.6499]}, "properties": {"state": "Mizoram", "district": "Mizora-D2", "event_date": "2023-06-30", "slope_deg": 54.4075, "rain_3d": 95.3416, "label_conf": 0.7}}, {"type": "Feature", "geometry": {"type": "Point", "coordinates": [93.7989, 28.0591]}, "properties": {"state": "Arunachal Pradesh", "district": "Arunac-D7", "event_date": "2023-07-05", "slope_deg": 35.1969, "rain_3d": 53.928, "label_conf": 1.0}}, {"type": "Feature", "geometry": {"type": "Point", "coordinates": [90.7051, 25.168]}, "properties": {"state": "Meghalaya", "district": "Meghal-D1", "event_date": "2023-06-15", "slope_deg": 33.5074, "rain_3d": 94.3113, "label_conf": 1.0}}, {"type": "Feature", "geometry": {"type": "Point", "coordinates": [90.947, 25.0925]}, "properties": {"state": "Meghalaya", "district": "Meghal-D1", "event_date": "2023-05-17", "slope_deg": 33.984, "rain_3d": 62.2298, "label_conf": 0.7}}, {"type": "Feature", "geometry": {"type": "Point", "coordinates": [92.8883, 27.9011]}, "properties": {"state": "Arunachal Pradesh", "district": "Arunac-D1", "event_date": "2023-04-13", "slope_deg": 43.0646, "rain_3d": 58.3734, "label_conf": 0.4}}, {"type": "Feature", "geometry": {"type": "Point", "coordinates": [92.8848, 23.3528]}, "properties": {"state": "Mizoram", "district": "Mizora-D4", "event_date": "2023-08-08", "slope_deg": 43.1477, "rain_3d": 38.0179, "label_conf": 1.0}}, {"type": "Feature", "geometry": {"type": "Point", "coordinates": [92.9523, 23.1922]}, "properties": {"state": "Mizoram", "district": "Mizora-D3", "event_date": "2023-06-22", "slope_deg": 51.1221, "rain_3d": 88.2744, "label_conf": 1.0}}, {"type": "Feature", "geometry": {"type": "Point", "coordinates": [91.5628, 25.5831]}, "properties": {"state": "Meghalaya", "district": "Meghal-D4", "event_date": "2023-08-25", "slope_deg": 28.363, "rain_3d": 11.2143, "label_conf": 0.7}}, {"type": "Feature", "geometry": {"type": "Point", "coordinates": [92.6949, 23.5201]}, "properties": {"state": "Mizoram", "district": "Mizora-D5", "event_date": "2023-06-24", "slope_deg": 53.3098, "rain_3d": 36.7653, "label_conf": 1.0}}, {"type": "Feature", "geometry": {"type": "Point", "coordinates": [92.9209, 23.8189]}, "properties": {"state": "Mizoram", "district": "Mizora-D6", "event_date": "2023-06-30", "slope_deg": 30.4111, "rain_3d": 21.9904, "label_conf": 0.4}}, {"type": "Feature", "geometry": {"type": "Point", "coordinates": [90.9316, 25.7899]}, "properties": {"state": "Meghalaya", "district": "Meghal-D7", "event_date": "2023-06-27", "slope_deg": 39.6018, "rain_3d": 18.3643, "label_conf": 0.4}}, {"type": "Feature", "geometry": {"type": "Point", "coordinates": [93.6674, 24.2022]}, "properties": {"state": "Manipur", "district": "Manipu-D7", "event_date": "2023-08-11", "slope_deg": 29.4633, "rain_3d": 38.9634, "label_conf": 0.7}}, {"type": "Feature", "geometry": {"type": "Point", "coordinates": [92.3316, 27.7405]}, "properties": {"state": "Arunachal Pradesh", "district": "Arunac-D7", "event_date": "2023-08-03", "slope_deg": 46.3122, "rain_3d": 50.2348, "label_conf": 0.4}}, {"type": "Feature", "geometry": {"type": "Point", "coordinates": [94.4342, 25.8152]}, "properties": {"state": "Nagaland", "district": "Nagala-D3", "event_date": "2023-11-20", "slope_deg": 26.7595, "rain_3d": 87.7323, "label_conf": 0.4}}, {"type": "Feature", "geometry": {"type": "Point", "coordinates": [92.7283, 27.5168]}, "properties": {"state": "Arunachal Pradesh", "district": "Arunac-D6", "event_date": "2023-07-26", "slope_deg": 22.6368, "rain_3d": 33.6909, "label_conf": 0.7}}, {"type": "Feature", "geometry": {"type": "Point", "coordinates": [94.5688, 26.0839]}, "properties": {"state": "Nagaland", "district": "Nagala-D5", "event_date": "2023-07-26", "slope_deg": 49.6943, "rain_3d": 9.26, "label_conf": 1.0}}, {"type": "Feature", "geometry": {"type": "Point", "coordinates": [93.9784, 25.1072]}, "properties": {"state": "Manipur", "district": "Manipu-D7", "event_date": "2023-06-10", "slope_deg": 64.6962, "rain_3d": 21.4071, "label_conf": 1.0}}, {"type": "Feature", "geometry": {"type": "Point", "coordinates": [93.0431, 23.8924]}, "properties": {"state": "Mizoram", "district": "Mizora-D2", "event_date": "2023-06-20", "slope_deg": 18.7979, "rain_3d": 16.2052, "label_conf": 0.7}}, {"type": "Feature", "geometry": {"type": "Point", "coordinates": [92.6362, 23.1818]}, "properties": {"state": "Mizoram", "district": "Mizora-D4", "event_date": "2023-08-22", "slope_deg": 35.6576, "rain_3d": 50.2993, "label_conf": 0.7}}, {"type": "Feature", "geometry": {"type": "Point", "coordinates": [94.5967, 25.618]}, "properties": {"state": "Nagaland", "district": "Nagala-D7", "event_date": "2023-07-25", "slope_deg": 73.5326, "rain_3d": 54.1424, "label_conf": 0.7}}, {"type": "Feature", "geometry": {"type": "Point", "coordinates": [92.8808, 23.6886]}, "properties": {"state": "Mizoram", "district": "Mizora-D5", "event_date": "2023-07-21", "slope_deg": 27.7561, "rain_3d": 124.8788, "label_conf": 0.7}}, {"type": "Feature", "geometry": {"type": "Point", "coordinates": [90.8853, 25.4374]}, "properties": {"state": "Meghalaya", "district": "Meghal-D4", "event_date": "2023-07-22", "slope_deg": 21.579, "rain_3d": 97.9416, "label_conf": 0.7}}, {"type": "Feature", "geometry": {"type": "Point", "coordinates": [93.077, 23.0723]}, "properties": {"state": "Mizoram", "district": "Mizora-D7", "event_date": "2023-06-17", "slope_deg": 35.9835, "rain_3d": 32.7216, "label_conf": 0.7}}, {"type": "Feature", "geometry": {"type": "Point", "coordinates": [90.9138, 25.0435]}, "properties": {"state": "Meghalaya", "district": "Meghal-D7", "event_date": "2023-08-19", "slope_deg": 46.4146, "rain_3d": 16.6659, "label_conf": 0.7}}, {"type": "Feature", "geometry": {"type": "Point", "coordinates": [92.9278, 23.8176]}, "properties": {"state": "Mizoram", "district": "Mizora-D2", "event_date": "2023-08-03", "slope_deg": 33.3879, "rain_3d": 40.8152, "label_conf": 0.7}}, {"type": "Feature", "geometry": {"type": "Point", "coordinates": [91.1436, 25.2576]}, "properties": {"state": "Meghalaya", "district": "Meghal-D4", "event_date": "2023-05-25", "slope_deg": 18.6863, "rain_3d": 36.0753, "label_conf": 0.4}}, {"type": "Feature", "geometry": {"type": "Point", "coordinates": [90.6256, 25.1504]}, "properties": {"state": "Meghalaya", "district": "Meghal-D4", "event_date": "2023-05-20", "slope_deg": 68.367, "rain_3d": 104.7093, "label_conf": 1.0}}, {"type": "Feature", "geometry": {"type": "Point", "coordinates": [93.2603, 28.22]}, "properties": {"state": "Arunachal Pradesh", "district": "Arunac-D7", "event_date": "2023-06-22", "slope_deg": 24.5828, "rain_3d": 55.3575, "label_conf": 0.7}}, {"type": "Feature", "geometry": {"type": "Point", "coordinates": [94.1825, 25.6253]}, "properties": {"state": "Nagaland", "district": "Nagala-D3", "event_date": "2023-07-06", "slope_deg": 49.1322, "rain_3d": 50.2611, "label_conf": 0.4}}, {"type": "Feature", "geometry": {"type": "Point", "coordinates": [95.0101, 27.8494]}, "properties": {"state": "Arunachal Pradesh", "district": "Arunac-D5", "event_date": "2023-08-02", "slope_deg": 61.8451, "rain_3d": 49.7388, "label_conf": 1.0}}, {"type": "Feature", "geometry": {"type": "Point", "coordinates": [90.9464, 25.4004]}, "properties": {"state": "Meghalaya", "district": "Meghal-D2", "event_date": "2023-08-16", "slope_deg": 40.4769, "rain_3d": 94.7263, "label_conf": 0.7}}, {"type": "Feature", "geometry": {"type": "Point", "coordinates": [93.7318, 27.779]}, "properties": {"state": "Arunachal Pradesh", "district": "Arunac-D3", "event_date": "2023-09-15", "slope_deg": 30.9812, "rain_3d": 50.956, "label_conf": 0.7}}, {"type": "Feature", "geometry": {"type": "Point", "coordinates": [93.7261, 24.3081]}, "properties": {"state": "Manipur", "district": "Manipu-D7", "event_date": "2023-07-23", "slope_deg": 11.8948, "rain_3d": 49.8777, "label_conf": 0.4}}, {"type": "Feature", "geometry": {"type": "Point", "coordinates": [92.971, 23.6136]}, "properties": {"state": "Mizoram", "district": "Mizora-D6", "event_date": "2023-06-03", "slope_deg": 22.2331, "rain_3d": 76.5304, "label_conf": 1.0}}, {"type": "Feature", "geometry": {"type": "Point", "coordinates": [91.6913, 26.1339]}, "properties": {"state": "Meghalaya", "district": "Meghal-D7", "event_date": "2023-08-13", "slope_deg": 21.3569, "rain_3d": 120.208, "label_conf": 0.7}}, {"type": "Feature", "geometry": {"type": "Point", "coordinates": [93.9971, 28.5093]}, "properties": {"state": "Arunachal Pradesh", "district": "Arunac-D5", "event_date": "2023-11-09", "slope_deg": 31.9285, "rain_3d": 43.928, "label_conf": 1.0}}, {"type": "Feature", "geometry": {"type": "Point", "coordinates": [91.3603, 25.3799]}, "properties": {"state": "Meghalaya", "district": "Meghal-D6", "event_date": "2023-11-10", "slope_deg": 29.8691, "rain_3d": 79.1328, "label_conf": 0.4}}, {"type": "Feature", "geometry": {"type": "Point", "coordinates": [94.8342, 26.1888]}, "properties": {"state": "Nagaland", "district": "Nagala-D1", "event_date": "2023-09-03", "slope_deg": 53.6594, "rain_3d": 73.055, "label_conf": 1.0}}, {"type": "Feature", "geometry": {"type": "Point", "coordinates": [94.3041, 28.6741]}, "properties": {"state": "Arunachal Pradesh", "district": "Arunac-D5", "event_date": "2023-07-17", "slope_deg": 25.6816, "rain_3d": 26.4629, "label_conf": 0.7}}, {"type": "Feature", "geometry": {"type": "Point", "coordinates": [92.7891, 23.3053]}, "properties": {"state": "Mizoram", "district": "Mizora-D6", "event_date": "2023-07-18", "slope_deg": 20.7884, "rain_3d": 10.0643, "label_conf": 0.4}}, {"type": "Feature", "geometry": {"type": "Point", "coordinates": [91.4616, 25.8168]}, "properties": {"state": "Meghalaya", "district": "Meghal-D3", "event_date": "2023-08-08", "slope_deg": 49.245, "rain_3d": 55.2405, "label_conf": 0.7}}, {"type": "Feature", "geometry": {"type": "Point", "coordinates": [94.5106, 25.9442]}, "properties": {"state": "Nagaland", "district": "Nagala-D3", "event_date": "2023-07-22", "slope_deg": 39.059, "rain_3d": 69.6503, "label_conf": 0.4}}, {"type": "Feature", "geometry": {"type": "Point", "coordinates": [92.8438, 23.1796]}, "properties": {"state": "Mizoram", "district": "Mizora-D2", "event_date": "2023-06-29", "slope_deg": 63.4621, "rain_3d": 194.3249, "label_conf": 1.0}}, {"type": "Feature", "geometry": {"type": "Point", "coordinates": [93.0466, 23.677]}, "properties": {"state": "Mizoram", "district": "Mizora-D1", "event_date": "2023-05-17", "slope_deg": 39.1947, "rain_3d": 20.5425, "label_conf": 0.4}}, {"type": "Feature", "geometry": {"type": "Point", "coordinates": [94.3119, 26.2696]}, "properties": {"state": "Nagaland", "district": "Nagala-D2", "event_date": "2023-06-21", "slope_deg": 38.1325, "rain_3d": 87.2244, "label_conf": 1.0}}, {"type": "Feature", "geometry": {"type": "Point", "coordinates": [91.3245, 25.4993]}, "properties": {"state": "Meghalaya", "district": "Meghal-D3", "event_date": "2023-06-20", "slope_deg": 37.0975, "rain_3d": 52.5133, "label_conf": 0.4}}, {"type": "Feature", "geometry": {"type": "Point", "coordinates": [93.9778, 24.9023]}, "properties": {"state": "Manipur", "district": "Manipu-D6", "event_date": "2023-05-31", "slope_deg": 62.7138, "rain_3d": 116.6559, "label_conf": 0.7}}, {"type": "Feature", "geometry": {"type": "Point", "coordinates": [94.8809, 26.2487]}, "properties": {"state": "Nagaland", "district": "Nagala-D1", "event_date": "2023-06-28", "slope_deg": 49.6329, "rain_3d": 28.8288, "label_conf": 0.4}}, {"type": "Feature", "geometry": {"type": "Point", "coordinates": [94.0966, 24.1693]}, "properties": {"state": "Manipur", "district": "Manipu-D4", "event_date": "2023-07-07", "slope_deg": 25.6283, "rain_3d": 66.8668, "label_conf": 1.0}}, {"type": "Feature", "geometry": {"type": "Point", "coordinates": [93.4098, 24.5038]}, "properties": {"state": "Manipur", "district": "Manipu-D2", "event_date": "2023-11-05", "slope_deg": 47.8184, "rain_3d": 26.2374, "label_conf": 0.4}}, {"type": "Feature", "geometry": {"type": "Point", "coordinates": [93.2136, 27.8519]}, "properties": {"state": "Arunachal Pradesh", "district": "Arunac-D2", "event_date": "2023-07-17", "slope_deg": 21.8393, "rain_3d": 19.5923, "label_conf": 1.0}}, {"type": "Feature", "geometry": {"type": "Point", "coordinates": [94.12, 25.8586]}, "properties": {"state": "Nagaland", "district": "Nagala-D4", "event_date": "2023-02-02", "slope_deg": 43.5832, "rain_3d": 8.7278, "label_conf": 0.4}}, {"type": "Feature", "geometry": {"type": "Point", "coordinates": [93.1903, 27.6205]}, "properties": {"state": "Arunachal Pradesh", "district": "Arunac-D5", "event_date": "2023-11-22", "slope_deg": 14.4355, "rain_3d": 165.1926, "label_conf": 0.4}}, {"type": "Feature", "geometry": {"type": "Point", "coordinates": [91.4129, 25.3058]}, "properties": {"state": "Meghalaya", "district": "Meghal-D1", "event_date": "2023-07-05", "slope_deg": 28.1474, "rain_3d": 20.282, "label_conf": 1.0}}, {"type": "Feature", "geometry": {"type": "Point", "coordinates": [91.7888, 25.6632]}, "properties": {"state": "Meghalaya", "district": "Meghal-D2", "event_date": "2023-08-12", "slope_deg": 38.4781, "rain_3d": 47.8961, "label_conf": 1.0}}, {"type": "Feature", "geometry": {"type": "Point", "coordinates": [94.262, 25.7]}, "properties": {"state": "Nagaland", "district": "Nagala-D5", "event_date": "2023-08-29", "slope_deg": 23.6145, "rain_3d": 92.8799, "label_conf": 0.4}}, {"type": "Feature", "geometry": {"type": "Point", "coordinates": [95.6287, 28.3365]}, "properties": {"state": "Arunachal Pradesh", "district": "Arunac-D1", "event_date": "2023-05-05", "slope_deg": 20.4395, "rain_3d": 94.6605, "label_conf": 0.7}}, {"type": "Feature", "geometry": {"type": "Point", "coordinates": [93.3684, 27.8509]}, "properties": {"state": "Arunachal Pradesh", "district": "Arunac-D4", "event_date": "2023-08-09", "slope_deg": 37.3708, "rain_3d": 49.6418, "label_conf": 0.7}}, {"type": "Feature", "geometry": {"type": "Point", "coordinates": [94.4701, 26.3162]}, "properties": {"state": "Nagaland", "district": "Nagala-D2", "event_date": "2023-07-28", "slope_deg": 28.352, "rain_3d": 45.897, "label_conf": 0.7}}, {"type": "Feature", "geometry": {"type": "Point", "coordinates": [91.508, 25.4485]}, "properties": {"state": "Meghalaya", "district": "Meghal-D1", "event_date": "2023-07-02", "slope_deg": 18.7237, "rain_3d": 76.2769, "label_conf": 1.0}}, {"type": "Feature", "geometry": {"type": "Point", "coordinates": [91.1407, 25.0278]}, "properties": {"state": "Meghalaya", "district": "Meghal-D1", "event_date": "2023-07-01", "slope_deg": 21.3564, "rain_3d": 109.8782, "label_conf": 0.4}}, {"type": "Feature", "geometry": {"type": "Point", "coordinates": [94.4793, 25.6965]}, "properties": {"state": "Nagaland", "district": "Nagala-D7", "event_date": "2023-06-21", "slope_deg": 47.1625, "rain_3d": 82.7165, "label_conf": 1.0}}, {"type": "Feature", "geometry": {"type": "Point", "coordinates": [94.1331, 28.2486]}, "properties": {"state": "Arunachal Pradesh", "district": "Arunac-D6", "event_date": "2023-12-25", "slope_deg": 44.6174, "rain_3d": 10.4234, "label_conf": 1.0}}, {"type": "Feature", "geometry": {"type": "Point", "coordinates": [94.5275, 25.7037]}, "properties": {"state": "Nagaland", "district": "Nagala-D7", "event_date": "2023-05-19", "slope_deg": 17.6103, "rain_3d": 60.5241, "label_conf": 1.0}}, {"type": "Feature", "geometry": {"type": "Point", "coordinates": [92.6584, 28.0742]}, "properties": {"state": "Arunachal Pradesh", "district": "Arunac-D2", "event_date": "2023-06-14", "slope_deg": 48.5362, "rain_3d": 28.395, "label_conf": 0.7}}, {"type": "Feature", "geometry": {"type": "Point", "coordinates": [93.1019, 27.962]}, "properties": {"state": "Arunachal Pradesh", "district": "Arunac-D5", "event_date": "2023-06-26", "slope_deg": 11.5999, "rain_3d": 196.3736, "label_conf": 0.4}}, {"type": "Feature", "geometry": {"type": "Point", "coordinates": [94.2145, 25.938]}, "properties": {"state": "Nagaland", "district": "Nagala-D3", "event_date": "2023-06-19", "slope_deg": 52.5061, "rain_3d": 40.9276, "label_conf": 0.7}}, {"type": "Feature", "geometry": {"type": "Point", "coordinates": [91.954, 25.7686]}, "properties": {"state": "Meghalaya", "district": "Meghal-D7", "event_date": "2023-06-22", "slope_deg": 35.1292, "rain_3d": 25.1311, "label_conf": 0.4}}, {"type": "Feature", "geometry": {"type": "Point", "coordinates": [93.101, 23.3905]}, "properties": {"state": "Mizoram", "district": "Mizora-D5", "event_date": "2023-09-04", "slope_deg": 27.6002, "rain_3d": 128.3158, "label_conf": 1.0}}, {"type": "Feature", "geometry": {"type": "Point", "coordinates": [95.435, 28.1319]}, "properties": {"state": "Arunachal Pradesh", "district": "Arunac-D3", "event_date": "2023-08-17", "slope_deg": 56.0771, "rain_3d": 157.2075, "label_conf": 0.7}}, {"type": "Feature", "geometry": {"type": "Point", "coordinates": [93.7102, 24.5882]}, "properties": {"state": "Manipur", "district": "Manipu-D3", "event_date": "2023-05-19", "slope_deg": 28.2407, "rain_3d": 51.808, "label_conf": 1.0}}, {"type": "Feature", "geometry": {"type": "Point", "coordinates": [93.977, 23.9872]}, "properties": {"state": "Manipur", "district": "Manipu-D7", "event_date": "2023-07-18", "slope_deg": 57.9144, "rain_3d": 50.2392, "label_conf": 0.4}}, {"type": "Feature", "geometry": {"type": "Point", "coordinates": [93.8425, 27.6933]}, "properties": {"state": "Arunachal Pradesh", "district": "Arunac-D4", "event_date": "2023-08-25", "slope_deg": 23.4339, "rain_3d": 120.1044, "label_conf": 1.0}}, {"type": "Feature", "geometry": {"type": "Point", "coordinates": [93.6245, 28.2905]}, "properties": {"state": "Arunachal Pradesh", "district": "Arunac-D3", "event_date": "2023-08-06", "slope_deg": 21.8074, "rain_3d": 83.4432, "label_conf": 1.0}}, {"type": "Feature", "geometry": {"type": "Point", "coordinates": [94.2893, 24.9059]}, "properties": {"state": "Manipur", "district": "Manipu-D7", "event_date": "2023-06-29", "slope_deg": 46.6369, "rain_3d": 45.0522, "label_conf": 1.0}}, {"type": "Feature", "geometry": {"type": "Point", "coordinates": [94.1799, 26.4417]}, "properties": {"state": "Nagaland", "district": "Nagala-D4", "event_date": "2023-07-01", "slope_deg": 76.0892, "rain_3d": 61.4097, "label_conf": 1.0}}, {"type": "Feature", "geometry": {"type": "Point", "coordinates": [93.4612, 24.8869]}, "properties": {"state": "Manipur", "district": "Manipu-D6", "event_date": "2023-11-14", "slope_deg": 49.9893, "rain_3d": 20.2197, "label_conf": 0.4}}, {"type": "Feature", "geometry": {"type": "Point", "coordinates": [93.9987, 25.4736]}, "properties": {"state": "Manipur", "district": "Manipu-D7", "event_date": "2023-07-09", "slope_deg": 32.9448, "rain_3d": 69.0894, "label_conf": 0.4}}, {"type": "Feature", "geometry": {"type": "Point", "coordinates": [93.8918, 24.4895]}, "properties": {"state": "Manipur", "district": "Manipu-D2", "event_date": "2023-01-11", "slope_deg": 21.7555, "rain_3d": 46.7645, "label_conf": 0.7}}, {"type": "Feature", "geometry": {"type": "Point", "coordinates": [92.8215, 23.2159]}, "properties": {"state": "Mizoram", "district": "Mizora-D7", "event_date": "2023-09-14", "slope_deg": 30.2131, "rain_3d": 117.266, "label_conf": 1.0}}, {"type": "Feature", "geometry": {"type": "Point", "coordinates": [94.4535, 26.2581]}, "properties": {"state": "Nagaland", "district": "Nagala-D5", "event_date": "2023-07-17", "slope_deg": 53.0133, "rain_3d": 8.4607, "label_conf": 0.4}}, {"type": "Feature", "geometry": {"type": "Point", "coordinates": [94.816, 27.9058]}, "properties": {"state": "Arunachal Pradesh", "district": "Arunac-D3", "event_date": "2023-07-09", "slope_deg": 49.4965, "rain_3d": 15.1014, "label_conf": 0.7}}, {"type": "Feature", "geometry": {"type": "Point", "coordinates": [94.4863, 26.0595]}, "properties": {"state": "Nagaland", "district": "Nagala-D6", "event_date": "2023-06-28", "slope_deg": 31.6784, "rain_3d": 57.8505, "label_conf": 1.0}}, {"type": "Feature", "geometry": {"type": "Point", "coordinates": [93.71, 24.9868]}, "properties": {"state": "Manipur", "district": "Manipu-D7", "event_date": "2023-06-29", "slope_deg": 15.7022, "rain_3d": 126.2201, "label_conf": 0.7}}, {"type": "Feature", "geometry": {"type": "Point", "coordinates": [92.6664, 23.3093]}, "properties": {"state": "Mizoram", "district": "Mizora-D4", "event_date": "2023-10-16", "slope_deg": 64.4742, "rain_3d": 24.5838, "label_conf": 1.0}}, {"type": "Feature", "geometry": {"type": "Point", "coordinates": [94.0273, 24.6427]}, "properties": {"state": "Manipur", "district": "Manipu-D5", "event_date": "2023-06-12", "slope_deg": 62.9069, "rain_3d": 38.8052, "label_conf": 0.4}}, {"type": "Feature", "geometry": {"type": "Point", "coordinates": [94.1862, 24.8043]}, "properties": {"state": "Manipur", "district": "Manipu-D6", "event_date": "2023-05-10", "slope_deg": 24.9884, "rain_3d": 84.8286, "label_conf": 0.7}}, {"type": "Feature", "geometry": {"type": "Point", "coordinates": [91.269, 25.6463]}, "properties": {"state": "Meghalaya", "district": "Meghal-D7", "event_date": "2023-04-03", "slope_deg": 19.746, "rain_3d": 43.4755, "label_conf": 0.7}}, {"type": "Feature", "geometry": {"type": "Point", "coordinates": [91.4993, 25.1697]}, "properties": {"state": "Meghalaya", "district": "Meghal-D4", "event_date": "2023-06-04", "slope_deg": 51.3723, "rain_3d": 128.8517, "label_conf": 0.4}}, {"type": "Feature", "geometry": {"type": "Point", "coordinates": [94.1597, 27.4858]}, "properties": {"state": "Arunachal Pradesh", "district": "Arunac-D3", "event_date": "2023-01-24", "slope_deg": 20.8818, "rain_3d": 68.3023, "label_conf": 0.4}}, {"type": "Feature", "geometry": {"type": "Point", "coordinates": [93.7359, 27.5791]}, "properties": {"state": "Arunachal Pradesh", "district": "Arunac-D3", "event_date": "2023-08-22", "slope_deg": 10.7872, "rain_3d": 70.5704, "label_conf": 0.4}}, {"type": "Feature", "geometry": {"type": "Point", "coordinates": [94.4477, 25.9093]}, "properties": {"state": "Nagaland", "district": "Nagala-D3", "event_date": "2023-08-29", "slope_deg": 15.5561, "rain_3d": 45.6632, "label_conf": 1.0}}, {"type": "Feature", "geometry": {"type": "Point", "coordinates": [94.0639, 27.4306]}, "properties": {"state": "Arunachal Pradesh", "district": "Arunac-D6", "event_date": "2023-06-26", "slope_deg": 24.1983, "rain_3d": 60.1697, "label_conf": 0.7}}, {"type": "Feature", "geometry": {"type": "Point", "coordinates": [94.799, 26.2787]}, "properties": {"state": "Nagaland", "district": "Nagala-D7", "event_date": "2023-06-01", "slope_deg": 38.8263, "rain_3d": 66.6788, "label_conf": 1.0}}, {"type": "Feature", "geometry": {"type": "Point", "coordinates": [94.6494, 27.9514]}, "properties": {"state": "Arunachal Pradesh", "district": "Arunac-D7", "event_date": "2023-06-17", "slope_deg": 25.5957, "rain_3d": 75.6673, "label_conf": 1.0}}, {"type": "Feature", "geometry": {"type": "Point", "coordinates": [91.216, 25.198]}, "properties": {"state": "Meghalaya", "district": "Meghal-D7", "event_date": "2023-06-04", "slope_deg": 40.9466, "rain_3d": 105.6857, "label_conf": 0.4}}, {"type": "Feature", "geometry": {"type": "Point", "coordinates": [94.348, 28.37]}, "properties": {"state": "Arunachal Pradesh", "district": "Arunac-D7", "event_date": "2023-08-02", "slope_deg": 50.0036, "rain_3d": 100.8936, "label_conf": 1.0}}, {"type": "Feature", "geometry": {"type": "Point", "coordinates": [91.7856, 25.671]}, "properties": {"state": "Meghalaya", "district": "Meghal-D7", "event_date": "2023-05-06", "slope_deg": 26.3001, "rain_3d": 158.2477, "label_conf": 0.4}}, {"type": "Feature", "geometry": {"type": "Point", "coordinates": [93.6519, 24.8878]}, "properties": {"state": "Manipur", "district": "Manipu-D2", "event_date": "2023-04-24", "slope_deg": 12.4886, "rain_3d": 10.2366, "label_conf": 1.0}}, {"type": "Feature", "geometry": {"type": "Point", "coordinates": [94.25, 27.6877]}, "properties": {"state": "Arunachal Pradesh", "district": "Arunac-D1", "event_date": "2023-07-20", "slope_deg": 50.7924, "rain_3d": 16.7396, "label_conf": 0.7}}, {"type": "Feature", "geometry": {"type": "Point", "coordinates": [94.5337, 26.0414]}, "properties": {"state": "Nagaland", "district": "Nagala-D2", "event_date": "2023-07-10", "slope_deg": 33.729, "rain_3d": 33.7241, "label_conf": 0.7}}, {"type": "Feature", "geometry": {"type": "Point", "coordinates": [94.3331, 26.186]}, "properties": {"state": "Nagaland", "district": "Nagala-D3", "event_date": "2023-09-28", "slope_deg": 31.4107, "rain_3d": 16.9627, "label_conf": 0.7}}, {"type": "Feature", "geometry": {"type": "Point", "coordinates": [90.8389, 25.8535]}, "properties": {"state": "Meghalaya", "district": "Meghal-D7", "event_date": "2023-04-15", "slope_deg": 38.9947, "rain_3d": 70.4503, "label_conf": 1.0}}, {"type": "Feature", "geometry": {"type": "Point", "coordinates": [93.0283, 23.7039]}, "properties": {"state": "Mizoram", "district": "Mizora-D6", "event_date": "2023-01-15", "slope_deg": 27.1989, "rain_3d": 46.0331, "label_conf": 0.4}}, {"type": "Feature", "geometry": {"type": "Point", "coordinates": [94.2644, 26.1838]}, "properties": {"state": "Nagaland", "district": "Nagala-D5", "event_date": "2023-07-08", "slope_deg": 26.2298, "rain_3d": 120.2009, "label_conf": 1.0}}, {"type": "Feature", "geometry": {"type": "Point", "coordinates": [94.3179, 26.134]}, "properties": {"state": "Nagaland", "district": "Nagala-D3", "event_date": "2023-06-26", "slope_deg": 38.6363, "rain_3d": 26.9008, "label_conf": 1.0}}, {"type": "Feature", "geometry": {"type": "Point", "coordinates": [92.7638, 23.6662]}, "properties": {"state": "Mizoram", "district": "Mizora-D5", "event_date": "2023-05-23", "slope_deg": 22.5665, "rain_3d": 130.6458, "label_conf": 0.4}}, {"type": "Feature", "geometry": {"type": "Point", "coordinates": [94.6243, 26.0828]}, "properties": {"state": "Nagaland", "district": "Nagala-D5", "event_date": "2023-01-28", "slope_deg": 51.8261, "rain_3d": 31.3928, "label_conf": 0.4}}, {"type": "Feature", "geometry": {"type": "Point", "coordinates": [93.6236, 28.4381]}, "properties": {"state": "Arunachal Pradesh", "district": "Arunac-D3", "event_date": "2023-04-02", "slope_deg": 40.6538, "rain_3d": 42.7667, "label_conf": 0.4}}, {"type": "Feature", "geometry": {"type": "Point", "coordinates": [92.9253, 23.4037]}, "properties": {"state": "Mizoram", "district": "Mizora-D7", "event_date": "2023-06-19", "slope_deg": 45.0617, "rain_3d": 74.3905, "label_conf": 0.7}}, {"type": "Feature", "geometry": {"type": "Point", "coordinates": [90.9434, 25.1989]}, "properties": {"state": "Meghalaya", "district": "Meghal-D7", "event_date": "2023-05-18", "slope_deg": 50.2159, "rain_3d": 21.3627, "label_conf": 0.4}}, {"type": "Feature", "geometry": {"type": "Point", "coordinates": [90.8667, 25.4531]}, "properties": {"state": "Meghalaya", "district": "Meghal-D6", "event_date": "2023-05-03", "slope_deg": 23.5901, "rain_3d": 19.3338, "label_conf": 1.0}}, {"type": "Feature", "geometry": {"type": "Point", "coordinates": [94.9116, 25.9884]}, "properties": {"state": "Nagaland", "district": "Nagala-D2", "event_date": "2023-06-27", "slope_deg": 42.94, "rain_3d": 76.8719, "label_conf": 0.7}}, {"type": "Feature", "geometry": {"type": "Point", "coordinates": [92.9055, 23.5076]}, "properties": {"state": "Mizoram", "district": "Mizora-D1", "event_date": "2023-06-05", "slope_deg": 40.2216, "rain_3d": 109.581, "label_conf": 0.4}}, {"type": "Feature", "geometry": {"type": "Point", "coordinates": [92.9217, 23.1172]}, "properties": {"state": "Mizoram", "district": "Mizora-D7", "event_date": "2023-06-23", "slope_deg": 22.951, "rain_3d": 28.9987, "label_conf": 1.0}}, {"type": "Feature", "geometry": {"type": "Point", "coordinates": [94.3199, 26.383]}, "properties": {"state": "Nagaland", "district": "Nagala-D2", "event_date": "2023-06-10", "slope_deg": 72.3676, "rain_3d": 19.6663, "label_conf": 0.4}}, {"type": "Feature", "geometry": {"type": "Point", "coordinates": [93.2737, 27.8779]}, "properties": {"state": "Arunachal Pradesh", "district": "Arunac-D2", "event_date": "2023-08-06", "slope_deg": 45.6832, "rain_3d": 72.2149, "label_conf": 0.4}}, {"type": "Feature", "geometry": {"type": "Point", "coordinates": [95.0174, 28.3813]}, "properties": {"state": "Arunachal Pradesh", "district": "Arunac-D7", "event_date": "2023-09-03", "slope_deg": 45.7997, "rain_3d": 55.4128, "label_conf": 0.4}}, {"type": "Feature", "geometry": {"type": "Point", "coordinates": [95.4287, 27.7649]}, "properties": {"state": "Arunachal Pradesh", "district": "Arunac-D6", "event_date": "2023-06-02", "slope_deg": 23.6107, "rain_3d": 78.051, "label_conf": 0.4}}, {"type": "Feature", "geometry": {"type": "Point", "coordinates": [92.9901, 23.6604]}, "properties": {"state": "Mizoram", "district": "Mizora-D7", "event_date": "2023-04-09", "slope_deg": 39.1882, "rain_3d": 58.5729, "label_conf": 1.0}}, {"type": "Feature", "geometry": {"type": "Point", "coordinates": [94.071, 28.1662]}, "properties": {"state": "Arunachal Pradesh", "district": "Arunac-D3", "event_date": "2023-06-22", "slope_deg": 11.0953, "rain_3d": 41.5364, "label_conf": 0.4}}, {"type": "Feature", "geometry": {"type": "Point", "coordinates": [91.4444, 26.2176]}, "properties": {"state": "Meghalaya", "district": "Meghal-D2", "event_date": "2023-05-31", "slope_deg": 22.4315, "rain_3d": 39.0414, "label_conf": 0.7}}, {"type": "Feature", "geometry": {"type": "Point", "coordinates": [94.2595, 25.8752]}, "properties": {"state": "Nagaland", "district": "Nagala-D2", "event_date": "2023-06-18", "slope_deg": 27.4396, "rain_3d": 97.388, "label_conf": 0.7}}, {"type": "Feature", "geometry": {"type": "Point", "coordinates": [94.4281, 28.3106]}, "properties": {"state": "Arunachal Pradesh", "district": "Arunac-D7", "event_date": "2023-09-22", "slope_deg": 40.7591, "rain_3d": 85.1643, "label_conf": 0.7}}, {"type": "Feature", "geometry": {"type": "Point", "coordinates": [93.4797, 27.7017]}, "properties": {"state": "Arunachal Pradesh", "district": "Arunac-D2", "event_date": "2023-06-02", "slope_deg": 40.0686, "rain_3d": 37.3008, "label_conf": 1.0}}, {"type": "Feature", "geometry": {"type": "Point", "coordinates": [94.2832, 26.09]}, "properties": {"state": "Nagaland", "district": "Nagala-D4", "event_date": "2023-10-10", "slope_deg": 37.9544, "rain_3d": 20.0004, "label_conf": 0.7}}, {"type": "Feature", "geometry": {"type": "Point", "coordinates": [95.0971, 28.3768]}, "properties": {"state": "Arunachal Pradesh", "district": "Arunac-D1", "event_date": "2023-06-26", "slope_deg": 26.082, "rain_3d": 71.5993, "label_conf": 1.0}}, {"type": "Feature", "geometry": {"type": "Point", "coordinates": [94.0494, 24.5054]}, "properties": {"state": "Manipur", "district": "Manipu-D7", "event_date": "2023-08-16", "slope_deg": 23.8369, "rain_3d": 32.1728, "label_conf": 0.4}}, {"type": "Feature", "geometry": {"type": "Point", "coordinates": [94.3038, 26.0442]}, "properties": {"state": "Nagaland", "district": "Nagala-D1", "event_date": "2023-04-03", "slope_deg": 35.7465, "rain_3d": 39.1451, "label_conf": 1.0}}, {"type": "Feature", "geometry": {"type": "Point", "coordinates": [94.5409, 25.9867]}, "properties": {"state": "Nagaland", "district": "Nagala-D7", "event_date": "2023-09-07", "slope_deg": 21.7298, "rain_3d": 42.6532, "label_conf": 1.0}}, {"type": "Feature", "geometry": {"type": "Point", "coordinates": [92.8842, 22.7669]}, "properties": {"state": "Mizoram", "district": "Mizora-D3", "event_date": "2023-09-29", "slope_deg": 45.9922, "rain_3d": 54.0355, "label_conf": 0.7}}, {"type": "Feature", "geometry": {"type": "Point", "coordinates": [92.5271, 22.9082]}, "properties": {"state": "Mizoram", "district": "Mizora-D1", "event_date": "2023-07-07", "slope_deg": 45.2451, "rain_3d": 128.4371, "label_conf": 1.0}}, {"type": "Feature", "geometry": {"type": "Point", "coordinates": [94.17, 28.2774]}, "properties": {"state": "Arunachal Pradesh", "district": "Arunac-D4", "event_date": "2023-08-22", "slope_deg": 55.2086, "rain_3d": 8.0225, "label_conf": 0.7}}, {"type": "Feature", "geometry": {"type": "Point", "coordinates": [92.9137, 23.7264]}, "properties": {"state": "Mizoram", "district": "Mizora-D3", "event_date": "2023-06-29", "slope_deg": 11.4749, "rain_3d": 94.1116, "label_conf": 0.4}}, {"type": "Feature", "geometry": {"type": "Point", "coordinates": [93.8155, 24.7138]}, "properties": {"state": "Manipur", "district": "Manipu-D3", "event_date": "2023-08-11", "slope_deg": 33.055, "rain_3d": 85.6545, "label_conf": 0.7}}, {"type": "Feature", "geometry": {"type": "Point", "coordinates": [92.4914, 23.4706]}, "properties": {"state": "Mizoram", "district": "Mizora-D6", "event_date": "2023-07-12", "slope_deg": 27.3336, "rain_3d": 27.9866, "label_conf": 0.7}}, {"type": "Feature", "geometry": {"type": "Point", "coordinates": [91.4694, 25.3787]}, "properties": {"state": "Meghalaya", "district": "Meghal-D6", "event_date": "2023-09-01", "slope_deg": 20.0925, "rain_3d": 129.9156, "label_conf": 0.4}}, {"type": "Feature", "geometry": {"type": "Point", "coordinates": [93.2002, 28.0976]}, "properties": {"state": "Arunachal Pradesh", "district": "Arunac-D7", "event_date": "2023-06-24", "slope_deg": 52.3979, "rain_3d": 134.8007, "label_conf": 1.0}}, {"type": "Feature", "geometry": {"type": "Point", "coordinates": [93.9669, 24.79]}, "properties": {"state": "Manipur", "district": "Manipu-D2", "event_date": "2023-09-05", "slope_deg": 23.4204, "rain_3d": 75.2599, "label_conf": 0.7}}, {"type": "Feature", "geometry": {"type": "Point", "coordinates": [94.1719, 24.3009]}, "properties": {"state": "Manipur", "district": "Manipu-D4", "event_date": "2023-05-29", "slope_deg": 53.5927, "rain_3d": 33.4466, "label_conf": 0.4}}, {"type": "Feature", "geometry": {"type": "Point", "coordinates": [93.8414, 24.2757]}, "properties": {"state": "Manipur", "district": "Manipu-D5", "event_date": "2023-08-02", "slope_deg": 30.6506, "rain_3d": 46.5565, "label_conf": 0.4}}, {"type": "Feature", "geometry": {"type": "Point", "coordinates": [93.904, 24.5406]}, "properties": {"state": "Manipur", "district": "Manipu-D4", "event_date": "2023-08-13", "slope_deg": 49.8538, "rain_3d": 52.9009, "label_conf": 0.4}}, {"type": "Feature", "geometry": {"type": "Point", "coordinates": [94.8092, 28.0384]}, "properties": {"state": "Arunachal Pradesh", "district": "Arunac-D5", "event_date": "2023-07-11", "slope_deg": 52.562, "rain_3d": 55.9397, "label_conf": 0.4}}, {"type": "Feature", "geometry": {"type": "Point", "coordinates": [94.3628, 26.084]}, "properties": {"state": "Nagaland", "district": "Nagala-D1", "event_date": "2023-06-08", "slope_deg": 15.4484, "rain_3d": 38.4228, "label_conf": 1.0}}, {"type": "Feature", "geometry": {"type": "Point", "coordinates": [91.2369, 25.6256]}, "properties": {"state": "Meghalaya", "district": "Meghal-D1", "event_date": "2023-06-29", "slope_deg": 75.3891, "rain_3d": 102.3025, "label_conf": 0.4}}, {"type": "Feature", "geometry": {"type": "Point", "coordinates": [93.8525, 28.5093]}, "properties": {"state": "Arunachal Pradesh", "district": "Arunac-D4", "event_date": "2023-05-31", "slope_deg": 29.4077, "rain_3d": 94.5539, "label_conf": 1.0}}, {"type": "Feature", "geometry": {"type": "Point", "coordinates": [94.0311, 24.8917]}, "properties": {"state": "Manipur", "district": "Manipu-D7", "event_date": "2023-08-02", "slope_deg": 45.5884, "rain_3d": 66.1906, "label_conf": 0.7}}, {"type": "Feature", "geometry": {"type": "Point", "coordinates": [92.9105, 27.8328]}, "properties": {"state": "Arunachal Pradesh", "district": "Arunac-D3", "event_date": "2023-10-21", "slope_deg": 31.2948, "rain_3d": 17.02, "label_conf": 0.7}}, {"type": "Feature", "geometry": {"type": "Point", "coordinates": [92.9275, 23.4599]}, "properties": {"state": "Mizoram", "district": "Mizora-D4", "event_date": "2023-07-18", "slope_deg": 21.777, "rain_3d": 149.8156, "label_conf": 0.7}}, {"type": "Feature", "geometry": {"type": "Point", "coordinates": [93.9567, 27.9073]}, "properties": {"state": "Arunachal Pradesh", "district": "Arunac-D4", "event_date": "2023-09-17", "slope_deg": 31.236, "rain_3d": 110.6592, "label_conf": 0.7}}, {"type": "Feature", "geometry": {"type": "Point", "coordinates": [95.1524, 27.9525]}, "properties": {"state": "Arunachal Pradesh", "district": "Arunac-D2", "event_date": "2023-05-11", "slope_deg": 29.8091, "rain_3d": 23.4002, "label_conf": 0.4}}, {"type": "Feature", "geometry": {"type": "Point", "coordinates": [93.1121, 28.6769]}, "properties": {"state": "Arunachal Pradesh", "district": "Arunac-D1", "event_date": "2023-07-08", "slope_deg": 13.93, "rain_3d": 44.1752, "label_conf": 1.0}}, {"type": "Feature", "geometry": {"type": "Point", "coordinates": [94.4985, 27.8758]}, "properties": {"state": "Arunachal Pradesh", "district": "Arunac-D3", "event_date": "2023-08-25", "slope_deg": 34.9136, "rain_3d": 104.2098, "label_conf": 1.0}}, {"type": "Feature", "geometry": {"type": "Point", "coordinates": [91.3237, 25.1265]}, "properties": {"state": "Meghalaya", "district": "Meghal-D3", "event_date": "2023-08-26", "slope_deg": 26.4098, "rain_3d": 52.118, "label_conf": 0.4}}, {"type": "Feature", "geometry": {"type": "Point", "coordinates": [95.7432, 28.2472]}, "properties": {"state": "Arunachal Pradesh", "district": "Arunac-D3", "event_date": "2023-08-14", "slope_deg": 28.6379, "rain_3d": 51.5266, "label_conf": 1.0}}, {"type": "Feature", "geometry": {"type": "Point", "coordinates": [93.4533, 28.0302]}, "properties": {"state": "Arunachal Pradesh", "district": "Arunac-D7", "event_date": "2023-07-03", "slope_deg": 32.1691, "rain_3d": 30.866, "label_conf": 1.0}}, {"type": "Feature", "geometry": {"type": "Point", "coordinates": [92.6548, 28.079]}, "properties": {"state": "Arunachal Pradesh", "district": "Arunac-D3", "event_date": "2023-12-08", "slope_deg": 27.7265, "rain_3d": 79.636, "label_conf": 1.0}}, {"type": "Feature", "geometry": {"type": "Point", "coordinates": [88.5163, 27.4195]}, "properties": {"state": "Sikkim", "district": "Sikkim-D3", "event_date": "2023-07-01", "slope_deg": 1.1185, "rain_3d": 19.2586, "label_conf": 1.0}}, {"type": "Feature", "geometry": {"type": "Point", "coordinates": [94.3775, 25.6921]}, "properties": {"state": "Nagaland", "district": "Nagala-D3", "event_date": "2023-04-19", "slope_deg": 48.4222, "rain_3d": 75.9607, "label_conf": 0.4}}, {"type": "Feature", "geometry": {"type": "Point", "coordinates": [93.6509, 28.1046]}, "properties": {"state": "Arunachal Pradesh", "district": "Arunac-D7", "event_date": "2023-12-24", "slope_deg": 71.8027, "rain_3d": 120.0539, "label_conf": 0.7}}, {"type": "Feature", "geometry": {"type": "Point", "coordinates": [93.6624, 27.5995]}, "properties": {"state": "Arunachal Pradesh", "district": "Arunac-D7", "event_date": "2023-06-28", "slope_deg": 32.2326, "rain_3d": 135.9816, "label_conf": 0.7}}, {"type": "Feature", "geometry": {"type": "Point", "coordinates": [91.4013, 25.2274]}, "properties": {"state": "Meghalaya", "district": "Meghal-D1", "event_date": "2023-07-27", "slope_deg": 37.0262, "rain_3d": 67.0081, "label_conf": 0.7}}, {"type": "Feature", "geometry": {"type": "Point", "coordinates": [92.798, 28.2826]}, "properties": {"state": "Arunachal Pradesh", "district": "Arunac-D6", "event_date": "2023-07-02", "slope_deg": 37.6236, "rain_3d": 28.6642, "label_conf": 0.7}}, {"type": "Feature", "geometry": {"type": "Point", "coordinates": [91.1399, 25.3017]}, "properties": {"state": "Meghalaya", "district": "Meghal-D3", "event_date": "2023-06-05", "slope_deg": 37.511, "rain_3d": 106.845, "label_conf": 1.0}}, {"type": "Feature", "geometry": {"type": "Point", "coordinates": [92.4975, 23.2056]}, "properties": {"state": "Mizoram", "district": "Mizora-D6", "event_date": "2023-06-20", "slope_deg": 27.229, "rain_3d": 62.3165, "label_conf": 0.7}}, {"type": "Feature", "geometry": {"type": "Point", "coordinates": [94.0406, 24.9786]}, "properties": {"state": "Manipur", "district": "Manipu-D3", "event_date": "2023-08-12", "slope_deg": 26.0568, "rain_3d": 38.0888, "label_conf": 1.0}}, {"type": "Feature", "geometry": {"type": "Point", "coordinates": [93.0974, 23.8542]}, "properties": {"state": "Mizoram", "district": "Mizora-D2", "event_date": "2023-09-29", "slope_deg": 28.9641, "rain_3d": 39.8206, "label_conf": 0.4}}, {"type": "Feature", "geometry": {"type": "Point", "coordinates": [90.9408, 25.7958]}, "properties": {"state": "Meghalaya", "district": "Meghal-D1", "event_date": "2023-05-19", "slope_deg": 27.8408, "rain_3d": 75.7365, "label_conf": 1.0}}, {"type": "Feature", "geometry": {"type": "Point", "coordinates": [92.9302, 23.3307]}, "properties": {"state": "Mizoram", "district": "Mizora-D6", "event_date": "2023-06-06", "slope_deg": 25.4892, "rain_3d": 73.5678, "label_conf": 1.0}}, {"type": "Feature", "geometry": {"type": "Point", "coordinates": [94.2399, 25.6527]}, "properties": {"state": "Nagaland", "district": "Nagala-D5", "event_date": "2023-05-22", "slope_deg": 54.301, "rain_3d": 51.0478, "label_conf": 0.7}}, {"type": "Feature", "geometry": {"type": "Point", "coordinates": [91.4213, 25.2394]}, "properties": {"state": "Meghalaya", "district": "Meghal-D4", "event_date": "2023-06-20", "slope_deg": 62.7866, "rain_3d": 82.9703, "label_conf": 0.4}}, {"type": "Feature", "geometry": {"type": "Point", "coordinates": [93.8239, 28.1507]}, "properties": {"state": "Arunachal Pradesh", "district": "Arunac-D7", "event_date": "2023-11-26", "slope_deg": 19.6375, "rain_3d": 79.0137, "label_conf": 0.4}}, {"type": "Feature", "geometry": {"type": "Point", "coordinates": [94.8539, 25.676]}, "properties": {"state": "Nagaland", "district": "Nagala-D4", "event_date": "2023-04-16", "slope_deg": 46.662, "rain_3d": 28.1102, "label_conf": 0.4}}, {"type": "Feature", "geometry": {"type": "Point", "coordinates": [94.0001, 27.8138]}, "properties": {"state": "Arunachal Pradesh", "district": "Arunac-D4", "event_date": "2023-06-06", "slope_deg": 41.4826, "rain_3d": 70.3872, "label_conf": 1.0}}, {"type": "Feature", "geometry": {"type": "Point", "coordinates": [94.6539, 28.1305]}, "properties": {"state": "Arunachal Pradesh", "district": "Arunac-D5", "event_date": "2023-08-11", "slope_deg": 31.3923, "rain_3d": 30.9398, "label_conf": 0.4}}, {"type": "Feature", "geometry": {"type": "Point", "coordinates": [91.7853, 27.9035]}, "properties": {"state": "Arunachal Pradesh", "district": "Arunac-D5", "event_date": "2023-08-31", "slope_deg": 18.0849, "rain_3d": 92.0258, "label_conf": 0.7}}, {"type": "Feature", "geometry": {"type": "Point", "coordinates": [92.5925, 23.9966]}, "properties": {"state": "Mizoram", "district": "Mizora-D7", "event_date": "2023-06-03", "slope_deg": 29.5152, "rain_3d": 144.6948, "label_conf": 0.4}}, {"type": "Feature", "geometry": {"type": "Point", "coordinates": [93.1643, 23.2166]}, "properties": {"state": "Mizoram", "district": "Mizora-D4", "event_date": "2023-09-23", "slope_deg": 38.6486, "rain_3d": 42.2978, "label_conf": 0.7}}, {"type": "Feature", "geometry": {"type": "Point", "coordinates": [94.3242, 26.2261]}, "properties": {"state": "Nagaland", "district": "Nagala-D3", "event_date": "2023-07-14", "slope_deg": 55.0606, "rain_3d": 105.7867, "label_conf": 1.0}}, {"type": "Feature", "geometry": {"type": "Point", "coordinates": [93.0829, 22.843]}, "properties": {"state": "Mizoram", "district": "Mizora-D4", "event_date": "2023-03-08", "slope_deg": 29.4363, "rain_3d": 120.4434, "label_conf": 1.0}}, {"type": "Feature", "geometry": {"type": "Point", "coordinates": [94.361, 28.4206]}, "properties": {"state": "Arunachal Pradesh", "district": "Arunac-D6", "event_date": "2023-04-25", "slope_deg": 25.6199, "rain_3d": 26.3746, "label_conf": 0.4}}, {"type": "Feature", "geometry": {"type": "Point", "coordinates": [94.555, 27.9092]}, "properties": {"state": "Arunachal Pradesh", "district": "Arunac-D4", "event_date": "2023-03-24", "slope_deg": 60.3064, "rain_3d": 21.3963, "label_conf": 0.4}}, {"type": "Feature", "geometry": {"type": "Point", "coordinates": [93.2937, 28.2611]}, "properties": {"state": "Arunachal Pradesh", "district": "Arunac-D3", "event_date": "2023-07-26", "slope_deg": 32.7864, "rain_3d": 99.2993, "label_conf": 0.4}}, {"type": "Feature", "geometry": {"type": "Point", "coordinates": [94.0999, 27.7299]}, "properties": {"state": "Arunachal Pradesh", "district": "Arunac-D4", "event_date": "2023-07-06", "slope_deg": 46.7423, "rain_3d": 59.5774, "label_conf": 0.7}}, {"type": "Feature", "geometry": {"type": "Point", "coordinates": [94.4263, 28.4308]}, "properties": {"state": "Arunachal Pradesh", "district": "Arunac-D3", "event_date": "2023-03-25", "slope_deg": 44.508, "rain_3d": 28.5648, "label_conf": 1.0}}, {"type": "Feature", "geometry": {"type": "Point", "coordinates": [92.7342, 23.6557]}, "properties": {"state": "Mizoram", "district": "Mizora-D2", "event_date": "2023-05-19", "slope_deg": 24.6644, "rain_3d": 75.2172, "label_conf": 0.7}}, {"type": "Feature", "geometry": {"type": "Point", "coordinates": [92.5086, 23.1709]}, "properties": {"state": "Mizoram", "district": "Mizora-D7", "event_date": "2023-06-10", "slope_deg": 37.6304, "rain_3d": 150.8128, "label_conf": 0.7}}, {"type": "Feature", "geometry": {"type": "Point", "coordinates": [91.199, 25.2846]}, "properties": {"state": "Meghalaya", "district": "Meghal-D7", "event_date": "2023-10-25", "slope_deg": 33.1464, "rain_3d": 71.5495, "label_conf": 1.0}}, {"type": "Feature", "geometry": {"type": "Point", "coordinates": [90.8444, 25.9868]}, "properties": {"state": "Meghalaya", "district": "Meghal-D6", "event_date": "2023-06-17", "slope_deg": 12.5493, "rain_3d": 71.5683, "label_conf": 1.0}}, {"type": "Feature", "geometry": {"type": "Point", "coordinates": [92.9327, 23.6764]}, "properties": {"state": "Mizoram", "district": "Mizora-D6", "event_date": "2023-04-10", "slope_deg": 26.341, "rain_3d": 138.1997, "label_conf": 0.7}}, {"type": "Feature", "geometry": {"type": "Point", "coordinates": [92.9048, 23.9114]}, "properties": {"state": "Mizoram", "district": "Mizora-D6", "event_date": "2023-07-21", "slope_deg": 25.4689, "rain_3d": 181.6818, "label_conf": 0.7}}, {"type": "Feature", "geometry": {"type": "Point", "coordinates": [93.9964, 24.7722]}, "properties": {"state": "Manipur", "district": "Manipu-D1", "event_date": "2023-06-26", "slope_deg": 78.0, "rain_3d": 88.5855, "label_conf": 1.0}}, {"type": "Feature", "geometry": {"type": "Point", "coordinates": [94.4354, 25.9399]}, "properties": {"state": "Nagaland", "district": "Nagala-D5", "event_date": "2023-08-20", "slope_deg": 33.6466, "rain_3d": 60.5103, "label_conf": 0.7}}, {"type": "Feature", "geometry": {"type": "Point", "coordinates": [93.6895, 27.7186]}, "properties": {"state": "Arunachal Pradesh", "district": "Arunac-D4", "event_date": "2023-07-14", "slope_deg": 64.204, "rain_3d": 60.0884, "label_conf": 1.0}}, {"type": "Feature", "geometry": {"type": "Point", "coordinates": [91.4952, 26.152]}, "properties": {"state": "Meghalaya", "district": "Meghal-D3", "event_date": "2023-07-26", "slope_deg": 47.0139, "rain_3d": 140.6396, "label_conf": 0.7}}, {"type": "Feature", "geometry": {"type": "Point", "coordinates": [93.7826, 24.7186]}, "properties": {"state": "Manipur", "district": "Manipu-D4", "event_date": "2023-07-10", "slope_deg": 22.0161, "rain_3d": 22.1726, "label_conf": 0.7}}, {"type": "Feature", "geometry": {"type": "Point", "coordinates": [94.6777, 27.8281]}, "properties": {"state": "Arunachal Pradesh", "district": "Arunac-D3", "event_date": "2023-05-26", "slope_deg": 33.687, "rain_3d": 78.532, "label_conf": 0.4}}, {"type": "Feature", "geometry": {"type": "Point", "coordinates": [91.739, 25.4589]}, "properties": {"state": "Meghalaya", "district": "Meghal-D6", "event_date": "2023-07-01", "slope_deg": 14.3243, "rain_3d": 26.3312, "label_conf": 0.7}}, {"type": "Feature", "geometry": {"type": "Point", "coordinates": [94.0725, 25.9621]}, "properties": {"state": "Nagaland", "district": "Nagala-D5", "event_date": "2023-06-23", "slope_deg": 19.5802, "rain_3d": 27.1588, "label_conf": 0.4}}, {"type": "Feature", "geometry": {"type": "Point", "coordinates": [94.1701, 26.0101]}, "properties": {"state": "Nagaland", "district": "Nagala-D1", "event_date": "2023-07-05", "slope_deg": 44.0612, "rain_3d": 42.7488, "label_conf": 0.7}}, {"type": "Feature", "geometry": {"type": "Point", "coordinates": [90.8698, 25.94]}, "properties": {"state": "Meghalaya", "district": "Meghal-D1", "event_date": "2023-08-13", "slope_deg": 25.6498, "rain_3d": 21.1591, "label_conf": 0.4}}, {"type": "Feature", "geometry": {"type": "Point", "coordinates": [91.1967, 25.7872]}, "properties": {"state": "Meghalaya", "district": "Meghal-D1", "event_date": "2023-08-01", "slope_deg": 40.1426, "rain_3d": 41.6599, "label_conf": 0.7}}, {"type": "Feature", "geometry": {"type": "Point", "coordinates": [93.8789, 24.6167]}, "properties": {"state": "Manipur", "district": "Manipu-D2", "event_date": "2023-07-05", "slope_deg": 37.9824, "rain_3d": 51.1231, "label_conf": 1.0}}, {"type": "Feature", "geometry": {"type": "Point", "coordinates": [93.5572, 28.1647]}, "properties": {"state": "Arunachal Pradesh", "district": "Arunac-D1", "event_date": "2023-08-10", "slope_deg": 51.4471, "rain_3d": 67.158, "label_conf": 0.4}}, {"type": "Feature", "geometry": {"type": "Point", "coordinates": [92.929, 23.5838]}, "properties": {"state": "Mizoram", "district": "Mizora-D2", "event_date": "2023-07-17", "slope_deg": 30.9201, "rain_3d": 108.6095, "label_conf": 0.7}}, {"type": "Feature", "geometry": {"type": "Point", "coordinates": [92.6393, 23.2642]}, "properties": {"state": "Mizoram", "district": "Mizora-D2", "event_date": "2023-06-24", "slope_deg": 31.6779, "rain_3d": 66.3225, "label_conf": 0.4}}, {"type": "Feature", "geometry": {"type": "Point", "coordinates": [92.9647, 27.92]}, "properties": {"state": "Arunachal Pradesh", "district": "Arunac-D2", "event_date": "2023-02-11", "slope_deg": 37.7036, "rain_3d": 51.9074, "label_conf": 1.0}}, {"type": "Feature", "geometry": {"type": "Point", "coordinates": [91.2179, 25.9485]}, "properties": {"state": "Meghalaya", "district": "Meghal-D3", "event_date": "2023-05-21", "slope_deg": 47.1964, "rain_3d": 78.3436, "label_conf": 1.0}}, {"type": "Feature", "geometry": {"type": "Point", "coordinates": [94.5819, 27.7152]}, "properties": {"state": "Arunachal Pradesh", "district": "Arunac-D2", "event_date": "2023-09-17", "slope_deg": 46.453, "rain_3d": 33.8929, "label_conf": 1.0}}, {"type": "Feature", "geometry": {"type": "Point", "coordinates": [91.4616, 25.5786]}, "properties": {"state": "Meghalaya", "district": "Meghal-D3", "event_date": "2023-02-17", "slope_deg": 37.1549, "rain_3d": 63.7154, "label_conf": 0.4}}, {"type": "Feature", "geometry": {"type": "Point", "coordinates": [94.1468, 24.9753]}, "properties": {"state": "Manipur", "district": "Manipu-D6", "event_date": "2023-06-21", "slope_deg": 30.0201, "rain_3d": 16.6208, "label_conf": 0.7}}, {"type": "Feature", "geometry": {"type": "Point", "coordinates": [92.9004, 23.5253]}, "properties": {"state": "Mizoram", "district": "Mizora-D7", "event_date": "2023-07-04", "slope_deg": 47.2783, "rain_3d": 6.1285, "label_conf": 0.4}}, {"type": "Feature", "geometry": {"type": "Point", "coordinates": [94.6989, 28.4663]}, "properties": {"state": "Arunachal Pradesh", "district": "Arunac-D4", "event_date": "2023-08-19", "slope_deg": 22.5958, "rain_3d": 108.7184, "label_conf": 0.4}}, {"type": "Feature", "geometry": {"type": "Point", "coordinates": [94.0283, 26.4866]}, "properties": {"state": "Nagaland", "district": "Nagala-D4", "event_date": "2023-07-31", "slope_deg": 40.2971, "rain_3d": 14.6496, "label_conf": 0.4}}, {"type": "Feature", "geometry": {"type": "Point", "coordinates": [92.8, 23.2379]}, "properties": {"state": "Mizoram", "district": "Mizora-D3", "event_date": "2023-02-04", "slope_deg": 45.0698, "rain_3d": 13.9495, "label_conf": 0.7}}, {"type": "Feature", "geometry": {"type": "Point", "coordinates": [92.9353, 23.1603]}, "properties": {"state": "Mizoram", "district": "Mizora-D4", "event_date": "2023-03-28", "slope_deg": 32.6816, "rain_3d": 172.692, "label_conf": 0.7}}, {"type": "Feature", "geometry": {"type": "Point", "coordinates": [91.4742, 25.9678]}, "properties": {"state": "Meghalaya", "district": "Meghal-D4", "event_date": "2023-06-29", "slope_deg": 27.2957, "rain_3d": 41.771, "label_conf": 0.4}}, {"type": "Feature", "geometry": {"type": "Point", "coordinates": [93.6332, 27.1166]}, "properties": {"state": "Arunachal Pradesh", "district": "Arunac-D1", "event_date": "2023-08-12", "slope_deg": 16.1874, "rain_3d": 49.2197, "label_conf": 0.4}}, {"type": "Feature", "geometry": {"type": "Point", "coordinates": [94.8222, 25.6207]}, "properties": {"state": "Nagaland", "district": "Nagala-D3", "event_date": "2023-06-01", "slope_deg": 36.6407, "rain_3d": 83.1135, "label_conf": 1.0}}, {"type": "Feature", "geometry": {"type": "Point", "coordinates": [91.0895, 25.6252]}, "properties": {"state": "Meghalaya", "district": "Meghal-D3", "event_date": "2023-05-30", "slope_deg": 33.0592, "rain_3d": 110.6694, "label_conf": 0.7}}, {"type": "Feature", "geometry": {"type": "Point", "coordinates": [93.9025, 24.8579]}, "properties": {"state": "Manipur", "district": "Manipu-D5", "event_date": "2023-07-03", "slope_deg": 45.6906, "rain_3d": 158.4423, "label_conf": 0.4}}, {"type": "Feature", "geometry": {"type": "Point", "coordinates": [94.673, 26.1138]}, "properties": {"state": "Nagaland", "district": "Nagala-D2", "event_date": "2023-11-08", "slope_deg": 37.6852, "rain_3d": 97.044, "label_conf": 0.4}}, {"type": "Feature", "geometry": {"type": "Point", "coordinates": [91.1326, 25.6519]}, "properties": {"state": "Meghalaya", "district": "Meghal-D6", "event_date": "2023-08-11", "slope_deg": 47.5959, "rain_3d": 48.2793, "label_conf": 1.0}}, {"type": "Feature", "geometry": {"type": "Point", "coordinates": [91.1381, 25.21]}, "properties": {"state": "Meghalaya", "district": "Meghal-D1", "event_date": "2023-05-20", "slope_deg": 48.5146, "rain_3d": 76.2708, "label_conf": 0.4}}, {"type": "Feature", "geometry": {"type": "Point", "coordinates": [93.8578, 24.7311]}, "properties": {"state": "Manipur", "district": "Manipu-D4", "event_date": "2023-08-01", "slope_deg": 35.5279, "rain_3d": 122.258, "label_conf": 0.7}}, {"type": "Feature", "geometry": {"type": "Point", "coordinates": [93.9762, 24.4322]}, "properties": {"state": "Manipur", "district": "Manipu-D3", "event_date": "2023-07-22", "slope_deg": 33.3319, "rain_3d": 63.8764, "label_conf": 0.4}}, {"type": "Feature", "geometry": {"type": "Point", "coordinates": [94.8824, 27.8606]}, "properties": {"state": "Arunachal Pradesh", "district": "Arunac-D6", "event_date": "2023-07-07", "slope_deg": 23.3524, "rain_3d": 117.3923, "label_conf": 0.7}}, {"type": "Feature", "geometry": {"type": "Point", "coordinates": [91.735, 25.9903]}, "properties": {"state": "Meghalaya", "district": "Meghal-D5", "event_date": "2023-08-20", "slope_deg": 28.1323, "rain_3d": 146.9479, "label_conf": 0.4}}, {"type": "Feature", "geometry": {"type": "Point", "coordinates": [91.3609, 25.5318]}, "properties": {"state": "Meghalaya", "district": "Meghal-D5", "event_date": "2023-07-18", "slope_deg": 25.9263, "rain_3d": 159.3209, "label_conf": 1.0}}, {"type": "Feature", "geometry": {"type": "Point", "coordinates": [91.4323, 25.0622]}, "properties": {"state": "Meghalaya", "district": "Meghal-D4", "event_date": "2023-06-16", "slope_deg": 9.125, "rain_3d": 38.5765, "label_conf": 0.7}}, {"type": "Feature", "geometry": {"type": "Point", "coordinates": [94.0772, 28.1632]}, "properties": {"state": "Arunachal Pradesh", "district": "Arunac-D3", "event_date": "2023-10-12", "slope_deg": 42.7166, "rain_3d": 32.3843, "label_conf": 1.0}}, {"type": "Feature", "geometry": {"type": "Point", "coordinates": [93.0278, 23.3698]}, "properties": {"state": "Mizoram", "district": "Mizora-D4", "event_date": "2023-06-07", "slope_deg": 63.4683, "rain_3d": 41.7171, "label_conf": 1.0}}, {"type": "Feature", "geometry": {"type": "Point", "coordinates": [92.5648, 23.0537]}, "properties": {"state": "Mizoram", "district": "Mizora-D7", "event_date": "2023-07-21", "slope_deg": 23.9921, "rain_3d": 29.2721, "label_conf": 0.4}}, {"type": "Feature", "geometry": {"type": "Point", "coordinates": [93.2231, 23.2105]}, "properties": {"state": "Mizoram", "district": "Mizora-D1", "event_date": "2023-07-10", "slope_deg": 27.3092, "rain_3d": 26.0766, "label_conf": 0.7}}, {"type": "Feature", "geometry": {"type": "Point", "coordinates": [92.6693, 23.6227]}, "properties": {"state": "Mizoram", "district": "Mizora-D7", "event_date": "2023-10-19", "slope_deg": 33.9349, "rain_3d": 41.9052, "label_conf": 0.7}}, {"type": "Feature", "geometry": {"type": "Point", "coordinates": [94.1414, 25.2547]}, "properties": {"state": "Manipur", "district": "Manipu-D4", "event_date": "2023-07-12", "slope_deg": 23.5006, "rain_3d": 82.147, "label_conf": 1.0}}, {"type": "Feature", "geometry": {"type": "Point", "coordinates": [92.8522, 23.3531]}, "properties": {"state": "Mizoram", "district": "Mizora-D7", "event_date": "2023-09-23", "slope_deg": 38.8096, "rain_3d": 36.5908, "label_conf": 1.0}}, {"type": "Feature", "geometry": {"type": "Point", "coordinates": [94.359, 25.8104]}, "properties": {"state": "Nagaland", "district": "Nagala-D7", "event_date": "2023-07-15", "slope_deg": 44.1558, "rain_3d": 30.7808, "label_conf": 0.7}}, {"type": "Feature", "geometry": {"type": "Point", "coordinates": [91.4807, 25.2048]}, "properties": {"state": "Meghalaya", "district": "Meghal-D6", "event_date": "2023-09-08", "slope_deg": 42.1242, "rain_3d": 38.5495, "label_conf": 1.0}}, {"type": "Feature", "geometry": {"type": "Point", "coordinates": [93.9403, 28.4592]}, "properties": {"state": "Arunachal Pradesh", "district": "Arunac-D5", "event_date": "2023-07-25", "slope_deg": 21.5492, "rain_3d": 62.1452, "label_conf": 1.0}}, {"type": "Feature", "geometry": {"type": "Point", "coordinates": [95.2198, 28.1234]}, "properties": {"state": "Arunachal Pradesh", "district": "Arunac-D7", "event_date": "2023-08-02", "slope_deg": 16.4792, "rain_3d": 82.4433, "label_conf": 0.4}}, {"type": "Feature", "geometry": {"type": "Point", "coordinates": [91.7035, 25.355]}, "properties": {"state": "Meghalaya", "district": "Meghal-D7", "event_date": "2023-06-29", "slope_deg": 66.8713, "rain_3d": 87.702, "label_conf": 1.0}}, {"type": "Feature", "geometry": {"type": "Point", "coordinates": [93.6747, 28.0132]}, "properties": {"state": "Arunachal Pradesh", "district": "Arunac-D1", "event_date": "2023-05-26", "slope_deg": 24.0668, "rain_3d": 54.8844, "label_conf": 1.0}}, {"type": "Feature", "geometry": {"type": "Point", "coordinates": [94.2472, 24.9536]}, "properties": {"state": "Manipur", "district": "Manipu-D7", "event_date": "2023-08-21", "slope_deg": 29.1867, "rain_3d": 27.9807, "label_conf": 0.4}}, {"type": "Feature", "geometry": {"type": "Point", "coordinates": [94.4446, 25.5934]}, "properties": {"state": "Nagaland", "district": "Nagala-D5", "event_date": "2023-08-23", "slope_deg": 34.4135, "rain_3d": 39.1417, "label_conf": 0.4}}, {"type": "Feature", "geometry": {"type": "Point", "coordinates": [93.4053, 28.0789]}, "properties": {"state": "Arunachal Pradesh", "district": "Arunac-D6", "event_date": "2023-08-06", "slope_deg": 30.9794, "rain_3d": 46.3903, "label_conf": 0.7}}, {"type": "Feature", "geometry": {"type": "Point", "coordinates": [93.9139, 27.5147]}, "properties": {"state": "Arunachal Pradesh", "district": "Arunac-D4", "event_date": "2023-06-04", "slope_deg": 19.9104, "rain_3d": 85.7959, "label_conf": 0.4}}, {"type": "Feature", "geometry": {"type": "Point", "coordinates": [94.5222, 25.6243]}, "properties": {"state": "Nagaland", "district": "Nagala-D3", "event_date": "2023-08-30", "slope_deg": 17.7838, "rain_3d": 36.7818, "label_conf": 0.4}}, {"type": "Feature", "geometry": {"type": "Point", "coordinates": [94.4652, 25.8683]}, "properties": {"state": "Nagaland", "district": "Nagala-D7", "event_date": "2023-06-15", "slope_deg": 52.1684, "rain_3d": 114.4656, "label_conf": 0.4}}, {"type": "Feature", "geometry": {"type": "Point", "coordinates": [91.4538, 25.6104]}, "properties": {"state": "Meghalaya", "district": "Meghal-D5", "event_date": "2023-08-23", "slope_deg": 40.7379, "rain_3d": 25.3192, "label_conf": 0.7}}, {"type": "Feature", "geometry": {"type": "Point", "coordinates": [94.3172, 27.701]}, "properties": {"state": "Arunachal Pradesh", "district": "Arunac-D1", "event_date": "2023-06-28", "slope_deg": 40.2947, "rain_3d": 14.3291, "label_conf": 0.7}}, {"type": "Feature", "geometry": {"type": "Point", "coordinates": [94.0992, 26.3067]}, "properties": {"state": "Nagaland", "district": "Nagala-D4", "event_date": "2023-06-17", "slope_deg": 20.2146, "rain_3d": 76.4207, "label_conf": 1.0}}, {"type": "Feature", "geometry": {"type": "Point", "coordinates": [94.0508, 28.2821]}, "properties": {"state": "Arunachal Pradesh", "district": "Arunac-D4", "event_date": "2023-05-13", "slope_deg": 38.9826, "rain_3d": 33.6594, "label_conf": 1.0}}, {"type": "Feature", "geometry": {"type": "Point", "coordinates": [93.0954, 22.8887]}, "properties": {"state": "Mizoram", "district": "Mizora-D5", "event_date": "2023-09-18", "slope_deg": 21.8324, "rain_3d": 63.4726, "label_conf": 0.7}}, {"type": "Feature", "geometry": {"type": "Point", "coordinates": [93.8915, 24.4052]}, "properties": {"state": "Manipur", "district": "Manipu-D3", "event_date": "2023-05-10", "slope_deg": 20.1598, "rain_3d": 16.9578, "label_conf": 0.4}}, {"type": "Feature", "geometry": {"type": "Point", "coordinates": [94.2261, 25.0275]}, "properties": {"state": "Nagaland", "district": "Nagala-D5", "event_date": "2023-09-10", "slope_deg": 62.2348, "rain_3d": 6.5483, "label_conf": 0.7}}, {"type": "Feature", "geometry": {"type": "Point", "coordinates": [92.6864, 23.0021]}, "properties": {"state": "Mizoram", "district": "Mizora-D7", "event_date": "2023-06-06", "slope_deg": 39.0277, "rain_3d": 47.3817, "label_conf": 0.4}}, {"type": "Feature", "geometry": {"type": "Point", "coordinates": [92.7813, 23.6674]}, "properties": {"state": "Mizoram", "district": "Mizora-D3", "event_date": "2023-08-05", "slope_deg": 49.0766, "rain_3d": 29.4922, "label_conf": 0.7}}, {"type": "Feature", "geometry": {"type": "Point", "coordinates": [94.593, 26.1465]}, "properties": {"state": "Nagaland", "district": "Nagala-D4", "event_date": "2023-06-01", "slope_deg": 31.0169, "rain_3d": 26.2548, "label_conf": 1.0}}, {"type": "Feature", "geometry": {"type": "Point", "coordinates": [94.7022, 26.1365]}, "properties": {"state": "Nagaland", "district": "Nagala-D1", "event_date": "2023-03-15", "slope_deg": 45.8543, "rain_3d": 159.0015, "label_conf": 1.0}}, {"type": "Feature", "geometry": {"type": "Point", "coordinates": [95.2163, 28.162]}, "properties": {"state": "Arunachal Pradesh", "district": "Arunac-D5", "event_date": "2023-05-04", "slope_deg": 16.0222, "rain_3d": 66.2221, "label_conf": 0.7}}, {"type": "Feature", "geometry": {"type": "Point", "coordinates": [92.7738, 23.3966]}, "properties": {"state": "Mizoram", "district": "Mizora-D1", "event_date": "2023-06-01", "slope_deg": 33.7986, "rain_3d": 64.4639, "label_conf": 0.7}}, {"type": "Feature", "geometry": {"type": "Point", "coordinates": [94.2693, 28.4316]}, "properties": {"state": "Arunachal Pradesh", "district": "Arunac-D7", "event_date": "2023-06-06", "slope_deg": 44.5591, "rain_3d": 43.169, "label_conf": 0.7}}, {"type": "Feature", "geometry": {"type": "Point", "coordinates": [91.2069, 25.5438]}, "properties": {"state": "Meghalaya", "district": "Meghal-D1", "event_date": "2023-05-06", "slope_deg": 60.6146, "rain_3d": 101.9646, "label_conf": 0.7}}, {"type": "Feature", "geometry": {"type": "Point", "coordinates": [91.5687, 25.3643]}, "properties": {"state": "Meghalaya", "district": "Meghal-D7", "event_date": "2023-07-23", "slope_deg": 28.349, "rain_3d": 60.3416, "label_conf": 0.7}}, {"type": "Feature", "geometry": {"type": "Point", "coordinates": [94.2727, 28.0646]}, "properties": {"state": "Arunachal Pradesh", "district": "Arunac-D3", "event_date": "2023-07-25", "slope_deg": 33.1617, "rain_3d": 133.7924, "label_conf": 0.7}}, {"type": "Feature", "geometry": {"type": "Point", "coordinates": [94.5771, 25.9994]}, "properties": {"state": "Nagaland", "district": "Nagala-D6", "event_date": "2023-06-20", "slope_deg": 11.8835, "rain_3d": 104.0119, "label_conf": 0.7}}, {"type": "Feature", "geometry": {"type": "Point", "coordinates": [94.4412, 25.984]}, "properties": {"state": "Nagaland", "district": "Nagala-D5", "event_date": "2023-06-19", "slope_deg": 53.6278, "rain_3d": 78.2941, "label_conf": 0.4}}, {"type": "Feature", "geometry": {"type": "Point", "coordinates": [94.1909, 25.7206]}, "properties": {"state": "Nagaland", "district": "Nagala-D2", "event_date": "2023-07-31", "slope_deg": 34.1427, "rain_3d": 14.4108, "label_conf": 1.0}}, {"type": "Feature", "geometry": {"type": "Point", "coordinates": [92.6794, 23.3929]}, "properties": {"state": "Mizoram", "district": "Mizora-D4", "event_date": "2023-06-28", "slope_deg": 46.8411, "rain_3d": 31.2838, "label_conf": 1.0}}, {"type": "Feature", "geometry": {"type": "Point", "coordinates": [91.6436, 25.2913]}, "properties": {"state": "Meghalaya", "district": "Meghal-D6", "event_date": "2023-06-29", "slope_deg": 39.9342, "rain_3d": 93.6741, "label_conf": 0.7}}, {"type": "Feature", "geometry": {"type": "Point", "coordinates": [93.8428, 25.0569]}, "properties": {"state": "Manipur", "district": "Manipu-D1", "event_date": "2023-08-15", "slope_deg": 38.1242, "rain_3d": 46.4527, "label_conf": 0.7}}, {"type": "Feature", "geometry": {"type": "Point", "coordinates": [92.7886, 23.0928]}, "properties": {"state": "Mizoram", "district": "Mizora-D6", "event_date": "2023-05-29", "slope_deg": 21.1751, "rain_3d": 68.8528, "label_conf": 1.0}}, {"type": "Feature", "geometry": {"type": "Point", "coordinates": [93.61, 28.1617]}, "properties": {"state": "Arunachal Pradesh", "district": "Arunac-D1", "event_date": "2023-08-04", "slope_deg": 39.1402, "rain_3d": 20.8078, "label_conf": 0.7}}, {"type": "Feature", "geometry": {"type": "Point", "coordinates": [94.2758, 25.6773]}, "properties": {"state": "Nagaland", "district": "Nagala-D6", "event_date": "2023-06-13", "slope_deg": 24.5825, "rain_3d": 34.7621, "label_conf": 1.0}}, {"type": "Feature", "geometry": {"type": "Point", "coordinates": [93.1192, 27.9738]}, "properties": {"state": "Arunachal Pradesh", "district": "Arunac-D6", "event_date": "2023-05-01", "slope_deg": 77.9124, "rain_3d": 69.912, "label_conf": 1.0}}, {"type": "Feature", "geometry": {"type": "Point", "coordinates": [93.8178, 23.9729]}, "properties": {"state": "Manipur", "district": "Manipu-D5", "event_date": "2023-05-22", "slope_deg": 18.1668, "rain_3d": 9.8115, "label_conf": 0.4}}, {"type": "Feature", "geometry": {"type": "Point", "coordinates": [94.341, 26.0587]}, "properties": {"state": "Nagaland", "district": "Nagala-D4", "event_date": "2023-04-12", "slope_deg": 17.7518, "rain_3d": 132.1497, "label_conf": 0.4}}, {"type": "Feature", "geometry": {"type": "Point", "coordinates": [92.9127, 22.8442]}, "properties": {"state": "Mizoram", "district": "Mizora-D1", "event_date": "2023-06-28", "slope_deg": 30.4331, "rain_3d": 29.9862, "label_conf": 1.0}}, {"type": "Feature", "geometry": {"type": "Point", "coordinates": [94.1367, 28.2043]}, "properties": {"state": "Arunachal Pradesh", "district": "Arunac-D7", "event_date": "2023-07-04", "slope_deg": 69.8448, "rain_3d": 113.7591, "label_conf": 1.0}}, {"type": "Feature", "geometry": {"type": "Point", "coordinates": [91.1749, 25.8852]}, "properties": {"state": "Meghalaya", "district": "Meghal-D3", "event_date": "2023-06-24", "slope_deg": 11.2982, "rain_3d": 35.7363, "label_conf": 0.7}}, {"type": "Feature", "geometry": {"type": "Point", "coordinates": [92.849, 23.054]}, "properties": {"state": "Mizoram", "district": "Mizora-D5", "event_date": "2023-09-24", "slope_deg": 42.767, "rain_3d": 35.7801, "label_conf": 0.7}}, {"type": "Feature", "geometry": {"type": "Point", "coordinates": [94.9302, 27.8123]}, "properties": {"state": "Arunachal Pradesh", "district": "Arunac-D5", "event_date": "2023-06-20", "slope_deg": 10.7351, "rain_3d": 97.844, "label_conf": 0.7}}, {"type": "Feature", "geometry": {"type": "Point", "coordinates": [90.8139, 25.6011]}, "properties": {"state": "Meghalaya", "district": "Meghal-D1", "event_date": "2023-07-29", "slope_deg": 14.6342, "rain_3d": 50.0201, "label_conf": 1.0}}, {"type": "Feature", "geometry": {"type": "Point", "coordinates": [93.1344, 27.2903]}, "properties": {"state": "Arunachal Pradesh", "district": "Arunac-D4", "event_date": "2023-06-27", "slope_deg": 26.4593, "rain_3d": 39.787, "label_conf": 0.7}}, {"type": "Feature", "geometry": {"type": "Point", "coordinates": [91.3233, 25.3435]}, "properties": {"state": "Meghalaya", "district": "Meghal-D7", "event_date": "2023-10-14", "slope_deg": 25.365, "rain_3d": 143.377, "label_conf": 0.7}}, {"type": "Feature", "geometry": {"type": "Point", "coordinates": [94.1027, 26.3659]}, "properties": {"state": "Nagaland", "district": "Nagala-D3", "event_date": "2023-08-16", "slope_deg": 25.8097, "rain_3d": 32.5615, "label_conf": 1.0}}, {"type": "Feature", "geometry": {"type": "Point", "coordinates": [95.1544, 27.9336]}, "properties": {"state": "Arunachal Pradesh", "district": "Arunac-D5", "event_date": "2023-06-12", "slope_deg": 25.7865, "rain_3d": 17.4764, "label_conf": 0.7}}, {"type": "Feature", "geometry": {"type": "Point", "coordinates": [92.9123, 23.1373]}, "properties": {"state": "Mizoram", "district": "Mizora-D2", "event_date": "2023-09-22", "slope_deg": 30.7427, "rain_3d": 64.0606, "label_conf": 1.0}}, {"type": "Feature", "geometry": {"type": "Point", "coordinates": [93.7617, 27.7158]}, "properties": {"state": "Arunachal Pradesh", "district": "Arunac-D1", "event_date": "2023-05-05", "slope_deg": 14.2761, "rain_3d": 55.64, "label_conf": 1.0}}, {"type": "Feature", "geometry": {"type": "Point", "coordinates": [94.621, 26.1985]}, "properties": {"state": "Nagaland", "district": "Nagala-D2", "event_date": "2023-07-03", "slope_deg": 37.6642, "rain_3d": 20.607, "label_conf": 0.7}}, {"type": "Feature", "geometry": {"type": "Point", "coordinates": [93.8239, 24.8922]}, "properties": {"state": "Manipur", "district": "Manipu-D4", "event_date": "2023-07-29", "slope_deg": 42.5293, "rain_3d": 42.7674, "label_conf": 0.7}}, {"type": "Feature", "geometry": {"type": "Point", "coordinates": [91.7626, 25.5565]}, "properties": {"state": "Meghalaya", "district": "Meghal-D2", "event_date": "2023-06-22", "slope_deg": 21.7321, "rain_3d": 16.5751, "label_conf": 0.7}}, {"type": "Feature", "geometry": {"type": "Point", "coordinates": [92.9486, 23.4216]}, "properties": {"state": "Mizoram", "district": "Mizora-D7", "event_date": "2023-06-01", "slope_deg": 11.0386, "rain_3d": 90.8761, "label_conf": 0.4}}, {"type": "Feature", "geometry": {"type": "Point", "coordinates": [93.3982, 28.0874]}, "properties": {"state": "Arunachal Pradesh", "district": "Arunac-D5", "event_date": "2023-06-20", "slope_deg": 31.8634, "rain_3d": 134.2103, "label_conf": 1.0}}, {"type": "Feature", "geometry": {"type": "Point", "coordinates": [91.2699, 25.3728]}, "properties": {"state": "Meghalaya", "district": "Meghal-D2", "event_date": "2023-07-24", "slope_deg": 14.4217, "rain_3d": 64.5156, "label_conf": 0.7}}, {"type": "Feature", "geometry": {"type": "Point", "coordinates": [92.9973, 27.9856]}, "properties": {"state": "Arunachal Pradesh", "district": "Arunac-D4", "event_date": "2023-06-18", "slope_deg": 32.8159, "rain_3d": 74.5401, "label_conf": 1.0}}, {"type": "Feature", "geometry": {"type": "Point", "coordinates": [94.2849, 24.5394]}, "properties": {"state": "Manipur", "district": "Manipu-D1", "event_date": "2023-08-15", "slope_deg": 37.5707, "rain_3d": 100.7577, "label_conf": 1.0}}, {"type": "Feature", "geometry": {"type": "Point", "coordinates": [90.9891, 25.4596]}, "properties": {"state": "Meghalaya", "district": "Meghal-D6", "event_date": "2023-07-23", "slope_deg": 29.3355, "rain_3d": 98.4276, "label_conf": 1.0}}, {"type": "Feature", "geometry": {"type": "Point", "coordinates": [91.7701, 25.4877]}, "properties": {"state": "Meghalaya", "district": "Meghal-D3", "event_date": "2023-09-22", "slope_deg": 14.8634, "rain_3d": 287.584, "label_conf": 0.4}}, {"type": "Feature", "geometry": {"type": "Point", "coordinates": [94.4649, 25.8913]}, "properties": {"state": "Nagaland", "district": "Nagala-D1", "event_date": "2023-08-29", "slope_deg": 52.1066, "rain_3d": 29.7902, "label_conf": 0.7}}, {"type": "Feature", "geometry": {"type": "Point", "coordinates": [93.519, 27.9956]}, "properties": {"state": "Arunachal Pradesh", "district": "Arunac-D2", "event_date": "2023-07-20", "slope_deg": 45.4543, "rain_3d": 40.4066, "label_conf": 0.4}}, {"type": "Feature", "geometry": {"type": "Point", "coordinates": [90.7971, 25.8468]}, "properties": {"state": "Meghalaya", "district": "Meghal-D6", "event_date": "2023-08-31", "slope_deg": 53.5377, "rain_3d": 100.5123, "label_conf": 0.7}}, {"type": "Feature", "geometry": {"type": "Point", "coordinates": [94.2326, 26.1999]}, "properties": {"state": "Nagaland", "district": "Nagala-D2", "event_date": "2023-06-09", "slope_deg": 41.652, "rain_3d": 81.6674, "label_conf": 1.0}}, {"type": "Feature", "geometry": {"type": "Point", "coordinates": [92.9168, 23.2757]}, "properties": {"state": "Mizoram", "district": "Mizora-D5", "event_date": "2023-09-17", "slope_deg": 43.0838, "rain_3d": 92.6641, "label_conf": 0.4}}, {"type": "Feature", "geometry": {"type": "Point", "coordinates": [91.6849, 25.7524]}, "properties": {"state": "Meghalaya", "district": "Meghal-D3", "event_date": "2023-09-05", "slope_deg": 33.9783, "rain_3d": 133.0125, "label_conf": 1.0}}, {"type": "Feature", "geometry": {"type": "Point", "coordinates": [94.6588, 28.1298]}, "properties": {"state": "Arunachal Pradesh", "district": "Arunac-D3", "event_date": "2023-08-01", "slope_deg": 41.025, "rain_3d": 58.2221, "label_conf": 0.7}}, {"type": "Feature", "geometry": {"type": "Point", "coordinates": [91.5884, 25.4745]}, "properties": {"state": "Meghalaya", "district": "Meghal-D2", "event_date": "2023-07-17", "slope_deg": 47.1808, "rain_3d": 77.1883, "label_conf": 0.7}}, {"type": "Feature", "geometry": {"type": "Point", "coordinates": [91.2084, 25.9343]}, "properties": {"state": "Meghalaya", "district": "Meghal-D6", "event_date": "2023-07-14", "slope_deg": 53.2258, "rain_3d": 27.1188, "label_conf": 0.7}}, {"type": "Feature", "geometry": {"type": "Point", "coordinates": [94.099, 25.8877]}, "properties": {"state": "Nagaland", "district": "Nagala-D7", "event_date": "2023-05-25", "slope_deg": 28.139, "rain_3d": 81.3543, "label_conf": 1.0}}, {"type": "Feature", "geometry": {"type": "Point", "coordinates": [92.8332, 27.8015]}, "properties": {"state": "Arunachal Pradesh", "district": "Arunac-D7", "event_date": "2023-04-13", "slope_deg": 32.3647, "rain_3d": 81.1944, "label_conf": 0.7}}, {"type": "Feature", "geometry": {"type": "Point", "coordinates": [92.7258, 23.4473]}, "properties": {"state": "Mizoram", "district": "Mizora-D5", "event_date": "2023-06-23", "slope_deg": 31.6683, "rain_3d": 47.1999, "label_conf": 1.0}}, {"type": "Feature", "geometry": {"type": "Point", "coordinates": [93.9427, 28.4099]}, "properties": {"state": "Arunachal Pradesh", "district": "Arunac-D3", "event_date": "2023-08-19", "slope_deg": 29.1491, "rain_3d": 155.9072, "label_conf": 0.7}}, {"type": "Feature", "geometry": {"type": "Point", "coordinates": [95.18, 27.9535]}, "properties": {"state": "Arunachal Pradesh", "district": "Arunac-D4", "event_date": "2023-06-25", "slope_deg": 30.9058, "rain_3d": 68.5598, "label_conf": 0.4}}, {"type": "Feature", "geometry": {"type": "Point", "coordinates": [94.0992, 26.2616]}, "properties": {"state": "Nagaland", "district": "Nagala-D5", "event_date": "2023-03-12", "slope_deg": 15.3695, "rain_3d": 24.4705, "label_conf": 0.7}}, {"type": "Feature", "geometry": {"type": "Point", "coordinates": [94.2224, 26.1788]}, "properties": {"state": "Nagaland", "district": "Nagala-D1", "event_date": "2023-07-16", "slope_deg": 48.1956, "rain_3d": 29.3888, "label_conf": 1.0}}, {"type": "Feature", "geometry": {"type": "Point", "coordinates": [94.6457, 26.1536]}, "properties": {"state": "Nagaland", "district": "Nagala-D2", "event_date": "2023-08-16", "slope_deg": 49.8378, "rain_3d": 42.9584, "label_conf": 0.4}}, {"type": "Feature", "geometry": {"type": "Point", "coordinates": [92.8018, 23.1531]}, "properties": {"state": "Mizoram", "district": "Mizora-D2", "event_date": "2023-02-13", "slope_deg": 35.3467, "rain_3d": 56.4836, "label_conf": 0.7}}, {"type": "Feature", "geometry": {"type": "Point", "coordinates": [95.1718, 28.2493]}, "properties": {"state": "Arunachal Pradesh", "district": "Arunac-D2", "event_date": "2023-08-07", "slope_deg": 44.799, "rain_3d": 65.2594, "label_conf": 0.4}}, {"type": "Feature", "geometry": {"type": "Point", "coordinates": [93.2298, 28.0155]}, "properties": {"state": "Arunachal Pradesh", "district": "Arunac-D7", "event_date": "2023-06-02", "slope_deg": 44.6829, "rain_3d": 42.9173, "label_conf": 0.7}}, {"type": "Feature", "geometry": {"type": "Point", "coordinates": [93.9031, 28.161]}, "properties": {"state": "Arunachal Pradesh", "district": "Arunac-D2", "event_date": "2023-04-28", "slope_deg": 64.9282, "rain_3d": 53.0112, "label_conf": 0.7}}, {"type": "Feature", "geometry": {"type": "Point", "coordinates": [93.0201, 23.2549]}, "properties": {"state": "Mizoram", "district": "Mizora-D1", "event_date": "2023-03-24", "slope_deg": 40.9752, "rain_3d": 80.7746, "label_conf": 0.7}}, {"type": "Feature", "geometry": {"type": "Point", "coordinates": [93.6583, 24.6828]}, "properties": {"state": "Manipur", "district": "Manipu-D1", "event_date": "2023-07-09", "slope_deg": 20.0317, "rain_3d": 17.4753, "label_conf": 0.7}}, {"type": "Feature", "geometry": {"type": "Point", "coordinates": [94.1857, 25.1959]}, "properties": {"state": "Manipur", "district": "Manipu-D7", "event_date": "2023-04-25", "slope_deg": 20.049, "rain_3d": 17.4086, "label_conf": 1.0}}, {"type": "Feature", "geometry": {"type": "Point", "coordinates": [94.0945, 25.4198]}, "properties": {"state": "Nagaland", "district": "Nagala-D2", "event_date": "2023-10-03", "slope_deg": 32.0616, "rain_3d": 44.5341, "label_conf": 1.0}}, {"type": "Feature", "geometry": {"type": "Point", "coordinates": [91.6186, 25.5223]}, "properties": {"state": "Meghalaya", "district": "Meghal-D7", "event_date": "2023-08-02", "slope_deg": 27.6588, "rain_3d": 32.7294, "label_conf": 0.7}}, {"type": "Feature", "geometry": {"type": "Point", "coordinates": [94.6432, 27.5667]}, "properties": {"state": "Arunachal Pradesh", "district": "Arunac-D3", "event_date": "2023-05-05", "slope_deg": 44.274, "rain_3d": 43.1092, "label_conf": 0.7}}, {"type": "Feature", "geometry": {"type": "Point", "coordinates": [93.2133, 27.9216]}, "properties": {"state": "Arunachal Pradesh", "district": "Arunac-D6", "event_date": "2023-07-14", "slope_deg": 23.036, "rain_3d": 181.7429, "label_conf": 0.7}}, {"type": "Feature", "geometry": {"type": "Point", "coordinates": [94.1163, 24.7319]}, "properties": {"state": "Manipur", "district": "Manipu-D4", "event_date": "2023-06-17", "slope_deg": 30.8259, "rain_3d": 48.2739, "label_conf": 1.0}}, {"type": "Feature", "geometry": {"type": "Point", "coordinates": [94.4998, 27.7878]}, "properties": {"state": "Arunachal Pradesh", "district": "Arunac-D5", "event_date": "2023-07-11", "slope_deg": 46.557, "rain_3d": 25.0728, "label_conf": 0.7}}, {"type": "Feature", "geometry": {"type": "Point", "coordinates": [92.8828, 23.3081]}, "properties": {"state": "Mizoram", "district": "Mizora-D4", "event_date": "2023-04-28", "slope_deg": 78.0, "rain_3d": 153.185, "label_conf": 1.0}}, {"type": "Feature", "geometry": {"type": "Point", "coordinates": [95.4935, 27.9844]}, "properties": {"state": "Arunachal Pradesh", "district": "Arunac-D6", "event_date": "2023-07-25", "slope_deg": 28.7182, "rain_3d": 26.2365, "label_conf": 0.4}}, {"type": "Feature", "geometry": {"type": "Point", "coordinates": [92.4625, 23.3986]}, "properties": {"state": "Mizoram", "district": "Mizora-D5", "event_date": "2023-07-06", "slope_deg": 40.8263, "rain_3d": 75.5249, "label_conf": 0.7}}, {"type": "Feature", "geometry": {"type": "Point", "coordinates": [95.1297, 27.9069]}, "properties": {"state": "Arunachal Pradesh", "district": "Arunac-D3", "event_date": "2023-06-29", "slope_deg": 31.8031, "rain_3d": 36.0445, "label_conf": 0.7}}, {"type": "Feature", "geometry": {"type": "Point", "coordinates": [94.003, 24.4184]}, "properties": {"state": "Manipur", "district": "Manipu-D4", "event_date": "2023-06-07", "slope_deg": 8.6272, "rain_3d": 27.4298, "label_conf": 1.0}}, {"type": "Feature", "geometry": {"type": "Point", "coordinates": [91.7688, 25.6911]}, "properties": {"state": "Meghalaya", "district": "Meghal-D1", "event_date": "2023-07-26", "slope_deg": 27.9681, "rain_3d": 331.405, "label_conf": 1.0}}, {"type": "Feature", "geometry": {"type": "Point", "coordinates": [94.4154, 24.0711]}, "properties": {"state": "Manipur", "district": "Manipu-D7", "event_date": "2023-06-15", "slope_deg": 51.1965, "rain_3d": 34.4349, "label_conf": 1.0}}, {"type": "Feature", "geometry": {"type": "Point", "coordinates": [91.3917, 25.3875]}, "properties": {"state": "Meghalaya", "district": "Meghal-D3", "event_date": "2023-07-30", "slope_deg": 25.9964, "rain_3d": 62.4006, "label_conf": 0.4}}, {"type": "Feature", "geometry": {"type": "Point", "coordinates": [94.5094, 25.9536]}, "properties": {"state": "Nagaland", "district": "Nagala-D4", "event_date": "2023-08-06", "slope_deg": 35.7428, "rain_3d": 119.5815, "label_conf": 0.7}}, {"type": "Feature", "geometry": {"type": "Point", "coordinates": [95.9295, 27.5627]}, "properties": {"state": "Arunachal Pradesh", "district": "Arunac-D6", "event_date": "2023-04-09", "slope_deg": 48.4835, "rain_3d": 151.6566, "label_conf": 1.0}}, {"type": "Feature", "geometry": {"type": "Point", "coordinates": [94.0808, 25.5704]}, "properties": {"state": "Nagaland", "district": "Nagala-D2", "event_date": "2023-08-01", "slope_deg": 16.5757, "rain_3d": 98.3686, "label_conf": 1.0}}, {"type": "Feature", "geometry": {"type": "Point", "coordinates": [94.1102, 27.9808]}, "properties": {"state": "Arunachal Pradesh", "district": "Arunac-D2", "event_date": "2023-07-09", "slope_deg": 14.9438, "rain_3d": 13.6635, "label_conf": 1.0}}, {"type": "Feature", "geometry": {"type": "Point", "coordinates": [94.2996, 28.1196]}, "properties": {"state": "Arunachal Pradesh", "district": "Arunac-D4", "event_date": "2023-07-31", "slope_deg": 29.5674, "rain_3d": 157.906, "label_conf": 0.7}}, {"type": "Feature", "geometry": {"type": "Point", "coordinates": [92.7582, 23.223]}, "properties": {"state": "Mizoram", "district": "Mizora-D7", "event_date": "2023-07-06", "slope_deg": 31.1465, "rain_3d": 50.652, "label_conf": 0.4}}, {"type": "Feature", "geometry": {"type": "Point", "coordinates": [93.7182, 28.6947]}, "properties": {"state": "Arunachal Pradesh", "district": "Arunac-D3", "event_date": "2023-08-18", "slope_deg": 35.1837, "rain_3d": 129.5628, "label_conf": 0.7}}, {"type": "Feature", "geometry": {"type": "Point", "coordinates": [94.7699, 26.1833]}, "properties": {"state": "Nagaland", "district": "Nagala-D4", "event_date": "2023-07-12", "slope_deg": 55.8677, "rain_3d": 39.7084, "label_conf": 0.7}}, {"type": "Feature", "geometry": {"type": "Point", "coordinates": [92.8546, 23.1528]}, "properties": {"state": "Mizoram", "district": "Mizora-D7", "event_date": "2023-07-09", "slope_deg": 26.814, "rain_3d": 39.5902, "label_conf": 1.0}}, {"type": "Feature", "geometry": {"type": "Point", "coordinates": [95.0046, 28.3057]}, "properties": {"state": "Arunachal Pradesh", "district": "Arunac-D2", "event_date": "2023-05-19", "slope_deg": 40.2073, "rain_3d": 47.3007, "label_conf": 1.0}}, {"type": "Feature", "geometry": {"type": "Point", "coordinates": [94.6686, 25.8435]}, "properties": {"state": "Nagaland", "district": "Nagala-D3", "event_date": "2023-07-17", "slope_deg": 30.412, "rain_3d": 26.8144, "label_conf": 0.7}}, {"type": "Feature", "geometry": {"type": "Point", "coordinates": [93.8146, 24.6209]}, "properties": {"state": "Manipur", "district": "Manipu-D1", "event_date": "2023-07-31", "slope_deg": 36.6806, "rain_3d": 15.4829, "label_conf": 1.0}}, {"type": "Feature", "geometry": {"type": "Point", "coordinates": [94.1487, 27.93]}, "properties": {"state": "Arunachal Pradesh", "district": "Arunac-D1", "event_date": "2023-07-30", "slope_deg": 44.1319, "rain_3d": 195.944, "label_conf": 1.0}}, {"type": "Feature", "geometry": {"type": "Point", "coordinates": [91.4501, 25.0446]}, "properties": {"state": "Meghalaya", "district": "Meghal-D1", "event_date": "2023-05-31", "slope_deg": 74.913, "rain_3d": 106.5758, "label_conf": 0.4}}, {"type": "Feature", "geometry": {"type": "Point", "coordinates": [94.036, 23.9451]}, "properties": {"state": "Manipur", "district": "Manipu-D5", "event_date": "2023-10-14", "slope_deg": 52.6164, "rain_3d": 26.5603, "label_conf": 0.7}}, {"type": "Feature", "geometry": {"type": "Point", "coordinates": [94.4949, 25.4644]}, "properties": {"state": "Nagaland", "district": "Nagala-D3", "event_date": "2023-11-04", "slope_deg": 51.5424, "rain_3d": 76.6385, "label_conf": 0.4}}, {"type": "Feature", "geometry": {"type": "Point", "coordinates": [91.409, 25.8447]}, "properties": {"state": "Meghalaya", "district": "Meghal-D5", "event_date": "2023-07-18", "slope_deg": 49.0788, "rain_3d": 70.5499, "label_conf": 0.7}}, {"type": "Feature", "geometry": {"type": "Point", "coordinates": [92.9354, 23.7735]}, "properties": {"state": "Mizoram", "district": "Mizora-D7", "event_date": "2023-07-18", "slope_deg": 25.6169, "rain_3d": 50.6923, "label_conf": 1.0}}, {"type": "Feature", "geometry": {"type": "Point", "coordinates": [94.5291, 25.7973]}, "properties": {"state": "Nagaland", "district": "Nagala-D6", "event_date": "2023-08-07", "slope_deg": 38.3439, "rain_3d": 13.6826, "label_conf": 0.4}}, {"type": "Feature", "geometry": {"type": "Point", "coordinates": [95.9958, 27.7237]}, "properties": {"state": "Arunachal Pradesh", "district": "Arunac-D5", "event_date": "2023-08-08", "slope_deg": 19.6611, "rain_3d": 100.0775, "label_conf": 1.0}}, {"type": "Feature", "geometry": {"type": "Point", "coordinates": [94.4985, 27.6745]}, "properties": {"state": "Arunachal Pradesh", "district": "Arunac-D5", "event_date": "2023-07-08", "slope_deg": 44.1108, "rain_3d": 91.7125, "label_conf": 1.0}}, {"type": "Feature", "geometry": {"type": "Point", "coordinates": [92.9745, 23.4469]}, "properties": {"state": "Mizoram", "district": "Mizora-D5", "event_date": "2023-03-08", "slope_deg": 60.97, "rain_3d": 54.2437, "label_conf": 1.0}}, {"type": "Feature", "geometry": {"type": "Point", "coordinates": [92.6991, 23.1249]}, "properties": {"state": "Mizoram", "district": "Mizora-D2", "event_date": "2023-06-01", "slope_deg": 32.4717, "rain_3d": 40.6503, "label_conf": 0.7}}, {"type": "Feature", "geometry": {"type": "Point", "coordinates": [94.2615, 26.6187]}, "properties": {"state": "Nagaland", "district": "Nagala-D7", "event_date": "2023-07-17", "slope_deg": 47.8162, "rain_3d": 3.0838, "label_conf": 0.4}}, {"type": "Feature", "geometry": {"type": "Point", "coordinates": [94.1931, 26.073]}, "properties": {"state": "Nagaland", "district": "Nagala-D2", "event_date": "2023-06-01", "slope_deg": 28.6, "rain_3d": 65.8689, "label_conf": 0.7}}, {"type": "Feature", "geometry": {"type": "Point", "coordinates": [88.4734, 27.3953]}, "properties": {"state": "Sikkim", "district": "Sikkim-D1", "event_date": "2023-08-29", "slope_deg": 3.1922, "rain_3d": 54.4567, "label_conf": 0.4}}, {"type": "Feature", "geometry": {"type": "Point", "coordinates": [93.227, 27.8996]}, "properties": {"state": "Arunachal Pradesh", "district": "Arunac-D5", "event_date": "2023-09-16", "slope_deg": 47.7493, "rain_3d": 74.844, "label_conf": 0.4}}, {"type": "Feature", "geometry": {"type": "Point", "coordinates": [94.4602, 28.0007]}, "properties": {"state": "Arunachal Pradesh", "district": "Arunac-D3", "event_date": "2023-09-02", "slope_deg": 37.0885, "rain_3d": 138.8116, "label_conf": 1.0}}, {"type": "Feature", "geometry": {"type": "Point", "coordinates": [94.7666, 28.051]}, "properties": {"state": "Arunachal Pradesh", "district": "Arunac-D4", "event_date": "2023-06-12", "slope_deg": 66.6147, "rain_3d": 94.1984, "label_conf": 0.4}}, {"type": "Feature", "geometry": {"type": "Point", "coordinates": [94.4745, 28.1425]}, "properties": {"state": "Arunachal Pradesh", "district": "Arunac-D4", "event_date": "2023-06-12", "slope_deg": 43.9984, "rain_3d": 30.5055, "label_conf": 0.7}}, {"type": "Feature", "geometry": {"type": "Point", "coordinates": [93.7219, 23.9577]}, "properties": {"state": "Manipur", "district": "Manipu-D2", "event_date": "2023-09-05", "slope_deg": 27.5643, "rain_3d": 72.8289, "label_conf": 1.0}}, {"type": "Feature", "geometry": {"type": "Point", "coordinates": [91.5736, 25.9377]}, "properties": {"state": "Meghalaya", "district": "Meghal-D3", "event_date": "2023-06-19", "slope_deg": 5.8144, "rain_3d": 45.5206, "label_conf": 0.7}}, {"type": "Feature", "geometry": {"type": "Point", "coordinates": [94.3443, 25.7518]}, "properties": {"state": "Nagaland", "district": "Nagala-D6", "event_date": "2023-06-16", "slope_deg": 36.5507, "rain_3d": 50.6864, "label_conf": 0.7}}, {"type": "Feature", "geometry": {"type": "Point", "coordinates": [91.7197, 23.7967]}, "properties": {"state": "Tripura", "district": "Tripur-D2", "event_date": "2023-09-01", "slope_deg": 11.9241, "rain_3d": 60.0868, "label_conf": 0.4}}, {"type": "Feature", "geometry": {"type": "Point", "coordinates": [93.5672, 27.9778]}, "properties": {"state": "Arunachal Pradesh", "district": "Arunac-D1", "event_date": "2023-08-18", "slope_deg": 48.9952, "rain_3d": 80.5754, "label_conf": 0.7}}, {"type": "Feature", "geometry": {"type": "Point", "coordinates": [94.4187, 25.7378]}, "properties": {"state": "Nagaland", "district": "Nagala-D2", "event_date": "2023-07-14", "slope_deg": 67.1356, "rain_3d": 86.377, "label_conf": 1.0}}, {"type": "Feature", "geometry": {"type": "Point", "coordinates": [93.0241, 27.6964]}, "properties": {"state": "Arunachal Pradesh", "district": "Arunac-D4", "event_date": "2023-08-17", "slope_deg": 57.8437, "rain_3d": 23.5727, "label_conf": 0.4}}, {"type": "Feature", "geometry": {"type": "Point", "coordinates": [93.71, 27.9361]}, "properties": {"state": "Arunachal Pradesh", "district": "Arunac-D1", "event_date": "2023-07-26", "slope_deg": 41.913, "rain_3d": 36.2836, "label_conf": 0.7}}, {"type": "Feature", "geometry": {"type": "Point", "coordinates": [94.3429, 28.1686]}, "properties": {"state": "Arunachal Pradesh", "district": "Arunac-D5", "event_date": "2023-06-29", "slope_deg": 53.3398, "rain_3d": 95.898, "label_conf": 1.0}}, {"type": "Feature", "geometry": {"type": "Point", "coordinates": [93.6702, 24.2989]}, "properties": {"state": "Manipur", "district": "Manipu-D7", "event_date": "2023-07-14", "slope_deg": 43.5506, "rain_3d": 75.2754, "label_conf": 0.7}}, {"type": "Feature", "geometry": {"type": "Point", "coordinates": [95.2782, 27.9144]}, "properties": {"state": "Arunachal Pradesh", "district": "Arunac-D4", "event_date": "2023-09-25", "slope_deg": 72.0496, "rain_3d": 60.0358, "label_conf": 0.7}}, {"type": "Feature", "geometry": {"type": "Point", "coordinates": [93.9232, 28.2097]}, "properties": {"state": "Arunachal Pradesh", "district": "Arunac-D5", "event_date": "2023-06-11", "slope_deg": 17.2191, "rain_3d": 31.5194, "label_conf": 1.0}}, {"type": "Feature", "geometry": {"type": "Point", "coordinates": [92.8254, 26.0065]}, "properties": {"state": "Assam", "district": "Assam-D1", "event_date": "2023-06-15", "slope_deg": 2.5662, "rain_3d": 152.6473, "label_conf": 0.4}}, {"type": "Feature", "geometry": {"type": "Point", "coordinates": [90.9757, 25.6037]}, "properties": {"state": "Meghalaya", "district": "Meghal-D7", "event_date": "2023-08-03", "slope_deg": 27.5515, "rain_3d": 29.5095, "label_conf": 1.0}}, {"type": "Feature", "geometry": {"type": "Point", "coordinates": [93.9611, 24.5591]}, "properties": {"state": "Manipur", "district": "Manipu-D1", "event_date": "2023-06-20", "slope_deg": 73.506, "rain_3d": 50.0211, "label_conf": 0.4}}, {"type": "Feature", "geometry": {"type": "Point", "coordinates": [94.3129, 26.5105]}, "properties": {"state": "Nagaland", "district": "Nagala-D2", "event_date": "2023-06-18", "slope_deg": 55.1679, "rain_3d": 39.4473, "label_conf": 1.0}}, {"type": "Feature", "geometry": {"type": "Point", "coordinates": [93.0844, 28.2267]}, "properties": {"state": "Arunachal Pradesh", "district": "Arunac-D2", "event_date": "2023-05-10", "slope_deg": 31.2013, "rain_3d": 36.3925, "label_conf": 0.7}}, {"type": "Feature", "geometry": {"type": "Point", "coordinates": [91.4246, 25.7491]}, "properties": {"state": "Meghalaya", "district": "Meghal-D2", "event_date": "2023-12-17", "slope_deg": 43.0471, "rain_3d": 125.1018, "label_conf": 1.0}}, {"type": "Feature", "geometry": {"type": "Point", "coordinates": [94.2159, 28.3131]}, "properties": {"state": "Arunachal Pradesh", "district": "Arunac-D1", "event_date": "2023-09-09", "slope_deg": 45.1076, "rain_3d": 130.6084, "label_conf": 0.7}}, {"type": "Feature", "geometry": {"type": "Point", "coordinates": [93.0492, 23.7346]}, "properties": {"state": "Mizoram", "district": "Mizora-D3", "event_date": "2023-06-26", "slope_deg": 31.1226, "rain_3d": 81.1559, "label_conf": 0.7}}, {"type": "Feature", "geometry": {"type": "Point", "coordinates": [94.7094, 28.4229]}, "properties": {"state": "Arunachal Pradesh", "district": "Arunac-D6", "event_date": "2023-08-06", "slope_deg": 73.8397, "rain_3d": 114.0188, "label_conf": 0.7}}, {"type": "Feature", "geometry": {"type": "Point", "coordinates": [94.2698, 28.3793]}, "properties": {"state": "Arunachal Pradesh", "district": "Arunac-D5", "event_date": "2023-10-10", "slope_deg": 28.0815, "rain_3d": 62.1878, "label_conf": 1.0}}, {"type": "Feature", "geometry": {"type": "Point", "coordinates": [91.5124, 25.0297]}, "properties": {"state": "Meghalaya", "district": "Meghal-D3", "event_date": "2023-08-21", "slope_deg": 38.3614, "rain_3d": 69.6699, "label_conf": 0.4}}, {"type": "Feature", "geometry": {"type": "Point", "coordinates": [92.6729, 23.4646]}, "properties": {"state": "Mizoram", "district": "Mizora-D5", "event_date": "2023-06-08", "slope_deg": 32.6315, "rain_3d": 124.2961, "label_conf": 0.4}}, {"type": "Feature", "geometry": {"type": "Point", "coordinates": [92.8153, 27.8286]}, "properties": {"state": "Arunachal Pradesh", "district": "Arunac-D1", "event_date": "2023-05-31", "slope_deg": 12.9745, "rain_3d": 67.4954, "label_conf": 1.0}}, {"type": "Feature", "geometry": {"type": "Point", "coordinates": [93.165, 28.1846]}, "properties": {"state": "Arunachal Pradesh", "district": "Arunac-D1", "event_date": "2023-01-16", "slope_deg": 43.4972, "rain_3d": 55.7289, "label_conf": 0.7}}, {"type": "Feature", "geometry": {"type": "Point", "coordinates": [93.0732, 22.9934]}, "properties": {"state": "Mizoram", "district": "Mizora-D3", "event_date": "2023-04-14", "slope_deg": 32.7442, "rain_3d": 27.1323, "label_conf": 1.0}}, {"type": "Feature", "geometry": {"type": "Point", "coordinates": [93.9875, 27.739]}, "properties": {"state": "Arunachal Pradesh", "district": "Arunac-D5", "event_date": "2023-06-17", "slope_deg": 29.9619, "rain_3d": 227.2127, "label_conf": 0.4}}, {"type": "Feature", "geometry": {"type": "Point", "coordinates": [88.3356, 26.8308]}, "properties": {"state": "Sikkim", "district": "Sikkim-D4", "event_date": "2023-07-22", "slope_deg": 6.1117, "rain_3d": 95.9257, "label_conf": 0.4}}, {"type": "Feature", "geometry": {"type": "Point", "coordinates": [95.0733, 28.273]}, "properties": {"state": "Arunachal Pradesh", "district": "Arunac-D4", "event_date": "2023-08-11", "slope_deg": 36.4721, "rain_3d": 110.7582, "label_conf": 1.0}}, {"type": "Feature", "geometry": {"type": "Point", "coordinates": [95.0162, 28.259]}, "properties": {"state": "Arunachal Pradesh", "district": "Arunac-D2", "event_date": "2023-06-18", "slope_deg": 16.163, "rain_3d": 37.079, "label_conf": 0.7}}, {"type": "Feature", "geometry": {"type": "Point", "coordinates": [94.7034, 25.8876]}, "properties": {"state": "Nagaland", "district": "Nagala-D3", "event_date": "2023-08-06", "slope_deg": 51.2156, "rain_3d": 46.148, "label_conf": 0.4}}, {"type": "Feature", "geometry": {"type": "Point", "coordinates": [91.5616, 25.453]}, "properties": {"state": "Meghalaya", "district": "Meghal-D5", "event_date": "2023-08-14", "slope_deg": 12.8837, "rain_3d": 12.1562, "label_conf": 1.0}}, {"type": "Feature", "geometry": {"type": "Point", "coordinates": [94.2535, 26.0139]}, "properties": {"state": "Nagaland", "district": "Nagala-D4", "event_date": "2023-06-17", "slope_deg": 68.9989, "rain_3d": 112.6388, "label_conf": 0.7}}, {"type": "Feature", "geometry": {"type": "Point", "coordinates": [94.4211, 25.8084]}, "properties": {"state": "Nagaland", "district": "Nagala-D2", "event_date": "2023-04-16", "slope_deg": 47.6044, "rain_3d": 53.4289, "label_conf": 1.0}}, {"type": "Feature", "geometry": {"type": "Point", "coordinates": [90.671, 25.3192]}, "properties": {"state": "Meghalaya", "district": "Meghal-D2", "event_date": "2023-09-03", "slope_deg": 58.3187, "rain_3d": 104.6279, "label_conf": 0.4}}, {"type": "Feature", "geometry": {"type": "Point", "coordinates": [94.327, 28.095]}, "properties": {"state": "Arunachal Pradesh", "district": "Arunac-D6", "event_date": "2023-05-29", "slope_deg": 18.9211, "rain_3d": 16.7084, "label_conf": 0.7}}, {"type": "Feature", "geometry": {"type": "Point", "coordinates": [91.8206, 25.6475]}, "properties": {"state": "Meghalaya", "district": "Meghal-D3", "event_date": "2023-04-02", "slope_deg": 46.0963, "rain_3d": 44.6902, "label_conf": 0.7}}, {"type": "Feature", "geometry": {"type": "Point", "coordinates": [93.509, 28.0207]}, "properties": {"state": "Arunachal Pradesh", "district": "Arunac-D6", "event_date": "2023-07-13", "slope_deg": 15.8167, "rain_3d": 75.4548, "label_conf": 0.7}}, {"type": "Feature", "geometry": {"type": "Point", "coordinates": [91.4862, 25.688]}, "properties": {"state": "Meghalaya", "district": "Meghal-D7", "event_date": "2023-08-05", "slope_deg": 29.3246, "rain_3d": 51.0166, "label_conf": 0.7}}, {"type": "Feature", "geometry": {"type": "Point", "coordinates": [91.8318, 25.3636]}, "properties": {"state": "Meghalaya", "district": "Meghal-D1", "event_date": "2023-06-23", "slope_deg": 37.8511, "rain_3d": 18.2509, "label_conf": 0.4}}, {"type": "Feature", "geometry": {"type": "Point", "coordinates": [94.3264, 26.342]}, "properties": {"state": "Nagaland", "district": "Nagala-D6", "event_date": "2023-07-10", "slope_deg": 29.3808, "rain_3d": 75.0138, "label_conf": 0.4}}, {"type": "Feature", "geometry": {"type": "Point", "coordinates": [93.927, 27.6061]}, "properties": {"state": "Arunachal Pradesh", "district": "Arunac-D2", "event_date": "2023-05-11", "slope_deg": 44.9995, "rain_3d": 22.3391, "label_conf": 0.4}}, {"type": "Feature", "geometry": {"type": "Point", "coordinates": [92.7626, 23.2359]}, "properties": {"state": "Mizoram", "district": "Mizora-D1", "event_date": "2023-07-19", "slope_deg": 30.5442, "rain_3d": 120.1025, "label_conf": 0.7}}, {"type": "Feature", "geometry": {"type": "Point", "coordinates": [94.525, 26.084]}, "properties": {"state": "Nagaland", "district": "Nagala-D2", "event_date": "2023-06-18", "slope_deg": 47.2421, "rain_3d": 112.2256, "label_conf": 0.7}}, {"type": "Feature", "geometry": {"type": "Point", "coordinates": [93.7625, 28.5335]}, "properties": {"state": "Arunachal Pradesh", "district": "Arunac-D3", "event_date": "2023-08-23", "slope_deg": 20.082, "rain_3d": 88.2813, "label_conf": 1.0}}, {"type": "Feature", "geometry": {"type": "Point", "coordinates": [94.0213, 24.986]}, "properties": {"state": "Manipur", "district": "Manipu-D3", "event_date": "2023-04-11", "slope_deg": 47.5794, "rain_3d": 113.7947, "label_conf": 1.0}}, {"type": "Feature", "geometry": {"type": "Point", "coordinates": [91.9409, 25.7894]}, "properties": {"state": "Meghalaya", "district": "Meghal-D2", "event_date": "2023-06-25", "slope_deg": 25.2595, "rain_3d": 159.5559, "label_conf": 0.4}}, {"type": "Feature", "geometry": {"type": "Point", "coordinates": [94.8694, 27.4884]}, "properties": {"state": "Arunachal Pradesh", "district": "Arunac-D1", "event_date": "2023-08-09", "slope_deg": 18.9208, "rain_3d": 59.063, "label_conf": 0.7}}, {"type": "Feature", "geometry": {"type": "Point", "coordinates": [94.4999, 25.7394]}, "properties": {"state": "Nagaland", "district": "Nagala-D1", "event_date": "2023-06-03", "slope_deg": 59.6886, "rain_3d": 74.1363, "label_conf": 0.7}}, {"type": "Feature", "geometry": {"type": "Point", "coordinates": [91.4856, 25.9687]}, "properties": {"state": "Meghalaya", "district": "Meghal-D5", "event_date": "2023-06-28", "slope_deg": 46.7154, "rain_3d": 30.3158, "label_conf": 1.0}}, {"type": "Feature", "geometry": {"type": "Point", "coordinates": [93.7252, 27.5448]}, "properties": {"state": "Arunachal Pradesh", "district": "Arunac-D6", "event_date": "2023-07-12", "slope_deg": 26.6087, "rain_3d": 50.2183, "label_conf": 0.4}}, {"type": "Feature", "geometry": {"type": "Point", "coordinates": [92.9415, 23.6436]}, "properties": {"state": "Mizoram", "district": "Mizora-D2", "event_date": "2023-06-26", "slope_deg": 26.2351, "rain_3d": 59.359, "label_conf": 1.0}}, {"type": "Feature", "geometry": {"type": "Point", "coordinates": [91.3593, 24.7565]}, "properties": {"state": "Meghalaya", "district": "Meghal-D5", "event_date": "2023-08-04", "slope_deg": 32.8335, "rain_3d": 93.4547, "label_conf": 1.0}}, {"type": "Feature", "geometry": {"type": "Point", "coordinates": [94.3672, 26.0486]}, "properties": {"state": "Nagaland", "district": "Nagala-D4", "event_date": "2023-09-18", "slope_deg": 5.5377, "rain_3d": 113.9742, "label_conf": 0.7}}, {"type": "Feature", "geometry": {"type": "Point", "coordinates": [93.06, 24.0005]}, "properties": {"state": "Mizoram", "district": "Mizora-D7", "event_date": "2023-04-18", "slope_deg": 15.6527, "rain_3d": 116.4984, "label_conf": 1.0}}, {"type": "Feature", "geometry": {"type": "Point", "coordinates": [94.518, 25.5877]}, "properties": {"state": "Nagaland", "district": "Nagala-D1", "event_date": "2023-08-03", "slope_deg": 39.1025, "rain_3d": 14.1951, "label_conf": 0.4}}, {"type": "Feature", "geometry": {"type": "Point", "coordinates": [94.0732, 28.4388]}, "properties": {"state": "Arunachal Pradesh", "district": "Arunac-D3", "event_date": "2023-05-26", "slope_deg": 48.9514, "rain_3d": 73.3369, "label_conf": 0.7}}, {"type": "Feature", "geometry": {"type": "Point", "coordinates": [92.8291, 23.7368]}, "properties": {"state": "Mizoram", "district": "Mizora-D7", "event_date": "2023-07-19", "slope_deg": 35.6925, "rain_3d": 18.3335, "label_conf": 1.0}}, {"type": "Feature", "geometry": {"type": "Point", "coordinates": [90.799, 25.3252]}, "properties": {"state": "Meghalaya", "district": "Meghal-D1", "event_date": "2023-07-12", "slope_deg": 28.8207, "rain_3d": 25.7719, "label_conf": 0.4}}, {"type": "Feature", "geometry": {"type": "Point", "coordinates": [94.1964, 25.4866]}, "properties": {"state": "Nagaland", "district": "Nagala-D4", "event_date": "2023-05-29", "slope_deg": 43.0297, "rain_3d": 26.3914, "label_conf": 1.0}}, {"type": "Feature", "geometry": {"type": "Point", "coordinates": [94.3297, 25.6225]}, "properties": {"state": "Nagaland", "district": "Nagala-D1", "event_date": "2023-08-27", "slope_deg": 78.0, "rain_3d": 43.6141, "label_conf": 0.4}}, {"type": "Feature", "geometry": {"type": "Point", "coordinates": [94.2174, 26.3248]}, "properties": {"state": "Nagaland", "district": "Nagala-D5", "event_date": "2023-07-09", "slope_deg": 61.8964, "rain_3d": 44.1459, "label_conf": 1.0}}, {"type": "Feature", "geometry": {"type": "Point", "coordinates": [91.2014, 25.4303]}, "properties": {"state": "Meghalaya", "district": "Meghal-D6", "event_date": "2023-06-14", "slope_deg": 26.9032, "rain_3d": 74.1206, "label_conf": 0.7}}, {"type": "Feature", "geometry": {"type": "Point", "coordinates": [93.5253, 28.1102]}, "properties": {"state": "Arunachal Pradesh", "district": "Arunac-D2", "event_date": "2023-06-01", "slope_deg": 10.5444, "rain_3d": 72.2207, "label_conf": 0.4}}, {"type": "Feature", "geometry": {"type": "Point", "coordinates": [91.5936, 25.2992]}, "properties": {"state": "Meghalaya", "district": "Meghal-D5", "event_date": "2023-08-22", "slope_deg": 24.6359, "rain_3d": 162.0112, "label_conf": 1.0}}, {"type": "Feature", "geometry": {"type": "Point", "coordinates": [95.2424, 27.9497]}, "properties": {"state": "Arunachal Pradesh", "district": "Arunac-D2", "event_date": "2023-04-09", "slope_deg": 21.7794, "rain_3d": 23.4712, "label_conf": 0.7}}, {"type": "Feature", "geometry": {"type": "Point", "coordinates": [94.1739, 26.0501]}, "properties": {"state": "Nagaland", "district": "Nagala-D1", "event_date": "2023-07-08", "slope_deg": 40.9218, "rain_3d": 54.1917, "label_conf": 1.0}}, {"type": "Feature", "geometry": {"type": "Point", "coordinates": [94.6076, 25.6988]}, "properties": {"state": "Nagaland", "district": "Nagala-D5", "event_date": "2023-06-17", "slope_deg": 38.7988, "rain_3d": 138.9327, "label_conf": 0.4}}, {"type": "Feature", "geometry": {"type": "Point", "coordinates": [94.3473, 28.0818]}, "properties": {"state": "Arunachal Pradesh", "district": "Arunac-D6", "event_date": "2023-08-07", "slope_deg": 48.9401, "rain_3d": 16.0163, "label_conf": 0.7}}, {"type": "Feature", "geometry": {"type": "Point", "coordinates": [95.0984, 27.8878]}, "properties": {"state": "Arunachal Pradesh", "district": "Arunac-D6", "event_date": "2023-05-01", "slope_deg": 23.4913, "rain_3d": 78.716, "label_conf": 1.0}}, {"type": "Feature", "geometry": {"type": "Point", "coordinates": [94.441, 26.0708]}, "properties": {"state": "Nagaland", "district": "Nagala-D7", "event_date": "2023-09-06", "slope_deg": 57.7144, "rain_3d": 133.4042, "label_conf": 1.0}}, {"type": "Feature", "geometry": {"type": "Point", "coordinates": [93.1216, 26.6246]}, "properties": {"state": "Assam", "district": "Assam-D5", "event_date": "2023-05-27", "slope_deg": 4.7783, "rain_3d": 28.9508, "label_conf": 0.4}}, {"type": "Feature", "geometry": {"type": "Point", "coordinates": [93.8752, 27.649]}, "properties": {"state": "Arunachal Pradesh", "district": "Arunac-D3", "event_date": "2023-05-24", "slope_deg": 28.6447, "rain_3d": 74.2682, "label_conf": 0.7}}, {"type": "Feature", "geometry": {"type": "Point", "coordinates": [94.7457, 25.9336]}, "properties": {"state": "Nagaland", "district": "Nagala-D1", "event_date": "2023-07-24", "slope_deg": 11.0002, "rain_3d": 83.1053, "label_conf": 0.4}}, {"type": "Feature", "geometry": {"type": "Point", "coordinates": [94.8608, 28.0332]}, "properties": {"state": "Arunachal Pradesh", "district": "Arunac-D6", "event_date": "2023-06-30", "slope_deg": 29.1472, "rain_3d": 33.2456, "label_conf": 1.0}}, {"type": "Feature", "geometry": {"type": "Point", "coordinates": [94.1415, 28.5074]}, "properties": {"state": "Arunachal Pradesh", "district": "Arunac-D3", "event_date": "2023-05-05", "slope_deg": 30.9976, "rain_3d": 48.0943, "label_conf": 0.7}}, {"type": "Feature", "geometry": {"type": "Point", "coordinates": [93.1532, 23.3022]}, "properties": {"state": "Mizoram", "district": "Mizora-D4", "event_date": "2023-10-01", "slope_deg": 29.1022, "rain_3d": 53.4504, "label_conf": 0.4}}, {"type": "Feature", "geometry": {"type": "Point", "coordinates": [92.8041, 23.367]}, "properties": {"state": "Mizoram", "district": "Mizora-D5", "event_date": "2023-06-20", "slope_deg": 35.8985, "rain_3d": 143.8346, "label_conf": 0.7}}, {"type": "Feature", "geometry": {"type": "Point", "coordinates": [93.8446, 24.6674]}, "properties": {"state": "Manipur", "district": "Manipu-D4", "event_date": "2023-07-14", "slope_deg": 49.1172, "rain_3d": 21.9413, "label_conf": 0.4}}, {"type": "Feature", "geometry": {"type": "Point", "coordinates": [91.6036, 25.5059]}, "properties": {"state": "Meghalaya", "district": "Meghal-D3", "event_date": "2023-07-10", "slope_deg": 29.5928, "rain_3d": 87.4419, "label_conf": 1.0}}, {"type": "Feature", "geometry": {"type": "Point", "coordinates": [93.2878, 27.7391]}, "properties": {"state": "Arunachal Pradesh", "district": "Arunac-D6", "event_date": "2023-08-14", "slope_deg": 26.6184, "rain_3d": 143.2533, "label_conf": 1.0}}, {"type": "Feature", "geometry": {"type": "Point", "coordinates": [94.2076, 26.0319]}, "properties": {"state": "Nagaland", "district": "Nagala-D7", "event_date": "2023-05-14", "slope_deg": 23.0139, "rain_3d": 74.9721, "label_conf": 1.0}}, {"type": "Feature", "geometry": {"type": "Point", "coordinates": [95.1987, 27.9542]}, "properties": {"state": "Arunachal Pradesh", "district": "Arunac-D6", "event_date": "2023-06-12", "slope_deg": 29.5632, "rain_3d": 39.6078, "label_conf": 0.4}}, {"type": "Feature", "geometry": {"type": "Point", "coordinates": [94.5685, 25.9277]}, "properties": {"state": "Nagaland", "district": "Nagala-D1", "event_date": "2023-07-10", "slope_deg": 10.7817, "rain_3d": 88.104, "label_conf": 0.4}}, {"type": "Feature", "geometry": {"type": "Point", "coordinates": [93.2238, 27.7219]}, "properties": {"state": "Arunachal Pradesh", "district": "Arunac-D6", "event_date": "2023-08-22", "slope_deg": 56.4762, "rain_3d": 61.823, "label_conf": 0.7}}, {"type": "Feature", "geometry": {"type": "Point", "coordinates": [93.8617, 28.111]}, "properties": {"state": "Arunachal Pradesh", "district": "Arunac-D3", "event_date": "2023-08-05", "slope_deg": 20.5618, "rain_3d": 10.6349, "label_conf": 0.7}}, {"type": "Feature", "geometry": {"type": "Point", "coordinates": [93.1699, 27.9254]}, "properties": {"state": "Arunachal Pradesh", "district": "Arunac-D6", "event_date": "2023-07-24", "slope_deg": 26.0685, "rain_3d": 17.0523, "label_conf": 1.0}}, {"type": "Feature", "geometry": {"type": "Point", "coordinates": [95.118, 28.0804]}, "properties": {"state": "Arunachal Pradesh", "district": "Arunac-D5", "event_date": "2023-06-11", "slope_deg": 53.5595, "rain_3d": 86.1983, "label_conf": 0.4}}, {"type": "Feature", "geometry": {"type": "Point", "coordinates": [91.5613, 24.9464]}, "properties": {"state": "Meghalaya", "district": "Meghal-D4", "event_date": "2023-06-14", "slope_deg": 33.4048, "rain_3d": 44.7922, "label_conf": 0.7}}, {"type": "Feature", "geometry": {"type": "Point", "coordinates": [95.0508, 27.9717]}, "properties": {"state": "Arunachal Pradesh", "district": "Arunac-D7", "event_date": "2023-10-21", "slope_deg": 24.9079, "rain_3d": 85.5071, "label_conf": 1.0}}, {"type": "Feature", "geometry": {"type": "Point", "coordinates": [90.9223, 25.5805]}, "properties": {"state": "Meghalaya", "district": "Meghal-D5", "event_date": "2023-07-27", "slope_deg": 16.9471, "rain_3d": 84.1886, "label_conf": 1.0}}, {"type": "Feature", "geometry": {"type": "Point", "coordinates": [94.3726, 26.4076]}, "properties": {"state": "Nagaland", "district": "Nagala-D7", "event_date": "2023-05-27", "slope_deg": 38.3537, "rain_3d": 51.7062, "label_conf": 1.0}}, {"type": "Feature", "geometry": {"type": "Point", "coordinates": [88.2827, 27.5815]}, "properties": {"state": "Sikkim", "district": "Sikkim-D6", "event_date": "2023-08-06", "slope_deg": 1.8597, "rain_3d": 97.9831, "label_conf": 1.0}}, {"type": "Feature", "geometry": {"type": "Point", "coordinates": [91.1761, 25.3578]}, "properties": {"state": "Meghalaya", "district": "Meghal-D1", "event_date": "2023-07-19", "slope_deg": 19.1478, "rain_3d": 18.0724, "label_conf": 1.0}}, {"type": "Feature", "geometry": {"type": "Point", "coordinates": [92.6627, 23.0862]}, "properties": {"state": "Mizoram", "district": "Mizora-D2", "event_date": "2023-06-19", "slope_deg": 34.345, "rain_3d": 15.5072, "label_conf": 0.7}}, {"type": "Feature", "geometry": {"type": "Point", "coordinates": [94.6941, 26.1708]}, "properties": {"state": "Nagaland", "district": "Nagala-D2", "event_date": "2023-07-23", "slope_deg": 48.5818, "rain_3d": 57.5622, "label_conf": 1.0}}, {"type": "Feature", "geometry": {"type": "Point", "coordinates": [93.6119, 24.5683]}, "properties": {"state": "Manipur", "district": "Manipu-D4", "event_date": "2023-08-05", "slope_deg": 42.5201, "rain_3d": 71.378, "label_conf": 1.0}}, {"type": "Feature", "geometry": {"type": "Point", "coordinates": [94.4968, 26.3062]}, "properties": {"state": "Nagaland", "district": "Nagala-D6", "event_date": "2023-06-22", "slope_deg": 6.8004, "rain_3d": 89.0173, "label_conf": 0.4}}, {"type": "Feature", "geometry": {"type": "Point", "coordinates": [93.9313, 24.4302]}, "properties": {"state": "Manipur", "district": "Manipu-D1", "event_date": "2023-05-09", "slope_deg": 48.1211, "rain_3d": 63.3545, "label_conf": 1.0}}, {"type": "Feature", "geometry": {"type": "Point", "coordinates": [92.7486, 23.6003]}, "properties": {"state": "Mizoram", "district": "Mizora-D6", "event_date": "2023-08-11", "slope_deg": 33.1088, "rain_3d": 47.5659, "label_conf": 1.0}}, {"type": "Feature", "geometry": {"type": "Point", "coordinates": [90.9684, 25.5492]}, "properties": {"state": "Meghalaya", "district": "Meghal-D6", "event_date": "2023-12-03", "slope_deg": 26.401, "rain_3d": 49.0243, "label_conf": 1.0}}, {"type": "Feature", "geometry": {"type": "Point", "coordinates": [91.7703, 25.6285]}, "properties": {"state": "Meghalaya", "district": "Meghal-D6", "event_date": "2023-06-08", "slope_deg": 31.9823, "rain_3d": 37.9194, "label_conf": 1.0}}, {"type": "Feature", "geometry": {"type": "Point", "coordinates": [93.6196, 25.0502]}, "properties": {"state": "Manipur", "district": "Manipu-D6", "event_date": "2023-05-27", "slope_deg": 40.8703, "rain_3d": 139.5507, "label_conf": 0.7}}, {"type": "Feature", "geometry": {"type": "Point", "coordinates": [94.415, 27.7421]}, "properties": {"state": "Arunachal Pradesh", "district": "Arunac-D4", "event_date": "2023-07-22", "slope_deg": 37.8383, "rain_3d": 24.3591, "label_conf": 1.0}}, {"type": "Feature", "geometry": {"type": "Point", "coordinates": [93.9061, 28.4026]}, "properties": {"state": "Arunachal Pradesh", "district": "Arunac-D6", "event_date": "2023-06-02", "slope_deg": 78.0, "rain_3d": 20.595, "label_conf": 1.0}}, {"type": "Feature", "geometry": {"type": "Point", "coordinates": [94.6172, 26.0694]}, "properties": {"state": "Nagaland", "district": "Nagala-D7", "event_date": "2023-07-17", "slope_deg": 33.7698, "rain_3d": 42.9704, "label_conf": 0.7}}, {"type": "Feature", "geometry": {"type": "Point", "coordinates": [94.2924, 27.9563]}, "properties": {"state": "Arunachal Pradesh", "district": "Arunac-D7", "event_date": "2023-06-01", "slope_deg": 33.7836, "rain_3d": 45.3636, "label_conf": 1.0}}, {"type": "Feature", "geometry": {"type": "Point", "coordinates": [92.6233, 23.2659]}, "properties": {"state": "Mizoram", "district": "Mizora-D5", "event_date": "2023-05-12", "slope_deg": 28.7544, "rain_3d": 68.059, "label_conf": 1.0}}, {"type": "Feature", "geometry": {"type": "Point", "coordinates": [93.9532, 24.4872]}, "properties": {"state": "Manipur", "district": "Manipu-D3", "event_date": "2023-07-06", "slope_deg": 45.2772, "rain_3d": 72.0967, "label_conf": 0.7}}, {"type": "Feature", "geometry": {"type": "Point", "coordinates": [94.4764, 28.4766]}, "properties": {"state": "Arunachal Pradesh", "district": "Arunac-D6", "event_date": "2023-01-17", "slope_deg": 47.4628, "rain_3d": 61.9576, "label_conf": 1.0}}, {"type": "Feature", "geometry": {"type": "Point", "coordinates": [93.2213, 27.9957]}, "properties": {"state": "Arunachal Pradesh", "district": "Arunac-D6", "event_date": "2023-10-28", "slope_deg": 58.2437, "rain_3d": 56.9145, "label_conf": 1.0}}, {"type": "Feature", "geometry": {"type": "Point", "coordinates": [94.3664, 28.2262]}, "properties": {"state": "Arunachal Pradesh", "district": "Arunac-D5", "event_date": "2023-08-23", "slope_deg": 62.4035, "rain_3d": 87.7403, "label_conf": 1.0}}, {"type": "Feature", "geometry": {"type": "Point", "coordinates": [93.7944, 24.777]}, "properties": {"state": "Manipur", "district": "Manipu-D5", "event_date": "2023-05-18", "slope_deg": 55.4946, "rain_3d": 64.9164, "label_conf": 1.0}}, {"type": "Feature", "geometry": {"type": "Point", "coordinates": [94.0213, 24.3801]}, "properties": {"state": "Manipur", "district": "Manipu-D4", "event_date": "2023-10-05", "slope_deg": 23.8003, "rain_3d": 106.2311, "label_conf": 0.4}}, {"type": "Feature", "geometry": {"type": "Point", "coordinates": [93.8844, 25.1291]}, "properties": {"state": "Manipur", "district": "Manipu-D3", "event_date": "2023-05-21", "slope_deg": 42.535, "rain_3d": 117.8237, "label_conf": 1.0}}, {"type": "Feature", "geometry": {"type": "Point", "coordinates": [93.9707, 24.5293]}, "properties": {"state": "Manipur", "district": "Manipu-D2", "event_date": "2023-06-06", "slope_deg": 59.066, "rain_3d": 61.9474, "label_conf": 0.4}}, {"type": "Feature", "geometry": {"type": "Point", "coordinates": [93.8811, 24.2687]}, "properties": {"state": "Manipur", "district": "Manipu-D4", "event_date": "2023-06-28", "slope_deg": 37.4722, "rain_3d": 73.2588, "label_conf": 1.0}}, {"type": "Feature", "geometry": {"type": "Point", "coordinates": [92.7937, 23.6034]}, "properties": {"state": "Mizoram", "district": "Mizora-D6", "event_date": "2023-08-07", "slope_deg": 17.5716, "rain_3d": 75.3905, "label_conf": 0.7}}, {"type": "Feature", "geometry": {"type": "Point", "coordinates": [92.835, 23.6329]}, "properties": {"state": "Mizoram", "district": "Mizora-D1", "event_date": "2023-06-24", "slope_deg": 32.0479, "rain_3d": 121.8448, "label_conf": 0.4}}, {"type": "Feature", "geometry": {"type": "Point", "coordinates": [94.0752, 28.0608]}, "properties": {"state": "Arunachal Pradesh", "district": "Arunac-D7", "event_date": "2023-04-26", "slope_deg": 48.6837, "rain_3d": 37.8673, "label_conf": 1.0}}, {"type": "Feature", "geometry": {"type": "Point", "coordinates": [94.6455, 25.9608]}, "properties": {"state": "Nagaland", "district": "Nagala-D7", "event_date": "2023-07-12", "slope_deg": 19.8947, "rain_3d": 52.8866, "label_conf": 1.0}}, {"type": "Feature", "geometry": {"type": "Point", "coordinates": [92.5893, 27.353]}, "properties": {"state": "Arunachal Pradesh", "district": "Arunac-D6", "event_date": "2023-10-22", "slope_deg": 38.9027, "rain_3d": 51.3958, "label_conf": 0.7}}, {"type": "Feature", "geometry": {"type": "Point", "coordinates": [91.0848, 25.8152]}, "properties": {"state": "Meghalaya", "district": "Meghal-D3", "event_date": "2023-10-18", "slope_deg": 49.0486, "rain_3d": 29.6616, "label_conf": 0.7}}, {"type": "Feature", "geometry": {"type": "Point", "coordinates": [92.5848, 23.2911]}, "properties": {"state": "Mizoram", "district": "Mizora-D3", "event_date": "2023-06-04", "slope_deg": 42.947, "rain_3d": 68.7252, "label_conf": 0.7}}, {"type": "Feature", "geometry": {"type": "Point", "coordinates": [92.7408, 23.4316]}, "properties": {"state": "Mizoram", "district": "Mizora-D1", "event_date": "2023-08-05", "slope_deg": 51.4323, "rain_3d": 54.9862, "label_conf": 0.7}}, {"type": "Feature", "geometry": {"type": "Point", "coordinates": [91.2608, 25.2127]}, "properties": {"state": "Meghalaya", "district": "Meghal-D1", "event_date": "2023-11-06", "slope_deg": 33.9457, "rain_3d": 72.4168, "label_conf": 0.4}}, {"type": "Feature", "geometry": {"type": "Point", "coordinates": [94.2115, 26.3877]}, "properties": {"state": "Nagaland", "district": "Nagala-D4", "event_date": "2023-04-29", "slope_deg": 45.2829, "rain_3d": 147.1304, "label_conf": 1.0}}, {"type": "Feature", "geometry": {"type": "Point", "coordinates": [93.072, 28.2414]}, "properties": {"state": "Arunachal Pradesh", "district": "Arunac-D3", "event_date": "2023-07-18", "slope_deg": 34.5814, "rain_3d": 72.2076, "label_conf": 0.7}}, {"type": "Feature", "geometry": {"type": "Point", "coordinates": [93.1896, 27.7668]}, "properties": {"state": "Arunachal Pradesh", "district": "Arunac-D6", "event_date": "2023-08-09", "slope_deg": 21.948, "rain_3d": 34.3064, "label_conf": 0.4}}, {"type": "Feature", "geometry": {"type": "Point", "coordinates": [92.6858, 23.2107]}, "properties": {"state": "Mizoram", "district": "Mizora-D3", "event_date": "2023-04-27", "slope_deg": 47.6284, "rain_3d": 65.406, "label_conf": 0.4}}, {"type": "Feature", "geometry": {"type": "Point", "coordinates": [91.3395, 25.6064]}, "properties": {"state": "Meghalaya", "district": "Meghal-D6", "event_date": "2023-06-14", "slope_deg": 56.5333, "rain_3d": 33.0254, "label_conf": 1.0}}, {"type": "Feature", "geometry": {"type": "Point", "coordinates": [91.4363, 25.4864]}, "properties": {"state": "Meghalaya", "district": "Meghal-D5", "event_date": "2023-06-22", "slope_deg": 60.769, "rain_3d": 51.603, "label_conf": 0.7}}, {"type": "Feature", "geometry": {"type": "Point", "coordinates": [94.6214, 26.0776]}, "properties": {"state": "Nagaland", "district": "Nagala-D1", "event_date": "2023-07-18", "slope_deg": 17.6734, "rain_3d": 38.8327, "label_conf": 1.0}}, {"type": "Feature", "geometry": {"type": "Point", "coordinates": [94.1739, 28.1754]}, "properties": {"state": "Arunachal Pradesh", "district": "Arunac-D5", "event_date": "2023-07-02", "slope_deg": 13.7617, "rain_3d": 82.6024, "label_conf": 0.4}}, {"type": "Feature", "geometry": {"type": "Point", "coordinates": [93.7518, 27.5481]}, "properties": {"state": "Arunachal Pradesh", "district": "Arunac-D3", "event_date": "2023-07-02", "slope_deg": 51.5549, "rain_3d": 88.9769, "label_conf": 0.7}}, {"type": "Feature", "geometry": {"type": "Point", "coordinates": [94.3139, 25.9866]}, "properties": {"state": "Nagaland", "district": "Nagala-D1", "event_date": "2023-12-16", "slope_deg": 65.3128, "rain_3d": 82.973, "label_conf": 0.4}}, {"type": "Feature", "geometry": {"type": "Point", "coordinates": [93.983, 27.7172]}, "properties": {"state": "Arunachal Pradesh", "district": "Arunac-D7", "event_date": "2023-06-09", "slope_deg": 68.3402, "rain_3d": 16.612, "label_conf": 1.0}}, {"type": "Feature", "geometry": {"type": "Point", "coordinates": [93.8847, 26.0619]}, "properties": {"state": "Nagaland", "district": "Nagala-D6", "event_date": "2023-08-25", "slope_deg": 33.7435, "rain_3d": 50.9553, "label_conf": 0.4}}, {"type": "Feature", "geometry": {"type": "Point", "coordinates": [93.1044, 23.609]}, "properties": {"state": "Mizoram", "district": "Mizora-D4", "event_date": "2023-06-13", "slope_deg": 70.5121, "rain_3d": 43.5788, "label_conf": 1.0}}, {"type": "Feature", "geometry": {"type": "Point", "coordinates": [94.4582, 25.7994]}, "properties": {"state": "Nagaland", "district": "Nagala-D5", "event_date": "2023-01-17", "slope_deg": 69.6347, "rain_3d": 118.1047, "label_conf": 0.7}}, {"type": "Feature", "geometry": {"type": "Point", "coordinates": [93.9538, 24.7274]}, "properties": {"state": "Manipur", "district": "Manipu-D4", "event_date": "2023-08-04", "slope_deg": 33.4896, "rain_3d": 13.6748, "label_conf": 1.0}}, {"type": "Feature", "geometry": {"type": "Point", "coordinates": [94.3128, 26.33]}, "properties": {"state": "Nagaland", "district": "Nagala-D2", "event_date": "2023-08-07", "slope_deg": 17.2445, "rain_3d": 16.467, "label_conf": 0.4}}, {"type": "Feature", "geometry": {"type": "Point", "coordinates": [94.1846, 27.727]}, "properties": {"state": "Arunachal Pradesh", "district": "Arunac-D3", "event_date": "2023-07-12", "slope_deg": 21.5564, "rain_3d": 45.1671, "label_conf": 0.7}}, {"type": "Feature", "geometry": {"type": "Point", "coordinates": [92.6716, 23.5088]}, "properties": {"state": "Mizoram", "district": "Mizora-D2", "event_date": "2023-06-01", "slope_deg": 35.8587, "rain_3d": 46.8251, "label_conf": 0.7}}, {"type": "Feature", "geometry": {"type": "Point", "coordinates": [92.7309, 23.502]}, "properties": {"state": "Mizoram", "district": "Mizora-D1", "event_date": "2023-08-27", "slope_deg": 48.1915, "rain_3d": 30.2961, "label_conf": 0.7}}, {"type": "Feature", "geometry": {"type": "Point", "coordinates": [91.2903, 25.4764]}, "properties": {"state": "Meghalaya", "district": "Meghal-D2", "event_date": "2023-07-04", "slope_deg": 24.0029, "rain_3d": 115.2676, "label_conf": 0.7}}, {"type": "Feature", "geometry": {"type": "Point", "coordinates": [90.8555, 26.1178]}, "properties": {"state": "Meghalaya", "district": "Meghal-D7", "event_date": "2023-08-01", "slope_deg": 33.4223, "rain_3d": 175.1034, "label_conf": 1.0}}, {"type": "Feature", "geometry": {"type": "Point", "coordinates": [90.9673, 25.7189]}, "properties": {"state": "Meghalaya", "district": "Meghal-D7", "event_date": "2023-05-15", "slope_deg": 30.9433, "rain_3d": 36.1498, "label_conf": 1.0}}, {"type": "Feature", "geometry": {"type": "Point", "coordinates": [93.1907, 27.6144]}, "properties": {"state": "Arunachal Pradesh", "district": "Arunac-D2", "event_date": "2023-05-11", "slope_deg": 22.8616, "rain_3d": 13.3917, "label_conf": 0.7}}, {"type": "Feature", "geometry": {"type": "Point", "coordinates": [91.8741, 23.4711]}, "properties": {"state": "Tripura", "district": "Tripur-D4", "event_date": "2023-06-12", "slope_deg": 6.8592, "rain_3d": 46.599, "label_conf": 0.4}}, {"type": "Feature", "geometry": {"type": "Point", "coordinates": [92.7458, 23.8133]}, "properties": {"state": "Mizoram", "district": "Mizora-D3", "event_date": "2023-07-31", "slope_deg": 51.4539, "rain_3d": 62.2749, "label_conf": 0.7}}, {"type": "Feature", "geometry": {"type": "Point", "coordinates": [93.8691, 28.6694]}, "properties": {"state": "Arunachal Pradesh", "district": "Arunac-D3", "event_date": "2023-09-15", "slope_deg": 34.4915, "rain_3d": 24.0522, "label_conf": 0.4}}, {"type": "Feature", "geometry": {"type": "Point", "coordinates": [93.8548, 28.0623]}, "properties": {"state": "Arunachal Pradesh", "district": "Arunac-D1", "event_date": "2023-05-17", "slope_deg": 60.1067, "rain_3d": 121.331, "label_conf": 1.0}}, {"type": "Feature", "geometry": {"type": "Point", "coordinates": [94.3077, 26.0174]}, "properties": {"state": "Nagaland", "district": "Nagala-D6", "event_date": "2023-05-22", "slope_deg": 36.7481, "rain_3d": 147.704, "label_conf": 0.7}}, {"type": "Feature", "geometry": {"type": "Point", "coordinates": [94.2174, 25.9808]}, "properties": {"state": "Nagaland", "district": "Nagala-D3", "event_date": "2023-04-06", "slope_deg": 20.8186, "rain_3d": 47.5532, "label_conf": 1.0}}, {"type": "Feature", "geometry": {"type": "Point", "coordinates": [91.4582, 25.3748]}, "properties": {"state": "Meghalaya", "district": "Meghal-D4", "event_date": "2023-07-23", "slope_deg": 47.959, "rain_3d": 65.8773, "label_conf": 0.4}}, {"type": "Feature", "geometry": {"type": "Point", "coordinates": [93.7653, 28.2872]}, "properties": {"state": "Arunachal Pradesh", "district": "Arunac-D3", "event_date": "2023-08-16", "slope_deg": 30.1056, "rain_3d": 107.931, "label_conf": 0.7}}, {"type": "Feature", "geometry": {"type": "Point", "coordinates": [93.8794, 24.1716]}, "properties": {"state": "Manipur", "district": "Manipu-D4", "event_date": "2023-05-31", "slope_deg": 45.271, "rain_3d": 35.2012, "label_conf": 0.7}}, {"type": "Feature", "geometry": {"type": "Point", "coordinates": [92.9913, 23.3563]}, "properties": {"state": "Mizoram", "district": "Mizora-D6", "event_date": "2023-08-02", "slope_deg": 25.7026, "rain_3d": 69.4216, "label_conf": 1.0}}, {"type": "Feature", "geometry": {"type": "Point", "coordinates": [93.4494, 27.9859]}, "properties": {"state": "Arunachal Pradesh", "district": "Arunac-D7", "event_date": "2023-04-02", "slope_deg": 19.2652, "rain_3d": 24.5826, "label_conf": 0.7}}, {"type": "Feature", "geometry": {"type": "Point", "coordinates": [94.077, 28.3587]}, "properties": {"state": "Arunachal Pradesh", "district": "Arunac-D3", "event_date": "2023-05-02", "slope_deg": 48.701, "rain_3d": 77.1339, "label_conf": 0.4}}, {"type": "Feature", "geometry": {"type": "Point", "coordinates": [94.3564, 25.8154]}, "properties": {"state": "Nagaland", "district": "Nagala-D4", "event_date": "2023-06-18", "slope_deg": 18.8003, "rain_3d": 73.6294, "label_conf": 0.4}}, {"type": "Feature", "geometry": {"type": "Point", "coordinates": [93.6739, 24.3048]}, "properties": {"state": "Manipur", "district": "Manipu-D3", "event_date": "2023-08-09", "slope_deg": 49.1144, "rain_3d": 57.2759, "label_conf": 1.0}}, {"type": "Feature", "geometry": {"type": "Point", "coordinates": [93.7911, 27.5238]}, "properties": {"state": "Arunachal Pradesh", "district": "Arunac-D4", "event_date": "2023-07-12", "slope_deg": 45.4749, "rain_3d": 67.5575, "label_conf": 1.0}}, {"type": "Feature", "geometry": {"type": "Point", "coordinates": [93.8185, 25.0027]}, "properties": {"state": "Manipur", "district": "Manipu-D4", "event_date": "2023-06-16", "slope_deg": 52.8473, "rain_3d": 109.5173, "label_conf": 0.4}}, {"type": "Feature", "geometry": {"type": "Point", "coordinates": [91.6653, 25.4147]}, "properties": {"state": "Meghalaya", "district": "Meghal-D3", "event_date": "2023-07-16", "slope_deg": 17.0207, "rain_3d": 66.8052, "label_conf": 0.4}}, {"type": "Feature", "geometry": {"type": "Point", "coordinates": [92.0918, 27.7277]}, "properties": {"state": "Arunachal Pradesh", "district": "Arunac-D1", "event_date": "2023-06-22", "slope_deg": 39.4991, "rain_3d": 41.3216, "label_conf": 1.0}}, {"type": "Feature", "geometry": {"type": "Point", "coordinates": [94.0124, 28.4175]}, "properties": {"state": "Arunachal Pradesh", "district": "Arunac-D4", "event_date": "2023-06-02", "slope_deg": 21.7269, "rain_3d": 75.2317, "label_conf": 0.7}}, {"type": "Feature", "geometry": {"type": "Point", "coordinates": [94.0094, 24.2744]}, "properties": {"state": "Manipur", "district": "Manipu-D6", "event_date": "2023-07-30", "slope_deg": 64.3587, "rain_3d": 85.2683, "label_conf": 0.7}}, {"type": "Feature", "geometry": {"type": "Point", "coordinates": [95.3925, 28.0975]}, "properties": {"state": "Arunachal Pradesh", "district": "Arunac-D3", "event_date": "2023-08-12", "slope_deg": 65.1886, "rain_3d": 49.1462, "label_conf": 0.4}}, {"type": "Feature", "geometry": {"type": "Point", "coordinates": [94.2754, 25.7571]}, "properties": {"state": "Nagaland", "district": "Nagala-D2", "event_date": "2023-05-29", "slope_deg": 10.8889, "rain_3d": 66.9727, "label_conf": 1.0}}, {"type": "Feature", "geometry": {"type": "Point", "coordinates": [92.8982, 23.1928]}, "properties": {"state": "Mizoram", "district": "Mizora-D6", "event_date": "2023-08-17", "slope_deg": 40.5852, "rain_3d": 42.1353, "label_conf": 0.7}}, {"type": "Feature", "geometry": {"type": "Point", "coordinates": [92.4684, 23.5912]}, "properties": {"state": "Mizoram", "district": "Mizora-D5", "event_date": "2023-05-02", "slope_deg": 48.1925, "rain_3d": 128.9397, "label_conf": 1.0}}, {"type": "Feature", "geometry": {"type": "Point", "coordinates": [91.2417, 25.2856]}, "properties": {"state": "Meghalaya", "district": "Meghal-D7", "event_date": "2023-06-20", "slope_deg": 69.7982, "rain_3d": 76.9507, "label_conf": 0.7}}, {"type": "Feature", "geometry": {"type": "Point", "coordinates": [94.208, 26.042]}, "properties": {"state": "Nagaland", "district": "Nagala-D6", "event_date": "2023-07-19", "slope_deg": 27.384, "rain_3d": 36.9363, "label_conf": 1.0}}, {"type": "Feature", "geometry": {"type": "Point", "coordinates": [94.4568, 26.2442]}, "properties": {"state": "Nagaland", "district": "Nagala-D4", "event_date": "2023-09-28", "slope_deg": 13.4606, "rain_3d": 180.8523, "label_conf": 0.7}}, {"type": "Feature", "geometry": {"type": "Point", "coordinates": [94.3219, 26.244]}, "properties": {"state": "Nagaland", "district": "Nagala-D4", "event_date": "2023-07-15", "slope_deg": 17.3787, "rain_3d": 150.7243, "label_conf": 0.4}}, {"type": "Feature", "geometry": {"type": "Point", "coordinates": [94.3983, 27.8722]}, "properties": {"state": "Arunachal Pradesh", "district": "Arunac-D4", "event_date": "2023-07-11", "slope_deg": 51.9744, "rain_3d": 167.0798, "label_conf": 0.7}}, {"type": "Feature", "geometry": {"type": "Point", "coordinates": [95.0478, 27.7842]}, "properties": {"state": "Arunachal Pradesh", "district": "Arunac-D7", "event_date": "2023-06-25", "slope_deg": 47.5548, "rain_3d": 82.5698, "label_conf": 1.0}}, {"type": "Feature", "geometry": {"type": "Point", "coordinates": [95.0743, 28.5633]}, "properties": {"state": "Arunachal Pradesh", "district": "Arunac-D7", "event_date": "2023-07-21", "slope_deg": 23.3651, "rain_3d": 110.0175, "label_conf": 1.0}}, {"type": "Feature", "geometry": {"type": "Point", "coordinates": [92.7958, 23.3181]}, "properties": {"state": "Mizoram", "district": "Mizora-D6", "event_date": "2023-07-19", "slope_deg": 35.652, "rain_3d": 24.7706, "label_conf": 1.0}}, {"type": "Feature", "geometry": {"type": "Point", "coordinates": [91.3175, 25.8936]}, "properties": {"state": "Meghalaya", "district": "Meghal-D2", "event_date": "2023-08-02", "slope_deg": 37.8148, "rain_3d": 24.7477, "label_conf": 0.4}}, {"type": "Feature", "geometry": {"type": "Point", "coordinates": [94.0172, 27.91]}, "properties": {"state": "Arunachal Pradesh", "district": "Arunac-D3", "event_date": "2023-08-18", "slope_deg": 55.9477, "rain_3d": 71.8881, "label_conf": 1.0}}, {"type": "Feature", "geometry": {"type": "Point", "coordinates": [94.0066, 28.4988]}, "properties": {"state": "Arunachal Pradesh", "district": "Arunac-D5", "event_date": "2023-07-02", "slope_deg": 45.4951, "rain_3d": 191.412, "label_conf": 1.0}}, {"type": "Feature", "geometry": {"type": "Point", "coordinates": [93.9089, 24.3693]}, "properties": {"state": "Manipur", "district": "Manipu-D1", "event_date": "2023-08-22", "slope_deg": 49.8105, "rain_3d": 40.1759, "label_conf": 1.0}}, {"type": "Feature", "geometry": {"type": "Point", "coordinates": [93.7129, 24.5046]}, "properties": {"state": "Manipur", "district": "Manipu-D5", "event_date": "2023-10-03", "slope_deg": 73.4579, "rain_3d": 129.6872, "label_conf": 1.0}}, {"type": "Feature", "geometry": {"type": "Point", "coordinates": [94.6619, 26.0009]}, "properties": {"state": "Nagaland", "district": "Nagala-D5", "event_date": "2023-07-08", "slope_deg": 14.2748, "rain_3d": 62.5994, "label_conf": 0.7}}, {"type": "Feature", "geometry": {"type": "Point", "coordinates": [91.117, 25.465]}, "properties": {"state": "Meghalaya", "district": "Meghal-D2", "event_date": "2023-03-20", "slope_deg": 48.3016, "rain_3d": 78.1102, "label_conf": 0.4}}, {"type": "Feature", "geometry": {"type": "Point", "coordinates": [91.3941, 25.5552]}, "properties": {"state": "Meghalaya", "district": "Meghal-D6", "event_date": "2023-08-27", "slope_deg": 28.0265, "rain_3d": 96.6636, "label_conf": 0.7}}, {"type": "Feature", "geometry": {"type": "Point", "coordinates": [92.632, 23.5507]}, "properties": {"state": "Mizoram", "district": "Mizora-D7", "event_date": "2023-04-15", "slope_deg": 24.1193, "rain_3d": 70.3469, "label_conf": 1.0}}, {"type": "Feature", "geometry": {"type": "Point", "coordinates": [93.6808, 24.7142]}, "properties": {"state": "Manipur", "district": "Manipu-D6", "event_date": "2023-05-26", "slope_deg": 21.9166, "rain_3d": 87.0531, "label_conf": 0.7}}, {"type": "Feature", "geometry": {"type": "Point", "coordinates": [93.8141, 25.0247]}, "properties": {"state": "Manipur", "district": "Manipu-D5", "event_date": "2023-08-28", "slope_deg": 35.0684, "rain_3d": 102.1563, "label_conf": 1.0}}, {"type": "Feature", "geometry": {"type": "Point", "coordinates": [94.1211, 25.8454]}, "properties": {"state": "Nagaland", "district": "Nagala-D4", "event_date": "2023-10-14", "slope_deg": 31.9701, "rain_3d": 58.6739, "label_conf": 0.4}}, {"type": "Feature", "geometry": {"type": "Point", "coordinates": [92.7947, 27.8307]}, "properties": {"state": "Arunachal Pradesh", "district": "Arunac-D6", "event_date": "2023-04-18", "slope_deg": 31.8603, "rain_3d": 41.0997, "label_conf": 1.0}}, {"type": "Feature", "geometry": {"type": "Point", "coordinates": [91.601, 25.2609]}, "properties": {"state": "Meghalaya", "district": "Meghal-D7", "event_date": "2023-06-05", "slope_deg": 25.9432, "rain_3d": 45.6808, "label_conf": 1.0}}, {"type": "Feature", "geometry": {"type": "Point", "coordinates": [92.8328, 23.4913]}, "properties": {"state": "Mizoram", "district": "Mizora-D7", "event_date": "2023-11-20", "slope_deg": 36.504, "rain_3d": 102.7505, "label_conf": 0.4}}, {"type": "Feature", "geometry": {"type": "Point", "coordinates": [94.4199, 27.9581]}, "properties": {"state": "Arunachal Pradesh", "district": "Arunac-D5", "event_date": "2023-08-29", "slope_deg": 19.8309, "rain_3d": 24.6049, "label_conf": 0.7}}, {"type": "Feature", "geometry": {"type": "Point", "coordinates": [90.8569, 25.6743]}, "properties": {"state": "Meghalaya", "district": "Meghal-D3", "event_date": "2023-06-13", "slope_deg": 65.2072, "rain_3d": 67.6672, "label_conf": 0.4}}, {"type": "Feature", "geometry": {"type": "Point", "coordinates": [92.8993, 23.3224]}, "properties": {"state": "Mizoram", "district": "Mizora-D3", "event_date": "2023-07-11", "slope_deg": 33.0764, "rain_3d": 66.6205, "label_conf": 0.4}}, {"type": "Feature", "geometry": {"type": "Point", "coordinates": [94.3695, 27.9385]}, "properties": {"state": "Arunachal Pradesh", "district": "Arunac-D4", "event_date": "2023-06-30", "slope_deg": 33.6208, "rain_3d": 43.3733, "label_conf": 1.0}}, {"type": "Feature", "geometry": {"type": "Point", "coordinates": [93.8868, 24.4363]}, "properties": {"state": "Manipur", "district": "Manipu-D6", "event_date": "2023-06-09", "slope_deg": 55.6368, "rain_3d": 15.9064, "label_conf": 1.0}}, {"type": "Feature", "geometry": {"type": "Point", "coordinates": [94.4125, 28.0975]}, "properties": {"state": "Arunachal Pradesh", "district": "Arunac-D1", "event_date": "2023-09-17", "slope_deg": 62.1868, "rain_3d": 12.0325, "label_conf": 1.0}}, {"type": "Feature", "geometry": {"type": "Point", "coordinates": [94.1609, 28.0782]}, "properties": {"state": "Arunachal Pradesh", "district": "Arunac-D2", "event_date": "2023-07-25", "slope_deg": 52.7306, "rain_3d": 87.4871, "label_conf": 1.0}}, {"type": "Feature", "geometry": {"type": "Point", "coordinates": [94.6622, 27.7792]}, "properties": {"state": "Arunachal Pradesh", "district": "Arunac-D6", "event_date": "2023-07-02", "slope_deg": 37.0713, "rain_3d": 24.2208, "label_conf": 0.7}}, {"type": "Feature", "geometry": {"type": "Point", "coordinates": [92.9588, 28.2654]}, "properties": {"state": "Arunachal Pradesh", "district": "Arunac-D3", "event_date": "2023-08-03", "slope_deg": 10.2597, "rain_3d": 50.3121, "label_conf": 0.4}}, {"type": "Feature", "geometry": {"type": "Point", "coordinates": [91.6109, 25.4408]}, "properties": {"state": "Meghalaya", "district": "Meghal-D6", "event_date": "2023-08-24", "slope_deg": 56.9287, "rain_3d": 183.7, "label_conf": 0.7}}, {"type": "Feature", "geometry": {"type": "Point", "coordinates": [94.3576, 24.6]}, "properties": {"state": "Manipur", "district": "Manipu-D7", "event_date": "2023-06-26", "slope_deg": 18.969, "rain_3d": 27.0551, "label_conf": 1.0}}, {"type": "Feature", "geometry": {"type": "Point", "coordinates": [94.0784, 24.3878]}, "properties": {"state": "Manipur", "district": "Manipu-D1", "event_date": "2023-06-30", "slope_deg": 17.3199, "rain_3d": 40.8198, "label_conf": 0.4}}, {"type": "Feature", "geometry": {"type": "Point", "coordinates": [94.0986, 28.222]}, "properties": {"state": "Arunachal Pradesh", "district": "Arunac-D2", "event_date": "2023-08-18", "slope_deg": 65.2703, "rain_3d": 38.7377, "label_conf": 0.7}}, {"type": "Feature", "geometry": {"type": "Point", "coordinates": [94.6668, 25.7374]}, "properties": {"state": "Nagaland", "district": "Nagala-D3", "event_date": "2023-07-21", "slope_deg": 45.4674, "rain_3d": 37.7097, "label_conf": 0.4}}, {"type": "Feature", "geometry": {"type": "Point", "coordinates": [93.0548, 26.1656]}, "properties": {"state": "Assam", "district": "Assam-D5", "event_date": "2023-09-11", "slope_deg": 1.282, "rain_3d": 31.7325, "label_conf": 0.7}}, {"type": "Feature", "geometry": {"type": "Point", "coordinates": [94.8432, 27.8021]}, "properties": {"state": "Arunachal Pradesh", "district": "Arunac-D2", "event_date": "2023-07-19", "slope_deg": 50.0133, "rain_3d": 37.8304, "label_conf": 0.4}}, {"type": "Feature", "geometry": {"type": "Point", "coordinates": [93.2995, 28.0044]}, "properties": {"state": "Arunachal Pradesh", "district": "Arunac-D1", "event_date": "2023-08-11", "slope_deg": 33.2329, "rain_3d": 52.8816, "label_conf": 1.0}}, {"type": "Feature", "geometry": {"type": "Point", "coordinates": [91.2076, 25.0451]}, "properties": {"state": "Meghalaya", "district": "Meghal-D4", "event_date": "2023-09-03", "slope_deg": 34.5745, "rain_3d": 35.4678, "label_conf": 1.0}}, {"type": "Feature", "geometry": {"type": "Point", "coordinates": [93.1053, 23.0756]}, "properties": {"state": "Mizoram", "district": "Mizora-D5", "event_date": "2023-11-27", "slope_deg": 43.0378, "rain_3d": 87.6585, "label_conf": 0.7}}, {"type": "Feature", "geometry": {"type": "Point", "coordinates": [94.6486, 25.3154]}, "properties": {"state": "Nagaland", "district": "Nagala-D1", "event_date": "2023-06-02", "slope_deg": 35.218, "rain_3d": 42.2195, "label_conf": 0.7}}, {"type": "Feature", "geometry": {"type": "Point", "coordinates": [92.744, 27.6391]}, "properties": {"state": "Arunachal Pradesh", "district": "Arunac-D4", "event_date": "2023-09-18", "slope_deg": 21.0821, "rain_3d": 77.81, "label_conf": 0.7}}, {"type": "Feature", "geometry": {"type": "Point", "coordinates": [94.5776, 28.3725]}, "properties": {"state": "Arunachal Pradesh", "district": "Arunac-D4", "event_date": "2023-07-08", "slope_deg": 49.6852, "rain_3d": 114.9726, "label_conf": 0.7}}, {"type": "Feature", "geometry": {"type": "Point", "coordinates": [93.1196, 23.6339]}, "properties": {"state": "Mizoram", "district": "Mizora-D5", "event_date": "2023-05-28", "slope_deg": 30.6624, "rain_3d": 52.5091, "label_conf": 0.7}}, {"type": "Feature", "geometry": {"type": "Point", "coordinates": [95.7731, 27.984]}, "properties": {"state": "Arunachal Pradesh", "district": "Arunac-D5", "event_date": "2023-07-25", "slope_deg": 24.6241, "rain_3d": 6.1238, "label_conf": 1.0}}, {"type": "Feature", "geometry": {"type": "Point", "coordinates": [93.9672, 25.1449]}, "properties": {"state": "Manipur", "district": "Manipu-D6", "event_date": "2023-11-22", "slope_deg": 40.9356, "rain_3d": 68.4614, "label_conf": 0.7}}, {"type": "Feature", "geometry": {"type": "Point", "coordinates": [94.1169, 27.5046]}, "properties": {"state": "Arunachal Pradesh", "district": "Arunac-D4", "event_date": "2023-06-14", "slope_deg": 17.4408, "rain_3d": 41.5231, "label_conf": 0.7}}, {"type": "Feature", "geometry": {"type": "Point", "coordinates": [93.9503, 25.3387]}, "properties": {"state": "Manipur", "district": "Manipu-D2", "event_date": "2023-04-13", "slope_deg": 29.71, "rain_3d": 65.2487, "label_conf": 1.0}}, {"type": "Feature", "geometry": {"type": "Point", "coordinates": [95.6237, 28.4491]}, "properties": {"state": "Arunachal Pradesh", "district": "Arunac-D3", "event_date": "2023-08-09", "slope_deg": 48.1786, "rain_3d": 55.6708, "label_conf": 1.0}}, {"type": "Feature", "geometry": {"type": "Point", "coordinates": [90.9843, 25.2602]}, "properties": {"state": "Meghalaya", "district": "Meghal-D6", "event_date": "2023-05-24", "slope_deg": 71.1512, "rain_3d": 40.4535, "label_conf": 0.4}}, {"type": "Feature", "geometry": {"type": "Point", "coordinates": [94.2361, 27.8692]}, "properties": {"state": "Arunachal Pradesh", "district": "Arunac-D7", "event_date": "2023-07-28", "slope_deg": 56.7765, "rain_3d": 59.9229, "label_conf": 1.0}}, {"type": "Feature", "geometry": {"type": "Point", "coordinates": [91.6081, 25.425]}, "properties": {"state": "Meghalaya", "district": "Meghal-D4", "event_date": "2023-10-18", "slope_deg": 58.5695, "rain_3d": 96.2008, "label_conf": 0.4}}, {"type": "Feature", "geometry": {"type": "Point", "coordinates": [94.3447, 26.2114]}, "properties": {"state": "Nagaland", "district": "Nagala-D7", "event_date": "2023-07-04", "slope_deg": 16.8498, "rain_3d": 93.5912, "label_conf": 0.4}}, {"type": "Feature", "geometry": {"type": "Point", "coordinates": [92.9028, 22.8756]}, "properties": {"state": "Mizoram", "district": "Mizora-D5", "event_date": "2023-06-07", "slope_deg": 44.9917, "rain_3d": 40.9968, "label_conf": 0.7}}, {"type": "Feature", "geometry": {"type": "Point", "coordinates": [94.6827, 28.2821]}, "properties": {"state": "Arunachal Pradesh", "district": "Arunac-D4", "event_date": "2023-06-26", "slope_deg": 51.5909, "rain_3d": 37.5689, "label_conf": 0.4}}, {"type": "Feature", "geometry": {"type": "Point", "coordinates": [94.3064, 28.0277]}, "properties": {"state": "Arunachal Pradesh", "district": "Arunac-D2", "event_date": "2023-07-04", "slope_deg": 20.9474, "rain_3d": 27.1978, "label_conf": 0.7}}, {"type": "Feature", "geometry": {"type": "Point", "coordinates": [91.1033, 25.9623]}, "properties": {"state": "Meghalaya", "district": "Meghal-D6", "event_date": "2023-09-04", "slope_deg": 51.1917, "rain_3d": 41.1958, "label_conf": 1.0}}, {"type": "Feature", "geometry": {"type": "Point", "coordinates": [93.4983, 24.9121]}, "properties": {"state": "Manipur", "district": "Manipu-D1", "event_date": "2023-08-26", "slope_deg": 28.0348, "rain_3d": 74.2684, "label_conf": 0.4}}, {"type": "Feature", "geometry": {"type": "Point", "coordinates": [94.3956, 28.164]}, "properties": {"state": "Arunachal Pradesh", "district": "Arunac-D7", "event_date": "2023-08-04", "slope_deg": 50.3374, "rain_3d": 24.1712, "label_conf": 1.0}}, {"type": "Feature", "geometry": {"type": "Point", "coordinates": [94.0794, 27.7166]}, "properties": {"state": "Arunachal Pradesh", "district": "Arunac-D4", "event_date": "2023-07-02", "slope_deg": 29.231, "rain_3d": 69.5753, "label_conf": 0.7}}, {"type": "Feature", "geometry": {"type": "Point", "coordinates": [92.5065, 23.0748]}, "properties": {"state": "Mizoram", "district": "Mizora-D6", "event_date": "2023-12-08", "slope_deg": 26.2823, "rain_3d": 67.5217, "label_conf": 0.4}}, {"type": "Feature", "geometry": {"type": "Point", "coordinates": [91.7319, 26.1044]}, "properties": {"state": "Assam", "district": "Assam-D7", "event_date": "2023-10-10", "slope_deg": 10.5179, "rain_3d": 88.0887, "label_conf": 1.0}}, {"type": "Feature", "geometry": {"type": "Point", "coordinates": [94.4886, 27.4346]}, "properties": {"state": "Arunachal Pradesh", "district": "Arunac-D7", "event_date": "2023-06-18", "slope_deg": 65.6676, "rain_3d": 108.3378, "label_conf": 1.0}}, {"type": "Feature", "geometry": {"type": "Point", "coordinates": [94.6341, 25.7023]}, "properties": {"state": "Nagaland", "district": "Nagala-D5", "event_date": "2023-07-15", "slope_deg": 23.4298, "rain_3d": 77.2487, "label_conf": 0.7}}, {"type": "Feature", "geometry": {"type": "Point", "coordinates": [93.5072, 27.8669]}, "properties": {"state": "Arunachal Pradesh", "district": "Arunac-D1", "event_date": "2023-06-11", "slope_deg": 43.7978, "rain_3d": 32.5941, "label_conf": 1.0}}, {"type": "Feature", "geometry": {"type": "Point", "coordinates": [93.7458, 24.9932]}, "properties": {"state": "Manipur", "district": "Manipu-D3", "event_date": "2023-09-07", "slope_deg": 41.1387, "rain_3d": 29.9147, "label_conf": 0.4}}, {"type": "Feature", "geometry": {"type": "Point", "coordinates": [93.9889, 27.6894]}, "properties": {"state": "Arunachal Pradesh", "district": "Arunac-D6", "event_date": "2023-08-17", "slope_deg": 24.2025, "rain_3d": 37.1444, "label_conf": 0.7}}, {"type": "Feature", "geometry": {"type": "Point", "coordinates": [93.3318, 27.5652]}, "properties": {"state": "Arunachal Pradesh", "district": "Arunac-D5", "event_date": "2023-06-12", "slope_deg": 42.2804, "rain_3d": 22.6961, "label_conf": 1.0}}, {"type": "Feature", "geometry": {"type": "Point", "coordinates": [94.4731, 28.0594]}, "properties": {"state": "Arunachal Pradesh", "district": "Arunac-D6", "event_date": "2023-07-12", "slope_deg": 41.1093, "rain_3d": 37.7259, "label_conf": 0.7}}, {"type": "Feature", "geometry": {"type": "Point", "coordinates": [94.423, 26.6498]}, "properties": {"state": "Nagaland", "district": "Nagala-D6", "event_date": "2023-06-28", "slope_deg": 29.9429, "rain_3d": 26.03, "label_conf": 0.4}}, {"type": "Feature", "geometry": {"type": "Point", "coordinates": [94.3489, 28.4089]}, "properties": {"state": "Arunachal Pradesh", "district": "Arunac-D2", "event_date": "2023-06-13", "slope_deg": 45.1973, "rain_3d": 12.8696, "label_conf": 1.0}}, {"type": "Feature", "geometry": {"type": "Point", "coordinates": [93.9996, 24.4762]}, "properties": {"state": "Manipur", "district": "Manipu-D3", "event_date": "2023-05-14", "slope_deg": 25.5054, "rain_3d": 90.6744, "label_conf": 0.4}}, {"type": "Feature", "geometry": {"type": "Point", "coordinates": [94.4845, 25.8796]}, "properties": {"state": "Nagaland", "district": "Nagala-D6", "event_date": "2023-09-10", "slope_deg": 51.5162, "rain_3d": 50.627, "label_conf": 0.7}}, {"type": "Feature", "geometry": {"type": "Point", "coordinates": [94.1198, 25.666]}, "properties": {"state": "Nagaland", "district": "Nagala-D4", "event_date": "2023-10-17", "slope_deg": 37.86, "rain_3d": 107.3422, "label_conf": 0.4}}, {"type": "Feature", "geometry": {"type": "Point", "coordinates": [93.7884, 27.9592]}, "properties": {"state": "Arunachal Pradesh", "district": "Arunac-D7", "event_date": "2023-07-11", "slope_deg": 65.8988, "rain_3d": 122.0444, "label_conf": 1.0}}, {"type": "Feature", "geometry": {"type": "Point", "coordinates": [94.3026, 26.3294]}, "properties": {"state": "Nagaland", "district": "Nagala-D3", "event_date": "2023-06-22", "slope_deg": 20.0874, "rain_3d": 38.449, "label_conf": 0.4}}, {"type": "Feature", "geometry": {"type": "Point", "coordinates": [91.7719, 25.3485]}, "properties": {"state": "Meghalaya", "district": "Meghal-D4", "event_date": "2023-08-17", "slope_deg": 18.9736, "rain_3d": 14.16, "label_conf": 0.4}}, {"type": "Feature", "geometry": {"type": "Point", "coordinates": [91.1342, 25.652]}, "properties": {"state": "Meghalaya", "district": "Meghal-D5", "event_date": "2023-10-02", "slope_deg": 55.3927, "rain_3d": 80.9114, "label_conf": 0.7}}, {"type": "Feature", "geometry": {"type": "Point", "coordinates": [94.0663, 24.7184]}, "properties": {"state": "Manipur", "district": "Manipu-D5", "event_date": "2023-06-26", "slope_deg": 49.7361, "rain_3d": 128.2355, "label_conf": 0.7}}, {"type": "Feature", "geometry": {"type": "Point", "coordinates": [91.3867, 25.1382]}, "properties": {"state": "Meghalaya", "district": "Meghal-D2", "event_date": "2023-06-16", "slope_deg": 34.6752, "rain_3d": 36.4084, "label_conf": 1.0}}, {"type": "Feature", "geometry": {"type": "Point", "coordinates": [92.5718, 23.4715]}, "properties": {"state": "Mizoram", "district": "Mizora-D3", "event_date": "2023-06-28", "slope_deg": 44.6787, "rain_3d": 73.108, "label_conf": 0.7}}, {"type": "Feature", "geometry": {"type": "Point", "coordinates": [92.8661, 23.3807]}, "properties": {"state": "Mizoram", "district": "Mizora-D5", "event_date": "2023-06-07", "slope_deg": 8.6193, "rain_3d": 84.6459, "label_conf": 0.7}}, {"type": "Feature", "geometry": {"type": "Point", "coordinates": [91.2941, 25.817]}, "properties": {"state": "Meghalaya", "district": "Meghal-D6", "event_date": "2023-07-26", "slope_deg": 47.2063, "rain_3d": 26.7179, "label_conf": 1.0}}, {"type": "Feature", "geometry": {"type": "Point", "coordinates": [94.0779, 28.1191]}, "properties": {"state": "Arunachal Pradesh", "district": "Arunac-D6", "event_date": "2023-05-26", "slope_deg": 44.0188, "rain_3d": 60.6413, "label_conf": 1.0}}, {"type": "Feature", "geometry": {"type": "Point", "coordinates": [93.7315, 27.6996]}, "properties": {"state": "Arunachal Pradesh", "district": "Arunac-D4", "event_date": "2023-10-08", "slope_deg": 36.5769, "rain_3d": 43.2555, "label_conf": 0.4}}, {"type": "Feature", "geometry": {"type": "Point", "coordinates": [94.2013, 28.4657]}, "properties": {"state": "Arunachal Pradesh", "district": "Arunac-D7", "event_date": "2023-07-16", "slope_deg": 59.0833, "rain_3d": 76.4996, "label_conf": 0.7}}, {"type": "Feature", "geometry": {"type": "Point", "coordinates": [94.3268, 27.4959]}, "properties": {"state": "Arunachal Pradesh", "district": "Arunac-D2", "event_date": "2023-06-16", "slope_deg": 26.4995, "rain_3d": 57.0355, "label_conf": 0.4}}]}