{"type": "FeatureCollection", "name": "ner_risk_grid_v1", "crs": {"type": "name", "properties": {"name": "urn:ogc:def:crs:OGC:1.3:CRS84"}}, "features": [{"type": "Feature", "geometry": {"type": "Polygon", "coordinates": [[[88.05000000000001, 27.35], [88.10000000000001, 27.35], [88.10000000000001, 27.400000000000002], [88.05000000000001, 27.400000000000002], [88.05000000000001, 27.35]]]}, "properties": {"cell_id": "1761_547", "state": "Sikkim", "district": "West Sikkim", "samples": 1, "events": 0, "risk_index": 0.0, "severity": "Low", "mean_slope_deg": 30.77, "mean_relief_500m_m": 626.8, "mean_rain_30d_mm": 491.1}}, {"type": "Feature", "geometry": {"type": "Polygon", "coordinates": [[[88.05000000000001, 27.400000000000002], [88.10000000000001, 27.400000000000002], [88.10000000000001, 27.450000000000003], [88.05000000000001, 27.450000000000003], [88.05000000000001, 27.400000000000002]]]}, "properties": {"cell_id": "1761_548", "state": "Sikkim", "district": "West Sikkim", "samples": 1, "events": 0, "risk_index": 0.0, "severity": "Low", "mean_slope_deg": 18.39, "mean_relief_500m_m": 355.3, "mean_rain_30d_mm": 434.0}}, {"type": "Feature", "geometry": {"type": "Polygon", "coordinates": [[[88.10000000000001, 27.25], [88.15, 27.25], [88.15, 27.3], [88.10000000000001, 27.3], [88.10000000000001, 27.25]]]}, "properties": {"cell_id": "1762_545", "state": "Sikkim", "district": "West Sikkim", "samples": 1, "events": 1, "risk_index": 1.0, "severity": "High", "mean_slope_deg": 20.92, "mean_relief_500m_m": 271.5, "mean_rain_30d_mm": 461.0}}, {"type": "Feature", "geometry": {"type": "Polygon", "coordinates": [[[88.10000000000001, 27.400000000000002], [88.15, 27.400000000000002], [88.15, 27.450000000000003], [88.10000000000001, 27.450000000000003], [88.10000000000001, 27.400000000000002]]]}, "properties": {"cell_id": "1762_548", "state": "Sikkim", "district": "West Sikkim", "samples": 1, "events": 0, "risk_index": 0.0, "severity": "Low", "mean_slope_deg": 26.33, "mean_relief_500m_m": 676.3, "mean_rain_30d_mm": 310.0}}, {"type": "Feature", "geometry": {"type": "Polygon", "coordinates": [[[88.10000000000001, 27.900000000000002], [88.15, 27.900000000000002], [88.15, 27.950000000000003], [88.10000000000001, 27.950000000000003], [88.10000000000001, 27.900000000000002]]]}, "properties": {"cell_id": "1762_558", "state": "Sikkim", "district": "North Sikkim", "samples": 1, "events": 0, "risk_index": 0.0, "severity": "Low", "mean_slope_deg": 33.14, "mean_relief_500m_m": 845.9, "mean_rain_30d_mm": 424.7}}, {"type": "Feature", "geometry": {"type": "Polygon", "coordinates": [[[88.15, 27.25], [88.2, 27.25], [88.2, 27.3], [88.15, 27.3], [88.15, 27.25]]]}, "properties": {"cell_id": "1763_545", "state": "Sikkim", "district": "West Sikkim", "samples": 1, "events": 0, "risk_index": 0.0, "severity": "Low", "mean_slope_deg": 34.55, "mean_relief_500m_m": 605.0, "mean_rain_30d_mm": 349.3}}, {"type": "Feature", "geometry": {"type": "Polygon", "coordinates": [[[88.15, 27.6], [88.2, 27.6], [88.2, 27.650000000000002], [88.15, 27.650000000000002], [88.15, 27.6]]]}, "properties": {"cell_id": "1763_552", "state": "Sikkim", "district": "North Sikkim", "samples": 1, "events": 0, "risk_index": 0.0, "severity": "Low", "mean_slope_deg": 25.28, "mean_relief_500m_m": 290.5, "mean_rain_30d_mm": 282.7}}, {"type": "Feature", "geometry": {"type": "Polygon", "coordinates": [[[88.2, 27.1], [88.25, 27.1], [88.25, 27.150000000000002], [88.2, 27.150000000000002], [88.2, 27.1]]]}, "properties": {"cell_id": "1764_542", "state": "Sikkim", "district": "West Sikkim", "samples": 1, "events": 1, "risk_index": 1.0, "severity": "High", "mean_slope_deg": 27.25, "mean_relief_500m_m": 462.2, "mean_rain_30d_mm": 526.8}}, {"type": "Feature", "geometry": {"type": "Polygon", "coordinates": [[[88.2, 27.3], [88.25, 27.3], [88.25, 27.35], [88.2, 27.35], [88.2, 27.3]]]}, "properties": {"cell_id": "1764_546", "state": "Sikkim", "district": "West Sikkim", "samples": 1, "events": 1, "risk_index": 1.0, "severity": "High", "mean_slope_deg": 33.31, "mean_relief_500m_m": 751.1, "mean_rain_30d_mm": 288.9}}, {"type": "Feature", "geometry": {"type": "Polygon", "coordinates": [[[88.2, 27.700000000000003], [88.25, 27.700000000000003], [88.25, 27.750000000000004], [88.2, 27.750000000000004], [88.2, 27.700000000000003]]]}, "properties": {"cell_id": "1764_554", "state": "Sikkim", "district": "North Sikkim", "samples": 1, "events": 0, "risk_index": 0.0, "severity": "Low", "mean_slope_deg": 27.84, "mean_relief_500m_m": 490.1, "mean_rain_30d_mm": 530.6}}, {"type": "Feature", "geometry": {"type": "Polygon", "coordinates": [[[88.25, 27.25], [88.3, 27.25], [88.3, 27.3], [88.25, 27.3], [88.25, 27.25]]]}, "properties": {"cell_id": "1765_545", "state": "Sikkim", "district": "West Sikkim", "samples": 3, "events": 3, "risk_index": 1.0, "severity": "High", "mean_slope_deg": 29.61, "mean_relief_500m_m": 497.9, "mean_rain_30d_mm": 352.2}}, {"type": "Feature", "geometry": {"type": "Polygon", "coordinates": [[[88.25, 27.6], [88.3, 27.6], [88.3, 27.650000000000002], [88.25, 27.650000000000002], [88.25, 27.6]]]}, "properties": {"cell_id": "1765_552", "state": "Sikkim", "district": "North Sikkim", "samples": 1, "events": 0, "risk_index": 0.0, "severity": "Low", "mean_slope_deg": 27.43, "mean_relief_500m_m": 878.5, "mean_rain_30d_mm": 129.5}}, {"type": "Feature", "geometry": {"type": "Polygon", "coordinates": [[[88.30000000000001, 27.400000000000002], [88.35000000000001, 27.400000000000002], [88.35000000000001, 27.450000000000003], [88.30000000000001, 27.450000000000003], [88.30000000000001, 27.400000000000002]]]}, "properties": {"cell_id": "1766_548", "state": "Sikkim", "district": "South Sikkim", "samples": 1, "events": 0, "risk_index": 0.0, "severity": "Low", "mean_slope_deg": 20.54, "mean_relief_500m_m": 437.0, "mean_rain_30d_mm": 280.4}}, {"type": "Feature", "geometry": {"type": "Polygon", "coordinates": [[[88.35000000000001, 27.1], [88.4, 27.1], [88.4, 27.150000000000002], [88.35000000000001, 27.150000000000002], [88.35000000000001, 27.1]]]}, "properties": {"cell_id": "1767_542", "state": "Sikkim", "district": "South Sikkim", "samples": 1, "events": 1, "risk_index": 1.0, "severity": "High", "mean_slope_deg": 30.06, "mean_relief_500m_m": 517.7, "mean_rain_30d_mm": 478.7}}, {"type": "Feature", "geometry": {"type": "Polygon", "coordinates": [[[88.35000000000001, 27.150000000000002], [88.4, 27.150000000000002], [88.4, 27.200000000000003], [88.35000000000001, 27.200000000000003], [88.35000000000001, 27.150000000000002]]]}, "properties": {"cell_id": "1767_543", "state": "Sikkim", "district": "South Sikkim", "samples": 4, "events": 4, "risk_index": 1.0, "severity": "High", "mean_slope_deg": 22.76, "mean_relief_500m_m": 456.9, "mean_rain_30d_mm": 441.1}}, {"type": "Feature", "geometry": {"type": "Polygon", "coordinates": [[[88.4, 27.450000000000003], [88.45, 27.450000000000003], [88.45, 27.500000000000004], [88.4, 27.500000000000004], [88.4, 27.450000000000003]]]}, "properties": {"cell_id": "1768_549", "state": "Sikkim", "district": "North Sikkim", "samples": 2, "events": 1, "risk_index": 0.5, "severity": "Moderate", "mean_slope_deg": 31.29, "mean_relief_500m_m": 662.9, "mean_rain_30d_mm": 383.2}}, {"type": "Feature", "geometry": {"type": "Polygon", "coordinates": [[[88.45, 27.1], [88.5, 27.1], [88.5, 27.150000000000002], [88.45, 27.150000000000002], [88.45, 27.1]]]}, "properties": {"cell_id": "1769_542", "state": "Sikkim", "district": "South Sikkim", "samples": 1, "events": 1, "risk_index": 1.0, "severity": "High", "mean_slope_deg": 19.74, "mean_relief_500m_m": 403.3, "mean_rain_30d_mm": 769.0}}, {"type": "Feature", "geometry": {"type": "Polygon", "coordinates": [[[88.45, 27.200000000000003], [88.5, 27.200000000000003], [88.5, 27.250000000000004], [88.45, 27.250000000000004], [88.45, 27.200000000000003]]]}, "properties": {"cell_id": "1769_544", "state": "Sikkim", "district": "East", "samples": 3, "events": 3, "risk_index": 1.0, "severity": "High", "mean_slope_deg": 27.35, "mean_relief_500m_m": 377.3, "mean_rain_30d_mm": 751.9}}, {"type": "Feature", "geometry": {"type": "Polygon", "coordinates": [[[88.45, 27.700000000000003], [88.5, 27.700000000000003], [88.5, 27.750000000000004], [88.45, 27.750000000000004], [88.45, 27.700000000000003]]]}, "properties": {"cell_id": "1769_554", "state": "Sikkim", "district": "North Sikkim", "samples": 2, "events": 0, "risk_index": 0.0, "severity": "Low", "mean_slope_deg": 24.05, "mean_relief_500m_m": 474.9, "mean_rain_30d_mm": 282.5}}, {"type": "Feature", "geometry": {"type": "Polygon", "coordinates": [[[88.5, 27.450000000000003], [88.55, 27.450000000000003], [88.55, 27.500000000000004], [88.5, 27.500000000000004], [88.5, 27.450000000000003]]]}, "properties": {"cell_id": "1770_549", "state": "Sikkim", "district": "North Sikkim", "samples": 1, "events": 1, "risk_index": 1.0, "severity": "High", "mean_slope_deg": 5.57, "mean_relief_500m_m": 391.3, "mean_rain_30d_mm": 371.9}}, {"type": "Feature", "geometry": {"type": "Polygon", "coordinates": [[[88.5, 27.950000000000003], [88.55, 27.950000000000003], [88.55, 28.000000000000004], [88.5, 28.000000000000004], [88.5, 27.950000000000003]]]}, "properties": {"cell_id": "1770_559", "state": "Sikkim", "district": "North Sikkim", "samples": 1, "events": 0, "risk_index": 0.0, "severity": "Low", "mean_slope_deg": 36.37, "mean_relief_500m_m": 556.6, "mean_rain_30d_mm": 287.2}}, {"type": "Feature", "geometry": {"type": "Polygon", "coordinates": [[[88.55000000000001, 27.25], [88.60000000000001, 27.25], [88.60000000000001, 27.3], [88.55000000000001, 27.3], [88.55000000000001, 27.25]]]}, "properties": {"cell_id": "1771_545", "state": "Sikkim", "district": "East", "samples": 1, "events": 0, "risk_index": 0.0, "severity": "Low", "mean_slope_deg": 27.88, "mean_relief_500m_m": 389.7, "mean_rain_30d_mm": 387.8}}, {"type": "Feature", "geometry": {"type": "Polygon", "coordinates": [[[88.55000000000001, 27.35], [88.60000000000001, 27.35], [88.60000000000001, 27.400000000000002], [88.55000000000001, 27.400000000000002], [88.55000000000001, 27.35]]]}, "properties": {"cell_id": "1771_547", "state": "Sikkim", "district": "East", "samples": 1, "events": 1, "risk_index": 1.0, "severity": "High", "mean_slope_deg": 27.3, "mean_relief_500m_m": 566.2, "mean_rain_30d_mm": 501.2}}, {"type": "Feature", "geometry": {"type": "Polygon", "coordinates": [[[88.55000000000001, 27.700000000000003], [88.60000000000001, 27.700000000000003], [88.60000000000001, 27.750000000000004], [88.55000000000001, 27.750000000000004], [88.55000000000001, 27.700000000000003]]]}, "properties": {"cell_id": "1771_554", "state": "Sikkim", "district": "North Sikkim", "samples": 2, "events": 1, "risk_index": 0.5, "severity": "Moderate", "mean_slope_deg": 29.41, "mean_relief_500m_m": 592.5, "mean_rain_30d_mm": 181.0}}, {"type": "Feature", "geometry": {"type": "Polygon", "coordinates": [[[88.55000000000001, 27.8], [88.60000000000001, 27.8], [88.60000000000001, 27.85], [88.55000000000001, 27.85], [88.55000000000001, 27.8]]]}, "properties": {"cell_id": "1771_556", "state": "Sikkim", "district": "North Sikkim", "samples": 1, "events": 1, "risk_index": 1.0, "severity": "High", "mean_slope_deg": 18.58, "mean_relief_500m_m": 443.9, "mean_rain_30d_mm": 364.9}}, {"type": "Feature", "geometry": {"type": "Polygon", "coordinates": [[[88.60000000000001, 27.150000000000002], [88.65, 27.150000000000002], [88.65, 27.200000000000003], [88.60000000000001, 27.200000000000003], [88.60000000000001, 27.150000000000002]]]}, "properties": {"cell_id": "1772_543", "state": "Sikkim", "district": "East", "samples": 2, "events": 2, "risk_index": 1.0, "severity": "High", "mean_slope_deg": 13.39, "mean_relief_500m_m": 319.3, "mean_rain_30d_mm": 359.5}}, {"type": "Feature", "geometry": {"type": "Polygon", "coordinates": [[[88.60000000000001, 27.3], [88.65, 27.3], [88.65, 27.35], [88.60000000000001, 27.35], [88.60000000000001, 27.3]]]}, "properties": {"cell_id": "1772_546", "state": "Sikkim", "district": "East", "samples": 7, "events": 7, "risk_index": 1.0, "severity": "High", "mean_slope_deg": 22.17, "mean_relief_500m_m": 437.5, "mean_rain_30d_mm": 510.1}}, {"type": "Feature", "geometry": {"type": "Polygon", "coordinates": [[[88.60000000000001, 27.35], [88.65, 27.35], [88.65, 27.400000000000002], [88.60000000000001, 27.400000000000002], [88.60000000000001, 27.35]]]}, "properties": {"cell_id": "1772_547", "state": "Sikkim", "district": "East", "samples": 1, "events": 1, "risk_index": 1.0, "severity": "High", "mean_slope_deg": 21.76, "mean_relief_500m_m": 442.6, "mean_rain_30d_mm": 251.1}}, {"type": "Feature", "geometry": {"type": "Polygon", "coordinates": [[[88.60000000000001, 27.400000000000002], [88.65, 27.400000000000002], [88.65, 27.450000000000003], [88.60000000000001, 27.450000000000003], [88.60000000000001, 27.400000000000002]]]}, "properties": {"cell_id": "1772_548", "state": "Sikkim", "district": "North Sikkim", "samples": 1, "events": 1, "risk_index": 1.0, "severity": "High", "mean_slope_deg": 17.22, "mean_relief_500m_m": 374.6, "mean_rain_30d_mm": 178.5}}, {"type": "Feature", "geometry": {"type": "Polygon", "coordinates": [[[88.60000000000001, 27.55], [88.65, 27.55], [88.65, 27.6], [88.60000000000001, 27.6], [88.60000000000001, 27.55]]]}, "properties": {"cell_id": "1772_551", "state": "Sikkim", "district": "North Sikkim", "samples": 1, "events": 1, "risk_index": 1.0, "severity": "High", "mean_slope_deg": 44.21, "mean_relief_500m_m": 515.7, "mean_rain_30d_mm": 710.7}}, {"type": "Feature", "geometry": {"type": "Polygon", "coordinates": [[[88.60000000000001, 27.6], [88.65, 27.6], [88.65, 27.650000000000002], [88.60000000000001, 27.650000000000002], [88.60000000000001, 27.6]]]}, "properties": {"cell_id": "1772_552", "state": "Sikkim", "district": "North Sikkim", "samples": 1, "events": 1, "risk_index": 1.0, "severity": "High", "mean_slope_deg": 6.85, "mean_relief_500m_m": 335.3, "mean_rain_30d_mm": 420.2}}, {"type": "Feature", "geometry": {"type": "Polygon", "coordinates": [[[88.60000000000001, 27.650000000000002], [88.65, 27.650000000000002], [88.65, 27.700000000000003], [88.60000000000001, 27.700000000000003], [88.60000000000001, 27.650000000000002]]]}, "properties": {"cell_id": "1772_553", "state": "Sikkim", "district": "North Sikkim", "samples": 1, "events": 1, "risk_index": 1.0, "severity": "High", "mean_slope_deg": 14.69, "mean_relief_500m_m": 518.3, "mean_rain_30d_mm": 364.9}}, {"type": "Feature", "geometry": {"type": "Polygon", "coordinates": [[[88.60000000000001, 27.700000000000003], [88.65, 27.700000000000003], [88.65, 27.750000000000004], [88.60000000000001, 27.750000000000004], [88.60000000000001, 27.700000000000003]]]}, "properties": {"cell_id": "1772_554", "state": "Sikkim", "district": "North Sikkim", "samples": 1, "events": 1, "risk_index": 1.0, "severity": "High", "mean_slope_deg": 22.93, "mean_relief_500m_m": 487.0, "mean_rain_30d_mm": 395.7}}, {"type": "Feature", "geometry": {"type": "Polygon", "coordinates": [[[88.60000000000001, 27.75], [88.65, 27.75], [88.65, 27.8], [88.60000000000001, 27.8], [88.60000000000001, 27.75]]]}, "properties": {"cell_id": "1772_555", "state": "Sikkim", "district": "North Sikkim", "samples": 1, "events": 1, "risk_index": 1.0, "severity": "High", "mean_slope_deg": 18.82, "mean_relief_500m_m": 491.0, "mean_rain_30d_mm": 183.1}}, {"type": "Feature", "geometry": {"type": "Polygon", "coordinates": [[[88.60000000000001, 27.950000000000003], [88.65, 27.950000000000003], [88.65, 28.000000000000004], [88.60000000000001, 28.000000000000004], [88.60000000000001, 27.950000000000003]]]}, "properties": {"cell_id": "1772_559", "state": "Sikkim", "district": "North Sikkim", "samples": 2, "events": 0, "risk_index": 0.0, "severity": "Low", "mean_slope_deg": 19.83, "mean_relief_500m_m": 287.8, "mean_rain_30d_mm": 483.7}}, {"type": "Feature", "geometry": {"type": "Polygon", "coordinates": [[[88.65, 27.25], [88.7, 27.25], [88.7, 27.3], [88.65, 27.3], [88.65, 27.25]]]}, "properties": {"cell_id": "1773_545", "state": "Sikkim", "district": "East", "samples": 1, "events": 0, "risk_index": 0.0, "severity": "Low", "mean_slope_deg": 29.37, "mean_relief_500m_m": 492.9, "mean_rain_30d_mm": 758.6}}, {"type": "Feature", "geometry": {"type": "Polygon", "coordinates": [[[88.65, 27.3], [88.7, 27.3], [88.7, 27.35], [88.65, 27.35], [88.65, 27.3]]]}, "properties": {"cell_id": "1773_546", "state": "Sikkim", "district": "East", "samples": 1, "events": 0, "risk_index": 0.0, "severity": "Low", "mean_slope_deg": 25.09, "mean_relief_500m_m": 426.5, "mean_rain_30d_mm": 675.2}}, {"type": "Feature", "geometry": {"type": "Polygon", "coordinates": [[[88.7, 27.35], [88.75, 27.35], [88.75, 27.400000000000002], [88.7, 27.400000000000002], [88.7, 27.35]]]}, "properties": {"cell_id": "1774_547", "state": "Sikkim", "district": "East", "samples": 3, "events": 3, "risk_index": 1.0, "severity": "High", "mean_slope_deg": 18.8, "mean_relief_500m_m": 514.1, "mean_rain_30d_mm": 605.3}}, {"type": "Feature", "geometry": {"type": "Polygon", "coordinates": [[[88.75, 27.35], [88.8, 27.35], [88.8, 27.400000000000002], [88.75, 27.400000000000002], [88.75, 27.35]]]}, "properties": {"cell_id": "1775_547", "state": "Sikkim", "district": "East", "samples": 2, "events": 2, "risk_index": 1.0, "severity": "High", "mean_slope_deg": 7.41, "mean_relief_500m_m": 272.2, "mean_rain_30d_mm": 777.2}}, {"type": "Feature", "geometry": {"type": "Polygon", "coordinates": [[[88.75, 27.900000000000002], [88.8, 27.900000000000002], [88.8, 27.950000000000003], [88.75, 27.950000000000003], [88.75, 27.900000000000002]]]}, "properties": {"cell_id": "1775_558", "state": "Sikkim", "district": "North Sikkim", "samples": 1, "events": 0, "risk_index": 0.0, "severity": "Low", "mean_slope_deg": 31.92, "mean_relief_500m_m": 368.7, "mean_rain_30d_mm": 150.4}}, {"type": "Feature", "geometry": {"type": "Polygon", "coordinates": [[[89.9, 25.700000000000003], [89.95, 25.700000000000003], [89.95, 25.750000000000004], [89.9, 25.750000000000004], [89.9, 25.700000000000003]]]}, "properties": {"cell_id": "1798_514", "state": "Assam", "district": "West Garo Hills", "samples": 1, "events": 1, "risk_index": 1.0, "severity": "High", "mean_slope_deg": 3.36, "mean_relief_500m_m": 34.9, "mean_rain_30d_mm": 700.7}}, {"type": "Feature", "geometry": {"type": "Polygon", "coordinates": [[[89.9, 25.8], [89.95, 25.8], [89.95, 25.85], [89.9, 25.85], [89.9, 25.8]]]}, "properties": {"cell_id": "1798_516", "state": "Assam", "district": "Dhuburi", "samples": 1, "events": 0, "risk_index": 0.0, "severity": "Low", "mean_slope_deg": 1.85, "mean_relief_500m_m": 9.3, "mean_rain_30d_mm": 362.7}}, {"type": "Feature", "geometry": {"type": "Polygon", "coordinates": [[[89.9, 25.85], [89.95, 25.85], [89.95, 25.900000000000002], [89.9, 25.900000000000002], [89.9, 25.85]]]}, "properties": {"cell_id": "1798_517", "state": "Assam", "district": "Dhuburi", "samples": 1, "events": 0, "risk_index": 0.0, "severity": "Low", "mean_slope_deg": 1.57, "mean_relief_500m_m": 7.2, "mean_rain_30d_mm": 152.8}}, {"type": "Feature", "geometry": {"type": "Polygon", "coordinates": [[[89.95, 25.450000000000003], [90.0, 25.450000000000003], [90.0, 25.500000000000004], [89.95, 25.500000000000004], [89.95, 25.450000000000003]]]}, "properties": {"cell_id": "1799_509", "state": "Meghalaya", "district": "West Garo Hills", "samples": 1, "events": 0, "risk_index": 0.0, "severity": "Low", "mean_slope_deg": 8.56, "mean_relief_500m_m": 62.1, "mean_rain_30d_mm": 242.9}}, {"type": "Feature", "geometry": {"type": "Polygon", "coordinates": [[[90.0, 25.55], [90.05, 25.55], [90.05, 25.6], [90.0, 25.6], [90.0, 25.55]]]}, "properties": {"cell_id": "1800_511", "state": "Meghalaya", "district": "West Garo Hills", "samples": 1, "events": 0, "risk_index": 0.0, "severity": "Low", "mean_slope_deg": 12.48, "mean_relief_500m_m": 75.7, "mean_rain_30d_mm": 881.5}}, {"type": "Feature", "geometry": {"type": "Polygon", "coordinates": [[[90.0, 25.700000000000003], [90.05, 25.700000000000003], [90.05, 25.750000000000004], [90.0, 25.750000000000004], [90.0, 25.700000000000003]]]}, "properties": {"cell_id": "1800_514", "state": "Meghalaya", "district": "West Garo Hills", "samples": 1, "events": 0, "risk_index": 0.0, "severity": "Low", "mean_slope_deg": 0.15, "mean_relief_500m_m": 29.0, "mean_rain_30d_mm": 552.6}}, {"type": "Feature", "geometry": {"type": "Polygon", "coordinates": [[[90.0, 25.900000000000002], [90.05, 25.900000000000002], [90.05, 25.950000000000003], [90.0, 25.950000000000003], [90.0, 25.900000000000002]]]}, "properties": {"cell_id": "1800_518", "state": "Assam", "district": "Dhuburi", "samples": 1, "events": 0, "risk_index": 0.0, "severity": "Low", "mean_slope_deg": 0.0, "mean_relief_500m_m": 5.5, "mean_rain_30d_mm": 580.6}}, {"type": "Feature", "geometry": {"type": "Polygon", "coordinates": [[[90.0, 26.0], [90.05, 26.0], [90.05, 26.05], [90.0, 26.05], [90.0, 26.0]]]}, "properties": {"cell_id": "1800_520", "state": "Assam", "district": "Dhuburi", "samples": 1, "events": 0, "risk_index": 0.0, "severity": "Low", "mean_slope_deg": 0.21, "mean_relief_500m_m": 29.8, "mean_rain_30d_mm": 408.9}}, {"type": "Feature", "geometry": {"type": "Polygon", "coordinates": [[[90.05000000000001, 25.25], [90.10000000000001, 25.25], [90.10000000000001, 25.3], [90.05000000000001, 25.3], [90.05000000000001, 25.25]]]}, "properties": {"cell_id": "1801_505", "state": "Meghalaya", "district": "West Garo Hills", "samples": 1, "events": 0, "risk_index": 0.0, "severity": "Low", "mean_slope_deg": 2.69, "mean_relief_500m_m": 58.2, "mean_rain_30d_mm": 0.0}}, {"type": "Feature", "geometry": {"type": "Polygon", "coordinates": [[[90.05000000000001, 25.3], [90.10000000000001, 25.3], [90.10000000000001, 25.35], [90.05000000000001, 25.35], [90.05000000000001, 25.3]]]}, "properties": {"cell_id": "1801_506", "state": "Meghalaya", "district": "West Garo Hills", "samples": 1, "events": 0, "risk_index": 0.0, "severity": "Low", "mean_slope_deg": 6.44, "mean_relief_500m_m": 79.8, "mean_rain_30d_mm": 0.0}}, {"type": "Feature", "geometry": {"type": "Polygon", "coordinates": [[[90.05000000000001, 25.5], [90.10000000000001, 25.5], [90.10000000000001, 25.55], [90.05000000000001, 25.55], [90.05000000000001, 25.5]]]}, "properties": {"cell_id": "1801_510", "state": "Meghalaya", "district": "West Garo Hills", "samples": 1, "events": 1, "risk_index": 1.0, "severity": "High", "mean_slope_deg": 0.41, "mean_relief_500m_m": 61.9, "mean_rain_30d_mm": 640.3}}, {"type": "Feature", "geometry": {"type": "Polygon", "coordinates": [[[90.10000000000001, 25.200000000000003], [90.15, 25.200000000000003], [90.15, 25.250000000000004], [90.10000000000001, 25.250000000000004], [90.10000000000001, 25.200000000000003]]]}, "properties": {"cell_id": "1802_504", "state": "Meghalaya", "district": "West Garo Hills", "samples": 1, "events": 0, "risk_index": 0.0, "severity": "Low", "mean_slope_deg": 4.12, "mean_relief_500m_m": 61.5, "mean_rain_30d_mm": 0.0}}, {"type": "Feature", "geometry": {"type": "Polygon", "coordinates": [[[90.10000000000001, 25.5], [90.15, 25.5], [90.15, 25.55], [90.10000000000001, 25.55], [90.10000000000001, 25.5]]]}, "properties": {"cell_id": "1802_510", "state": "Meghalaya", "district": "West Garo Hills", "samples": 1, "events": 0, "risk_index": 0.0, "severity": "Low", "mean_slope_deg": 7.39, "mean_relief_500m_m": 105.2, "mean_rain_30d_mm": 466.4}}, {"type": "Feature", "geometry": {"type": "Polygon", "coordinates": [[[90.15, 25.450000000000003], [90.2, 25.450000000000003], [90.2, 25.500000000000004], [90.15, 25.500000000000004], [90.15, 25.450000000000003]]]}, "properties": {"cell_id": "1803_509", "state": "Meghalaya", "district": "West Garo Hills", "samples": 1, "events": 0, "risk_index": 0.0, "severity": "Low", "mean_slope_deg": 13.87, "mean_relief_500m_m": 92.4, "mean_rain_30d_mm": 420.4}}, {"type": "Feature", "geometry": {"type": "Polygon", "coordinates": [[[90.2, 25.5], [90.25, 25.5], [90.25, 25.55], [90.2, 25.55], [90.2, 25.5]]]}, "properties": {"cell_id": "1804_510", "state": "Meghalaya", "district": "West Garo Hills", "samples": 5, "events": 5, "risk_index": 1.0, "severity": "High", "mean_slope_deg": 9.61, "mean_relief_500m_m": 193.4, "mean_rain_30d_mm": 713.1}}, {"type": "Feature", "geometry": {"type": "Polygon", "coordinates": [[[90.30000000000001, 25.3], [90.35000000000001, 25.3], [90.35000000000001, 25.35], [90.30000000000001, 25.35], [90.30000000000001, 25.3]]]}, "properties": {"cell_id": "1806_506", "state": "Meghalaya", "district": "South Garo Hills", "samples": 2, "events": 0, "risk_index": 0.0, "severity": "Low", "mean_slope_deg": 4.64, "mean_relief_500m_m": 68.9, "mean_rain_30d_mm": 1199.7}}, {"type": "Feature", "geometry": {"type": "Polygon", "coordinates": [[[90.30000000000001, 25.400000000000002], [90.35000000000001, 25.400000000000002], [90.35000000000001, 25.450000000000003], [90.30000000000001, 25.450000000000003], [90.30000000000001, 25.400000000000002]]]}, "properties": {"cell_id": "1806_508", "state": "Meghalaya", "district": "West Garo Hills", "samples": 1, "events": 0, "risk_index": 0.0, "severity": "Low", "mean_slope_deg": 19.76, "mean_relief_500m_m": 228.9, "mean_rain_30d_mm": 374.8}}, {"type": "Feature", "geometry": {"type": "Polygon", "coordinates": [[[90.30000000000001, 25.85], [90.35000000000001, 25.85], [90.35000000000001, 25.900000000000002], [90.30000000000001, 25.900000000000002], [90.30000000000001, 25.85]]]}, "properties": {"cell_id": "1806_517", "state": "Meghalaya", "district": "West Garo Hills", "samples": 1, "events": 0, "risk_index": 0.0, "severity": "Low", "mean_slope_deg": 3.64, "mean_relief_500m_m": 37.9, "mean_rain_30d_mm": 1195.5}}, {"type": "Feature", "geometry": {"type": "Polygon", "coordinates": [[[90.30000000000001, 25.950000000000003], [90.35000000000001, 25.950000000000003], [90.35000000000001, 26.000000000000004], [90.30000000000001, 26.000000000000004], [90.30000000000001, 25.950000000000003]]]}, "properties": {"cell_id": "1806_519", "state": "Meghalaya", "district": "Goalpara", "samples": 1, "events": 0, "risk_index": 0.0, "severity": "Low", "mean_slope_deg": 0.18, "mean_relief_500m_m": 13.1, "mean_rain_30d_mm": 612.9}}, {"type": "Feature", "geometry": {"type": "Polygon", "coordinates": [[[90.35000000000001, 25.150000000000002], [90.4, 25.150000000000002], [90.4, 25.200000000000003], [90.35000000000001, 25.200000000000003], [90.35000000000001, 25.150000000000002]]]}, "properties": {"cell_id": "1807_503", "state": "Meghalaya", "district": "", "samples": 1, "events": 0, "risk_index": 0.0, "severity": "Low", "mean_slope_deg": 0.35, "mean_relief_500m_m": 7.1, "mean_rain_30d_mm": 1638.3}}, {"type": "Feature", "geometry": {"type": "Polygon", "coordinates": [[[90.35000000000001, 25.200000000000003], [90.4, 25.200000000000003], [90.4, 25.250000000000004], [90.35000000000001, 25.250000000000004], [90.35000000000001, 25.200000000000003]]]}, "properties": {"cell_id": "1807_504", "state": "Meghalaya", "district": "South Garo Hills", "samples": 1, "events": 0, "risk_index": 0.0, "severity": "Low", "mean_slope_deg": 7.35, "mean_relief_500m_m": 101.7, "mean_rain_30d_mm": 324.2}}, {"type": "Feature", "geometry": {"type": "Polygon", "coordinates": [[[90.35000000000001, 25.700000000000003], [90.4, 25.700000000000003], [90.4, 25.750000000000004], [90.35000000000001, 25.750000000000004], [90.35000000000001, 25.700000000000003]]]}, "properties": {"cell_id": "1807_514", "state": "Meghalaya", "district": "West Garo Hills", "samples": 1, "events": 1, "risk_index": 1.0, "severity": "High", "mean_slope_deg": 6.03, "mean_relief_500m_m": 77.3, "mean_rain_30d_mm": 340.7}}, {"type": "Feature", "geometry": {"type": "Polygon", "coordinates": [[[90.4, 25.450000000000003], [90.45, 25.450000000000003], [90.45, 25.500000000000004], [90.4, 25.500000000000004], [90.4, 25.450000000000003]]]}, "properties": {"cell_id": "1808_509", "state": "Meghalaya", "district": "East Garo Hills", "samples": 1, "events": 0, "risk_index": 0.0, "severity": "Low", "mean_slope_deg": 8.17, "mean_relief_500m_m": 138.8, "mean_rain_30d_mm": 373.4}}, {"type": "Feature", "geometry": {"type": "Polygon", "coordinates": [[[90.4, 25.900000000000002], [90.45, 25.900000000000002], [90.45, 25.950000000000003], [90.4, 25.950000000000003], [90.4, 25.900000000000002]]]}, "properties": {"cell_id": "1808_518", "state": "Meghalaya", "district": "East Garo Hills", "samples": 1, "events": 0, "risk_index": 0.0, "severity": "Low", "mean_slope_deg": 7.4, "mean_relief_500m_m": 131.9, "mean_rain_30d_mm": 397.6}}, {"type": "Feature", "geometry": {"type": "Polygon", "coordinates": [[[90.45, 25.200000000000003], [90.5, 25.200000000000003], [90.5, 25.250000000000004], [90.45, 25.250000000000004], [90.45, 25.200000000000003]]]}, "properties": {"cell_id": "1809_504", "state": "Meghalaya", "district": "South Garo Hills", "samples": 1, "events": 0, "risk_index": 0.0, "severity": "Low", "mean_slope_deg": 6.17, "mean_relief_500m_m": 163.4, "mean_rain_30d_mm": 971.1}}, {"type": "Feature", "geometry": {"type": "Polygon", "coordinates": [[[90.5, 25.5], [90.55, 25.5], [90.55, 25.55], [90.5, 25.55], [90.5, 25.5]]]}, "properties": {"cell_id": "1810_510", "state": "Meghalaya", "district": "East Garo Hills", "samples": 1, "events": 0, "risk_index": 0.0, "severity": "Low", "mean_slope_deg": 24.61, "mean_relief_500m_m": 301.0, "mean_rain_30d_mm": 705.8}}, {"type": "Feature", "geometry": {"type": "Polygon", "coordinates": [[[90.5, 25.6], [90.55, 25.6], [90.55, 25.650000000000002], [90.5, 25.650000000000002], [90.5, 25.6]]]}, "properties": {"cell_id": "1810_512", "state": "Meghalaya", "district": "East Garo Hills", "samples": 1, "events": 0, "risk_index": 0.0, "severity": "Low", "mean_slope_deg": 4.46, "mean_relief_500m_m": 111.5, "mean_rain_30d_mm": 697.1}}, {"type": "Feature", "geometry": {"type": "Polygon", "coordinates": [[[90.55000000000001, 25.200000000000003], [90.60000000000001, 25.200000000000003], [90.60000000000001, 25.250000000000004], [90.55000000000001, 25.250000000000004], [90.55000000000001, 25.200000000000003]]]}, "properties": {"cell_id": "1811_504", "state": "Meghalaya", "district": "South Garo Hills", "samples": 2, "events": 2, "risk_index": 1.0, "severity": "High", "mean_slope_deg": 10.55, "mean_relief_500m_m": 148.2, "mean_rain_30d_mm": 1957.2}}, {"type": "Feature", "geometry": {"type": "Polygon", "coordinates": [[[90.55000000000001, 25.5], [90.60000000000001, 25.5], [90.60000000000001, 25.55], [90.55000000000001, 25.55], [90.55000000000001, 25.5]]]}, "properties": {"cell_id": "1811_510", "state": "Meghalaya", "district": "East Garo Hills", "samples": 1, "events": 0, "risk_index": 0.0, "severity": "Low", "mean_slope_deg": 5.41, "mean_relief_500m_m": 54.1, "mean_rain_30d_mm": 290.7}}, {"type": "Feature", "geometry": {"type": "Polygon", "coordinates": [[[90.55000000000001, 25.8], [90.60000000000001, 25.8], [90.60000000000001, 25.85], [90.55000000000001, 25.85], [90.55000000000001, 25.8]]]}, "properties": {"cell_id": "1811_516", "state": "Meghalaya", "district": "East Garo Hills", "samples": 1, "events": 1, "risk_index": 1.0, "severity": "High", "mean_slope_deg": 1.21, "mean_relief_500m_m": 151.2, "mean_rain_30d_mm": 584.9}}, {"type": "Feature", "geometry": {"type": "Polygon", "coordinates": [[[90.55000000000001, 25.85], [90.60000000000001, 25.85], [90.60000000000001, 25.900000000000002], [90.55000000000001, 25.900000000000002], [90.55000000000001, 25.85]]]}, "properties": {"cell_id": "1811_517", "state": "Meghalaya", "district": "East Garo Hills", "samples": 1, "events": 0, "risk_index": 0.0, "severity": "Low", "mean_slope_deg": 18.99, "mean_relief_500m_m": 161.0, "mean_rain_30d_mm": 380.6}}, {"type": "Feature", "geometry": {"type": "Polygon", "coordinates": [[[90.60000000000001, 25.150000000000002], [90.65, 25.150000000000002], [90.65, 25.200000000000003], [90.60000000000001, 25.200000000000003], [90.60000000000001, 25.150000000000002]]]}, "properties": {"cell_id": "1812_503", "state": "Meghalaya", "district": "South Garo Hills", "samples": 1, "events": 0, "risk_index": 0.0, "severity": "Low", "mean_slope_deg": 4.67, "mean_relief_500m_m": 41.8, "mean_rain_30d_mm": 1525.6}}, {"type": "Feature", "geometry": {"type": "Polygon", "coordinates": [[[90.60000000000001, 25.400000000000002], [90.65, 25.400000000000002], [90.65, 25.450000000000003], [90.60000000000001, 25.450000000000003], [90.60000000000001, 25.400000000000002]]]}, "properties": {"cell_id": "1812_508", "state": "Meghalaya", "district": "East Garo Hills", "samples": 1, "events": 0, "risk_index": 0.0, "severity": "Low", "mean_slope_deg": 13.74, "mean_relief_500m_m": 314.3, "mean_rain_30d_mm": 957.0}}, {"type": "Feature", "geometry": {"type": "Polygon", "coordinates": [[[90.60000000000001, 25.5], [90.65, 25.5], [90.65, 25.55], [90.60000000000001, 25.55], [90.60000000000001, 25.5]]]}, "properties": {"cell_id": "1812_510", "state": "Meghalaya", "district": "East Garo Hills", "samples": 1, "events": 0, "risk_index": 0.0, "severity": "Low", "mean_slope_deg": 6.56, "mean_relief_500m_m": 52.0, "mean_rain_30d_mm": 354.4}}, {"type": "Feature", "geometry": {"type": "Polygon", "coordinates": [[[90.60000000000001, 25.85], [90.65, 25.85], [90.65, 25.900000000000002], [90.60000000000001, 25.900000000000002], [90.60000000000001, 25.85]]]}, "properties": {"cell_id": "1812_517", "state": "Meghalaya", "district": "East Garo Hills", "samples": 1, "events": 0, "risk_index": 0.0, "severity": "Low", "mean_slope_deg": 17.09, "mean_relief_500m_m": 186.7, "mean_rain_30d_mm": 611.6}}, {"type": "Feature", "geometry": {"type": "Polygon", "coordinates": [[[90.65, 25.35], [90.7, 25.35], [90.7, 25.400000000000002], [90.65, 25.400000000000002], [90.65, 25.35]]]}, "properties": {"cell_id": "1813_507", "state": "Meghalaya", "district": "South Garo Hills", "samples": 1, "events": 0, "risk_index": 0.0, "severity": "Low", "mean_slope_deg": 14.87, "mean_relief_500m_m": 209.6, "mean_rain_30d_mm": 2481.7}}, {"type": "Feature", "geometry": {"type": "Polygon", "coordinates": [[[90.65, 25.5], [90.7, 25.5], [90.7, 25.55], [90.65, 25.55], [90.65, 25.5]]]}, "properties": {"cell_id": "1813_510", "state": "Meghalaya", "district": "East Garo Hills", "samples": 1, "events": 0, "risk_index": 0.0, "severity": "Low", "mean_slope_deg": 14.61, "mean_relief_500m_m": 148.3, "mean_rain_30d_mm": 2739.3}}, {"type": "Feature", "geometry": {"type": "Polygon", "coordinates": [[[90.65, 25.6], [90.7, 25.6], [90.7, 25.650000000000002], [90.65, 25.650000000000002], [90.65, 25.6]]]}, "properties": {"cell_id": "1813_512", "state": "Meghalaya", "district": "East Garo Hills", "samples": 1, "events": 0, "risk_index": 0.0, "severity": "Low", "mean_slope_deg": 8.34, "mean_relief_500m_m": 69.0, "mean_rain_30d_mm": 535.9}}, {"type": "Feature", "geometry": {"type": "Polygon", "coordinates": [[[90.7, 25.8], [90.75, 25.8], [90.75, 25.85], [90.7, 25.85], [90.7, 25.8]]]}, "properties": {"cell_id": "1814_516", "state": "Meghalaya", "district": "East Garo Hills", "samples": 1, "events": 0, "risk_index": 0.0, "severity": "Low", "mean_slope_deg": 26.98, "mean_relief_500m_m": 155.9, "mean_rain_30d_mm": 1111.1}}, {"type": "Feature", "geometry": {"type": "Polygon", "coordinates": [[[90.7, 25.85], [90.75, 25.85], [90.75, 25.900000000000002], [90.7, 25.900000000000002], [90.7, 25.85]]]}, "properties": {"cell_id": "1814_517", "state": "Meghalaya", "district": "East Garo Hills", "samples": 1, "events": 0, "risk_index": 0.0, "severity": "Low", "mean_slope_deg": 18.18, "mean_relief_500m_m": 192.8, "mean_rain_30d_mm": 423.3}}, {"type": "Feature", "geometry": {"type": "Polygon", "coordinates": [[[90.80000000000001, 25.400000000000002], [90.85000000000001, 25.400000000000002], [90.85000000000001, 25.450000000000003], [90.80000000000001, 25.450000000000003], [90.80000000000001, 25.400000000000002]]]}, "properties": {"cell_id": "1816_508", "state": "Meghalaya", "district": "West Khasi Hills", "samples": 1, "events": 0, "risk_index": 0.0, "severity": "Low", "mean_slope_deg": 11.06, "mean_relief_500m_m": 134.6, "mean_rain_30d_mm": 304.5}}, {"type": "Feature", "geometry": {"type": "Polygon", "coordinates": [[[90.80000000000001, 25.8], [90.85000000000001, 25.8], [90.85000000000001, 25.85], [90.80000000000001, 25.85], [90.80000000000001, 25.8]]]}, "properties": {"cell_id": "1816_516", "state": "Meghalaya", "district": "East Garo Hills", "samples": 1, "events": 0, "risk_index": 0.0, "severity": "Low", "mean_slope_deg": 13.02, "mean_relief_500m_m": 168.4, "mean_rain_30d_mm": 1170.2}}, {"type": "Feature", "geometry": {"type": "Polygon", "coordinates": [[[90.85000000000001, 25.5], [90.9, 25.5], [90.9, 25.55], [90.85000000000001, 25.55], [90.85000000000001, 25.5]]]}, "properties": {"cell_id": "1817_510", "state": "Meghalaya", "district": "West Khasi Hills", "samples": 1, "events": 0, "risk_index": 0.0, "severity": "Low", "mean_slope_deg": 9.18, "mean_relief_500m_m": 94.1, "mean_rain_30d_mm": 313.0}}, {"type": "Feature", "geometry": {"type": "Polygon", "coordinates": [[[90.85000000000001, 25.900000000000002], [90.9, 25.900000000000002], [90.9, 25.950000000000003], [90.85000000000001, 25.950000000000003], [90.85000000000001, 25.900000000000002]]]}, "properties": {"cell_id": "1817_518", "state": "Meghalaya", "district": "East Garo Hills", "samples": 1, "events": 0, "risk_index": 0.0, "severity": "Low", "mean_slope_deg": 4.08, "mean_relief_500m_m": 152.3, "mean_rain_30d_mm": 226.8}}, {"type": "Feature", "geometry": {"type": "Polygon", "coordinates": [[[90.9, 25.55], [90.95, 25.55], [90.95, 25.6], [90.9, 25.6], [90.9, 25.55]]]}, "properties": {"cell_id": "1818_511", "state": "Meghalaya", "district": "West Khasi Hills", "samples": 1, "events": 0, "risk_index": 0.0, "severity": "Low", "mean_slope_deg": 5.86, "mean_relief_500m_m": 59.9, "mean_rain_30d_mm": 869.9}}, {"type": "Feature", "geometry": {"type": "Polygon", "coordinates": [[[90.9, 26.0], [90.95, 26.0], [90.95, 26.05], [90.9, 26.05], [90.9, 26.0]]]}, "properties": {"cell_id": "1818_520", "state": "Assam", "district": "Goalpara", "samples": 1, "events": 0, "risk_index": 0.0, "severity": "Low", "mean_slope_deg": 0.27, "mean_relief_500m_m": 55.7, "mean_rain_30d_mm": 489.6}}, {"type": "Feature", "geometry": {"type": "Polygon", "coordinates": [[[90.95, 25.200000000000003], [91.0, 25.200000000000003], [91.0, 25.250000000000004], [90.95, 25.250000000000004], [90.95, 25.200000000000003]]]}, "properties": {"cell_id": "1819_504", "state": "Meghalaya", "district": "West Khasi Hills", "samples": 1, "events": 0, "risk_index": 0.0, "severity": "Low", "mean_slope_deg": 24.22, "mean_relief_500m_m": 153.0, "mean_rain_30d_mm": 7.2}}, {"type": "Feature", "geometry": {"type": "Polygon", "coordinates": [[[90.95, 25.85], [91.0, 25.85], [91.0, 25.900000000000002], [90.95, 25.900000000000002], [90.95, 25.85]]]}, "properties": {"cell_id": "1819_517", "state": "Meghalaya", "district": "East Garo Hills", "samples": 1, "events": 0, "risk_index": 0.0, "severity": "Low", "mean_slope_deg": 15.41, "mean_relief_500m_m": 247.5, "mean_rain_30d_mm": 280.8}}, {"type": "Feature", "geometry": {"type": "Polygon", "coordinates": [[[91.0, 25.5], [91.05, 25.5], [91.05, 25.55], [91.0, 25.55], [91.0, 25.5]]]}, "properties": {"cell_id": "1820_510", "state": "Meghalaya", "district": "West Khasi Hills", "samples": 1, "events": 0, "risk_index": 0.0, "severity": "Low", "mean_slope_deg": 13.65, "mean_relief_500m_m": 124.7, "mean_rain_30d_mm": 411.3}}, {"type": "Feature", "geometry": {"type": "Polygon", "coordinates": [[[91.0, 25.75], [91.05, 25.75], [91.05, 25.8], [91.0, 25.8], [91.0, 25.75]]]}, "properties": {"cell_id": "1820_515", "state": "Meghalaya", "district": "West Khasi Hills", "samples": 1, "events": 0, "risk_index": 0.0, "severity": "Low", "mean_slope_deg": 5.07, "mean_relief_500m_m": 86.8, "mean_rain_30d_mm": 1497.0}}, {"type": "Feature", "geometry": {"type": "Polygon", "coordinates": [[[91.0, 25.85], [91.05, 25.85], [91.05, 25.900000000000002], [91.0, 25.900000000000002], [91.0, 25.85]]]}, "properties": {"cell_id": "1820_517", "state": "Meghalaya", "district": "East Garo Hills", "samples": 1, "events": 0, "risk_index": 0.0, "severity": "Low", "mean_slope_deg": 0.23, "mean_relief_500m_m": 78.0, "mean_rain_30d_mm": 384.8}}, {"type": "Feature", "geometry": {"type": "Polygon", "coordinates": [[[91.0, 26.1], [91.05, 26.1], [91.05, 26.150000000000002], [91.0, 26.150000000000002], [91.0, 26.1]]]}, "properties": {"cell_id": "1820_522", "state": "Assam", "district": "Barpeta", "samples": 1, "events": 0, "risk_index": 0.0, "severity": "Low", "mean_slope_deg": 0.25, "mean_relief_500m_m": 5.2, "mean_rain_30d_mm": 225.4}}, {"type": "Feature", "geometry": {"type": "Polygon", "coordinates": [[[91.0, 26.650000000000002], [91.05, 26.650000000000002], [91.05, 26.700000000000003], [91.0, 26.700000000000003], [91.0, 26.650000000000002]]]}, "properties": {"cell_id": "1820_533", "state": "Assam", "district": "Barpeta", "samples": 1, "events": 0, "risk_index": 0.0, "severity": "Low", "mean_slope_deg": 0.1, "mean_relief_500m_m": 3.0, "mean_rain_30d_mm": 121.7}}, {"type": "Feature", "geometry": {"type": "Polygon", "coordinates": [[[91.05000000000001, 25.450000000000003], [91.10000000000001, 25.450000000000003], [91.10000000000001, 25.500000000000004], [91.05000000000001, 25.500000000000004], [91.05000000000001, 25.450000000000003]]]}, "properties": {"cell_id": "1821_509", "state": "Meghalaya", "district": "West Khasi Hills", "samples": 1, "events": 0, "risk_index": 0.0, "severity": "Low", "mean_slope_deg": 10.02, "mean_relief_500m_m": 127.0, "mean_rain_30d_mm": 381.7}}, {"type": "Feature", "geometry": {"type": "Polygon", "coordinates": [[[91.05000000000001, 26.0], [91.10000000000001, 26.0], [91.10000000000001, 26.05], [91.05000000000001, 26.05], [91.05000000000001, 26.0]]]}, "properties": {"cell_id": "1821_520", "state": "Assam", "district": "Goalpara", "samples": 1, "events": 0, "risk_index": 0.0, "severity": "Low", "mean_slope_deg": 0.22, "mean_relief_500m_m": 10.2, "mean_rain_30d_mm": 391.4}}, {"type": "Feature", "geometry": {"type": "Polygon", "coordinates": [[[91.05000000000001, 26.700000000000003], [91.10000000000001, 26.700000000000003], [91.10000000000001, 26.750000000000004], [91.05000000000001, 26.750000000000004], [91.05000000000001, 26.700000000000003]]]}, "properties": {"cell_id": "1821_534", "state": "Assam", "district": "Barpeta", "samples": 2, "events": 0, "risk_index": 0.0, "severity": "Low", "mean_slope_deg": 0.36, "mean_relief_500m_m": 7.4, "mean_rain_30d_mm": 410.3}}, {"type": "Feature", "geometry": {"type": "Polygon", "coordinates": [[[91.10000000000001, 25.6], [91.15, 25.6], [91.15, 25.650000000000002], [91.10000000000001, 25.650000000000002], [91.10000000000001, 25.6]]]}, "properties": {"cell_id": "1822_512", "state": "Meghalaya", "district": "West Khasi Hills", "samples": 1, "events": 0, "risk_index": 0.0, "severity": "Low", "mean_slope_deg": 8.02, "mean_relief_500m_m": 97.4, "mean_rain_30d_mm": 268.9}}, {"type": "Feature", "geometry": {"type": "Polygon", "coordinates": [[[91.10000000000001, 25.950000000000003], [91.15, 25.950000000000003], [91.15, 26.000000000000004], [91.10000000000001, 26.000000000000004], [91.10000000000001, 25.950000000000003]]]}, "properties": {"cell_id": "1822_519", "state": "Assam", "district": "Kamrup", "samples": 1, "events": 0, "risk_index": 0.0, "severity": "Low", "mean_slope_deg": 0.23, "mean_relief_500m_m": 7.7, "mean_rain_30d_mm": 391.4}}, {"type": "Feature", "geometry": {"type": "Polygon", "coordinates": [[[91.10000000000001, 26.0], [91.15, 26.0], [91.15, 26.05], [91.10000000000001, 26.05], [91.10000000000001, 26.0]]]}, "properties": {"cell_id": "1822_520", "state": "Assam", "district": "Kamrup", "samples": 2, "events": 0, "risk_index": 0.0, "severity": "Low", "mean_slope_deg": 1.02, "mean_relief_500m_m": 8.7, "mean_rain_30d_mm": 177.5}}, {"type": "Feature", "geometry": {"type": "Polygon", "coordinates": [[[91.10000000000001, 26.1], [91.15, 26.1], [91.15, 26.150000000000002], [91.10000000000001, 26.150000000000002], [91.10000000000001, 26.1]]]}, "properties": {"cell_id": "1822_522", "state": "Assam", "district": "Kamrup", "samples": 1, "events": 0, "risk_index": 0.0, "severity": "Low", "mean_slope_deg": 0.9, "mean_relief_500m_m": 6.5, "mean_rain_30d_mm": 199.0}}, {"type": "Feature", "geometry": {"type": "Polygon", "coordinates": [[[91.10000000000001, 26.450000000000003], [91.15, 26.450000000000003], [91.15, 26.500000000000004], [91.10000000000001, 26.500000000000004], [91.10000000000001, 26.450000000000003]]]}, "properties": {"cell_id": "1822_529", "state": "Assam", "district": "Barpeta", "samples": 1, "events": 0, "risk_index": 0.0, "severity": "Low", "mean_slope_deg": 0.22, "mean_relief_500m_m": 7.4, "mean_rain_30d_mm": 356.2}}, {"type": "Feature", "geometry": {"type": "Polygon", "coordinates": [[[91.15, 25.85], [91.2, 25.85], [91.2, 25.900000000000002], [91.15, 25.900000000000002], [91.15, 25.85]]]}, "properties": {"cell_id": "1823_517", "state": "Assam", "district": "Kamrup", "samples": 1, "events": 1, "risk_index": 1.0, "severity": "High", "mean_slope_deg": 9.11, "mean_relief_500m_m": 228.4, "mean_rain_30d_mm": 465.7}}, {"type": "Feature", "geometry": {"type": "Polygon", "coordinates": [[[91.15, 25.900000000000002], [91.2, 25.900000000000002], [91.2, 25.950000000000003], [91.15, 25.950000000000003], [91.15, 25.900000000000002]]]}, "properties": {"cell_id": "1823_518", "state": "Assam", "district": "Kamrup", "samples": 1, "events": 0, "risk_index": 0.0, "severity": "Low", "mean_slope_deg": 7.79, "mean_relief_500m_m": 140.4, "mean_rain_30d_mm": 438.1}}, {"type": "Feature", "geometry": {"type": "Polygon", "coordinates": [[[91.15, 26.0], [91.2, 26.0], [91.2, 26.05], [91.15, 26.05], [91.15, 26.0]]]}, "properties": {"cell_id": "1823_520", "state": "Assam", "district": "Kamrup", "samples": 1, "events": 0, "risk_index": 0.0, "severity": "Low", "mean_slope_deg": 1.83, "mean_relief_500m_m": 9.8, "mean_rain_30d_mm": 166.2}}, {"type": "Feature", "geometry": {"type": "Polygon", "coordinates": [[[91.2, 25.3], [91.25, 25.3], [91.25, 25.35], [91.2, 25.35], [91.2, 25.3]]]}, "properties": {"cell_id": "1824_506", "state": "Meghalaya", "district": "West Khasi Hills", "samples": 1, "events": 0, "risk_index": 0.0, "severity": "Low", "mean_slope_deg": 32.79, "mean_relief_500m_m": 282.0, "mean_rain_30d_mm": 1003.6}}, {"type": "Feature", "geometry": {"type": "Polygon", "coordinates": [[[91.2, 25.650000000000002], [91.25, 25.650000000000002], [91.25, 25.700000000000003], [91.2, 25.700000000000003], [91.2, 25.650000000000002]]]}, "properties": {"cell_id": "1824_513", "state": "Meghalaya", "district": "West Khasi Hills", "samples": 1, "events": 0, "risk_index": 0.0, "severity": "Low", "mean_slope_deg": 14.12, "mean_relief_500m_m": 162.8, "mean_rain_30d_mm": 299.4}}, {"type": "Feature", "geometry": {"type": "Polygon", "coordinates": [[[91.2, 25.950000000000003], [91.25, 25.950000000000003], [91.25, 26.000000000000004], [91.2, 26.000000000000004], [91.2, 25.950000000000003]]]}, "properties": {"cell_id": "1824_519", "state": "Assam", "district": "Kamrup", "samples": 1, "events": 0, "risk_index": 0.0, "severity": "Low", "mean_slope_deg": 0.6, "mean_relief_500m_m": 88.6, "mean_rain_30d_mm": 288.0}}, {"type": "Feature", "geometry": {"type": "Polygon", "coordinates": [[[91.25, 23.700000000000003], [91.3, 23.700000000000003], [91.3, 23.750000000000004], [91.25, 23.750000000000004], [91.25, 23.700000000000003]]]}, "properties": {"cell_id": "1825_474", "state": "Tripura", "district": "West Tripura", "samples": 1, "events": 0, "risk_index": 0.0, "severity": "Low", "mean_slope_deg": 0.4, "mean_relief_500m_m": 16.5, "mean_rain_30d_mm": 248.7}}, {"type": "Feature", "geometry": {"type": "Polygon", "coordinates": [[[91.25, 25.450000000000003], [91.3, 25.450000000000003], [91.3, 25.500000000000004], [91.25, 25.500000000000004], [91.25, 25.450000000000003]]]}, "properties": {"cell_id": "1825_509", "state": "Meghalaya", "district": "West Khasi Hills", "samples": 1, "events": 1, "risk_index": 1.0, "severity": "High", "mean_slope_deg": 3.74, "mean_relief_500m_m": 89.7, "mean_rain_30d_mm": 2763.7}}, {"type": "Feature", "geometry": {"type": "Polygon", "coordinates": [[[91.25, 25.5], [91.3, 25.5], [91.3, 25.55], [91.25, 25.55], [91.25, 25.5]]]}, "properties": {"cell_id": "1825_510", "state": "Meghalaya", "district": "West Khasi Hills", "samples": 1, "events": 1, "risk_index": 1.0, "severity": "High", "mean_slope_deg": 5.63, "mean_relief_500m_m": 111.1, "mean_rain_30d_mm": 1410.9}}, {"type": "Feature", "geometry": {"type": "Polygon", "coordinates": [[[91.25, 25.6], [91.3, 25.6], [91.3, 25.650000000000002], [91.25, 25.650000000000002], [91.25, 25.6]]]}, "properties": {"cell_id": "1825_512", "state": "Meghalaya", "district": "West Khasi Hills", "samples": 1, "events": 0, "risk_index": 0.0, "severity": "Low", "mean_slope_deg": 4.97, "mean_relief_500m_m": 171.7, "mean_rain_30d_mm": 325.3}}, {"type": "Feature", "geometry": {"type": "Polygon", "coordinates": [[[91.25, 25.75], [91.3, 25.75], [91.3, 25.8], [91.25, 25.8], [91.25, 25.75]]]}, "properties": {"cell_id": "1825_515", "state": "Assam", "district": "Kamrup", "samples": 1, "events": 0, "risk_index": 0.0, "severity": "Low", "mean_slope_deg": 5.57, "mean_relief_500m_m": 111.0, "mean_rain_30d_mm": 257.5}}, {"type": "Feature", "geometry": {"type": "Polygon", "coordinates": [[[91.25, 26.150000000000002], [91.3, 26.150000000000002], [91.3, 26.200000000000003], [91.25, 26.200000000000003], [91.25, 26.150000000000002]]]}, "properties": {"cell_id": "1825_523", "state": "Assam", "district": "Nalbari", "samples": 1, "events": 0, "risk_index": 0.0, "severity": "Low", "mean_slope_deg": 0.0, "mean_relief_500m_m": 5.6, "mean_rain_30d_mm": 212.7}}, {"type": "Feature", "geometry": {"type": "Polygon", "coordinates": [[[91.25, 26.3], [91.3, 26.3], [91.3, 26.35], [91.25, 26.35], [91.25, 26.3]]]}, "properties": {"cell_id": "1825_526", "state": "Assam", "district": "Barpeta", "samples": 1, "events": 1, "risk_index": 1.0, "severity": "High", "mean_slope_deg": 0.18, "mean_relief_500m_m": 3.5, "mean_rain_30d_mm": 74.4}}, {"type": "Feature", "geometry": {"type": "Polygon", "coordinates": [[[91.25, 26.450000000000003], [91.3, 26.450000000000003], [91.3, 26.500000000000004], [91.25, 26.500000000000004], [91.25, 26.450000000000003]]]}, "properties": {"cell_id": "1825_529", "state": "Assam", "district": "Nalbari", "samples": 1, "events": 0, "risk_index": 0.0, "severity": "Low", "mean_slope_deg": 0.48, "mean_relief_500m_m": 12.3, "mean_rain_30d_mm": 517.7}}, {"type": "Feature", "geometry": {"type": "Polygon", "coordinates": [[[91.30000000000001, 23.1], [91.35000000000001, 23.1], [91.35000000000001, 23.150000000000002], [91.30000000000001, 23.150000000000002], [91.30000000000001, 23.1]]]}, "properties": {"cell_id": "1826_462", "state": "Tripura", "district": "", "samples": 1, "events": 0, "risk_index": 0.0, "severity": "Low", "mean_slope_deg": 0.93, "mean_relief_500m_m": 7.1, "mean_rain_30d_mm": 0.0}}, {"type": "Feature", "geometry": {"type": "Polygon", "coordinates": [[[91.30000000000001, 23.400000000000002], [91.35000000000001, 23.400000000000002], [91.35000000000001, 23.450000000000003], [91.30000000000001, 23.450000000000003], [91.30000000000001, 23.400000000000002]]]}, "properties": {"cell_id": "1826_468", "state": "Tripura", "district": "West Tripura", "samples": 1, "events": 0, "risk_index": 0.0, "severity": "Low", "mean_slope_deg": 2.67, "mean_relief_500m_m": 41.0, "mean_rain_30d_mm": 655.7}}, {"type": "Feature", "geometry": {"type": "Polygon", "coordinates": [[[91.30000000000001, 25.200000000000003], [91.35000000000001, 25.200000000000003], [91.35000000000001, 25.250000000000004], [91.30000000000001, 25.250000000000004], [91.30000000000001, 25.200000000000003]]]}, "properties": {"cell_id": "1826_504", "state": "Meghalaya", "district": "West Khasi Hills", "samples": 1, "events": 0, "risk_index": 0.0, "severity": "Low", "mean_slope_deg": 24.72, "mean_relief_500m_m": 411.3, "mean_rain_30d_mm": 247.7}}, {"type": "Feature", "geometry": {"type": "Polygon", "coordinates": [[[91.30000000000001, 25.3], [91.35000000000001, 25.3], [91.35000000000001, 25.35], [91.30000000000001, 25.35], [91.30000000000001, 25.3]]]}, "properties": {"cell_id": "1826_506", "state": "Meghalaya", "district": "West Khasi Hills", "samples": 1, "events": 0, "risk_index": 0.0, "severity": "Low", "mean_slope_deg": 42.03, "mean_relief_500m_m": 545.9, "mean_rain_30d_mm": 351.2}}, {"type": "Feature", "geometry": {"type": "Polygon", "coordinates": [[[91.35000000000001, 23.900000000000002], [91.4, 23.900000000000002], [91.4, 23.950000000000003], [91.35000000000001, 23.950000000000003], [91.35000000000001, 23.900000000000002]]]}, "properties": {"cell_id": "1827_478", "state": "Tripura", "district": "West Tripura", "samples": 1, "events": 0, "risk_index": 0.0, "severity": "Low", "mean_slope_deg": 2.63, "mean_relief_500m_m": 23.8, "mean_rain_30d_mm": 257.6}}, {"type": "Feature", "geometry": {"type": "Polygon", "coordinates": [[[91.35000000000001, 25.650000000000002], [91.4, 25.650000000000002], [91.4, 25.700000000000003], [91.35000000000001, 25.700000000000003], [91.35000000000001, 25.650000000000002]]]}, "properties": {"cell_id": "1827_513", "state": "Meghalaya", "district": "West Khasi Hills", "samples": 1, "events": 0, "risk_index": 0.0, "severity": "Low", "mean_slope_deg": 7.97, "mean_relief_500m_m": 221.0, "mean_rain_30d_mm": 274.6}}, {"type": "Feature", "geometry": {"type": "Polygon", "coordinates": [[[91.35000000000001, 25.950000000000003], [91.4, 25.950000000000003], [91.4, 26.000000000000004], [91.35000000000001, 26.000000000000004], [91.35000000000001, 25.950000000000003]]]}, "properties": {"cell_id": "1827_519", "state": "Assam", "district": "Kamrup", "samples": 2, "events": 1, "risk_index": 0.5, "severity": "Moderate", "mean_slope_deg": 9.28, "mean_relief_500m_m": 135.7, "mean_rain_30d_mm": 288.8}}, {"type": "Feature", "geometry": {"type": "Polygon", "coordinates": [[[91.35000000000001, 26.150000000000002], [91.4, 26.150000000000002], [91.4, 26.200000000000003], [91.35000000000001, 26.200000000000003], [91.35000000000001, 26.150000000000002]]]}, "properties": {"cell_id": "1827_523", "state": "Assam", "district": "Kamrup", "samples": 1, "events": 0, "risk_index": 0.0, "severity": "Low", "mean_slope_deg": 0.0, "mean_relief_500m_m": 3.4, "mean_rain_30d_mm": 167.9}}, {"type": "Feature", "geometry": {"type": "Polygon", "coordinates": [[[91.4, 25.200000000000003], [91.45, 25.200000000000003], [91.45, 25.250000000000004], [91.4, 25.250000000000004], [91.4, 25.200000000000003]]]}, "properties": {"cell_id": "1828_504", "state": "Meghalaya", "district": "East Khasi Hills", "samples": 1, "events": 0, "risk_index": 0.0, "severity": "Low", "mean_slope_deg": 0.12, "mean_relief_500m_m": 58.7, "mean_rain_30d_mm": 1228.1}}, {"type": "Feature", "geometry": {"type": "Polygon", "coordinates": [[[91.4, 25.950000000000003], [91.45, 25.950000000000003], [91.45, 26.000000000000004], [91.4, 26.000000000000004], [91.4, 25.950000000000003]]]}, "properties": {"cell_id": "1828_519", "state": "Assam", "district": "Kamrup", "samples": 1, "events": 0, "risk_index": 0.0, "severity": "Low", "mean_slope_deg": 0.28, "mean_relief_500m_m": 97.0, "mean_rain_30d_mm": 156.7}}, {"type": "Feature", "geometry": {"type": "Polygon", "coordinates": [[[91.45, 23.450000000000003], [91.5, 23.450000000000003], [91.5, 23.500000000000004], [91.45, 23.500000000000004], [91.45, 23.450000000000003]]]}, "properties": {"cell_id": "1829_469", "state": "Tripura", "district": "South Tripura", "samples": 1, "events": 0, "risk_index": 0.0, "severity": "Low", "mean_slope_deg": 1.75, "mean_relief_500m_m": 31.7, "mean_rain_30d_mm": 146.6}}, {"type": "Feature", "geometry": {"type": "Polygon", "coordinates": [[[91.45, 24.05], [91.5, 24.05], [91.5, 24.1], [91.45, 24.1], [91.45, 24.05]]]}, "properties": {"cell_id": "1829_481", "state": "Tripura", "district": "West Tripura", "samples": 1, "events": 1, "risk_index": 1.0, "severity": "High", "mean_slope_deg": 2.07, "mean_relief_500m_m": 45.7, "mean_rain_30d_mm": 461.1}}, {"type": "Feature", "geometry": {"type": "Polygon", "coordinates": [[[91.45, 25.3], [91.5, 25.3], [91.5, 25.35], [91.45, 25.35], [91.45, 25.3]]]}, "properties": {"cell_id": "1829_506", "state": "Meghalaya", "district": "West Khasi Hills", "samples": 1, "events": 0, "risk_index": 0.0, "severity": "Low", "mean_slope_deg": 7.19, "mean_relief_500m_m": 146.2, "mean_rain_30d_mm": 2160.0}}, {"type": "Feature", "geometry": {"type": "Polygon", "coordinates": [[[91.5, 23.25], [91.55, 23.25], [91.55, 23.3], [91.5, 23.3], [91.5, 23.25]]]}, "properties": {"cell_id": "1830_465", "state": "Tripura", "district": "South Tripura", "samples": 1, "events": 0, "risk_index": 0.0, "severity": "Low", "mean_slope_deg": 3.81, "mean_relief_500m_m": 41.4, "mean_rain_30d_mm": 421.3}}, {"type": "Feature", "geometry": {"type": "Polygon", "coordinates": [[[91.5, 23.3], [91.55, 23.3], [91.55, 23.35], [91.5, 23.35], [91.5, 23.3]]]}, "properties": {"cell_id": "1830_466", "state": "Tripura", "district": "South Tripura", "samples": 1, "events": 0, "risk_index": 0.0, "severity": "Low", "mean_slope_deg": 2.1, "mean_relief_500m_m": 32.9, "mean_rain_30d_mm": 495.8}}, {"type": "Feature", "geometry": {"type": "Polygon", "coordinates": [[[91.5, 25.650000000000002], [91.55, 25.650000000000002], [91.55, 25.700000000000003], [91.5, 25.700000000000003], [91.5, 25.650000000000002]]]}, "properties": {"cell_id": "1830_513", "state": "Meghalaya", "district": "West Khasi Hills", "samples": 1, "events": 0, "risk_index": 0.0, "severity": "Low", "mean_slope_deg": 2.23, "mean_relief_500m_m": 169.6, "mean_rain_30d_mm": 116.6}}, {"type": "Feature", "geometry": {"type": "Polygon", "coordinates": [[[91.5, 26.400000000000002], [91.55, 26.400000000000002], [91.55, 26.450000000000003], [91.5, 26.450000000000003], [91.5, 26.400000000000002]]]}, "properties": {"cell_id": "1830_528", "state": "Assam", "district": "Nalbari", "samples": 1, "events": 0, "risk_index": 0.0, "severity": "Low", "mean_slope_deg": 0.45, "mean_relief_500m_m": 13.0, "mean_rain_30d_mm": 487.6}}, {"type": "Feature", "geometry": {"type": "Polygon", "coordinates": [[[91.55000000000001, 25.450000000000003], [91.60000000000001, 25.450000000000003], [91.60000000000001, 25.500000000000004], [91.55000000000001, 25.500000000000004], [91.55000000000001, 25.450000000000003]]]}, "properties": {"cell_id": "1831_509", "state": "Meghalaya", "district": "East Khasi Hills", "samples": 1, "events": 0, "risk_index": 0.0, "severity": "Low", "mean_slope_deg": 17.01, "mean_relief_500m_m": 198.2, "mean_rain_30d_mm": 351.0}}, {"type": "Feature", "geometry": {"type": "Polygon", "coordinates": [[[91.55000000000001, 26.6], [91.60000000000001, 26.6], [91.60000000000001, 26.650000000000002], [91.55000000000001, 26.650000000000002], [91.55000000000001, 26.6]]]}, "properties": {"cell_id": "1831_532", "state": "Assam", "district": "Nalbari", "samples": 1, "events": 0, "risk_index": 0.0, "severity": "Low", "mean_slope_deg": 1.91, "mean_relief_500m_m": 13.9, "mean_rain_30d_mm": 298.0}}, {"type": "Feature", "geometry": {"type": "Polygon", "coordinates": [[[91.60000000000001, 23.0], [91.65, 23.0], [91.65, 23.05], [91.60000000000001, 23.05], [91.60000000000001, 23.0]]]}, "properties": {"cell_id": "1832_460", "state": "Tripura", "district": "South Tripura", "samples": 1, "events": 0, "risk_index": 0.0, "severity": "Low", "mean_slope_deg": 1.36, "mean_relief_500m_m": 29.3, "mean_rain_30d_mm": 0.0}}, {"type": "Feature", "geometry": {"type": "Polygon", "coordinates": [[[91.60000000000001, 23.150000000000002], [91.65, 23.150000000000002], [91.65, 23.200000000000003], [91.60000000000001, 23.200000000000003], [91.60000000000001, 23.150000000000002]]]}, "properties": {"cell_id": "1832_463", "state": "Tripura", "district": "South Tripura", "samples": 1, "events": 0, "risk_index": 0.0, "severity": "Low", "mean_slope_deg": 2.08, "mean_relief_500m_m": 26.8, "mean_rain_30d_mm": 156.7}}, {"type": "Feature", "geometry": {"type": "Polygon", "coordinates": [[[91.60000000000001, 23.900000000000002], [91.65, 23.900000000000002], [91.65, 23.950000000000003], [91.60000000000001, 23.950000000000003], [91.60000000000001, 23.900000000000002]]]}, "properties": {"cell_id": "1832_478", "state": "Tripura", "district": "West Tripura", "samples": 1, "events": 0, "risk_index": 0.0, "severity": "Low", "mean_slope_deg": 0.42, "mean_relief_500m_m": 17.3, "mean_rain_30d_mm": 284.4}}, {"type": "Feature", "geometry": {"type": "Polygon", "coordinates": [[[91.60000000000001, 24.1], [91.65, 24.1], [91.65, 24.150000000000002], [91.60000000000001, 24.150000000000002], [91.60000000000001, 24.1]]]}, "properties": {"cell_id": "1832_482", "state": "Tripura", "district": "", "samples": 1, "events": 0, "risk_index": 0.0, "severity": "Low", "mean_slope_deg": 1.31, "mean_relief_500m_m": 23.6, "mean_rain_30d_mm": 308.6}}, {"type": "Feature", "geometry": {"type": "Polygon", "coordinates": [[[91.60000000000001, 26.55], [91.65, 26.55], [91.65, 26.6], [91.60000000000001, 26.6], [91.60000000000001, 26.55]]]}, "properties": {"cell_id": "1832_531", "state": "Assam", "district": "Nalbari", "samples": 1, "events": 0, "risk_index": 0.0, "severity": "Low", "mean_slope_deg": 0.86, "mean_relief_500m_m": 14.2, "mean_rain_30d_mm": 684.7}}, {"type": "Feature", "geometry": {"type": "Polygon", "coordinates": [[[91.65, 25.6], [91.7, 25.6], [91.7, 25.650000000000002], [91.65, 25.650000000000002], [91.65, 25.6]]]}, "properties": {"cell_id": "1833_512", "state": "Meghalaya", "district": "West Khasi Hills", "samples": 2, "events": 0, "risk_index": 0.0, "severity": "Low", "mean_slope_deg": 11.49, "mean_relief_500m_m": 128.2, "mean_rain_30d_mm": 345.0}}, {"type": "Feature", "geometry": {"type": "Polygon", "coordinates": [[[91.65, 26.1], [91.7, 26.1], [91.7, 26.150000000000002], [91.65, 26.150000000000002], [91.65, 26.1]]]}, "properties": {"cell_id": "1833_522", "state": "Assam", "district": "Kamrup", "samples": 2, "events": 2, "risk_index": 1.0, "severity": "High", "mean_slope_deg": 18.85, "mean_relief_500m_m": 161.9, "mean_rain_30d_mm": 240.1}}, {"type": "Feature", "geometry": {"type": "Polygon", "coordinates": [[[91.65, 26.150000000000002], [91.7, 26.150000000000002], [91.7, 26.200000000000003], [91.65, 26.200000000000003], [91.65, 26.150000000000002]]]}, "properties": {"cell_id": "1833_523", "state": "Assam", "district": "Kamrup", "samples": 2, "events": 1, "risk_index": 0.5, "severity": "Moderate", "mean_slope_deg": 0.58, "mean_relief_500m_m": 13.2, "mean_rain_30d_mm": 294.5}}, {"type": "Feature", "geometry": {"type": "Polygon", "coordinates": [[[91.65, 26.25], [91.7, 26.25], [91.7, 26.3], [91.65, 26.3], [91.65, 26.25]]]}, "properties": {"cell_id": "1833_525", "state": "Assam", "district": "Kamrup", "samples": 1, "events": 0, "risk_index": 0.0, "severity": "Low", "mean_slope_deg": 0.16, "mean_relief_500m_m": 8.6, "mean_rain_30d_mm": 245.1}}, {"type": "Feature", "geometry": {"type": "Polygon", "coordinates": [[[91.65, 26.400000000000002], [91.7, 26.400000000000002], [91.7, 26.450000000000003], [91.65, 26.450000000000003], [91.65, 26.400000000000002]]]}, "properties": {"cell_id": "1833_528", "state": "Assam", "district": "Kamrup", "samples": 1, "events": 0, "risk_index": 0.0, "severity": "Low", "mean_slope_deg": 1.87, "mean_relief_500m_m": 15.7, "mean_rain_30d_mm": 285.5}}, {"type": "Feature", "geometry": {"type": "Polygon", "coordinates": [[[91.65, 26.650000000000002], [91.7, 26.650000000000002], [91.7, 26.700000000000003], [91.65, 26.700000000000003], [91.65, 26.650000000000002]]]}, "properties": {"cell_id": "1833_533", "state": "Assam", "district": "Kamrup", "samples": 1, "events": 0, "risk_index": 0.0, "severity": "Low", "mean_slope_deg": 0.25, "mean_relief_500m_m": 8.6, "mean_rain_30d_mm": 303.3}}, {"type": "Feature", "geometry": {"type": "Polygon", "coordinates": [[[91.65, 26.75], [91.7, 26.75], [91.7, 26.8], [91.65, 26.8], [91.65, 26.75]]]}, "properties": {"cell_id": "1833_535", "state": "Assam", "district": "Nalbari", "samples": 1, "events": 0, "risk_index": 0.0, "severity": "Low", "mean_slope_deg": 0.32, "mean_relief_500m_m": 13.5, "mean_rain_30d_mm": 198.0}}, {"type": "Feature", "geometry": {"type": "Polygon", "coordinates": [[[91.65, 27.8], [91.7, 27.8], [91.7, 27.85], [91.65, 27.85], [91.65, 27.8]]]}, "properties": {"cell_id": "1833_556", "state": "Arunachal Pradesh", "district": "Tawang", "samples": 1, "events": 0, "risk_index": 0.0, "severity": "Low", "mean_slope_deg": 28.87, "mean_relief_500m_m": 507.4, "mean_rain_30d_mm": 357.7}}, {"type": "Feature", "geometry": {"type": "Polygon", "coordinates": [[[91.7, 23.0], [91.75, 23.0], [91.75, 23.05], [91.7, 23.05], [91.7, 23.0]]]}, "properties": {"cell_id": "1834_460", "state": "Tripura", "district": "South Tripura", "samples": 1, "events": 1, "risk_index": 1.0, "severity": "High", "mean_slope_deg": 3.47, "mean_relief_500m_m": 36.1, "mean_rain_30d_mm": 0.0}}, {"type": "Feature", "geometry": {"type": "Polygon", "coordinates": [[[91.7, 23.700000000000003], [91.75, 23.700000000000003], [91.75, 23.750000000000004], [91.7, 23.750000000000004], [91.7, 23.700000000000003]]]}, "properties": {"cell_id": "1834_474", "state": "Tripura", "district": "West Tripura", "samples": 1, "events": 0, "risk_index": 0.0, "severity": "Low", "mean_slope_deg": 17.51, "mean_relief_500m_m": 150.5, "mean_rain_30d_mm": 259.1}}, {"type": "Feature", "geometry": {"type": "Polygon", "coordinates": [[[91.7, 23.900000000000002], [91.75, 23.900000000000002], [91.75, 23.950000000000003], [91.7, 23.950000000000003], [91.7, 23.900000000000002]]]}, "properties": {"cell_id": "1834_478", "state": "Tripura", "district": "West Tripura", "samples": 1, "events": 0, "risk_index": 0.0, "severity": "Low", "mean_slope_deg": 1.21, "mean_relief_500m_m": 86.7, "mean_rain_30d_mm": 296.0}}, {"type": "Feature", "geometry": {"type": "Polygon", "coordinates": [[[91.7, 24.0], [91.75, 24.0], [91.75, 24.05], [91.7, 24.05], [91.7, 24.0]]]}, "properties": {"cell_id": "1834_480", "state": "Tripura", "district": "West Tripura", "samples": 1, "events": 0, "risk_index": 0.0, "severity": "Low", "mean_slope_deg": 16.9, "mean_relief_500m_m": 119.0, "mean_rain_30d_mm": 340.4}}, {"type": "Feature", "geometry": {"type": "Polygon", "coordinates": [[[91.7, 25.200000000000003], [91.75, 25.200000000000003], [91.75, 25.250000000000004], [91.7, 25.250000000000004], [91.7, 25.200000000000003]]]}, "properties": {"cell_id": "1834_504", "state": "Meghalaya", "district": "East Khasi Hills", "samples": 1, "events": 0, "risk_index": 0.0, "severity": "Low", "mean_slope_deg": 5.66, "mean_relief_500m_m": 62.7, "mean_rain_30d_mm": 626.8}}, {"type": "Feature", "geometry": {"type": "Polygon", "coordinates": [[[91.7, 25.25], [91.75, 25.25], [91.75, 25.3], [91.7, 25.3], [91.7, 25.25]]]}, "properties": {"cell_id": "1834_505", "state": "Meghalaya", "district": "East Khasi Hills", "samples": 1, "events": 0, "risk_index": 0.0, "severity": "Low", "mean_slope_deg": 32.34, "mean_relief_500m_m": 692.4, "mean_rain_30d_mm": 514.4}}, {"type": "Feature", "geometry": {"type": "Polygon", "coordinates": [[[91.7, 25.400000000000002], [91.75, 25.400000000000002], [91.75, 25.450000000000003], [91.7, 25.450000000000003], [91.7, 25.400000000000002]]]}, "properties": {"cell_id": "1834_508", "state": "Meghalaya", "district": "East Khasi Hills", "samples": 1, "events": 0, "risk_index": 0.0, "severity": "Low", "mean_slope_deg": 9.73, "mean_relief_500m_m": 152.5, "mean_rain_30d_mm": 578.9}}, {"type": "Feature", "geometry": {"type": "Polygon", "coordinates": [[[91.7, 25.700000000000003], [91.75, 25.700000000000003], [91.75, 25.750000000000004], [91.7, 25.750000000000004], [91.7, 25.700000000000003]]]}, "properties": {"cell_id": "1834_514", "state": "Meghalaya", "district": "West Khasi Hills", "samples": 1, "events": 0, "risk_index": 0.0, "severity": "Low", "mean_slope_deg": 17.99, "mean_relief_500m_m": 136.9, "mean_rain_30d_mm": 253.3}}, {"type": "Feature", "geometry": {"type": "Polygon", "coordinates": [[[91.7, 26.1], [91.75, 26.1], [91.75, 26.150000000000002], [91.7, 26.150000000000002], [91.7, 26.1]]]}, "properties": {"cell_id": "1834_522", "state": "Assam", "district": "Kamrup", "samples": 6, "events": 6, "risk_index": 1.0, "severity": "High", "mean_slope_deg": 4.56, "mean_relief_500m_m": 71.7, "mean_rain_30d_mm": 223.7}}, {"type": "Feature", "geometry": {"type": "Polygon", "coordinates": [[[91.7, 26.150000000000002], [91.75, 26.150000000000002], [91.75, 26.200000000000003], [91.7, 26.200000000000003], [91.7, 26.150000000000002]]]}, "properties": {"cell_id": "1834_523", "state": "Assam", "district": "Kamrup", "samples": 4, "events": 4, "risk_index": 1.0, "severity": "High", "mean_slope_deg": 10.8, "mean_relief_500m_m": 160.0, "mean_rain_30d_mm": 168.0}}, {"type": "Feature", "geometry": {"type": "Polygon", "coordinates": [[[91.7, 26.450000000000003], [91.75, 26.450000000000003], [91.75, 26.500000000000004], [91.7, 26.500000000000004], [91.7, 26.450000000000003]]]}, "properties": {"cell_id": "1834_529", "state": "Assam", "district": "Kamrup", "samples": 1, "events": 1, "risk_index": 1.0, "severity": "High", "mean_slope_deg": 0.08, "mean_relief_500m_m": 13.1, "mean_rain_30d_mm": 374.0}}, {"type": "Feature", "geometry": {"type": "Polygon", "coordinates": [[[91.7, 27.5], [91.75, 27.5], [91.75, 27.55], [91.7, 27.55], [91.7, 27.5]]]}, "properties": {"cell_id": "1834_550", "state": "Arunachal Pradesh", "district": "Tawang", "samples": 1, "events": 0, "risk_index": 0.0, "severity": "Low", "mean_slope_deg": 31.55, "mean_relief_500m_m": 480.8, "mean_rain_30d_mm": 495.0}}, {"type": "Feature", "geometry": {"type": "Polygon", "coordinates": [[[91.7, 27.700000000000003], [91.75, 27.700000000000003], [91.75, 27.750000000000004], [91.7, 27.750000000000004], [91.7, 27.700000000000003]]]}, "properties": {"cell_id": "1834_554", "state": "Arunachal Pradesh", "district": "Tawang", "samples": 2, "events": 0, "risk_index": 0.0, "severity": "Low", "mean_slope_deg": 27.11, "mean_relief_500m_m": 587.7, "mean_rain_30d_mm": 227.3}}, {"type": "Feature", "geometry": {"type": "Polygon", "coordinates": [[[91.75, 23.450000000000003], [91.8, 23.450000000000003], [91.8, 23.500000000000004], [91.75, 23.500000000000004], [91.75, 23.450000000000003]]]}, "properties": {"cell_id": "1835_469", "state": "Tripura", "district": "South Tripura", "samples": 1, "events": 0, "risk_index": 0.0, "severity": "Low", "mean_slope_deg": 11.51, "mean_relief_500m_m": 48.7, "mean_rain_30d_mm": 400.1}}, {"type": "Feature", "geometry": {"type": "Polygon", "coordinates": [[[91.75, 23.6], [91.8, 23.6], [91.8, 23.650000000000002], [91.75, 23.650000000000002], [91.75, 23.6]]]}, "properties": {"cell_id": "1835_472", "state": "Tripura", "district": "South Tripura", "samples": 1, "events": 0, "risk_index": 0.0, "severity": "Low", "mean_slope_deg": 6.85, "mean_relief_500m_m": 58.9, "mean_rain_30d_mm": 483.2}}, {"type": "Feature", "geometry": {"type": "Polygon", "coordinates": [[[91.75, 23.700000000000003], [91.8, 23.700000000000003], [91.8, 23.750000000000004], [91.75, 23.750000000000004], [91.75, 23.700000000000003]]]}, "properties": {"cell_id": "1835_474", "state": "Tripura", "district": "Dhalai", "samples": 1, "events": 0, "risk_index": 0.0, "severity": "Low", "mean_slope_deg": 3.62, "mean_relief_500m_m": 85.0, "mean_rain_30d_mm": 291.8}}, {"type": "Feature", "geometry": {"type": "Polygon", "coordinates": [[[91.75, 23.85], [91.8, 23.85], [91.8, 23.900000000000002], [91.75, 23.900000000000002], [91.75, 23.85]]]}, "properties": {"cell_id": "1835_477", "state": "Tripura", "district": "West Tripura", "samples": 1, "events": 1, "risk_index": 1.0, "severity": "High", "mean_slope_deg": 4.59, "mean_relief_500m_m": 182.6, "mean_rain_30d_mm": 600.1}}, {"type": "Feature", "geometry": {"type": "Polygon", "coordinates": [[[91.75, 25.200000000000003], [91.8, 25.200000000000003], [91.8, 25.250000000000004], [91.75, 25.250000000000004], [91.75, 25.200000000000003]]]}, "properties": {"cell_id": "1835_504", "state": "Meghalaya", "district": "East Khasi Hills", "samples": 1, "events": 0, "risk_index": 0.0, "severity": "Low", "mean_slope_deg": 13.58, "mean_relief_500m_m": 517.2, "mean_rain_30d_mm": 264.5}}, {"type": "Feature", "geometry": {"type": "Polygon", "coordinates": [[[91.75, 25.25], [91.8, 25.25], [91.8, 25.3], [91.75, 25.3], [91.75, 25.25]]]}, "properties": {"cell_id": "1835_505", "state": "Meghalaya", "district": "East Khasi Hills", "samples": 1, "events": 0, "risk_index": 0.0, "severity": "Low", "mean_slope_deg": 28.01, "mean_relief_500m_m": 674.7, "mean_rain_30d_mm": 696.8}}, {"type": "Feature", "geometry": {"type": "Polygon", "coordinates": [[[91.75, 25.6], [91.8, 25.6], [91.8, 25.650000000000002], [91.75, 25.650000000000002], [91.75, 25.6]]]}, "properties": {"cell_id": "1835_512", "state": "Meghalaya", "district": "West Khasi Hills", "samples": 1, "events": 0, "risk_index": 0.0, "severity": "Low", "mean_slope_deg": 20.39, "mean_relief_500m_m": 352.2, "mean_rain_30d_mm": 339.8}}, {"type": "Feature", "geometry": {"type": "Polygon", "coordinates": [[[91.75, 25.700000000000003], [91.8, 25.700000000000003], [91.8, 25.750000000000004], [91.75, 25.750000000000004], [91.75, 25.700000000000003]]]}, "properties": {"cell_id": "1835_514", "state": "Meghalaya", "district": "West Khasi Hills", "samples": 1, "events": 0, "risk_index": 0.0, "severity": "Low", "mean_slope_deg": 6.37, "mean_relief_500m_m": 78.1, "mean_rain_30d_mm": 344.0}}, {"type": "Feature", "geometry": {"type": "Polygon", "coordinates": [[[91.75, 26.1], [91.8, 26.1], [91.8, 26.150000000000002], [91.75, 26.150000000000002], [91.75, 26.1]]]}, "properties": {"cell_id": "1835_522", "state": "Assam", "district": "Kamrup", "samples": 3, "events": 3, "risk_index": 1.0, "severity": "High", "mean_slope_deg": 1.8, "mean_relief_500m_m": 50.7, "mean_rain_30d_mm": 266.6}}, {"type": "Feature", "geometry": {"type": "Polygon", "coordinates": [[[91.75, 26.150000000000002], [91.8, 26.150000000000002], [91.8, 26.200000000000003], [91.75, 26.200000000000003], [91.75, 26.150000000000002]]]}, "properties": {"cell_id": "1835_523", "state": "Assam", "district": "Kamrup", "samples": 10, "events": 10, "risk_index": 1.0, "severity": "High", "mean_slope_deg": 6.14, "mean_relief_500m_m": 101.0, "mean_rain_30d_mm": 235.4}}, {"type": "Feature", "geometry": {"type": "Polygon", "coordinates": [[[91.75, 26.450000000000003], [91.8, 26.450000000000003], [91.8, 26.500000000000004], [91.75, 26.500000000000004], [91.75, 26.450000000000003]]]}, "properties": {"cell_id": "1835_529", "state": "Assam", "district": "Kamrup", "samples": 1, "events": 0, "risk_index": 0.0, "severity": "Low", "mean_slope_deg": 2.13, "mean_relief_500m_m": 12.7, "mean_rain_30d_mm": 178.7}}, {"type": "Feature", "geometry": {"type": "Polygon", "coordinates": [[[91.80000000000001, 23.55], [91.85000000000001, 23.55], [91.85000000000001, 23.6], [91.80000000000001, 23.6], [91.80000000000001, 23.55]]]}, "properties": {"cell_id": "1836_471", "state": "Tripura", "district": "Dhalai", "samples": 1, "events": 0, "risk_index": 0.0, "severity": "Low", "mean_slope_deg": 0.24, "mean_relief_500m_m": 6.5, "mean_rain_30d_mm": 483.1}}, {"type": "Feature", "geometry": {"type": "Polygon", "coordinates": [[[91.80000000000001, 23.900000000000002], [91.85000000000001, 23.900000000000002], [91.85000000000001, 23.950000000000003], [91.80000000000001, 23.950000000000003], [91.80000000000001, 23.900000000000002]]]}, "properties": {"cell_id": "1836_478", "state": "Tripura", "district": "Dhalai", "samples": 1, "events": 0, "risk_index": 0.0, "severity": "Low", "mean_slope_deg": 2.05, "mean_relief_500m_m": 36.4, "mean_rain_30d_mm": 359.2}}, {"type": "Feature", "geometry": {"type": "Polygon", "coordinates": [[[91.80000000000001, 24.0], [91.85000000000001, 24.0], [91.85000000000001, 24.05], [91.80000000000001, 24.05], [91.80000000000001, 24.0]]]}, "properties": {"cell_id": "1836_480", "state": "Tripura", "district": "Dhalai", "samples": 1, "events": 0, "risk_index": 0.0, "severity": "Low", "mean_slope_deg": 1.43, "mean_relief_500m_m": 31.7, "mean_rain_30d_mm": 4.6}}, {"type": "Feature", "geometry": {"type": "Polygon", "coordinates": [[[91.80000000000001, 25.75], [91.85000000000001, 25.75], [91.85000000000001, 25.8], [91.80000000000001, 25.8], [91.80000000000001, 25.75]]]}, "properties": {"cell_id": "1836_515", "state": "Meghalaya", "district": "Ri-Bhoi", "samples": 1, "events": 0, "risk_index": 0.0, "severity": "Low", "mean_slope_deg": 5.18, "mean_relief_500m_m": 108.0, "mean_rain_30d_mm": 123.2}}, {"type": "Feature", "geometry": {"type": "Polygon", "coordinates": [[[91.80000000000001, 26.1], [91.85000000000001, 26.1], [91.85000000000001, 26.150000000000002], [91.80000000000001, 26.150000000000002], [91.80000000000001, 26.1]]]}, "properties": {"cell_id": "1836_522", "state": "Assam", "district": "Kamrup", "samples": 2, "events": 2, "risk_index": 1.0, "severity": "High", "mean_slope_deg": 12.62, "mean_relief_500m_m": 135.2, "mean_rain_30d_mm": 232.2}}, {"type": "Feature", "geometry": {"type": "Polygon", "coordinates": [[[91.80000000000001, 26.150000000000002], [91.85000000000001, 26.150000000000002], [91.85000000000001, 26.200000000000003], [91.80000000000001, 26.200000000000003], [91.80000000000001, 26.150000000000002]]]}, "properties": {"cell_id": "1836_523", "state": "Assam", "district": "Kamrup", "samples": 4, "events": 4, "risk_index": 1.0, "severity": "High", "mean_slope_deg": 7.11, "mean_relief_500m_m": 94.7, "mean_rain_30d_mm": 292.8}}, {"type": "Feature", "geometry": {"type": "Polygon", "coordinates": [[[91.80000000000001, 26.200000000000003], [91.85000000000001, 26.200000000000003], [91.85000000000001, 26.250000000000004], [91.80000000000001, 26.250000000000004], [91.80000000000001, 26.200000000000003]]]}, "properties": {"cell_id": "1836_524", "state": "Assam", "district": "Darrang", "samples": 1, "events": 0, "risk_index": 0.0, "severity": "Low", "mean_slope_deg": 1.34, "mean_relief_500m_m": 5.0, "mean_rain_30d_mm": 359.9}}, {"type": "Feature", "geometry": {"type": "Polygon", "coordinates": [[[91.80000000000001, 26.650000000000002], [91.85000000000001, 26.650000000000002], [91.85000000000001, 26.700000000000003], [91.80000000000001, 26.700000000000003], [91.80000000000001, 26.650000000000002]]]}, "properties": {"cell_id": "1836_533", "state": "Assam", "district": "Darrang", "samples": 1, "events": 0, "risk_index": 0.0, "severity": "Low", "mean_slope_deg": 1.82, "mean_relief_500m_m": 9.3, "mean_rain_30d_mm": 198.4}}, {"type": "Feature", "geometry": {"type": "Polygon", "coordinates": [[[91.85000000000001, 25.35], [91.9, 25.35], [91.9, 25.400000000000002], [91.85000000000001, 25.400000000000002], [91.85000000000001, 25.35]]]}, "properties": {"cell_id": "1837_507", "state": "Meghalaya", "district": "East Khasi Hills", "samples": 1, "events": 1, "risk_index": 1.0, "severity": "High", "mean_slope_deg": 37.15, "mean_relief_500m_m": 527.1, "mean_rain_30d_mm": 594.0}}, {"type": "Feature", "geometry": {"type": "Polygon", "coordinates": [[[91.85000000000001, 25.55], [91.9, 25.55], [91.9, 25.6], [91.85000000000001, 25.6], [91.85000000000001, 25.55]]]}, "properties": {"cell_id": "1837_511", "state": "Meghalaya", "district": "East Khasi Hills", "samples": 4, "events": 4, "risk_index": 1.0, "severity": "High", "mean_slope_deg": 5.13, "mean_relief_500m_m": 95.0, "mean_rain_30d_mm": 456.8}}, {"type": "Feature", "geometry": {"type": "Polygon", "coordinates": [[[91.85000000000001, 25.950000000000003], [91.9, 25.950000000000003], [91.9, 26.000000000000004], [91.85000000000001, 26.000000000000004], [91.85000000000001, 25.950000000000003]]]}, "properties": {"cell_id": "1837_519", "state": "Meghalaya", "district": "Ri-Bhoi", "samples": 2, "events": 1, "risk_index": 0.5, "severity": "Moderate", "mean_slope_deg": 11.52, "mean_relief_500m_m": 183.3, "mean_rain_30d_mm": 232.4}}, {"type": "Feature", "geometry": {"type": "Polygon", "coordinates": [[[91.85000000000001, 26.1], [91.9, 26.1], [91.9, 26.150000000000002], [91.85000000000001, 26.150000000000002], [91.85000000000001, 26.1]]]}, "properties": {"cell_id": "1837_522", "state": "Assam", "district": "Kamrup", "samples": 2, "events": 2, "risk_index": 1.0, "severity": "High", "mean_slope_deg": 11.01, "mean_relief_500m_m": 204.5, "mean_rain_30d_mm": 257.8}}, {"type": "Feature", "geometry": {"type": "Polygon", "coordinates": [[[91.85000000000001, 27.55], [91.9, 27.55], [91.9, 27.6], [91.85000000000001, 27.6], [91.85000000000001, 27.55]]]}, "properties": {"cell_id": "1837_551", "state": "Arunachal Pradesh", "district": "Tawang", "samples": 2, "events": 2, "risk_index": 1.0, "severity": "High", "mean_slope_deg": 14.94, "mean_relief_500m_m": 387.9, "mean_rain_30d_mm": 277.1}}, {"type": "Feature", "geometry": {"type": "Polygon", "coordinates": [[[91.9, 26.150000000000002], [91.95, 26.150000000000002], [91.95, 26.200000000000003], [91.9, 26.200000000000003], [91.9, 26.150000000000002]]]}, "properties": {"cell_id": "1838_523", "state": "Assam", "district": "Kamrup", "samples": 1, "events": 0, "risk_index": 0.0, "severity": "Low", "mean_slope_deg": 27.54, "mean_relief_500m_m": 223.8, "mean_rain_30d_mm": 267.1}}, {"type": "Feature", "geometry": {"type": "Polygon", "coordinates": [[[91.9, 26.650000000000002], [91.95, 26.650000000000002], [91.95, 26.700000000000003], [91.9, 26.700000000000003], [91.9, 26.650000000000002]]]}, "properties": {"cell_id": "1838_533", "state": "Assam", "district": "Darrang", "samples": 1, "events": 0, "risk_index": 0.0, "severity": "Low", "mean_slope_deg": 1.15, "mean_relief_500m_m": 9.8, "mean_rain_30d_mm": 132.7}}, {"type": "Feature", "geometry": {"type": "Polygon", "coordinates": [[[91.95, 23.900000000000002], [92.0, 23.900000000000002], [92.0, 23.950000000000003], [91.95, 23.950000000000003], [91.95, 23.900000000000002]]]}, "properties": {"cell_id": "1839_478", "state": "Tripura", "district": "Dhalai", "samples": 1, "events": 0, "risk_index": 0.0, "severity": "Low", "mean_slope_deg": 2.08, "mean_relief_500m_m": 45.8, "mean_rain_30d_mm": 264.6}}, {"type": "Feature", "geometry": {"type": "Polygon", "coordinates": [[[91.95, 24.3], [92.0, 24.3], [92.0, 24.35], [91.95, 24.35], [91.95, 24.3]]]}, "properties": {"cell_id": "1839_486", "state": "Tripura", "district": "North Tripura", "samples": 1, "events": 0, "risk_index": 0.0, "severity": "Low", "mean_slope_deg": 3.19, "mean_relief_500m_m": 23.3, "mean_rain_30d_mm": 364.0}}, {"type": "Feature", "geometry": {"type": "Polygon", "coordinates": [[[91.95, 26.150000000000002], [92.0, 26.150000000000002], [92.0, 26.200000000000003], [91.95, 26.200000000000003], [91.95, 26.150000000000002]]]}, "properties": {"cell_id": "1839_523", "state": "Assam", "district": "Kamrup", "samples": 1, "events": 0, "risk_index": 0.0, "severity": "Low", "mean_slope_deg": 9.65, "mean_relief_500m_m": 86.0, "mean_rain_30d_mm": 320.3}}, {"type": "Feature", "geometry": {"type": "Polygon", "coordinates": [[[91.95, 26.3], [92.0, 26.3], [92.0, 26.35], [91.95, 26.35], [91.95, 26.3]]]}, "properties": {"cell_id": "1839_526", "state": "Assam", "district": "Darrang", "samples": 1, "events": 0, "risk_index": 0.0, "severity": "Low", "mean_slope_deg": 0.0, "mean_relief_500m_m": 4.7, "mean_rain_30d_mm": 7.6}}, {"type": "Feature", "geometry": {"type": "Polygon", "coordinates": [[[91.95, 27.5], [92.0, 27.5], [92.0, 27.55], [91.95, 27.55], [91.95, 27.5]]]}, "properties": {"cell_id": "1839_550", "state": "Arunachal Pradesh", "district": "Tawang", "samples": 1, "events": 0, "risk_index": 0.0, "severity": "Low", "mean_slope_deg": 10.08, "mean_relief_500m_m": 410.5, "mean_rain_30d_mm": 181.2}}, {"type": "Feature", "geometry": {"type": "Polygon", "coordinates": [[[91.95, 27.55], [92.0, 27.55], [92.0, 27.6], [91.95, 27.6], [91.95, 27.55]]]}, "properties": {"cell_id": "1839_551", "state": "Arunachal Pradesh", "district": "Tawang", "samples": 1, "events": 1, "risk_index": 1.0, "severity": "High", "mean_slope_deg": 23.81, "mean_relief_500m_m": 521.3, "mean_rain_30d_mm": 239.8}}, {"type": "Feature", "geometry": {"type": "Polygon", "coordinates": [[[92.0, 23.650000000000002], [92.05, 23.650000000000002], [92.05, 23.700000000000003], [92.0, 23.700000000000003], [92.0, 23.650000000000002]]]}, "properties": {"cell_id": "1840_473", "state": "Tripura", "district": "Dhalai", "samples": 1, "events": 0, "risk_index": 0.0, "severity": "Low", "mean_slope_deg": 4.75, "mean_relief_500m_m": 133.7, "mean_rain_30d_mm": 289.5}}, {"type": "Feature", "geometry": {"type": "Polygon", "coordinates": [[[92.0, 24.05], [92.05, 24.05], [92.05, 24.1], [92.0, 24.1], [92.0, 24.05]]]}, "properties": {"cell_id": "1840_481", "state": "Tripura", "district": "Dhalai", "samples": 1, "events": 0, "risk_index": 0.0, "severity": "Low", "mean_slope_deg": 0.46, "mean_relief_500m_m": 33.6, "mean_rain_30d_mm": 179.5}}, {"type": "Feature", "geometry": {"type": "Polygon", "coordinates": [[[92.0, 25.700000000000003], [92.05, 25.700000000000003], [92.05, 25.750000000000004], [92.0, 25.750000000000004], [92.0, 25.700000000000003]]]}, "properties": {"cell_id": "1840_514", "state": "Meghalaya", "district": "Ri-Bhoi", "samples": 2, "events": 0, "risk_index": 0.0, "severity": "Low", "mean_slope_deg": 7.14, "mean_relief_500m_m": 74.7, "mean_rain_30d_mm": 260.1}}, {"type": "Feature", "geometry": {"type": "Polygon", "coordinates": [[[92.0, 26.650000000000002], [92.05, 26.650000000000002], [92.05, 26.700000000000003], [92.0, 26.700000000000003], [92.0, 26.650000000000002]]]}, "properties": {"cell_id": "1840_533", "state": "Assam", "district": "Darrang", "samples": 1, "events": 0, "risk_index": 0.0, "severity": "Low", "mean_slope_deg": 0.97, "mean_relief_500m_m": 10.2, "mean_rain_30d_mm": 208.0}}, {"type": "Feature", "geometry": {"type": "Polygon", "coordinates": [[[92.05000000000001, 23.900000000000002], [92.10000000000001, 23.900000000000002], [92.10000000000001, 23.950000000000003], [92.05000000000001, 23.950000000000003], [92.05000000000001, 23.900000000000002]]]}, "properties": {"cell_id": "1841_478", "state": "Tripura", "district": "Dhalai", "samples": 1, "events": 0, "risk_index": 0.0, "severity": "Low", "mean_slope_deg": 16.88, "mean_relief_500m_m": 203.7, "mean_rain_30d_mm": 432.8}}, {"type": "Feature", "geometry": {"type": "Polygon", "coordinates": [[[92.05000000000001, 25.400000000000002], [92.10000000000001, 25.400000000000002], [92.10000000000001, 25.450000000000003], [92.05000000000001, 25.450000000000003], [92.05000000000001, 25.400000000000002]]]}, "properties": {"cell_id": "1841_508", "state": "Meghalaya", "district": "East Khasi Hills", "samples": 1, "events": 0, "risk_index": 0.0, "severity": "Low", "mean_slope_deg": 3.37, "mean_relief_500m_m": 44.3, "mean_rain_30d_mm": 255.2}}, {"type": "Feature", "geometry": {"type": "Polygon", "coordinates": [[[92.05000000000001, 25.5], [92.10000000000001, 25.5], [92.10000000000001, 25.55], [92.05000000000001, 25.55], [92.05000000000001, 25.5]]]}, "properties": {"cell_id": "1841_510", "state": "Meghalaya", "district": "East Khasi Hills", "samples": 1, "events": 1, "risk_index": 1.0, "severity": "High", "mean_slope_deg": 11.71, "mean_relief_500m_m": 123.8, "mean_rain_30d_mm": 116.6}}, {"type": "Feature", "geometry": {"type": "Polygon", "coordinates": [[[92.05000000000001, 27.5], [92.10000000000001, 27.5], [92.10000000000001, 27.55], [92.05000000000001, 27.55], [92.05000000000001, 27.5]]]}, "properties": {"cell_id": "1841_550", "state": "Arunachal Pradesh", "district": "West Kameng", "samples": 1, "events": 0, "risk_index": 0.0, "severity": "Low", "mean_slope_deg": 34.62, "mean_relief_500m_m": 513.1, "mean_rain_30d_mm": 242.4}}, {"type": "Feature", "geometry": {"type": "Polygon", "coordinates": [[[92.10000000000001, 23.900000000000002], [92.15, 23.900000000000002], [92.15, 23.950000000000003], [92.10000000000001, 23.950000000000003], [92.10000000000001, 23.900000000000002]]]}, "properties": {"cell_id": "1842_478", "state": "Tripura", "district": "Dhalai", "samples": 1, "events": 0, "risk_index": 0.0, "severity": "Low", "mean_slope_deg": 16.27, "mean_relief_500m_m": 213.7, "mean_rain_30d_mm": 129.8}}, {"type": "Feature", "geometry": {"type": "Polygon", "coordinates": [[[92.10000000000001, 24.400000000000002], [92.15, 24.400000000000002], [92.15, 24.450000000000003], [92.10000000000001, 24.450000000000003], [92.10000000000001, 24.400000000000002]]]}, "properties": {"cell_id": "1842_488", "state": "Tripura", "district": "", "samples": 1, "events": 0, "risk_index": 0.0, "severity": "Low", "mean_slope_deg": 0.88, "mean_relief_500m_m": 36.0, "mean_rain_30d_mm": 426.9}}, {"type": "Feature", "geometry": {"type": "Polygon", "coordinates": [[[92.10000000000001, 25.400000000000002], [92.15, 25.400000000000002], [92.15, 25.450000000000003], [92.10000000000001, 25.450000000000003], [92.10000000000001, 25.400000000000002]]]}, "properties": {"cell_id": "1842_508", "state": "Meghalaya", "district": "Jaintia Hills", "samples": 1, "events": 0, "risk_index": 0.0, "severity": "Low", "mean_slope_deg": 0.69, "mean_relief_500m_m": 122.2, "mean_rain_30d_mm": 117.0}}, {"type": "Feature", "geometry": {"type": "Polygon", "coordinates": [[[92.10000000000001, 26.05], [92.15, 26.05], [92.15, 26.1], [92.10000000000001, 26.1], [92.10000000000001, 26.05]]]}, "properties": {"cell_id": "1842_521", "state": "Assam", "district": "Kamrup", "samples": 1, "events": 0, "risk_index": 0.0, "severity": "Low", "mean_slope_deg": 10.49, "mean_relief_500m_m": 229.9, "mean_rain_30d_mm": 105.5}}, {"type": "Feature", "geometry": {"type": "Polygon", "coordinates": [[[92.10000000000001, 26.450000000000003], [92.15, 26.450000000000003], [92.15, 26.500000000000004], [92.10000000000001, 26.500000000000004], [92.10000000000001, 26.450000000000003]]]}, "properties": {"cell_id": "1842_529", "state": "Assam", "district": "Darrang", "samples": 1, "events": 0, "risk_index": 0.0, "severity": "Low", "mean_slope_deg": 0.17, "mean_relief_500m_m": 10.0, "mean_rain_30d_mm": 259.3}}, {"type": "Feature", "geometry": {"type": "Polygon", "coordinates": [[[92.10000000000001, 26.700000000000003], [92.15, 26.700000000000003], [92.15, 26.750000000000004], [92.10000000000001, 26.750000000000004], [92.10000000000001, 26.700000000000003]]]}, "properties": {"cell_id": "1842_534", "state": "Assam", "district": "Darrang", "samples": 1, "events": 0, "risk_index": 0.0, "severity": "Low", "mean_slope_deg": 1.73, "mean_relief_500m_m": 9.8, "mean_rain_30d_mm": 369.2}}, {"type": "Feature", "geometry": {"type": "Polygon", "coordinates": [[[92.10000000000001, 27.05], [92.15, 27.05], [92.15, 27.1], [92.10000000000001, 27.1], [92.10000000000001, 27.05]]]}, "properties": {"cell_id": "1842_541", "state": "Arunachal Pradesh", "district": "West Kameng", "samples": 1, "events": 0, "risk_index": 0.0, "severity": "Low", "mean_slope_deg": 32.42, "mean_relief_500m_m": 469.9, "mean_rain_30d_mm": 611.5}}, {"type": "Feature", "geometry": {"type": "Polygon", "coordinates": [[[92.15, 24.450000000000003], [92.2, 24.450000000000003], [92.2, 24.500000000000004], [92.15, 24.500000000000004], [92.15, 24.450000000000003]]]}, "properties": {"cell_id": "1843_489", "state": "Tripura", "district": "North Tripura", "samples": 1, "events": 0, "risk_index": 0.0, "severity": "Low", "mean_slope_deg": 2.79, "mean_relief_500m_m": 20.9, "mean_rain_30d_mm": 265.2}}, {"type": "Feature", "geometry": {"type": "Polygon", "coordinates": [[[92.15, 24.55], [92.2, 24.55], [92.2, 24.6], [92.15, 24.6], [92.15, 24.55]]]}, "properties": {"cell_id": "1843_491", "state": "Assam", "district": "", "samples": 1, "events": 0, "risk_index": 0.0, "severity": "Low", "mean_slope_deg": 1.93, "mean_relief_500m_m": 27.1, "mean_rain_30d_mm": 260.7}}, {"type": "Feature", "geometry": {"type": "Polygon", "coordinates": [[[92.15, 25.1], [92.2, 25.1], [92.2, 25.150000000000002], [92.15, 25.150000000000002], [92.15, 25.1]]]}, "properties": {"cell_id": "1843_502", "state": "Meghalaya", "district": "", "samples": 1, "events": 0, "risk_index": 0.0, "severity": "Low", "mean_slope_deg": 5.2, "mean_relief_500m_m": 65.7, "mean_rain_30d_mm": 357.8}}, {"type": "Feature", "geometry": {"type": "Polygon", "coordinates": [[[92.15, 25.5], [92.2, 25.5], [92.2, 25.55], [92.15, 25.55], [92.15, 25.5]]]}, "properties": {"cell_id": "1843_510", "state": "Meghalaya", "district": "Jaintia Hills", "samples": 1, "events": 0, "risk_index": 0.0, "severity": "Low", "mean_slope_deg": 2.79, "mean_relief_500m_m": 31.2, "mean_rain_30d_mm": 269.9}}, {"type": "Feature", "geometry": {"type": "Polygon", "coordinates": [[[92.15, 25.900000000000002], [92.2, 25.900000000000002], [92.2, 25.950000000000003], [92.15, 25.950000000000003], [92.15, 25.900000000000002]]]}, "properties": {"cell_id": "1843_518", "state": "Meghalaya", "district": "Ri-Bhoi", "samples": 1, "events": 0, "risk_index": 0.0, "severity": "Low", "mean_slope_deg": 5.95, "mean_relief_500m_m": 112.7, "mean_rain_30d_mm": 255.3}}, {"type": "Feature", "geometry": {"type": "Polygon", "coordinates": [[[92.15, 26.3], [92.2, 26.3], [92.2, 26.35], [92.15, 26.35], [92.15, 26.3]]]}, "properties": {"cell_id": "1843_526", "state": "Assam", "district": "Marigaon", "samples": 1, "events": 0, "risk_index": 0.0, "severity": "Low", "mean_slope_deg": 1.27, "mean_relief_500m_m": 12.3, "mean_rain_30d_mm": 239.2}}, {"type": "Feature", "geometry": {"type": "Polygon", "coordinates": [[[92.15, 26.8], [92.2, 26.8], [92.2, 26.85], [92.15, 26.85], [92.15, 26.8]]]}, "properties": {"cell_id": "1843_536", "state": "Assam", "district": "Darrang", "samples": 1, "events": 0, "risk_index": 0.0, "severity": "Low", "mean_slope_deg": 0.35, "mean_relief_500m_m": 12.6, "mean_rain_30d_mm": 201.4}}, {"type": "Feature", "geometry": {"type": "Polygon", "coordinates": [[[92.15, 27.400000000000002], [92.2, 27.400000000000002], [92.2, 27.450000000000003], [92.15, 27.450000000000003], [92.15, 27.400000000000002]]]}, "properties": {"cell_id": "1843_548", "state": "Arunachal Pradesh", "district": "West Kameng", "samples": 1, "events": 0, "risk_index": 0.0, "severity": "Low", "mean_slope_deg": 25.45, "mean_relief_500m_m": 655.4, "mean_rain_30d_mm": 291.4}}, {"type": "Feature", "geometry": {"type": "Polygon", "coordinates": [[[92.15, 27.450000000000003], [92.2, 27.450000000000003], [92.2, 27.500000000000004], [92.15, 27.500000000000004], [92.15, 27.450000000000003]]]}, "properties": {"cell_id": "1843_549", "state": "Arunachal Pradesh", "district": "West Kameng", "samples": 1, "events": 0, "risk_index": 0.0, "severity": "Low", "mean_slope_deg": 40.18, "mean_relief_500m_m": 776.9, "mean_rain_30d_mm": 222.4}}, {"type": "Feature", "geometry": {"type": "Polygon", "coordinates": [[[92.15, 27.5], [92.2, 27.5], [92.2, 27.55], [92.15, 27.55], [92.15, 27.5]]]}, "properties": {"cell_id": "1843_550", "state": "Arunachal Pradesh", "district": "West Kameng", "samples": 1, "events": 0, "risk_index": 0.0, "severity": "Low", "mean_slope_deg": 38.91, "mean_relief_500m_m": 752.8, "mean_rain_30d_mm": 316.7}}, {"type": "Feature", "geometry": {"type": "Polygon", "coordinates": [[[92.15, 27.700000000000003], [92.2, 27.700000000000003], [92.2, 27.750000000000004], [92.15, 27.750000000000004], [92.15, 27.700000000000003]]]}, "properties": {"cell_id": "1843_554", "state": "Arunachal Pradesh", "district": "Tawang", "samples": 1, "events": 0, "risk_index": 0.0, "severity": "Low", "mean_slope_deg": 27.57, "mean_relief_500m_m": 499.5, "mean_rain_30d_mm": 168.0}}, {"type": "Feature", "geometry": {"type": "Polygon", "coordinates": [[[92.2, 23.950000000000003], [92.25, 23.950000000000003], [92.25, 24.000000000000004], [92.2, 24.000000000000004], [92.2, 23.950000000000003]]]}, "properties": {"cell_id": "1844_479", "state": "Tripura", "district": "North Tripura", "samples": 1, "events": 0, "risk_index": 0.0, "severity": "Low", "mean_slope_deg": 2.38, "mean_relief_500m_m": 36.7, "mean_rain_30d_mm": 371.2}}, {"type": "Feature", "geometry": {"type": "Polygon", "coordinates": [[[92.2, 24.450000000000003], [92.25, 24.450000000000003], [92.25, 24.500000000000004], [92.2, 24.500000000000004], [92.2, 24.450000000000003]]]}, "properties": {"cell_id": "1844_489", "state": "Tripura", "district": "North Tripura", "samples": 1, "events": 0, "risk_index": 0.0, "severity": "Low", "mean_slope_deg": 3.1, "mean_relief_500m_m": 14.8, "mean_rain_30d_mm": 288.1}}, {"type": "Feature", "geometry": {"type": "Polygon", "coordinates": [[[92.2, 25.400000000000002], [92.25, 25.400000000000002], [92.25, 25.450000000000003], [92.2, 25.450000000000003], [92.2, 25.400000000000002]]]}, "properties": {"cell_id": "1844_508", "state": "Meghalaya", "district": "Jaintia Hills", "samples": 1, "events": 0, "risk_index": 0.0, "severity": "Low", "mean_slope_deg": 0.21, "mean_relief_500m_m": 71.6, "mean_rain_30d_mm": 139.1}}, {"type": "Feature", "geometry": {"type": "Polygon", "coordinates": [[[92.2, 25.450000000000003], [92.25, 25.450000000000003], [92.25, 25.500000000000004], [92.2, 25.500000000000004], [92.2, 25.450000000000003]]]}, "properties": {"cell_id": "1844_509", "state": "Meghalaya", "district": "Jaintia Hills", "samples": 1, "events": 1, "risk_index": 1.0, "severity": "High", "mean_slope_deg": 2.07, "mean_relief_500m_m": 65.7, "mean_rain_30d_mm": 330.8}}, {"type": "Feature", "geometry": {"type": "Polygon", "coordinates": [[[92.2, 25.5], [92.25, 25.5], [92.25, 25.55], [92.2, 25.55], [92.2, 25.5]]]}, "properties": {"cell_id": "1844_510", "state": "Meghalaya", "district": "Jaintia Hills", "samples": 1, "events": 0, "risk_index": 0.0, "severity": "Low", "mean_slope_deg": 1.03, "mean_relief_500m_m": 41.2, "mean_rain_30d_mm": 279.6}}, {"type": "Feature", "geometry": {"type": "Polygon", "coordinates": [[[92.2, 26.8], [92.25, 26.8], [92.25, 26.85], [92.2, 26.85], [92.2, 26.8]]]}, "properties": {"cell_id": "1844_536", "state": "Assam", "district": "Darrang", "samples": 1, "events": 0, "risk_index": 0.0, "severity": "Low", "mean_slope_deg": 1.02, "mean_relief_500m_m": 13.0, "mean_rain_30d_mm": 153.5}}, {"type": "Feature", "geometry": {"type": "Polygon", "coordinates": [[[92.2, 27.400000000000002], [92.25, 27.400000000000002], [92.25, 27.450000000000003], [92.2, 27.450000000000003], [92.2, 27.400000000000002]]]}, "properties": {"cell_id": "1844_548", "state": "Arunachal Pradesh", "district": "West Kameng", "samples": 1, "events": 0, "risk_index": 0.0, "severity": "Low", "mean_slope_deg": 27.7, "mean_relief_500m_m": 474.0, "mean_rain_30d_mm": 71.9}}, {"type": "Feature", "geometry": {"type": "Polygon", "coordinates": [[[92.25, 23.950000000000003], [92.3, 23.950000000000003], [92.3, 24.000000000000004], [92.25, 24.000000000000004], [92.25, 23.950000000000003]]]}, "properties": {"cell_id": "1845_479", "state": "Tripura", "district": "North Tripura", "samples": 1, "events": 0, "risk_index": 0.0, "severity": "Low", "mean_slope_deg": 8.6, "mean_relief_500m_m": 315.0, "mean_rain_30d_mm": 346.7}}, {"type": "Feature", "geometry": {"type": "Polygon", "coordinates": [[[92.25, 24.150000000000002], [92.3, 24.150000000000002], [92.3, 24.200000000000003], [92.25, 24.200000000000003], [92.25, 24.150000000000002]]]}, "properties": {"cell_id": "1845_483", "state": "Tripura", "district": "North Tripura", "samples": 1, "events": 0, "risk_index": 0.0, "severity": "Low", "mean_slope_deg": 7.92, "mean_relief_500m_m": 112.8, "mean_rain_30d_mm": 533.8}}, {"type": "Feature", "geometry": {"type": "Polygon", "coordinates": [[[92.25, 24.400000000000002], [92.3, 24.400000000000002], [92.3, 24.450000000000003], [92.25, 24.450000000000003], [92.25, 24.400000000000002]]]}, "properties": {"cell_id": "1845_488", "state": "Assam", "district": "Karimganj", "samples": 1, "events": 0, "risk_index": 0.0, "severity": "Low", "mean_slope_deg": 1.02, "mean_relief_500m_m": 54.7, "mean_rain_30d_mm": 425.3}}, {"type": "Feature", "geometry": {"type": "Polygon", "coordinates": [[[92.25, 25.3], [92.3, 25.3], [92.3, 25.35], [92.25, 25.35], [92.25, 25.3]]]}, "properties": {"cell_id": "1845_506", "state": "Meghalaya", "district": "Jaintia Hills", "samples": 1, "events": 1, "risk_index": 1.0, "severity": "High", "mean_slope_deg": 1.07, "mean_relief_500m_m": 46.8, "mean_rain_30d_mm": 452.8}}, {"type": "Feature", "geometry": {"type": "Polygon", "coordinates": [[[92.25, 25.35], [92.3, 25.35], [92.3, 25.400000000000002], [92.25, 25.400000000000002], [92.25, 25.35]]]}, "properties": {"cell_id": "1845_507", "state": "Meghalaya", "district": "Jaintia Hills", "samples": 1, "events": 1, "risk_index": 1.0, "severity": "High", "mean_slope_deg": 1.82, "mean_relief_500m_m": 57.7, "mean_rain_30d_mm": 437.7}}, {"type": "Feature", "geometry": {"type": "Polygon", "coordinates": [[[92.25, 27.1], [92.3, 27.1], [92.3, 27.150000000000002], [92.25, 27.150000000000002], [92.25, 27.1]]]}, "properties": {"cell_id": "1845_542", "state": "Arunachal Pradesh", "district": "West Kameng", "samples": 1, "events": 0, "risk_index": 0.0, "severity": "Low", "mean_slope_deg": 33.06, "mean_relief_500m_m": 385.8, "mean_rain_30d_mm": 532.9}}, {"type": "Feature", "geometry": {"type": "Polygon", "coordinates": [[[92.25, 27.400000000000002], [92.3, 27.400000000000002], [92.3, 27.450000000000003], [92.25, 27.450000000000003], [92.25, 27.400000000000002]]]}, "properties": {"cell_id": "1845_548", "state": "Arunachal Pradesh", "district": "West Kameng", "samples": 1, "events": 1, "risk_index": 1.0, "severity": "High", "mean_slope_deg": 10.08, "mean_relief_500m_m": 396.7, "mean_rain_30d_mm": 212.1}}, {"type": "Feature", "geometry": {"type": "Polygon", "coordinates": [[[92.25, 27.6], [92.3, 27.6], [92.3, 27.650000000000002], [92.25, 27.650000000000002], [92.25, 27.6]]]}, "properties": {"cell_id": "1845_552", "state": "Arunachal Pradesh", "district": "West Kameng", "samples": 1, "events": 0, "risk_index": 0.0, "severity": "Low", "mean_slope_deg": 27.8, "mean_relief_500m_m": 562.4, "mean_rain_30d_mm": 200.4}}, {"type": "Feature", "geometry": {"type": "Polygon", "coordinates": [[[92.30000000000001, 23.5], [92.35000000000001, 23.5], [92.35000000000001, 23.55], [92.30000000000001, 23.55], [92.30000000000001, 23.5]]]}, "properties": {"cell_id": "1846_470", "state": "Mizoram", "district": "Mamit", "samples": 1, "events": 0, "risk_index": 0.0, "severity": "Low", "mean_slope_deg": 11.65, "mean_relief_500m_m": 93.9, "mean_rain_30d_mm": 479.7}}, {"type": "Feature", "geometry": {"type": "Polygon", "coordinates": [[[92.30000000000001, 23.700000000000003], [92.35000000000001, 23.700000000000003], [92.35000000000001, 23.750000000000004], [92.30000000000001, 23.750000000000004], [92.30000000000001, 23.700000000000003]]]}, "properties": {"cell_id": "1846_474", "state": "Mizoram", "district": "Mamit", "samples": 1, "events": 0, "risk_index": 0.0, "severity": "Low", "mean_slope_deg": 9.13, "mean_relief_500m_m": 194.9, "mean_rain_30d_mm": 440.4}}, {"type": "Feature", "geometry": {"type": "Polygon", "coordinates": [[[92.30000000000001, 24.55], [92.35000000000001, 24.55], [92.35000000000001, 24.6], [92.30000000000001, 24.6], [92.30000000000001, 24.55]]]}, "properties": {"cell_id": "1846_491", "state": "Assam", "district": "Karimganj", "samples": 1, "events": 0, "risk_index": 0.0, "severity": "Low", "mean_slope_deg": 2.28, "mean_relief_500m_m": 42.9, "mean_rain_30d_mm": 75.8}}, {"type": "Feature", "geometry": {"type": "Polygon", "coordinates": [[[92.30000000000001, 24.650000000000002], [92.35000000000001, 24.650000000000002], [92.35000000000001, 24.700000000000003], [92.30000000000001, 24.700000000000003], [92.30000000000001, 24.650000000000002]]]}, "properties": {"cell_id": "1846_493", "state": "Assam", "district": "Karimganj", "samples": 1, "events": 0, "risk_index": 0.0, "severity": "Low", "mean_slope_deg": 0.31, "mean_relief_500m_m": 7.4, "mean_rain_30d_mm": 976.2}}, {"type": "Feature", "geometry": {"type": "Polygon", "coordinates": [[[92.30000000000001, 25.6], [92.35000000000001, 25.6], [92.35000000000001, 25.650000000000002], [92.30000000000001, 25.650000000000002], [92.30000000000001, 25.6]]]}, "properties": {"cell_id": "1846_512", "state": "Meghalaya", "district": "Jaintia Hills", "samples": 1, "events": 0, "risk_index": 0.0, "severity": "Low", "mean_slope_deg": 4.32, "mean_relief_500m_m": 76.4, "mean_rain_30d_mm": 138.9}}, {"type": "Feature", "geometry": {"type": "Polygon", "coordinates": [[[92.30000000000001, 25.650000000000002], [92.35000000000001, 25.650000000000002], [92.35000000000001, 25.700000000000003], [92.30000000000001, 25.700000000000003], [92.30000000000001, 25.650000000000002]]]}, "properties": {"cell_id": "1846_513", "state": "Meghalaya", "district": "Jaintia Hills", "samples": 1, "events": 0, "risk_index": 0.0, "severity": "Low", "mean_slope_deg": 4.02, "mean_relief_500m_m": 95.5, "mean_rain_30d_mm": 93.8}}, {"type": "Feature", "geometry": {"type": "Polygon", "coordinates": [[[92.30000000000001, 26.950000000000003], [92.35000000000001, 26.950000000000003], [92.35000000000001, 27.000000000000004], [92.30000000000001, 27.000000000000004], [92.30000000000001, 26.950000000000003]]]}, "properties": {"cell_id": "1846_539", "state": "Arunachal Pradesh", "district": "West Kameng", "samples": 1, "events": 0, "risk_index": 0.0, "severity": "Low", "mean_slope_deg": 6.99, "mean_relief_500m_m": 222.0, "mean_rain_30d_mm": 428.0}}, {"type": "Feature", "geometry": {"type": "Polygon", "coordinates": [[[92.35000000000001, 24.6], [92.4, 24.6], [92.4, 24.650000000000002], [92.35000000000001, 24.650000000000002], [92.35000000000001, 24.6]]]}, "properties": {"cell_id": "1847_492", "state": "Assam", "district": "Karimganj", "samples": 2, "events": 1, "risk_index": 0.5, "severity": "Moderate", "mean_slope_deg": 3.48, "mean_relief_500m_m": 80.7, "mean_rain_30d_mm": 511.4}}, {"type": "Feature", "geometry": {"type": "Polygon", "coordinates": [[[92.35000000000001, 25.05], [92.4, 25.05], [92.4, 25.1], [92.35000000000001, 25.1], [92.35000000000001, 25.05]]]}, "properties": {"cell_id": "1847_501", "state": "Meghalaya", "district": "Jaintia Hills", "samples": 2, "events": 2, "risk_index": 1.0, "severity": "High", "mean_slope_deg": 19.24, "mean_relief_500m_m": 300.1, "mean_rain_30d_mm": 437.7}}, {"type": "Feature", "geometry": {"type": "Polygon", "coordinates": [[[92.35000000000001, 25.1], [92.4, 25.1], [92.4, 25.150000000000002], [92.35000000000001, 25.150000000000002], [92.35000000000001, 25.1]]]}, "properties": {"cell_id": "1847_502", "state": "Meghalaya", "district": "Jaintia Hills", "samples": 1, "events": 1, "risk_index": 1.0, "severity": "High", "mean_slope_deg": 13.76, "mean_relief_500m_m": 211.2, "mean_rain_30d_mm": 313.5}}, {"type": "Feature", "geometry": {"type": "Polygon", "coordinates": [[[92.35000000000001, 25.25], [92.4, 25.25], [92.4, 25.3], [92.35000000000001, 25.3], [92.35000000000001, 25.25]]]}, "properties": {"cell_id": "1847_505", "state": "Meghalaya", "district": "Jaintia Hills", "samples": 1, "events": 1, "risk_index": 1.0, "severity": "High", "mean_slope_deg": 8.09, "mean_relief_500m_m": 164.0, "mean_rain_30d_mm": 313.5}}, {"type": "Feature", "geometry": {"type": "Polygon", "coordinates": [[[92.35000000000001, 26.1], [92.4, 26.1], [92.4, 26.150000000000002], [92.35000000000001, 26.150000000000002], [92.35000000000001, 26.1]]]}, "properties": {"cell_id": "1847_522", "state": "Assam", "district": "Marigaon", "samples": 1, "events": 0, "risk_index": 0.0, "severity": "Low", "mean_slope_deg": 7.57, "mean_relief_500m_m": 91.0, "mean_rain_30d_mm": 352.2}}, {"type": "Feature", "geometry": {"type": "Polygon", "coordinates": [[[92.35000000000001, 26.8], [92.4, 26.8], [92.4, 26.85], [92.35000000000001, 26.85], [92.35000000000001, 26.8]]]}, "properties": {"cell_id": "1847_536", "state": "Assam", "district": "Sonitpur", "samples": 1, "events": 0, "risk_index": 0.0, "severity": "Low", "mean_slope_deg": 0.47, "mean_relief_500m_m": 7.7, "mean_rain_30d_mm": 222.7}}, {"type": "Feature", "geometry": {"type": "Polygon", "coordinates": [[[92.35000000000001, 27.1], [92.4, 27.1], [92.4, 27.150000000000002], [92.35000000000001, 27.150000000000002], [92.35000000000001, 27.1]]]}, "properties": {"cell_id": "1847_542", "state": "Arunachal Pradesh", "district": "West Kameng", "samples": 1, "events": 0, "risk_index": 0.0, "severity": "Low", "mean_slope_deg": 31.42, "mean_relief_500m_m": 443.6, "mean_rain_30d_mm": 213.9}}, {"type": "Feature", "geometry": {"type": "Polygon", "coordinates": [[[92.35000000000001, 27.25], [92.4, 27.25], [92.4, 27.3], [92.35000000000001, 27.3], [92.35000000000001, 27.25]]]}, "properties": {"cell_id": "1847_545", "state": "Arunachal Pradesh", "district": "West Kameng", "samples": 1, "events": 0, "risk_index": 0.0, "severity": "Low", "mean_slope_deg": 26.06, "mean_relief_500m_m": 497.5, "mean_rain_30d_mm": 332.1}}, {"type": "Feature", "geometry": {"type": "Polygon", "coordinates": [[[92.35000000000001, 27.400000000000002], [92.4, 27.400000000000002], [92.4, 27.450000000000003], [92.35000000000001, 27.450000000000003], [92.35000000000001, 27.400000000000002]]]}, "properties": {"cell_id": "1847_548", "state": "Arunachal Pradesh", "district": "West Kameng", "samples": 1, "events": 1, "risk_index": 1.0, "severity": "High", "mean_slope_deg": 20.94, "mean_relief_500m_m": 409.4, "mean_rain_30d_mm": 364.5}}, {"type": "Feature", "geometry": {"type": "Polygon", "coordinates": [[[92.4, 23.55], [92.45, 23.55], [92.45, 23.6], [92.4, 23.6], [92.4, 23.55]]]}, "properties": {"cell_id": "1848_471", "state": "Mizoram", "district": "Mamit", "samples": 2, "events": 0, "risk_index": 0.0, "severity": "Low", "mean_slope_deg": 13.81, "mean_relief_500m_m": 251.1, "mean_rain_30d_mm": 389.4}}, {"type": "Feature", "geometry": {"type": "Polygon", "coordinates": [[[92.4, 24.3], [92.45, 24.3], [92.45, 24.35], [92.4, 24.35], [92.4, 24.3]]]}, "properties": {"cell_id": "1848_486", "state": "Assam", "district": "Karimganj", "samples": 1, "events": 0, "risk_index": 0.0, "severity": "Low", "mean_slope_deg": 4.0, "mean_relief_500m_m": 48.9, "mean_rain_30d_mm": 486.6}}, {"type": "Feature", "geometry": {"type": "Polygon", "coordinates": [[[92.4, 24.400000000000002], [92.45, 24.400000000000002], [92.45, 24.450000000000003], [92.4, 24.450000000000003], [92.4, 24.400000000000002]]]}, "properties": {"cell_id": "1848_488", "state": "Assam", "district": "Karimganj", "samples": 1, "events": 0, "risk_index": 0.0, "severity": "Low", "mean_slope_deg": 4.48, "mean_relief_500m_m": 28.5, "mean_rain_30d_mm": 738.0}}, {"type": "Feature", "geometry": {"type": "Polygon", "coordinates": [[[92.4, 25.05], [92.45, 25.05], [92.45, 25.1], [92.4, 25.1], [92.4, 25.05]]]}, "properties": {"cell_id": "1848_501", "state": "Meghalaya", "district": "Jaintia Hills", "samples": 1, "events": 0, "risk_index": 0.0, "severity": "Low", "mean_slope_deg": 7.28, "mean_relief_500m_m": 232.4, "mean_rain_30d_mm": 378.1}}, {"type": "Feature", "geometry": {"type": "Polygon", "coordinates": [[[92.4, 25.900000000000002], [92.45, 25.900000000000002], [92.45, 25.950000000000003], [92.4, 25.950000000000003], [92.4, 25.900000000000002]]]}, "properties": {"cell_id": "1848_518", "state": "Assam", "district": "Karbi Anglong", "samples": 1, "events": 0, "risk_index": 0.0, "severity": "Low", "mean_slope_deg": 8.07, "mean_relief_500m_m": 110.1, "mean_rain_30d_mm": 194.7}}, {"type": "Feature", "geometry": {"type": "Polygon", "coordinates": [[[92.4, 27.450000000000003], [92.45, 27.450000000000003], [92.45, 27.500000000000004], [92.4, 27.500000000000004], [92.4, 27.450000000000003]]]}, "properties": {"cell_id": "1848_549", "state": "Arunachal Pradesh", "district": "West Kameng", "samples": 1, "events": 0, "risk_index": 0.0, "severity": "Low", "mean_slope_deg": 22.13, "mean_relief_500m_m": 560.9, "mean_rain_30d_mm": 246.1}}, {"type": "Feature", "geometry": {"type": "Polygon", "coordinates": [[[92.45, 23.35], [92.5, 23.35], [92.5, 23.400000000000002], [92.45, 23.400000000000002], [92.45, 23.35]]]}, "properties": {"cell_id": "1849_467", "state": "Mizoram", "district": "Mamit", "samples": 1, "events": 0, "risk_index": 0.0, "severity": "Low", "mean_slope_deg": 14.54, "mean_relief_500m_m": 141.2, "mean_rain_30d_mm": 198.6}}, {"type": "Feature", "geometry": {"type": "Polygon", "coordinates": [[[92.45, 23.8], [92.5, 23.8], [92.5, 23.85], [92.45, 23.85], [92.45, 23.8]]]}, "properties": {"cell_id": "1849_476", "state": "Mizoram", "district": "Mamit", "samples": 1, "events": 0, "risk_index": 0.0, "severity": "Low", "mean_slope_deg": 16.76, "mean_relief_500m_m": 372.0, "mean_rain_30d_mm": 310.6}}, {"type": "Feature", "geometry": {"type": "Polygon", "coordinates": [[[92.45, 24.35], [92.5, 24.35], [92.5, 24.400000000000002], [92.45, 24.400000000000002], [92.45, 24.35]]]}, "properties": {"cell_id": "1849_487", "state": "Assam", "district": "Karimganj", "samples": 1, "events": 0, "risk_index": 0.0, "severity": "Low", "mean_slope_deg": 10.02, "mean_relief_500m_m": 165.5, "mean_rain_30d_mm": 404.5}}, {"type": "Feature", "geometry": {"type": "Polygon", "coordinates": [[[92.45, 24.450000000000003], [92.5, 24.450000000000003], [92.5, 24.500000000000004], [92.45, 24.500000000000004], [92.45, 24.450000000000003]]]}, "properties": {"cell_id": "1849_489", "state": "Assam", "district": "Karimganj", "samples": 1, "events": 1, "risk_index": 1.0, "severity": "High", "mean_slope_deg": 5.37, "mean_relief_500m_m": 103.9, "mean_rain_30d_mm": 532.5}}, {"type": "Feature", "geometry": {"type": "Polygon", "coordinates": [[[92.45, 25.0], [92.5, 25.0], [92.5, 25.05], [92.45, 25.05], [92.45, 25.0]]]}, "properties": {"cell_id": "1849_500", "state": "Assam", "district": "Cachar", "samples": 1, "events": 1, "risk_index": 1.0, "severity": "High", "mean_slope_deg": 15.83, "mean_relief_500m_m": 195.1, "mean_rain_30d_mm": 20.3}}, {"type": "Feature", "geometry": {"type": "Polygon", "coordinates": [[[92.45, 25.400000000000002], [92.5, 25.400000000000002], [92.5, 25.450000000000003], [92.45, 25.450000000000003], [92.45, 25.400000000000002]]]}, "properties": {"cell_id": "1849_508", "state": "Meghalaya", "district": "Jaintia Hills", "samples": 1, "events": 0, "risk_index": 0.0, "severity": "Low", "mean_slope_deg": 3.05, "mean_relief_500m_m": 112.6, "mean_rain_30d_mm": 199.7}}, {"type": "Feature", "geometry": {"type": "Polygon", "coordinates": [[[92.45, 25.85], [92.5, 25.85], [92.5, 25.900000000000002], [92.45, 25.900000000000002], [92.45, 25.85]]]}, "properties": {"cell_id": "1849_517", "state": "Assam", "district": "Karbi Anglong", "samples": 1, "events": 0, "risk_index": 0.0, "severity": "Low", "mean_slope_deg": 6.61, "mean_relief_500m_m": 71.3, "mean_rain_30d_mm": 244.2}}, {"type": "Feature", "geometry": {"type": "Polygon", "coordinates": [[[92.45, 26.400000000000002], [92.5, 26.400000000000002], [92.5, 26.450000000000003], [92.45, 26.450000000000003], [92.45, 26.400000000000002]]]}, "properties": {"cell_id": "1849_528", "state": "Assam", "district": "Nagaon", "samples": 1, "events": 0, "risk_index": 0.0, "severity": "Low", "mean_slope_deg": 1.08, "mean_relief_500m_m": 8.3, "mean_rain_30d_mm": 255.0}}, {"type": "Feature", "geometry": {"type": "Polygon", "coordinates": [[[92.45, 27.25], [92.5, 27.25], [92.5, 27.3], [92.45, 27.3], [92.45, 27.25]]]}, "properties": {"cell_id": "1849_545", "state": "Arunachal Pradesh", "district": "West Kameng", "samples": 1, "events": 0, "risk_index": 0.0, "severity": "Low", "mean_slope_deg": 18.12, "mean_relief_500m_m": 544.7, "mean_rain_30d_mm": 183.7}}, {"type": "Feature", "geometry": {"type": "Polygon", "coordinates": [[[92.45, 27.75], [92.5, 27.75], [92.5, 27.8], [92.45, 27.8], [92.45, 27.75]]]}, "properties": {"cell_id": "1849_555", "state": "Arunachal Pradesh", "district": "West Kameng", "samples": 1, "events": 0, "risk_index": 0.0, "severity": "Low", "mean_slope_deg": 27.33, "mean_relief_500m_m": 594.5, "mean_rain_30d_mm": 400.7}}, {"type": "Feature", "geometry": {"type": "Polygon", "coordinates": [[[92.5, 22.55], [92.55, 22.55], [92.55, 22.6], [92.5, 22.6], [92.5, 22.55]]]}, "properties": {"cell_id": "1850_451", "state": "Mizoram", "district": "", "samples": 1, "events": 0, "risk_index": 0.0, "severity": "Low", "mean_slope_deg": 5.33, "mean_relief_500m_m": 70.7, "mean_rain_30d_mm": 352.9}}, {"type": "Feature", "geometry": {"type": "Polygon", "coordinates": [[[92.5, 23.75], [92.55, 23.75], [92.55, 23.8], [92.5, 23.8], [92.5, 23.75]]]}, "properties": {"cell_id": "1850_475", "state": "Mizoram", "district": "Mamit", "samples": 1, "events": 1, "risk_index": 1.0, "severity": "High", "mean_slope_deg": 20.36, "mean_relief_500m_m": 209.5, "mean_rain_30d_mm": 0.9}}, {"type": "Feature", "geometry": {"type": "Polygon", "coordinates": [[[92.5, 23.85], [92.55, 23.85], [92.55, 23.900000000000002], [92.5, 23.900000000000002], [92.5, 23.85]]]}, "properties": {"cell_id": "1850_477", "state": "Mizoram", "district": "Mamit", "samples": 1, "events": 0, "risk_index": 0.0, "severity": "Low", "mean_slope_deg": 9.48, "mean_relief_500m_m": 210.5, "mean_rain_30d_mm": 396.8}}, {"type": "Feature", "geometry": {"type": "Polygon", "coordinates": [[[92.5, 24.05], [92.55, 24.05], [92.55, 24.1], [92.5, 24.1], [92.5, 24.05]]]}, "properties": {"cell_id": "1850_481", "state": "Mizoram", "district": "Mamit", "samples": 1, "events": 0, "risk_index": 0.0, "severity": "Low", "mean_slope_deg": 19.71, "mean_relief_500m_m": 386.6, "mean_rain_30d_mm": 526.6}}, {"type": "Feature", "geometry": {"type": "Polygon", "coordinates": [[[92.5, 24.5], [92.55, 24.5], [92.55, 24.55], [92.5, 24.55], [92.5, 24.5]]]}, "properties": {"cell_id": "1850_490", "state": "Assam", "district": "Hailakandi", "samples": 1, "events": 1, "risk_index": 1.0, "severity": "High", "mean_slope_deg": 5.47, "mean_relief_500m_m": 96.1, "mean_rain_30d_mm": 532.5}}, {"type": "Feature", "geometry": {"type": "Polygon", "coordinates": [[[92.5, 24.85], [92.55, 24.85], [92.55, 24.900000000000002], [92.5, 24.900000000000002], [92.5, 24.85]]]}, "properties": {"cell_id": "1850_497", "state": "Assam", "district": "Cachar", "samples": 1, "events": 0, "risk_index": 0.0, "severity": "Low", "mean_slope_deg": 0.55, "mean_relief_500m_m": 14.0, "mean_rain_30d_mm": 268.3}}, {"type": "Feature", "geometry": {"type": "Polygon", "coordinates": [[[92.5, 26.150000000000002], [92.55, 26.150000000000002], [92.55, 26.200000000000003], [92.5, 26.200000000000003], [92.5, 26.150000000000002]]]}, "properties": {"cell_id": "1850_523", "state": "Assam", "district": "Nagaon", "samples": 1, "events": 0, "risk_index": 0.0, "severity": "Low", "mean_slope_deg": 0.09, "mean_relief_500m_m": 6.2, "mean_rain_30d_mm": 88.1}}, {"type": "Feature", "geometry": {"type": "Polygon", "coordinates": [[[92.5, 26.3], [92.55, 26.3], [92.55, 26.35], [92.5, 26.35], [92.5, 26.3]]]}, "properties": {"cell_id": "1850_526", "state": "Assam", "district": "Marigaon", "samples": 1, "events": 0, "risk_index": 0.0, "severity": "Low", "mean_slope_deg": 0.33, "mean_relief_500m_m": 6.2, "mean_rain_30d_mm": 196.7}}, {"type": "Feature", "geometry": {"type": "Polygon", "coordinates": [[[92.5, 26.35], [92.55, 26.35], [92.55, 26.400000000000002], [92.5, 26.400000000000002], [92.5, 26.35]]]}, "properties": {"cell_id": "1850_527", "state": "Assam", "district": "Marigaon", "samples": 1, "events": 0, "risk_index": 0.0, "severity": "Low", "mean_slope_deg": 0.13, "mean_relief_500m_m": 4.7, "mean_rain_30d_mm": 256.7}}, {"type": "Feature", "geometry": {"type": "Polygon", "coordinates": [[[92.5, 26.55], [92.55, 26.55], [92.55, 26.6], [92.5, 26.6], [92.5, 26.55]]]}, "properties": {"cell_id": "1850_531", "state": "Assam", "district": "Sonitpur", "samples": 1, "events": 0, "risk_index": 0.0, "severity": "Low", "mean_slope_deg": 0.32, "mean_relief_500m_m": 3.9, "mean_rain_30d_mm": 175.1}}, {"type": "Feature", "geometry": {"type": "Polygon", "coordinates": [[[92.5, 27.400000000000002], [92.55, 27.400000000000002], [92.55, 27.450000000000003], [92.5, 27.450000000000003], [92.5, 27.400000000000002]]]}, "properties": {"cell_id": "1850_548", "state": "Arunachal Pradesh", "district": "West Kameng", "samples": 1, "events": 0, "risk_index": 0.0, "severity": "Low", "mean_slope_deg": 26.19, "mean_relief_500m_m": 618.9, "mean_rain_30d_mm": 213.5}}, {"type": "Feature", "geometry": {"type": "Polygon", "coordinates": [[[92.55000000000001, 22.400000000000002], [92.60000000000001, 22.400000000000002], [92.60000000000001, 22.450000000000003], [92.55000000000001, 22.450000000000003], [92.55000000000001, 22.400000000000002]]]}, "properties": {"cell_id": "1851_448", "state": "Mizoram", "district": "", "samples": 1, "events": 0, "risk_index": 0.0, "severity": "Low", "mean_slope_deg": 6.27, "mean_relief_500m_m": 96.0, "mean_rain_30d_mm": 289.4}}, {"type": "Feature", "geometry": {"type": "Polygon", "coordinates": [[[92.55000000000001, 24.05], [92.60000000000001, 24.05], [92.60000000000001, 24.1], [92.55000000000001, 24.1], [92.55000000000001, 24.05]]]}, "properties": {"cell_id": "1851_481", "state": "Mizoram", "district": "Kolasib", "samples": 1, "events": 0, "risk_index": 0.0, "severity": "Low", "mean_slope_deg": 4.9, "mean_relief_500m_m": 109.6, "mean_rain_30d_mm": 433.1}}, {"type": "Feature", "geometry": {"type": "Polygon", "coordinates": [[[92.55000000000001, 24.8], [92.60000000000001, 24.8], [92.60000000000001, 24.85], [92.55000000000001, 24.85], [92.55000000000001, 24.8]]]}, "properties": {"cell_id": "1851_496", "state": "Assam", "district": "Hailakandi", "samples": 1, "events": 0, "risk_index": 0.0, "severity": "Low", "mean_slope_deg": 1.5, "mean_relief_500m_m": 28.1, "mean_rain_30d_mm": 325.9}}, {"type": "Feature", "geometry": {"type": "Polygon", "coordinates": [[[92.55000000000001, 25.05], [92.60000000000001, 25.05], [92.60000000000001, 25.1], [92.55000000000001, 25.1], [92.55000000000001, 25.05]]]}, "properties": {"cell_id": "1851_501", "state": "Assam", "district": "Cachar", "samples": 1, "events": 0, "risk_index": 0.0, "severity": "Low", "mean_slope_deg": 24.44, "mean_relief_500m_m": 422.7, "mean_rain_30d_mm": 455.3}}, {"type": "Feature", "geometry": {"type": "Polygon", "coordinates": [[[92.60000000000001, 22.450000000000003], [92.65, 22.450000000000003], [92.65, 22.500000000000004], [92.60000000000001, 22.500000000000004], [92.60000000000001, 22.450000000000003]]]}, "properties": {"cell_id": "1852_449", "state": "Mizoram", "district": "Lawngtlai", "samples": 2, "events": 0, "risk_index": 0.0, "severity": "Low", "mean_slope_deg": 18.2, "mean_relief_500m_m": 115.2, "mean_rain_30d_mm": 565.1}}, {"type": "Feature", "geometry": {"type": "Polygon", "coordinates": [[[92.60000000000001, 22.5], [92.65, 22.5], [92.65, 22.55], [92.60000000000001, 22.55], [92.60000000000001, 22.5]]]}, "properties": {"cell_id": "1852_450", "state": "Mizoram", "district": "Lawngtlai", "samples": 1, "events": 0, "risk_index": 0.0, "severity": "Low", "mean_slope_deg": 8.61, "mean_relief_500m_m": 148.2, "mean_rain_30d_mm": 551.4}}, {"type": "Feature", "geometry": {"type": "Polygon", "coordinates": [[[92.60000000000001, 23.700000000000003], [92.65, 23.700000000000003], [92.65, 23.750000000000004], [92.60000000000001, 23.750000000000004], [92.60000000000001, 23.700000000000003]]]}, "properties": {"cell_id": "1852_474", "state": "Mizoram", "district": "Mamit", "samples": 1, "events": 0, "risk_index": 0.0, "severity": "Low", "mean_slope_deg": 8.65, "mean_relief_500m_m": 362.6, "mean_rain_30d_mm": 238.3}}, {"type": "Feature", "geometry": {"type": "Polygon", "coordinates": [[[92.60000000000001, 23.85], [92.65, 23.85], [92.65, 23.900000000000002], [92.60000000000001, 23.900000000000002], [92.60000000000001, 23.85]]]}, "properties": {"cell_id": "1852_477", "state": "Mizoram", "district": "Mamit", "samples": 1, "events": 0, "risk_index": 0.0, "severity": "Low", "mean_slope_deg": 9.65, "mean_relief_500m_m": 144.9, "mean_rain_30d_mm": 387.7}}, {"type": "Feature", "geometry": {"type": "Polygon", "coordinates": [[[92.60000000000001, 25.650000000000002], [92.65, 25.650000000000002], [92.65, 25.700000000000003], [92.60000000000001, 25.700000000000003], [92.60000000000001, 25.650000000000002]]]}, "properties": {"cell_id": "1852_513", "state": "Assam", "district": "Karbi Anglong", "samples": 1, "events": 0, "risk_index": 0.0, "severity": "Low", "mean_slope_deg": 5.99, "mean_relief_500m_m": 96.2, "mean_rain_30d_mm": 129.7}}, {"type": "Feature", "geometry": {"type": "Polygon", "coordinates": [[[92.60000000000001, 27.0], [92.65, 27.0], [92.65, 27.05], [92.60000000000001, 27.05], [92.60000000000001, 27.0]]]}, "properties": {"cell_id": "1852_540", "state": "Assam", "district": "West Kameng", "samples": 1, "events": 1, "risk_index": 1.0, "severity": "High", "mean_slope_deg": 5.1, "mean_relief_500m_m": 174.7, "mean_rain_30d_mm": 327.7}}, {"type": "Feature", "geometry": {"type": "Polygon", "coordinates": [[[92.60000000000001, 27.25], [92.65, 27.25], [92.65, 27.3], [92.60000000000001, 27.3], [92.60000000000001, 27.25]]]}, "properties": {"cell_id": "1852_545", "state": "Arunachal Pradesh", "district": "West Kameng", "samples": 1, "events": 0, "risk_index": 0.0, "severity": "Low", "mean_slope_deg": 23.64, "mean_relief_500m_m": 453.0, "mean_rain_30d_mm": 221.4}}, {"type": "Feature", "geometry": {"type": "Polygon", "coordinates": [[[92.65, 23.75], [92.7, 23.75], [92.7, 23.8], [92.65, 23.8], [92.65, 23.75]]]}, "properties": {"cell_id": "1853_475", "state": "Mizoram", "district": "Aizawl", "samples": 1, "events": 1, "risk_index": 1.0, "severity": "High", "mean_slope_deg": 23.84, "mean_relief_500m_m": 386.4, "mean_rain_30d_mm": 436.9}}, {"type": "Feature", "geometry": {"type": "Polygon", "coordinates": [[[92.65, 23.950000000000003], [92.7, 23.950000000000003], [92.7, 24.000000000000004], [92.65, 24.000000000000004], [92.65, 23.950000000000003]]]}, "properties": {"cell_id": "1853_479", "state": "Mizoram", "district": "Kolasib", "samples": 1, "events": 0, "risk_index": 0.0, "severity": "Low", "mean_slope_deg": 12.79, "mean_relief_500m_m": 256.2, "mean_rain_30d_mm": 324.0}}, {"type": "Feature", "geometry": {"type": "Polygon", "coordinates": [[[92.65, 24.0], [92.7, 24.0], [92.7, 24.05], [92.65, 24.05], [92.65, 24.0]]]}, "properties": {"cell_id": "1853_480", "state": "Mizoram", "district": "Kolasib", "samples": 1, "events": 1, "risk_index": 1.0, "severity": "High", "mean_slope_deg": 7.86, "mean_relief_500m_m": 197.3, "mean_rain_30d_mm": 421.3}}, {"type": "Feature", "geometry": {"type": "Polygon", "coordinates": [[[92.65, 24.1], [92.7, 24.1], [92.7, 24.150000000000002], [92.65, 24.150000000000002], [92.65, 24.1]]]}, "properties": {"cell_id": "1853_482", "state": "Mizoram", "district": "Kolasib", "samples": 1, "events": 1, "risk_index": 1.0, "severity": "High", "mean_slope_deg": 5.68, "mean_relief_500m_m": 265.4, "mean_rain_30d_mm": 516.1}}, {"type": "Feature", "geometry": {"type": "Polygon", "coordinates": [[[92.65, 24.200000000000003], [92.7, 24.200000000000003], [92.7, 24.250000000000004], [92.65, 24.250000000000004], [92.65, 24.200000000000003]]]}, "properties": {"cell_id": "1853_484", "state": "Mizoram", "district": "Kolasib", "samples": 1, "events": 1, "risk_index": 1.0, "severity": "High", "mean_slope_deg": 3.25, "mean_relief_500m_m": 102.3, "mean_rain_30d_mm": 65.3}}, {"type": "Feature", "geometry": {"type": "Polygon", "coordinates": [[[92.65, 24.3], [92.7, 24.3], [92.7, 24.35], [92.65, 24.35], [92.65, 24.3]]]}, "properties": {"cell_id": "1853_486", "state": "Assam", "district": "Kolasib", "samples": 1, "events": 0, "risk_index": 0.0, "severity": "Low", "mean_slope_deg": 0.37, "mean_relief_500m_m": 44.7, "mean_rain_30d_mm": 578.3}}, {"type": "Feature", "geometry": {"type": "Polygon", "coordinates": [[[92.65, 24.450000000000003], [92.7, 24.450000000000003], [92.7, 24.500000000000004], [92.65, 24.500000000000004], [92.65, 24.450000000000003]]]}, "properties": {"cell_id": "1853_489", "state": "Assam", "district": "Hailakandi", "samples": 1, "events": 0, "risk_index": 0.0, "severity": "Low", "mean_slope_deg": 5.2, "mean_relief_500m_m": 95.1, "mean_rain_30d_mm": 3.0}}, {"type": "Feature", "geometry": {"type": "Polygon", "coordinates": [[[92.65, 25.200000000000003], [92.7, 25.200000000000003], [92.7, 25.250000000000004], [92.65, 25.250000000000004], [92.65, 25.200000000000003]]]}, "properties": {"cell_id": "1853_504", "state": "Meghalaya", "district": "Jaintia Hills", "samples": 1, "events": 0, "risk_index": 0.0, "severity": "Low", "mean_slope_deg": 6.46, "mean_relief_500m_m": 183.5, "mean_rain_30d_mm": 323.3}}, {"type": "Feature", "geometry": {"type": "Polygon", "coordinates": [[[92.65, 26.1], [92.7, 26.1], [92.7, 26.150000000000002], [92.65, 26.150000000000002], [92.65, 26.1]]]}, "properties": {"cell_id": "1853_522", "state": "Assam", "district": "Nagaon", "samples": 1, "events": 0, "risk_index": 0.0, "severity": "Low", "mean_slope_deg": 0.29, "mean_relief_500m_m": 13.0, "mean_rain_30d_mm": 243.8}}, {"type": "Feature", "geometry": {"type": "Polygon", "coordinates": [[[92.65, 26.6], [92.7, 26.6], [92.7, 26.650000000000002], [92.65, 26.650000000000002], [92.65, 26.6]]]}, "properties": {"cell_id": "1853_532", "state": "Assam", "district": "Sonitpur", "samples": 1, "events": 0, "risk_index": 0.0, "severity": "Low", "mean_slope_deg": 1.4, "mean_relief_500m_m": 5.5, "mean_rain_30d_mm": 241.8}}, {"type": "Feature", "geometry": {"type": "Polygon", "coordinates": [[[92.65, 27.450000000000003], [92.7, 27.450000000000003], [92.7, 27.500000000000004], [92.65, 27.500000000000004], [92.65, 27.450000000000003]]]}, "properties": {"cell_id": "1853_549", "state": "Arunachal Pradesh", "district": "West Kameng", "samples": 1, "events": 0, "risk_index": 0.0, "severity": "Low", "mean_slope_deg": 37.08, "mean_relief_500m_m": 593.3, "mean_rain_30d_mm": 368.9}}, {"type": "Feature", "geometry": {"type": "Polygon", "coordinates": [[[92.7, 22.8], [92.75, 22.8], [92.75, 22.85], [92.7, 22.85], [92.7, 22.8]]]}, "properties": {"cell_id": "1854_456", "state": "Mizoram", "district": "Lunglei", "samples": 1, "events": 0, "risk_index": 0.0, "severity": "Low", "mean_slope_deg": 11.68, "mean_relief_500m_m": 169.8, "mean_rain_30d_mm": 427.1}}, {"type": "Feature", "geometry": {"type": "Polygon", "coordinates": [[[92.7, 23.700000000000003], [92.75, 23.700000000000003], [92.75, 23.750000000000004], [92.7, 23.750000000000004], [92.7, 23.700000000000003]]]}, "properties": {"cell_id": "1854_474", "state": "Mizoram", "district": "Aizawl", "samples": 11, "events": 11, "risk_index": 1.0, "severity": "High", "mean_slope_deg": 21.54, "mean_relief_500m_m": 269.2, "mean_rain_30d_mm": 359.7}}, {"type": "Feature", "geometry": {"type": "Polygon", "coordinates": [[[92.7, 23.75], [92.75, 23.75], [92.75, 23.8], [92.7, 23.8], [92.7, 23.75]]]}, "properties": {"cell_id": "1854_475", "state": "Mizoram", "district": "Aizawl", "samples": 1, "events": 1, "risk_index": 1.0, "severity": "High", "mean_slope_deg": 17.72, "mean_relief_500m_m": 373.9, "mean_rain_30d_mm": 402.4}}, {"type": "Feature", "geometry": {"type": "Polygon", "coordinates": [[[92.7, 23.8], [92.75, 23.8], [92.75, 23.85], [92.7, 23.85], [92.7, 23.8]]]}, "properties": {"cell_id": "1854_476", "state": "Mizoram", "district": "Aizawl", "samples": 1, "events": 0, "risk_index": 0.0, "severity": "Low", "mean_slope_deg": 19.42, "mean_relief_500m_m": 293.6, "mean_rain_30d_mm": 218.8}}, {"type": "Feature", "geometry": {"type": "Polygon", "coordinates": [[[92.7, 24.200000000000003], [92.75, 24.200000000000003], [92.75, 24.250000000000004], [92.7, 24.250000000000004], [92.7, 24.200000000000003]]]}, "properties": {"cell_id": "1854_484", "state": "Mizoram", "district": "Kolasib", "samples": 1, "events": 0, "risk_index": 0.0, "severity": "Low", "mean_slope_deg": 9.7, "mean_relief_500m_m": 97.4, "mean_rain_30d_mm": 325.5}}, {"type": "Feature", "geometry": {"type": "Polygon", "coordinates": [[[92.7, 24.35], [92.75, 24.35], [92.75, 24.400000000000002], [92.7, 24.400000000000002], [92.7, 24.35]]]}, "properties": {"cell_id": "1854_487", "state": "Mizoram", "district": "Kolasib", "samples": 1, "events": 0, "risk_index": 0.0, "severity": "Low", "mean_slope_deg": 11.37, "mean_relief_500m_m": 132.6, "mean_rain_30d_mm": 469.4}}, {"type": "Feature", "geometry": {"type": "Polygon", "coordinates": [[[92.7, 24.5], [92.75, 24.5], [92.75, 24.55], [92.7, 24.55], [92.7, 24.5]]]}, "properties": {"cell_id": "1854_490", "state": "Assam", "district": "Hailakandi", "samples": 2, "events": 2, "risk_index": 1.0, "severity": "High", "mean_slope_deg": 0.79, "mean_relief_500m_m": 13.1, "mean_rain_30d_mm": 593.1}}, {"type": "Feature", "geometry": {"type": "Polygon", "coordinates": [[[92.7, 24.55], [92.75, 24.55], [92.75, 24.6], [92.7, 24.6], [92.7, 24.55]]]}, "properties": {"cell_id": "1854_491", "state": "Assam", "district": "Hailakandi", "samples": 1, "events": 0, "risk_index": 0.0, "severity": "Low", "mean_slope_deg": 4.2, "mean_relief_500m_m": 33.6, "mean_rain_30d_mm": 387.8}}, {"type": "Feature", "geometry": {"type": "Polygon", "coordinates": [[[92.7, 24.8], [92.75, 24.8], [92.75, 24.85], [92.7, 24.85], [92.7, 24.8]]]}, "properties": {"cell_id": "1854_496", "state": "Assam", "district": "Cachar", "samples": 1, "events": 0, "risk_index": 0.0, "severity": "Low", "mean_slope_deg": 2.98, "mean_relief_500m_m": 87.0, "mean_rain_30d_mm": 284.6}}, {"type": "Feature", "geometry": {"type": "Polygon", "coordinates": [[[92.7, 24.900000000000002], [92.75, 24.900000000000002], [92.75, 24.950000000000003], [92.7, 24.950000000000003], [92.7, 24.900000000000002]]]}, "properties": {"cell_id": "1854_498", "state": "Assam", "district": "Cachar", "samples": 1, "events": 0, "risk_index": 0.0, "severity": "Low", "mean_slope_deg": 1.08, "mean_relief_500m_m": 15.8, "mean_rain_30d_mm": 362.6}}, {"type": "Feature", "geometry": {"type": "Polygon", "coordinates": [[[92.7, 25.75], [92.75, 25.75], [92.75, 25.8], [92.7, 25.8], [92.7, 25.75]]]}, "properties": {"cell_id": "1854_515", "state": "Assam", "district": "Karbi Anglong", "samples": 1, "events": 0, "risk_index": 0.0, "severity": "Low", "mean_slope_deg": 8.83, "mean_relief_500m_m": 157.2, "mean_rain_30d_mm": 161.7}}, {"type": "Feature", "geometry": {"type": "Polygon", "coordinates": [[[92.7, 26.950000000000003], [92.75, 26.950000000000003], [92.75, 27.000000000000004], [92.7, 27.000000000000004], [92.7, 26.950000000000003]]]}, "properties": {"cell_id": "1854_539", "state": "Assam", "district": "Sonitpur", "samples": 1, "events": 0, "risk_index": 0.0, "severity": "Low", "mean_slope_deg": 8.33, "mean_relief_500m_m": 130.2, "mean_rain_30d_mm": 61.8}}, {"type": "Feature", "geometry": {"type": "Polygon", "coordinates": [[[92.7, 27.400000000000002], [92.75, 27.400000000000002], [92.75, 27.450000000000003], [92.7, 27.450000000000003], [92.7, 27.400000000000002]]]}, "properties": {"cell_id": "1854_548", "state": "Arunachal Pradesh", "district": "West Kameng", "samples": 1, "events": 0, "risk_index": 0.0, "severity": "Low", "mean_slope_deg": 20.66, "mean_relief_500m_m": 419.0, "mean_rain_30d_mm": 299.0}}, {"type": "Feature", "geometry": {"type": "Polygon", "coordinates": [[[92.75, 22.25], [92.8, 22.25], [92.8, 22.3], [92.75, 22.3], [92.75, 22.25]]]}, "properties": {"cell_id": "1855_445", "state": "Mizoram", "district": "Lawngtlai", "samples": 1, "events": 0, "risk_index": 0.0, "severity": "Low", "mean_slope_deg": 9.64, "mean_relief_500m_m": 99.2, "mean_rain_30d_mm": 0.0}}, {"type": "Feature", "geometry": {"type": "Polygon", "coordinates": [[[92.75, 23.35], [92.8, 23.35], [92.8, 23.400000000000002], [92.75, 23.400000000000002], [92.75, 23.35]]]}, "properties": {"cell_id": "1855_467", "state": "Mizoram", "district": "Aizawl", "samples": 1, "events": 1, "risk_index": 1.0, "severity": "High", "mean_slope_deg": 13.39, "mean_relief_500m_m": 384.9, "mean_rain_30d_mm": 367.8}}, {"type": "Feature", "geometry": {"type": "Polygon", "coordinates": [[[92.75, 24.05], [92.8, 24.05], [92.8, 24.1], [92.75, 24.1], [92.75, 24.05]]]}, "properties": {"cell_id": "1855_481", "state": "Mizoram", "district": "Kolasib", "samples": 1, "events": 0, "risk_index": 0.0, "severity": "Low", "mean_slope_deg": 29.66, "mean_relief_500m_m": 394.6, "mean_rain_30d_mm": 471.2}}, {"type": "Feature", "geometry": {"type": "Polygon", "coordinates": [[[92.75, 25.700000000000003], [92.8, 25.700000000000003], [92.8, 25.750000000000004], [92.75, 25.750000000000004], [92.75, 25.700000000000003]]]}, "properties": {"cell_id": "1855_514", "state": "Assam", "district": "Karbi Anglong", "samples": 1, "events": 0, "risk_index": 0.0, "severity": "Low", "mean_slope_deg": 8.15, "mean_relief_500m_m": 72.5, "mean_rain_30d_mm": 184.1}}, {"type": "Feature", "geometry": {"type": "Polygon", "coordinates": [[[92.75, 27.1], [92.8, 27.1], [92.8, 27.150000000000002], [92.75, 27.150000000000002], [92.75, 27.1]]]}, "properties": {"cell_id": "1855_542", "state": "Arunachal Pradesh", "district": "East Kameng", "samples": 1, "events": 0, "risk_index": 0.0, "severity": "Low", "mean_slope_deg": 29.84, "mean_relief_500m_m": 507.1, "mean_rain_30d_mm": 121.6}}, {"type": "Feature", "geometry": {"type": "Polygon", "coordinates": [[[92.75, 27.900000000000002], [92.8, 27.900000000000002], [92.8, 27.950000000000003], [92.75, 27.950000000000003], [92.75, 27.900000000000002]]]}, "properties": {"cell_id": "1855_558", "state": "Arunachal Pradesh", "district": "West Kameng", "samples": 1, "events": 0, "risk_index": 0.0, "severity": "Low", "mean_slope_deg": 35.35, "mean_relief_500m_m": 464.6, "mean_rain_30d_mm": 846.8}}, {"type": "Feature", "geometry": {"type": "Polygon", "coordinates": [[[92.80000000000001, 22.450000000000003], [92.85000000000001, 22.450000000000003], [92.85000000000001, 22.500000000000004], [92.80000000000001, 22.500000000000004], [92.80000000000001, 22.450000000000003]]]}, "properties": {"cell_id": "1856_449", "state": "Mizoram", "district": "Lawngtlai", "samples": 1, "events": 0, "risk_index": 0.0, "severity": "Low", "mean_slope_deg": 14.63, "mean_relief_500m_m": 316.3, "mean_rain_30d_mm": 669.0}}, {"type": "Feature", "geometry": {"type": "Polygon", "coordinates": [[[92.80000000000001, 22.700000000000003], [92.85000000000001, 22.700000000000003], [92.85000000000001, 22.750000000000004], [92.80000000000001, 22.750000000000004], [92.80000000000001, 22.700000000000003]]]}, "properties": {"cell_id": "1856_454", "state": "Mizoram", "district": "Lunglei", "samples": 2, "events": 1, "risk_index": 0.5, "severity": "Moderate", "mean_slope_deg": 16.99, "mean_relief_500m_m": 373.0, "mean_rain_30d_mm": 537.6}}, {"type": "Feature", "geometry": {"type": "Polygon", "coordinates": [[[92.80000000000001, 22.8], [92.85000000000001, 22.8], [92.85000000000001, 22.85], [92.80000000000001, 22.85], [92.80000000000001, 22.8]]]}, "properties": {"cell_id": "1856_456", "state": "Mizoram", "district": "Lunglei", "samples": 1, "events": 0, "risk_index": 0.0, "severity": "Low", "mean_slope_deg": 23.83, "mean_relief_500m_m": 295.6, "mean_rain_30d_mm": 596.4}}, {"type": "Feature", "geometry": {"type": "Polygon", "coordinates": [[[92.80000000000001, 23.150000000000002], [92.85000000000001, 23.150000000000002], [92.85000000000001, 23.200000000000003], [92.80000000000001, 23.200000000000003], [92.80000000000001, 23.150000000000002]]]}, "properties": {"cell_id": "1856_463", "state": "Mizoram", "district": "Lunglei", "samples": 1, "events": 0, "risk_index": 0.0, "severity": "Low", "mean_slope_deg": 19.25, "mean_relief_500m_m": 340.2, "mean_rain_30d_mm": 158.1}}, {"type": "Feature", "geometry": {"type": "Polygon", "coordinates": [[[92.80000000000001, 23.400000000000002], [92.85000000000001, 23.400000000000002], [92.85000000000001, 23.450000000000003], [92.80000000000001, 23.450000000000003], [92.80000000000001, 23.400000000000002]]]}, "properties": {"cell_id": "1856_468", "state": "Mizoram", "district": "Serchhip", "samples": 1, "events": 1, "risk_index": 1.0, "severity": "High", "mean_slope_deg": 27.57, "mean_relief_500m_m": 308.2, "mean_rain_30d_mm": 479.5}}, {"type": "Feature", "geometry": {"type": "Polygon", "coordinates": [[[92.80000000000001, 25.0], [92.85000000000001, 25.0], [92.85000000000001, 25.05], [92.80000000000001, 25.05], [92.80000000000001, 25.0]]]}, "properties": {"cell_id": "1856_500", "state": "Assam", "district": "Cachar", "samples": 1, "events": 1, "risk_index": 1.0, "severity": "High", "mean_slope_deg": 7.61, "mean_relief_500m_m": 337.9, "mean_rain_30d_mm": 331.7}}, {"type": "Feature", "geometry": {"type": "Polygon", "coordinates": [[[92.80000000000001, 25.05], [92.85000000000001, 25.05], [92.85000000000001, 25.1], [92.80000000000001, 25.1], [92.80000000000001, 25.05]]]}, "properties": {"cell_id": "1856_501", "state": "Assam", "district": "Cachar", "samples": 1, "events": 1, "risk_index": 1.0, "severity": "High", "mean_slope_deg": 7.44, "mean_relief_500m_m": 189.7, "mean_rain_30d_mm": 362.1}}, {"type": "Feature", "geometry": {"type": "Polygon", "coordinates": [[[92.80000000000001, 25.25], [92.85000000000001, 25.25], [92.85000000000001, 25.3], [92.80000000000001, 25.3], [92.80000000000001, 25.25]]]}, "properties": {"cell_id": "1856_505", "state": "Assam", "district": "North Cachar Hills", "samples": 1, "events": 1, "risk_index": 1.0, "severity": "High", "mean_slope_deg": 8.37, "mean_relief_500m_m": 254.1, "mean_rain_30d_mm": 392.8}}, {"type": "Feature", "geometry": {"type": "Polygon", "coordinates": [[[92.80000000000001, 26.5], [92.85000000000001, 26.5], [92.85000000000001, 26.55], [92.80000000000001, 26.55], [92.80000000000001, 26.5]]]}, "properties": {"cell_id": "1856_530", "state": "Assam", "district": "Nagaon", "samples": 1, "events": 0, "risk_index": 0.0, "severity": "Low", "mean_slope_deg": 0.9, "mean_relief_500m_m": 8.3, "mean_rain_30d_mm": 258.3}}, {"type": "Feature", "geometry": {"type": "Polygon", "coordinates": [[[92.80000000000001, 27.150000000000002], [92.85000000000001, 27.150000000000002], [92.85000000000001, 27.200000000000003], [92.80000000000001, 27.200000000000003], [92.80000000000001, 27.150000000000002]]]}, "properties": {"cell_id": "1856_543", "state": "Arunachal Pradesh", "district": "East Kameng", "samples": 1, "events": 0, "risk_index": 0.0, "severity": "Low", "mean_slope_deg": 12.44, "mean_relief_500m_m": 351.2, "mean_rain_30d_mm": 121.6}}, {"type": "Feature", "geometry": {"type": "Polygon", "coordinates": [[[92.80000000000001, 27.400000000000002], [92.85000000000001, 27.400000000000002], [92.85000000000001, 27.450000000000003], [92.80000000000001, 27.450000000000003], [92.80000000000001, 27.400000000000002]]]}, "properties": {"cell_id": "1856_548", "state": "Arunachal Pradesh", "district": "East Kameng", "samples": 1, "events": 0, "risk_index": 0.0, "severity": "Low", "mean_slope_deg": 33.65, "mean_relief_500m_m": 570.1, "mean_rain_30d_mm": 466.4}}, {"type": "Feature", "geometry": {"type": "Polygon", "coordinates": [[[92.80000000000001, 27.700000000000003], [92.85000000000001, 27.700000000000003], [92.85000000000001, 27.750000000000004], [92.80000000000001, 27.750000000000004], [92.80000000000001, 27.700000000000003]]]}, "properties": {"cell_id": "1856_554", "state": "Arunachal Pradesh", "district": "West Kameng", "samples": 1, "events": 1, "risk_index": 1.0, "severity": "High", "mean_slope_deg": 14.45, "mean_relief_500m_m": 269.1, "mean_rain_30d_mm": 611.2}}, {"type": "Feature", "geometry": {"type": "Polygon", "coordinates": [[[92.85000000000001, 22.5], [92.9, 22.5], [92.9, 22.55], [92.85000000000001, 22.55], [92.85000000000001, 22.5]]]}, "properties": {"cell_id": "1857_450", "state": "Mizoram", "district": "Lawngtlai", "samples": 1, "events": 1, "risk_index": 1.0, "severity": "High", "mean_slope_deg": 7.68, "mean_relief_500m_m": 210.5, "mean_rain_30d_mm": 511.2}}, {"type": "Feature", "geometry": {"type": "Polygon", "coordinates": [[[92.85000000000001, 22.900000000000002], [92.9, 22.900000000000002], [92.9, 22.950000000000003], [92.85000000000001, 22.950000000000003], [92.85000000000001, 22.900000000000002]]]}, "properties": {"cell_id": "1857_458", "state": "Mizoram", "district": "Lunglei", "samples": 1, "events": 0, "risk_index": 0.0, "severity": "Low", "mean_slope_deg": 17.88, "mean_relief_500m_m": 301.2, "mean_rain_30d_mm": 307.8}}, {"type": "Feature", "geometry": {"type": "Polygon", "coordinates": [[[92.85000000000001, 23.05], [92.9, 23.05], [92.9, 23.1], [92.85000000000001, 23.1], [92.85000000000001, 23.05]]]}, "properties": {"cell_id": "1857_461", "state": "Mizoram", "district": "Lunglei", "samples": 1, "events": 0, "risk_index": 0.0, "severity": "Low", "mean_slope_deg": 2.01, "mean_relief_500m_m": 206.0, "mean_rain_30d_mm": 546.5}}, {"type": "Feature", "geometry": {"type": "Polygon", "coordinates": [[[92.85000000000001, 24.200000000000003], [92.9, 24.200000000000003], [92.9, 24.250000000000004], [92.85000000000001, 24.250000000000004], [92.85000000000001, 24.200000000000003]]]}, "properties": {"cell_id": "1857_484", "state": "Mizoram", "district": "Kolasib", "samples": 1, "events": 0, "risk_index": 0.0, "severity": "Low", "mean_slope_deg": 12.96, "mean_relief_500m_m": 170.2, "mean_rain_30d_mm": 174.7}}, {"type": "Feature", "geometry": {"type": "Polygon", "coordinates": [[[92.85000000000001, 25.05], [92.9, 25.05], [92.9, 25.1], [92.85000000000001, 25.1], [92.85000000000001, 25.05]]]}, "properties": {"cell_id": "1857_501", "state": "Assam", "district": "North Cachar Hills", "samples": 1, "events": 1, "risk_index": 1.0, "severity": "High", "mean_slope_deg": 18.31, "mean_relief_500m_m": 275.1, "mean_rain_30d_mm": 455.2}}, {"type": "Feature", "geometry": {"type": "Polygon", "coordinates": [[[92.85000000000001, 25.1], [92.9, 25.1], [92.9, 25.150000000000002], [92.85000000000001, 25.150000000000002], [92.85000000000001, 25.1]]]}, "properties": {"cell_id": "1857_502", "state": "Assam", "district": "North Cachar Hills", "samples": 1, "events": 1, "risk_index": 1.0, "severity": "High", "mean_slope_deg": 4.71, "mean_relief_500m_m": 105.9, "mean_rain_30d_mm": 344.5}}, {"type": "Feature", "geometry": {"type": "Polygon", "coordinates": [[[92.85000000000001, 26.950000000000003], [92.9, 26.950000000000003], [92.9, 27.000000000000004], [92.85000000000001, 27.000000000000004], [92.85000000000001, 26.950000000000003]]]}, "properties": {"cell_id": "1857_539", "state": "Assam", "district": "Sonitpur", "samples": 1, "events": 0, "risk_index": 0.0, "severity": "Low", "mean_slope_deg": 3.93, "mean_relief_500m_m": 49.7, "mean_rain_30d_mm": 218.0}}, {"type": "Feature", "geometry": {"type": "Polygon", "coordinates": [[[92.85000000000001, 27.0], [92.9, 27.0], [92.9, 27.05], [92.85000000000001, 27.05], [92.85000000000001, 27.0]]]}, "properties": {"cell_id": "1857_540", "state": "Arunachal Pradesh", "district": "East Kameng", "samples": 1, "events": 0, "risk_index": 0.0, "severity": "Low", "mean_slope_deg": 4.62, "mean_relief_500m_m": 130.5, "mean_rain_30d_mm": 325.6}}, {"type": "Feature", "geometry": {"type": "Polygon", "coordinates": [[[92.9, 22.05], [92.95, 22.05], [92.95, 22.1], [92.9, 22.1], [92.9, 22.05]]]}, "properties": {"cell_id": "1858_441", "state": "Mizoram", "district": "Saiha", "samples": 1, "events": 0, "risk_index": 0.0, "severity": "Low", "mean_slope_deg": 15.51, "mean_relief_500m_m": 227.2, "mean_rain_30d_mm": 411.6}}, {"type": "Feature", "geometry": {"type": "Polygon", "coordinates": [[[92.9, 22.200000000000003], [92.95, 22.200000000000003], [92.95, 22.250000000000004], [92.9, 22.250000000000004], [92.9, 22.200000000000003]]]}, "properties": {"cell_id": "1858_444", "state": "Mizoram", "district": "Saiha", "samples": 1, "events": 0, "risk_index": 0.0, "severity": "Low", "mean_slope_deg": 2.05, "mean_relief_500m_m": 168.3, "mean_rain_30d_mm": 0.0}}, {"type": "Feature", "geometry": {"type": "Polygon", "coordinates": [[[92.9, 22.650000000000002], [92.95, 22.650000000000002], [92.95, 22.700000000000003], [92.9, 22.700000000000003], [92.9, 22.650000000000002]]]}, "properties": {"cell_id": "1858_453", "state": "Mizoram", "district": "Lunglei", "samples": 1, "events": 0, "risk_index": 0.0, "severity": "Low", "mean_slope_deg": 21.21, "mean_relief_500m_m": 468.2, "mean_rain_30d_mm": 314.2}}, {"type": "Feature", "geometry": {"type": "Polygon", "coordinates": [[[92.9, 23.55], [92.95, 23.55], [92.95, 23.6], [92.9, 23.6], [92.9, 23.55]]]}, "properties": {"cell_id": "1858_471", "state": "Mizoram", "district": "Aizawl", "samples": 1, "events": 1, "risk_index": 1.0, "severity": "High", "mean_slope_deg": 17.88, "mean_relief_500m_m": 374.4, "mean_rain_30d_mm": 489.8}}, {"type": "Feature", "geometry": {"type": "Polygon", "coordinates": [[[92.9, 24.200000000000003], [92.95, 24.200000000000003], [92.95, 24.250000000000004], [92.9, 24.250000000000004], [92.9, 24.200000000000003]]]}, "properties": {"cell_id": "1858_484", "state": "Mizoram", "district": "Aizawl", "samples": 1, "events": 0, "risk_index": 0.0, "severity": "Low", "mean_slope_deg": 22.91, "mean_relief_500m_m": 290.5, "mean_rain_30d_mm": 493.0}}, {"type": "Feature", "geometry": {"type": "Polygon", "coordinates": [[[92.9, 24.700000000000003], [92.95, 24.700000000000003], [92.95, 24.750000000000004], [92.9, 24.750000000000004], [92.9, 24.700000000000003]]]}, "properties": {"cell_id": "1858_494", "state": "Assam", "district": "Cachar", "samples": 1, "events": 0, "risk_index": 0.0, "severity": "Low", "mean_slope_deg": 0.45, "mean_relief_500m_m": 7.3, "mean_rain_30d_mm": 321.6}}, {"type": "Feature", "geometry": {"type": "Polygon", "coordinates": [[[92.9, 24.75], [92.95, 24.75], [92.95, 24.8], [92.9, 24.8], [92.9, 24.75]]]}, "properties": {"cell_id": "1858_495", "state": "Assam", "district": "Cachar", "samples": 1, "events": 0, "risk_index": 0.0, "severity": "Low", "mean_slope_deg": 1.45, "mean_relief_500m_m": 13.8, "mean_rain_30d_mm": 515.1}}, {"type": "Feature", "geometry": {"type": "Polygon", "coordinates": [[[92.9, 25.1], [92.95, 25.1], [92.95, 25.150000000000002], [92.9, 25.150000000000002], [92.9, 25.1]]]}, "properties": {"cell_id": "1858_502", "state": "Assam", "district": "North Cachar Hills", "samples": 1, "events": 0, "risk_index": 0.0, "severity": "Low", "mean_slope_deg": 16.56, "mean_relief_500m_m": 394.2, "mean_rain_30d_mm": 341.8}}, {"type": "Feature", "geometry": {"type": "Polygon", "coordinates": [[[92.9, 25.25], [92.95, 25.25], [92.95, 25.3], [92.9, 25.3], [92.9, 25.25]]]}, "properties": {"cell_id": "1858_505", "state": "Assam", "district": "North Cachar Hills", "samples": 2, "events": 0, "risk_index": 0.0, "severity": "Low", "mean_slope_deg": 10.32, "mean_relief_500m_m": 194.7, "mean_rain_30d_mm": 337.5}}, {"type": "Feature", "geometry": {"type": "Polygon", "coordinates": [[[92.9, 25.700000000000003], [92.95, 25.700000000000003], [92.95, 25.750000000000004], [92.9, 25.750000000000004], [92.9, 25.700000000000003]]]}, "properties": {"cell_id": "1858_514", "state": "Assam", "district": "North Cachar Hills", "samples": 1, "events": 0, "risk_index": 0.0, "severity": "Low", "mean_slope_deg": 5.6, "mean_relief_500m_m": 51.0, "mean_rain_30d_mm": 137.9}}, {"type": "Feature", "geometry": {"type": "Polygon", "coordinates": [[[92.9, 26.1], [92.95, 26.1], [92.95, 26.150000000000002], [92.9, 26.150000000000002], [92.9, 26.1]]]}, "properties": {"cell_id": "1858_522", "state": "Assam", "district": "Nagaon", "samples": 1, "events": 0, "risk_index": 0.0, "severity": "Low", "mean_slope_deg": 1.47, "mean_relief_500m_m": 8.2, "mean_rain_30d_mm": 149.7}}, {"type": "Feature", "geometry": {"type": "Polygon", "coordinates": [[[92.9, 27.25], [92.95, 27.25], [92.95, 27.3], [92.9, 27.3], [92.9, 27.25]]]}, "properties": {"cell_id": "1858_545", "state": "Arunachal Pradesh", "district": "East Kameng", "samples": 1, "events": 1, "risk_index": 1.0, "severity": "High", "mean_slope_deg": 14.57, "mean_relief_500m_m": 489.0, "mean_rain_30d_mm": 391.1}}, {"type": "Feature", "geometry": {"type": "Polygon", "coordinates": [[[92.9, 27.55], [92.95, 27.55], [92.95, 27.6], [92.9, 27.6], [92.9, 27.55]]]}, "properties": {"cell_id": "1858_551", "state": "Arunachal Pradesh", "district": "East Kameng", "samples": 1, "events": 0, "risk_index": 0.0, "severity": "Low", "mean_slope_deg": 35.87, "mean_relief_500m_m": 378.9, "mean_rain_30d_mm": 274.9}}, {"type": "Feature", "geometry": {"type": "Polygon", "coordinates": [[[92.95, 22.450000000000003], [93.0, 22.450000000000003], [93.0, 22.500000000000004], [92.95, 22.500000000000004], [92.95, 22.450000000000003]]]}, "properties": {"cell_id": "1859_449", "state": "Mizoram", "district": "Saiha", "samples": 1, "events": 1, "risk_index": 1.0, "severity": "High", "mean_slope_deg": 14.12, "mean_relief_500m_m": 377.3, "mean_rain_30d_mm": 511.2}}, {"type": "Feature", "geometry": {"type": "Polygon", "coordinates": [[[92.95, 24.75], [93.0, 24.75], [93.0, 24.8], [92.95, 24.8], [92.95, 24.75]]]}, "properties": {"cell_id": "1859_495", "state": "Assam", "district": "Cachar", "samples": 1, "events": 1, "risk_index": 1.0, "severity": "High", "mean_slope_deg": 0.33, "mean_relief_500m_m": 9.4, "mean_rain_30d_mm": 472.8}}, {"type": "Feature", "geometry": {"type": "Polygon", "coordinates": [[[92.95, 25.5], [93.0, 25.5], [93.0, 25.55], [92.95, 25.55], [92.95, 25.5]]]}, "properties": {"cell_id": "1859_510", "state": "Assam", "district": "North Cachar Hills", "samples": 1, "events": 1, "risk_index": 1.0, "severity": "High", "mean_slope_deg": 12.19, "mean_relief_500m_m": 105.8, "mean_rain_30d_mm": 213.2}}, {"type": "Feature", "geometry": {"type": "Polygon", "coordinates": [[[92.95, 25.6], [93.0, 25.6], [93.0, 25.650000000000002], [92.95, 25.650000000000002], [92.95, 25.6]]]}, "properties": {"cell_id": "1859_512", "state": "Assam", "district": "North Cachar Hills", "samples": 1, "events": 0, "risk_index": 0.0, "severity": "Low", "mean_slope_deg": 2.24, "mean_relief_500m_m": 61.5, "mean_rain_30d_mm": 163.0}}, {"type": "Feature", "geometry": {"type": "Polygon", "coordinates": [[[92.95, 26.150000000000002], [93.0, 26.150000000000002], [93.0, 26.200000000000003], [92.95, 26.200000000000003], [92.95, 26.150000000000002]]]}, "properties": {"cell_id": "1859_523", "state": "Assam", "district": "Karbi Anglong", "samples": 1, "events": 0, "risk_index": 0.0, "severity": "Low", "mean_slope_deg": 0.08, "mean_relief_500m_m": 0.8, "mean_rain_30d_mm": 246.5}}, {"type": "Feature", "geometry": {"type": "Polygon", "coordinates": [[[92.95, 26.25], [93.0, 26.25], [93.0, 26.3], [92.95, 26.3], [92.95, 26.25]]]}, "properties": {"cell_id": "1859_525", "state": "Assam", "district": "Karbi Anglong", "samples": 1, "events": 0, "risk_index": 0.0, "severity": "Low", "mean_slope_deg": 28.9, "mean_relief_500m_m": 308.7, "mean_rain_30d_mm": 243.7}}, {"type": "Feature", "geometry": {"type": "Polygon", "coordinates": [[[92.95, 26.900000000000002], [93.0, 26.900000000000002], [93.0, 26.950000000000003], [92.95, 26.950000000000003], [92.95, 26.900000000000002]]]}, "properties": {"cell_id": "1859_538", "state": "Assam", "district": "Sonitpur", "samples": 1, "events": 0, "risk_index": 0.0, "severity": "Low", "mean_slope_deg": 0.33, "mean_relief_500m_m": 5.3, "mean_rain_30d_mm": 265.2}}, {"type": "Feature", "geometry": {"type": "Polygon", "coordinates": [[[93.0, 24.400000000000002], [93.05, 24.400000000000002], [93.05, 24.450000000000003], [93.0, 24.450000000000003], [93.0, 24.400000000000002]]]}, "properties": {"cell_id": "1860_488", "state": "Manipur", "district": "Churachandpur", "samples": 1, "events": 0, "risk_index": 0.0, "severity": "Low", "mean_slope_deg": 9.35, "mean_relief_500m_m": 91.7, "mean_rain_30d_mm": 369.6}}, {"type": "Feature", "geometry": {"type": "Polygon", "coordinates": [[[93.0, 24.55], [93.05, 24.55], [93.05, 24.6], [93.0, 24.6], [93.0, 24.55]]]}, "properties": {"cell_id": "1860_491", "state": "Assam", "district": "Cachar", "samples": 1, "events": 0, "risk_index": 0.0, "severity": "Low", "mean_slope_deg": 31.62, "mean_relief_500m_m": 455.9, "mean_rain_30d_mm": 297.9}}, {"type": "Feature", "geometry": {"type": "Polygon", "coordinates": [[[93.0, 25.150000000000002], [93.05, 25.150000000000002], [93.05, 25.200000000000003], [93.0, 25.200000000000003], [93.0, 25.150000000000002]]]}, "properties": {"cell_id": "1860_503", "state": "Assam", "district": "North Cachar Hills", "samples": 3, "events": 3, "risk_index": 1.0, "severity": "High", "mean_slope_deg": 14.48, "mean_relief_500m_m": 221.9, "mean_rain_30d_mm": 198.2}}, {"type": "Feature", "geometry": {"type": "Polygon", "coordinates": [[[93.0, 25.25], [93.05, 25.25], [93.05, 25.3], [93.0, 25.3], [93.0, 25.25]]]}, "properties": {"cell_id": "1860_505", "state": "Assam", "district": "North Cachar Hills", "samples": 1, "events": 0, "risk_index": 0.0, "severity": "Low", "mean_slope_deg": 7.97, "mean_relief_500m_m": 126.7, "mean_rain_30d_mm": 337.3}}, {"type": "Feature", "geometry": {"type": "Polygon", "coordinates": [[[93.0, 26.3], [93.05, 26.3], [93.05, 26.35], [93.0, 26.35], [93.0, 26.3]]]}, "properties": {"cell_id": "1860_526", "state": "Assam", "district": "Karbi Anglong", "samples": 1, "events": 0, "risk_index": 0.0, "severity": "Low", "mean_slope_deg": 2.96, "mean_relief_500m_m": 122.3, "mean_rain_30d_mm": 238.2}}, {"type": "Feature", "geometry": {"type": "Polygon", "coordinates": [[[93.0, 26.400000000000002], [93.05, 26.400000000000002], [93.05, 26.450000000000003], [93.0, 26.450000000000003], [93.0, 26.400000000000002]]]}, "properties": {"cell_id": "1860_528", "state": "Assam", "district": "Karbi Anglong", "samples": 1, "events": 0, "risk_index": 0.0, "severity": "Low", "mean_slope_deg": 3.44, "mean_relief_500m_m": 58.6, "mean_rain_30d_mm": 373.0}}, {"type": "Feature", "geometry": {"type": "Polygon", "coordinates": [[[93.0, 26.55], [93.05, 26.55], [93.05, 26.6], [93.0, 26.6], [93.0, 26.55]]]}, "properties": {"cell_id": "1860_531", "state": "Assam", "district": "Nagaon", "samples": 1, "events": 1, "risk_index": 1.0, "severity": "High", "mean_slope_deg": 0.39, "mean_relief_500m_m": 17.7, "mean_rain_30d_mm": 300.5}}, {"type": "Feature", "geometry": {"type": "Polygon", "coordinates": [[[93.0, 27.35], [93.05, 27.35], [93.05, 27.400000000000002], [93.0, 27.400000000000002], [93.0, 27.35]]]}, "properties": {"cell_id": "1860_547", "state": "Arunachal Pradesh", "district": "East Kameng", "samples": 1, "events": 1, "risk_index": 1.0, "severity": "High", "mean_slope_deg": 7.85, "mean_relief_500m_m": 127.2, "mean_rain_30d_mm": 445.9}}, {"type": "Feature", "geometry": {"type": "Polygon", "coordinates": [[[93.0, 27.450000000000003], [93.05, 27.450000000000003], [93.05, 27.500000000000004], [93.0, 27.500000000000004], [93.0, 27.450000000000003]]]}, "properties": {"cell_id": "1860_549", "state": "Arunachal Pradesh", "district": "East Kameng", "samples": 1, "events": 1, "risk_index": 1.0, "severity": "High", "mean_slope_deg": 25.62, "mean_relief_500m_m": 329.2, "mean_rain_30d_mm": 461.9}}, {"type": "Feature", "geometry": {"type": "Polygon", "coordinates": [[[93.0, 27.55], [93.05, 27.55], [93.05, 27.6], [93.0, 27.6], [93.0, 27.55]]]}, "properties": {"cell_id": "1860_551", "state": "Arunachal Pradesh", "district": "East Kameng", "samples": 1, "events": 0, "risk_index": 0.0, "severity": "Low", "mean_slope_deg": 31.09, "mean_relief_500m_m": 494.9, "mean_rain_30d_mm": 377.7}}, {"type": "Feature", "geometry": {"type": "Polygon", "coordinates": [[[93.05000000000001, 23.0], [93.10000000000001, 23.0], [93.10000000000001, 23.05], [93.05000000000001, 23.05], [93.05000000000001, 23.0]]]}, "properties": {"cell_id": "1861_460", "state": "Mizoram", "district": "Lunglei", "samples": 1, "events": 0, "risk_index": 0.0, "severity": "Low", "mean_slope_deg": 22.06, "mean_relief_500m_m": 394.8, "mean_rain_30d_mm": 344.1}}, {"type": "Feature", "geometry": {"type": "Polygon", "coordinates": [[[93.05000000000001, 23.3], [93.10000000000001, 23.3], [93.10000000000001, 23.35], [93.05000000000001, 23.35], [93.05000000000001, 23.3]]]}, "properties": {"cell_id": "1861_466", "state": "Mizoram", "district": "Champhai", "samples": 1, "events": 1, "risk_index": 1.0, "severity": "High", "mean_slope_deg": 31.69, "mean_relief_500m_m": 421.4, "mean_rain_30d_mm": 531.7}}, {"type": "Feature", "geometry": {"type": "Polygon", "coordinates": [[[93.05000000000001, 23.8], [93.10000000000001, 23.8], [93.10000000000001, 23.85], [93.05000000000001, 23.85], [93.05000000000001, 23.8]]]}, "properties": {"cell_id": "1861_476", "state": "Mizoram", "district": "Aizawl", "samples": 1, "events": 1, "risk_index": 1.0, "severity": "High", "mean_slope_deg": 30.47, "mean_relief_500m_m": 355.5, "mean_rain_30d_mm": 375.6}}, {"type": "Feature", "geometry": {"type": "Polygon", "coordinates": [[[93.05000000000001, 23.85], [93.10000000000001, 23.85], [93.10000000000001, 23.900000000000002], [93.05000000000001, 23.900000000000002], [93.05000000000001, 23.85]]]}, "properties": {"cell_id": "1861_477", "state": "Mizoram", "district": "Aizawl", "samples": 1, "events": 0, "risk_index": 0.0, "severity": "Low", "mean_slope_deg": 29.25, "mean_relief_500m_m": 591.7, "mean_rain_30d_mm": 166.2}}, {"type": "Feature", "geometry": {"type": "Polygon", "coordinates": [[[93.05000000000001, 24.6], [93.10000000000001, 24.6], [93.10000000000001, 24.650000000000002], [93.05000000000001, 24.650000000000002], [93.05000000000001, 24.6]]]}, "properties": {"cell_id": "1861_492", "state": "Assam", "district": "Cachar", "samples": 1, "events": 0, "risk_index": 0.0, "severity": "Low", "mean_slope_deg": 5.94, "mean_relief_500m_m": 148.3, "mean_rain_30d_mm": 224.3}}, {"type": "Feature", "geometry": {"type": "Polygon", "coordinates": [[[93.05000000000001, 24.700000000000003], [93.10000000000001, 24.700000000000003], [93.10000000000001, 24.750000000000004], [93.05000000000001, 24.750000000000004], [93.05000000000001, 24.700000000000003]]]}, "properties": {"cell_id": "1861_494", "state": "Assam", "district": "Cachar", "samples": 1, "events": 0, "risk_index": 0.0, "severity": "Low", "mean_slope_deg": 6.85, "mean_relief_500m_m": 55.8, "mean_rain_30d_mm": 3.0}}, {"type": "Feature", "geometry": {"type": "Polygon", "coordinates": [[[93.05000000000001, 25.3], [93.10000000000001, 25.3], [93.10000000000001, 25.35], [93.05000000000001, 25.35], [93.05000000000001, 25.3]]]}, "properties": {"cell_id": "1861_506", "state": "Assam", "district": "North Cachar Hills", "samples": 1, "events": 0, "risk_index": 0.0, "severity": "Low", "mean_slope_deg": 9.64, "mean_relief_500m_m": 109.4, "mean_rain_30d_mm": 299.7}}, {"type": "Feature", "geometry": {"type": "Polygon", "coordinates": [[[93.05000000000001, 26.450000000000003], [93.10000000000001, 26.450000000000003], [93.10000000000001, 26.500000000000004], [93.05000000000001, 26.500000000000004], [93.05000000000001, 26.450000000000003]]]}, "properties": {"cell_id": "1861_529", "state": "Assam", "district": "Nagaon", "samples": 1, "events": 0, "risk_index": 0.0, "severity": "Low", "mean_slope_deg": 0.9, "mean_relief_500m_m": 9.9, "mean_rain_30d_mm": 217.4}}, {"type": "Feature", "geometry": {"type": "Polygon", "coordinates": [[[93.05000000000001, 27.85], [93.10000000000001, 27.85], [93.10000000000001, 27.900000000000002], [93.05000000000001, 27.900000000000002], [93.05000000000001, 27.85]]]}, "properties": {"cell_id": "1861_557", "state": "Arunachal Pradesh", "district": "Kurung Kumey", "samples": 1, "events": 1, "risk_index": 1.0, "severity": "High", "mean_slope_deg": 40.21, "mean_relief_500m_m": 362.2, "mean_rain_30d_mm": 423.1}}, {"type": "Feature", "geometry": {"type": "Polygon", "coordinates": [[[93.10000000000001, 23.1], [93.15, 23.1], [93.15, 23.150000000000002], [93.10000000000001, 23.150000000000002], [93.10000000000001, 23.1]]]}, "properties": {"cell_id": "1862_462", "state": "Mizoram", "district": "Serchhip", "samples": 1, "events": 0, "risk_index": 0.0, "severity": "Low", "mean_slope_deg": 13.78, "mean_relief_500m_m": 404.0, "mean_rain_30d_mm": 565.2}}, {"type": "Feature", "geometry": {"type": "Polygon", "coordinates": [[[93.10000000000001, 23.3], [93.15, 23.3], [93.15, 23.35], [93.10000000000001, 23.35], [93.10000000000001, 23.3]]]}, "properties": {"cell_id": "1862_466", "state": "Mizoram", "district": "Champhai", "samples": 1, "events": 0, "risk_index": 0.0, "severity": "Low", "mean_slope_deg": 22.11, "mean_relief_500m_m": 356.6, "mean_rain_30d_mm": 528.6}}, {"type": "Feature", "geometry": {"type": "Polygon", "coordinates": [[[93.10000000000001, 23.950000000000003], [93.15, 23.950000000000003], [93.15, 24.000000000000004], [93.10000000000001, 24.000000000000004], [93.10000000000001, 23.950000000000003]]]}, "properties": {"cell_id": "1862_479", "state": "Mizoram", "district": "Aizawl", "samples": 1, "events": 0, "risk_index": 0.0, "severity": "Low", "mean_slope_deg": 24.49, "mean_relief_500m_m": 363.4, "mean_rain_30d_mm": 357.0}}, {"type": "Feature", "geometry": {"type": "Polygon", "coordinates": [[[93.10000000000001, 24.0], [93.15, 24.0], [93.15, 24.05], [93.10000000000001, 24.05], [93.10000000000001, 24.0]]]}, "properties": {"cell_id": "1862_480", "state": "Mizoram", "district": "Aizawl", "samples": 1, "events": 0, "risk_index": 0.0, "severity": "Low", "mean_slope_deg": 22.2, "mean_relief_500m_m": 289.0, "mean_rain_30d_mm": 580.0}}, {"type": "Feature", "geometry": {"type": "Polygon", "coordinates": [[[93.10000000000001, 24.3], [93.15, 24.3], [93.15, 24.35], [93.10000000000001, 24.35], [93.10000000000001, 24.3]]]}, "properties": {"cell_id": "1862_486", "state": "Manipur", "district": "Churachandpur", "samples": 1, "events": 1, "risk_index": 1.0, "severity": "High", "mean_slope_deg": 22.32, "mean_relief_500m_m": 421.9, "mean_rain_30d_mm": 508.7}}, {"type": "Feature", "geometry": {"type": "Polygon", "coordinates": [[[93.10000000000001, 24.650000000000002], [93.15, 24.650000000000002], [93.15, 24.700000000000003], [93.10000000000001, 24.700000000000003], [93.10000000000001, 24.650000000000002]]]}, "properties": {"cell_id": "1862_493", "state": "Assam", "district": "East Imphal", "samples": 1, "events": 0, "risk_index": 0.0, "severity": "Low", "mean_slope_deg": 1.4, "mean_relief_500m_m": 48.6, "mean_rain_30d_mm": 204.5}}, {"type": "Feature", "geometry": {"type": "Polygon", "coordinates": [[[93.10000000000001, 24.700000000000003], [93.15, 24.700000000000003], [93.15, 24.750000000000004], [93.10000000000001, 24.750000000000004], [93.10000000000001, 24.700000000000003]]]}, "properties": {"cell_id": "1862_494", "state": "Manipur", "district": "East Imphal", "samples": 1, "events": 0, "risk_index": 0.0, "severity": "Low", "mean_slope_deg": 4.88, "mean_relief_500m_m": 64.4, "mean_rain_30d_mm": 486.7}}, {"type": "Feature", "geometry": {"type": "Polygon", "coordinates": [[[93.10000000000001, 24.8], [93.15, 24.8], [93.15, 24.85], [93.10000000000001, 24.85], [93.10000000000001, 24.8]]]}, "properties": {"cell_id": "1862_496", "state": "Assam", "district": "East Imphal", "samples": 1, "events": 1, "risk_index": 1.0, "severity": "High", "mean_slope_deg": 1.9, "mean_relief_500m_m": 24.4, "mean_rain_30d_mm": 490.8}}, {"type": "Feature", "geometry": {"type": "Polygon", "coordinates": [[[93.10000000000001, 25.150000000000002], [93.15, 25.150000000000002], [93.15, 25.200000000000003], [93.10000000000001, 25.200000000000003], [93.10000000000001, 25.150000000000002]]]}, "properties": {"cell_id": "1862_503", "state": "Assam", "district": "North Cachar Hills", "samples": 1, "events": 1, "risk_index": 1.0, "severity": "High", "mean_slope_deg": 12.12, "mean_relief_500m_m": 192.5, "mean_rain_30d_mm": 263.3}}, {"type": "Feature", "geometry": {"type": "Polygon", "coordinates": [[[93.10000000000001, 25.3], [93.15, 25.3], [93.15, 25.35], [93.10000000000001, 25.35], [93.10000000000001, 25.3]]]}, "properties": {"cell_id": "1862_506", "state": "Assam", "district": "North Cachar Hills", "samples": 1, "events": 1, "risk_index": 1.0, "severity": "High", "mean_slope_deg": 13.59, "mean_relief_500m_m": 147.9, "mean_rain_30d_mm": 109.3}}, {"type": "Feature", "geometry": {"type": "Polygon", "coordinates": [[[93.10000000000001, 25.450000000000003], [93.15, 25.450000000000003], [93.15, 25.500000000000004], [93.10000000000001, 25.500000000000004], [93.10000000000001, 25.450000000000003]]]}, "properties": {"cell_id": "1862_509", "state": "Assam", "district": "North Cachar Hills", "samples": 1, "events": 1, "risk_index": 1.0, "severity": "High", "mean_slope_deg": 9.01, "mean_relief_500m_m": 42.4, "mean_rain_30d_mm": 241.5}}, {"type": "Feature", "geometry": {"type": "Polygon", "coordinates": [[[93.10000000000001, 26.0], [93.15, 26.0], [93.15, 26.05], [93.10000000000001, 26.05], [93.10000000000001, 26.0]]]}, "properties": {"cell_id": "1862_520", "state": "Assam", "district": "Karbi Anglong", "samples": 1, "events": 0, "risk_index": 0.0, "severity": "Low", "mean_slope_deg": 0.06, "mean_relief_500m_m": 5.1, "mean_rain_30d_mm": 184.3}}, {"type": "Feature", "geometry": {"type": "Polygon", "coordinates": [[[93.10000000000001, 26.450000000000003], [93.15, 26.450000000000003], [93.15, 26.500000000000004], [93.10000000000001, 26.500000000000004], [93.10000000000001, 26.450000000000003]]]}, "properties": {"cell_id": "1862_529", "state": "Assam", "district": "Nagaon", "samples": 1, "events": 0, "risk_index": 0.0, "severity": "Low", "mean_slope_deg": 7.57, "mean_relief_500m_m": 123.3, "mean_rain_30d_mm": 170.8}}, {"type": "Feature", "geometry": {"type": "Polygon", "coordinates": [[[93.10000000000001, 26.900000000000002], [93.15, 26.900000000000002], [93.15, 26.950000000000003], [93.10000000000001, 26.950000000000003], [93.10000000000001, 26.900000000000002]]]}, "properties": {"cell_id": "1862_538", "state": "Assam", "district": "Sonitpur", "samples": 1, "events": 0, "risk_index": 0.0, "severity": "Low", "mean_slope_deg": 0.61, "mean_relief_500m_m": 10.4, "mean_rain_30d_mm": 105.6}}, {"type": "Feature", "geometry": {"type": "Polygon", "coordinates": [[[93.10000000000001, 27.0], [93.15, 27.0], [93.15, 27.05], [93.10000000000001, 27.05], [93.10000000000001, 27.0]]]}, "properties": {"cell_id": "1862_540", "state": "Arunachal Pradesh", "district": "East Kameng", "samples": 1, "events": 0, "risk_index": 0.0, "severity": "Low", "mean_slope_deg": 8.12, "mean_relief_500m_m": 426.0, "mean_rain_30d_mm": 643.0}}, {"type": "Feature", "geometry": {"type": "Polygon", "coordinates": [[[93.15, 25.200000000000003], [93.2, 25.200000000000003], [93.2, 25.250000000000004], [93.15, 25.250000000000004], [93.15, 25.200000000000003]]]}, "properties": {"cell_id": "1863_504", "state": "Assam", "district": "North Cachar Hills", "samples": 1, "events": 1, "risk_index": 1.0, "severity": "High", "mean_slope_deg": 1.87, "mean_relief_500m_m": 108.6, "mean_rain_30d_mm": 285.9}}, {"type": "Feature", "geometry": {"type": "Polygon", "coordinates": [[[93.15, 25.450000000000003], [93.2, 25.450000000000003], [93.2, 25.500000000000004], [93.15, 25.500000000000004], [93.15, 25.450000000000003]]]}, "properties": {"cell_id": "1863_509", "state": "Assam", "district": "North Cachar Hills", "samples": 1, "events": 0, "risk_index": 0.0, "severity": "Low", "mean_slope_deg": 13.35, "mean_relief_500m_m": 104.0, "mean_rain_30d_mm": 274.2}}, {"type": "Feature", "geometry": {"type": "Polygon", "coordinates": [[[93.15, 25.5], [93.2, 25.5], [93.2, 25.55], [93.15, 25.55], [93.15, 25.5]]]}, "properties": {"cell_id": "1863_510", "state": "Assam", "district": "North Cachar Hills", "samples": 1, "events": 1, "risk_index": 1.0, "severity": "High", "mean_slope_deg": 3.81, "mean_relief_500m_m": 50.0, "mean_rain_30d_mm": 173.2}}, {"type": "Feature", "geometry": {"type": "Polygon", "coordinates": [[[93.15, 25.55], [93.2, 25.55], [93.2, 25.6], [93.15, 25.6], [93.15, 25.55]]]}, "properties": {"cell_id": "1863_511", "state": "Assam", "district": "Karbi Anglong", "samples": 1, "events": 0, "risk_index": 0.0, "severity": "Low", "mean_slope_deg": 9.03, "mean_relief_500m_m": 66.2, "mean_rain_30d_mm": 241.5}}, {"type": "Feature", "geometry": {"type": "Polygon", "coordinates": [[[93.15, 25.85], [93.2, 25.85], [93.2, 25.900000000000002], [93.15, 25.900000000000002], [93.15, 25.85]]]}, "properties": {"cell_id": "1863_517", "state": "Assam", "district": "Nagaon", "samples": 1, "events": 0, "risk_index": 0.0, "severity": "Low", "mean_slope_deg": 2.44, "mean_relief_500m_m": 39.3, "mean_rain_30d_mm": 295.9}}, {"type": "Feature", "geometry": {"type": "Polygon", "coordinates": [[[93.15, 27.900000000000002], [93.2, 27.900000000000002], [93.2, 27.950000000000003], [93.15, 27.950000000000003], [93.15, 27.900000000000002]]]}, "properties": {"cell_id": "1863_558", "state": "Arunachal Pradesh", "district": "Kurung Kumey", "samples": 1, "events": 0, "risk_index": 0.0, "severity": "Low", "mean_slope_deg": 15.89, "mean_relief_500m_m": 400.1, "mean_rain_30d_mm": 366.5}}, {"type": "Feature", "geometry": {"type": "Polygon", "coordinates": [[[93.2, 23.25], [93.25, 23.25], [93.25, 23.3], [93.2, 23.3], [93.2, 23.25]]]}, "properties": {"cell_id": "1864_465", "state": "Mizoram", "district": "Champhai", "samples": 1, "events": 0, "risk_index": 0.0, "severity": "Low", "mean_slope_deg": 20.9, "mean_relief_500m_m": 290.2, "mean_rain_30d_mm": 384.0}}, {"type": "Feature", "geometry": {"type": "Polygon", "coordinates": [[[93.2, 25.8], [93.25, 25.8], [93.25, 25.85], [93.2, 25.85], [93.2, 25.8]]]}, "properties": {"cell_id": "1864_516", "state": "Assam", "district": "Nagaon", "samples": 1, "events": 0, "risk_index": 0.0, "severity": "Low", "mean_slope_deg": 5.02, "mean_relief_500m_m": 65.8, "mean_rain_30d_mm": 248.1}}, {"type": "Feature", "geometry": {"type": "Polygon", "coordinates": [[[93.2, 25.900000000000002], [93.25, 25.900000000000002], [93.25, 25.950000000000003], [93.2, 25.950000000000003], [93.2, 25.900000000000002]]]}, "properties": {"cell_id": "1864_518", "state": "Assam", "district": "Karbi Anglong", "samples": 1, "events": 0, "risk_index": 0.0, "severity": "Low", "mean_slope_deg": 2.94, "mean_relief_500m_m": 58.8, "mean_rain_30d_mm": 107.2}}, {"type": "Feature", "geometry": {"type": "Polygon", "coordinates": [[[93.2, 26.5], [93.25, 26.5], [93.25, 26.55], [93.2, 26.55], [93.2, 26.5]]]}, "properties": {"cell_id": "1864_530", "state": "Assam", "district": "Karbi Anglong", "samples": 1, "events": 0, "risk_index": 0.0, "severity": "Low", "mean_slope_deg": 15.84, "mean_relief_500m_m": 153.5, "mean_rain_30d_mm": 262.7}}, {"type": "Feature", "geometry": {"type": "Polygon", "coordinates": [[[93.2, 26.6], [93.25, 26.6], [93.25, 26.650000000000002], [93.2, 26.650000000000002], [93.2, 26.6]]]}, "properties": {"cell_id": "1864_532", "state": "Assam", "district": "Nagaon", "samples": 1, "events": 0, "risk_index": 0.0, "severity": "Low", "mean_slope_deg": 0.09, "mean_relief_500m_m": 3.8, "mean_rain_30d_mm": 360.3}}, {"type": "Feature", "geometry": {"type": "Polygon", "coordinates": [[[93.2, 27.200000000000003], [93.25, 27.200000000000003], [93.25, 27.250000000000004], [93.2, 27.250000000000004], [93.2, 27.200000000000003]]]}, "properties": {"cell_id": "1864_544", "state": "Arunachal Pradesh", "district": "Papum Pare", "samples": 1, "events": 0, "risk_index": 0.0, "severity": "Low", "mean_slope_deg": 30.5, "mean_relief_500m_m": 419.2, "mean_rain_30d_mm": 224.3}}, {"type": "Feature", "geometry": {"type": "Polygon", "coordinates": [[[93.2, 27.8], [93.25, 27.8], [93.25, 27.85], [93.2, 27.85], [93.2, 27.8]]]}, "properties": {"cell_id": "1864_556", "state": "Arunachal Pradesh", "district": "West Kameng", "samples": 1, "events": 0, "risk_index": 0.0, "severity": "Low", "mean_slope_deg": 28.79, "mean_relief_500m_m": 487.2, "mean_rain_30d_mm": 736.8}}, {"type": "Feature", "geometry": {"type": "Polygon", "coordinates": [[[93.25, 23.1], [93.3, 23.1], [93.3, 23.150000000000002], [93.25, 23.150000000000002], [93.25, 23.1]]]}, "properties": {"cell_id": "1865_462", "state": "Mizoram", "district": "Champhai", "samples": 1, "events": 0, "risk_index": 0.0, "severity": "Low", "mean_slope_deg": 24.22, "mean_relief_500m_m": 359.3, "mean_rain_30d_mm": 0.0}}, {"type": "Feature", "geometry": {"type": "Polygon", "coordinates": [[[93.25, 23.5], [93.3, 23.5], [93.3, 23.55], [93.25, 23.55], [93.25, 23.5]]]}, "properties": {"cell_id": "1865_470", "state": "Mizoram", "district": "Champhai", "samples": 1, "events": 0, "risk_index": 0.0, "severity": "Low", "mean_slope_deg": 33.47, "mean_relief_500m_m": 289.4, "mean_rain_30d_mm": 568.4}}, {"type": "Feature", "geometry": {"type": "Polygon", "coordinates": [[[93.25, 25.25], [93.3, 25.25], [93.3, 25.3], [93.25, 25.3], [93.25, 25.25]]]}, "properties": {"cell_id": "1865_505", "state": "Assam", "district": "North Cachar Hills", "samples": 1, "events": 0, "risk_index": 0.0, "severity": "Low", "mean_slope_deg": 15.32, "mean_relief_500m_m": 290.1, "mean_rain_30d_mm": 285.9}}, {"type": "Feature", "geometry": {"type": "Polygon", "coordinates": [[[93.25, 25.3], [93.3, 25.3], [93.3, 25.35], [93.25, 25.35], [93.25, 25.3]]]}, "properties": {"cell_id": "1865_506", "state": "Assam", "district": "North Cachar Hills", "samples": 1, "events": 0, "risk_index": 0.0, "severity": "Low", "mean_slope_deg": 22.24, "mean_relief_500m_m": 232.3, "mean_rain_30d_mm": 157.8}}, {"type": "Feature", "geometry": {"type": "Polygon", "coordinates": [[[93.30000000000001, 23.200000000000003], [93.35000000000001, 23.200000000000003], [93.35000000000001, 23.250000000000004], [93.30000000000001, 23.250000000000004], [93.30000000000001, 23.200000000000003]]]}, "properties": {"cell_id": "1866_464", "state": "Mizoram", "district": "Champhai", "samples": 1, "events": 0, "risk_index": 0.0, "severity": "Low", "mean_slope_deg": 19.09, "mean_relief_500m_m": 418.3, "mean_rain_30d_mm": 583.8}}, {"type": "Feature", "geometry": {"type": "Polygon", "coordinates": [[[93.30000000000001, 24.200000000000003], [93.35000000000001, 24.200000000000003], [93.35000000000001, 24.250000000000004], [93.30000000000001, 24.250000000000004], [93.30000000000001, 24.200000000000003]]]}, "properties": {"cell_id": "1866_484", "state": "Manipur", "district": "Churachandpur", "samples": 1, "events": 0, "risk_index": 0.0, "severity": "Low", "mean_slope_deg": 33.95, "mean_relief_500m_m": 397.9, "mean_rain_30d_mm": 236.3}}, {"type": "Feature", "geometry": {"type": "Polygon", "coordinates": [[[93.30000000000001, 24.25], [93.35000000000001, 24.25], [93.35000000000001, 24.3], [93.30000000000001, 24.3], [93.30000000000001, 24.25]]]}, "properties": {"cell_id": "1866_485", "state": "Manipur", "district": "Churachandpur", "samples": 1, "events": 0, "risk_index": 0.0, "severity": "Low", "mean_slope_deg": 20.97, "mean_relief_500m_m": 387.7, "mean_rain_30d_mm": 363.2}}, {"type": "Feature", "geometry": {"type": "Polygon", "coordinates": [[[93.30000000000001, 26.200000000000003], [93.35000000000001, 26.200000000000003], [93.35000000000001, 26.250000000000004], [93.30000000000001, 26.250000000000004], [93.30000000000001, 26.200000000000003]]]}, "properties": {"cell_id": "1866_524", "state": "Assam", "district": "Karbi Anglong", "samples": 1, "events": 0, "risk_index": 0.0, "severity": "Low", "mean_slope_deg": 0.74, "mean_relief_500m_m": 133.4, "mean_rain_30d_mm": 145.0}}, {"type": "Feature", "geometry": {"type": "Polygon", "coordinates": [[[93.30000000000001, 26.400000000000002], [93.35000000000001, 26.400000000000002], [93.35000000000001, 26.450000000000003], [93.30000000000001, 26.450000000000003], [93.30000000000001, 26.400000000000002]]]}, "properties": {"cell_id": "1866_528", "state": "Assam", "district": "Karbi Anglong", "samples": 1, "events": 0, "risk_index": 0.0, "severity": "Low", "mean_slope_deg": 3.95, "mean_relief_500m_m": 73.7, "mean_rain_30d_mm": 148.0}}, {"type": "Feature", "geometry": {"type": "Polygon", "coordinates": [[[93.30000000000001, 27.700000000000003], [93.35000000000001, 27.700000000000003], [93.35000000000001, 27.750000000000004], [93.30000000000001, 27.750000000000004], [93.30000000000001, 27.700000000000003]]]}, "properties": {"cell_id": "1866_554", "state": "Arunachal Pradesh", "district": "Kurung Kumey", "samples": 1, "events": 0, "risk_index": 0.0, "severity": "Low", "mean_slope_deg": 22.72, "mean_relief_500m_m": 315.1, "mean_rain_30d_mm": 537.6}}, {"type": "Feature", "geometry": {"type": "Polygon", "coordinates": [[[93.30000000000001, 27.85], [93.35000000000001, 27.85], [93.35000000000001, 27.900000000000002], [93.30000000000001, 27.900000000000002], [93.30000000000001, 27.85]]]}, "properties": {"cell_id": "1866_557", "state": "Arunachal Pradesh", "district": "Kurung Kumey", "samples": 2, "events": 1, "risk_index": 0.5, "severity": "Moderate", "mean_slope_deg": 18.77, "mean_relief_500m_m": 374.3, "mean_rain_30d_mm": 326.5}}, {"type": "Feature", "geometry": {"type": "Polygon", "coordinates": [[[93.35000000000001, 23.200000000000003], [93.4, 23.200000000000003], [93.4, 23.250000000000004], [93.35000000000001, 23.250000000000004], [93.35000000000001, 23.200000000000003]]]}, "properties": {"cell_id": "1867_464", "state": "Mizoram", "district": "Champhai", "samples": 1, "events": 0, "risk_index": 0.0, "severity": "Low", "mean_slope_deg": 8.56, "mean_relief_500m_m": 257.1, "mean_rain_30d_mm": 0.0}}, {"type": "Feature", "geometry": {"type": "Polygon", "coordinates": [[[93.35000000000001, 23.5], [93.4, 23.5], [93.4, 23.55], [93.35000000000001, 23.55], [93.35000000000001, 23.5]]]}, "properties": {"cell_id": "1867_470", "state": "Mizoram", "district": "Champhai", "samples": 1, "events": 1, "risk_index": 1.0, "severity": "High", "mean_slope_deg": 18.47, "mean_relief_500m_m": 469.3, "mean_rain_30d_mm": 0.0}}, {"type": "Feature", "geometry": {"type": "Polygon", "coordinates": [[[93.35000000000001, 24.3], [93.4, 24.3], [93.4, 24.35], [93.35000000000001, 24.35], [93.35000000000001, 24.3]]]}, "properties": {"cell_id": "1867_486", "state": "Manipur", "district": "Churachandpur", "samples": 1, "events": 0, "risk_index": 0.0, "severity": "Low", "mean_slope_deg": 11.36, "mean_relief_500m_m": 183.3, "mean_rain_30d_mm": 304.1}}, {"type": "Feature", "geometry": {"type": "Polygon", "coordinates": [[[93.35000000000001, 24.400000000000002], [93.4, 24.400000000000002], [93.4, 24.450000000000003], [93.35000000000001, 24.450000000000003], [93.35000000000001, 24.400000000000002]]]}, "properties": {"cell_id": "1867_488", "state": "Manipur", "district": "Churachandpur", "samples": 1, "events": 0, "risk_index": 0.0, "severity": "Low", "mean_slope_deg": 16.07, "mean_relief_500m_m": 279.1, "mean_rain_30d_mm": 394.8}}, {"type": "Feature", "geometry": {"type": "Polygon", "coordinates": [[[93.35000000000001, 25.1], [93.4, 25.1], [93.4, 25.150000000000002], [93.35000000000001, 25.150000000000002], [93.35000000000001, 25.1]]]}, "properties": {"cell_id": "1867_502", "state": "Manipur", "district": "Tamenglong", "samples": 1, "events": 1, "risk_index": 1.0, "severity": "High", "mean_slope_deg": 13.5, "mean_relief_500m_m": 306.8, "mean_rain_30d_mm": 411.9}}, {"type": "Feature", "geometry": {"type": "Polygon", "coordinates": [[[93.35000000000001, 25.25], [93.4, 25.25], [93.4, 25.3], [93.35000000000001, 25.3], [93.35000000000001, 25.25]]]}, "properties": {"cell_id": "1867_505", "state": "Assam", "district": "North Cachar Hills", "samples": 1, "events": 0, "risk_index": 0.0, "severity": "Low", "mean_slope_deg": 9.59, "mean_relief_500m_m": 264.8, "mean_rain_30d_mm": 171.0}}, {"type": "Feature", "geometry": {"type": "Polygon", "coordinates": [[[93.35000000000001, 25.5], [93.4, 25.5], [93.4, 25.55], [93.35000000000001, 25.55], [93.35000000000001, 25.5]]]}, "properties": {"cell_id": "1867_510", "state": "Nagaland", "district": "North Cachar Hills", "samples": 1, "events": 1, "risk_index": 1.0, "severity": "High", "mean_slope_deg": 1.34, "mean_relief_500m_m": 137.5, "mean_rain_30d_mm": 316.5}}, {"type": "Feature", "geometry": {"type": "Polygon", "coordinates": [[[93.35000000000001, 26.200000000000003], [93.4, 26.200000000000003], [93.4, 26.250000000000004], [93.35000000000001, 26.250000000000004], [93.35000000000001, 26.200000000000003]]]}, "properties": {"cell_id": "1867_524", "state": "Assam", "district": "Karbi Anglong", "samples": 1, "events": 0, "risk_index": 0.0, "severity": "Low", "mean_slope_deg": 21.27, "mean_relief_500m_m": 166.1, "mean_rain_30d_mm": 256.6}}, {"type": "Feature", "geometry": {"type": "Polygon", "coordinates": [[[93.35000000000001, 27.75], [93.4, 27.75], [93.4, 27.8], [93.35000000000001, 27.8], [93.35000000000001, 27.75]]]}, "properties": {"cell_id": "1867_555", "state": "Arunachal Pradesh", "district": "Kurung Kumey", "samples": 1, "events": 0, "risk_index": 0.0, "severity": "Low", "mean_slope_deg": 16.03, "mean_relief_500m_m": 367.4, "mean_rain_30d_mm": 151.2}}, {"type": "Feature", "geometry": {"type": "Polygon", "coordinates": [[[93.35000000000001, 27.85], [93.4, 27.85], [93.4, 27.900000000000002], [93.35000000000001, 27.900000000000002], [93.35000000000001, 27.85]]]}, "properties": {"cell_id": "1867_557", "state": "Arunachal Pradesh", "district": "Kurung Kumey", "samples": 1, "events": 0, "risk_index": 0.0, "severity": "Low", "mean_slope_deg": 34.42, "mean_relief_500m_m": 652.1, "mean_rain_30d_mm": 505.1}}, {"type": "Feature", "geometry": {"type": "Polygon", "coordinates": [[[93.4, 24.150000000000002], [93.45, 24.150000000000002], [93.45, 24.200000000000003], [93.4, 24.200000000000003], [93.4, 24.150000000000002]]]}, "properties": {"cell_id": "1868_483", "state": "Manipur", "district": "Churachandpur", "samples": 1, "events": 0, "risk_index": 0.0, "severity": "Low", "mean_slope_deg": 12.68, "mean_relief_500m_m": 236.3, "mean_rain_30d_mm": 282.8}}, {"type": "Feature", "geometry": {"type": "Polygon", "coordinates": [[[93.4, 24.25], [93.45, 24.25], [93.45, 24.3], [93.4, 24.3], [93.4, 24.25]]]}, "properties": {"cell_id": "1868_485", "state": "Manipur", "district": "Churachandpur", "samples": 1, "events": 0, "risk_index": 0.0, "severity": "Low", "mean_slope_deg": 11.8, "mean_relief_500m_m": 179.7, "mean_rain_30d_mm": 294.9}}, {"type": "Feature", "geometry": {"type": "Polygon", "coordinates": [[[93.4, 24.6], [93.45, 24.6], [93.45, 24.650000000000002], [93.4, 24.650000000000002], [93.4, 24.6]]]}, "properties": {"cell_id": "1868_492", "state": "Manipur", "district": "Tamenglong", "samples": 1, "events": 0, "risk_index": 0.0, "severity": "Low", "mean_slope_deg": 19.1, "mean_relief_500m_m": 369.6, "mean_rain_30d_mm": 128.3}}, {"type": "Feature", "geometry": {"type": "Polygon", "coordinates": [[[93.4, 24.700000000000003], [93.45, 24.700000000000003], [93.45, 24.750000000000004], [93.4, 24.750000000000004], [93.4, 24.700000000000003]]]}, "properties": {"cell_id": "1868_494", "state": "Manipur", "district": "Tamenglong", "samples": 1, "events": 1, "risk_index": 1.0, "severity": "High", "mean_slope_deg": 18.67, "mean_relief_500m_m": 332.5, "mean_rain_30d_mm": 417.3}}, {"type": "Feature", "geometry": {"type": "Polygon", "coordinates": [[[93.4, 24.75], [93.45, 24.75], [93.45, 24.8], [93.4, 24.8], [93.4, 24.75]]]}, "properties": {"cell_id": "1868_495", "state": "Manipur", "district": "Tamenglong", "samples": 4, "events": 4, "risk_index": 1.0, "severity": "High", "mean_slope_deg": 21.82, "mean_relief_500m_m": 352.9, "mean_rain_30d_mm": 206.3}}, {"type": "Feature", "geometry": {"type": "Polygon", "coordinates": [[[93.4, 25.05], [93.45, 25.05], [93.45, 25.1], [93.4, 25.1], [93.4, 25.05]]]}, "properties": {"cell_id": "1868_501", "state": "Manipur", "district": "Tamenglong", "samples": 1, "events": 1, "risk_index": 1.0, "severity": "High", "mean_slope_deg": 11.9, "mean_relief_500m_m": 276.8, "mean_rain_30d_mm": 264.7}}, {"type": "Feature", "geometry": {"type": "Polygon", "coordinates": [[[93.4, 25.150000000000002], [93.45, 25.150000000000002], [93.45, 25.200000000000003], [93.4, 25.200000000000003], [93.4, 25.150000000000002]]]}, "properties": {"cell_id": "1868_503", "state": "Manipur", "district": "Tamenglong", "samples": 1, "events": 0, "risk_index": 0.0, "severity": "Low", "mean_slope_deg": 47.67, "mean_relief_500m_m": 588.1, "mean_rain_30d_mm": 222.6}}, {"type": "Feature", "geometry": {"type": "Polygon", "coordinates": [[[93.4, 25.5], [93.45, 25.5], [93.45, 25.55], [93.4, 25.55], [93.4, 25.5]]]}, "properties": {"cell_id": "1868_510", "state": "Nagaland", "district": "Kohima", "samples": 1, "events": 0, "risk_index": 0.0, "severity": "Low", "mean_slope_deg": 2.51, "mean_relief_500m_m": 96.9, "mean_rain_30d_mm": 195.4}}, {"type": "Feature", "geometry": {"type": "Polygon", "coordinates": [[[93.4, 26.55], [93.45, 26.55], [93.45, 26.6], [93.4, 26.6], [93.4, 26.55]]]}, "properties": {"cell_id": "1868_531", "state": "Assam", "district": "Golaghat", "samples": 1, "events": 0, "risk_index": 0.0, "severity": "Low", "mean_slope_deg": 1.74, "mean_relief_500m_m": 106.5, "mean_rain_30d_mm": 136.6}}, {"type": "Feature", "geometry": {"type": "Polygon", "coordinates": [[[93.4, 26.700000000000003], [93.45, 26.700000000000003], [93.45, 26.750000000000004], [93.4, 26.750000000000004], [93.4, 26.700000000000003]]]}, "properties": {"cell_id": "1868_534", "state": "Assam", "district": "Golaghat", "samples": 1, "events": 0, "risk_index": 0.0, "severity": "Low", "mean_slope_deg": 0.35, "mean_relief_500m_m": 7.3, "mean_rain_30d_mm": 185.4}}, {"type": "Feature", "geometry": {"type": "Polygon", "coordinates": [[[93.4, 26.8], [93.45, 26.8], [93.45, 26.85], [93.4, 26.85], [93.4, 26.8]]]}, "properties": {"cell_id": "1868_536", "state": "Assam", "district": "Sonitpur", "samples": 1, "events": 0, "risk_index": 0.0, "severity": "Low", "mean_slope_deg": 0.41, "mean_relief_500m_m": 7.0, "mean_rain_30d_mm": 213.7}}, {"type": "Feature", "geometry": {"type": "Polygon", "coordinates": [[[93.4, 27.1], [93.45, 27.1], [93.45, 27.150000000000002], [93.4, 27.150000000000002], [93.4, 27.1]]]}, "properties": {"cell_id": "1868_542", "state": "Arunachal Pradesh", "district": "Papum Pare", "samples": 1, "events": 0, "risk_index": 0.0, "severity": "Low", "mean_slope_deg": 19.99, "mean_relief_500m_m": 386.0, "mean_rain_30d_mm": 182.3}}, {"type": "Feature", "geometry": {"type": "Polygon", "coordinates": [[[93.4, 27.35], [93.45, 27.35], [93.45, 27.400000000000002], [93.4, 27.400000000000002], [93.4, 27.35]]]}, "properties": {"cell_id": "1868_547", "state": "Arunachal Pradesh", "district": "Papum Pare", "samples": 1, "events": 0, "risk_index": 0.0, "severity": "Low", "mean_slope_deg": 21.01, "mean_relief_500m_m": 450.4, "mean_rain_30d_mm": 375.6}}, {"type": "Feature", "geometry": {"type": "Polygon", "coordinates": [[[93.4, 27.700000000000003], [93.45, 27.700000000000003], [93.45, 27.750000000000004], [93.4, 27.750000000000004], [93.4, 27.700000000000003]]]}, "properties": {"cell_id": "1868_554", "state": "Arunachal Pradesh", "district": "Kurung Kumey", "samples": 1, "events": 0, "risk_index": 0.0, "severity": "Low", "mean_slope_deg": 13.38, "mean_relief_500m_m": 259.0, "mean_rain_30d_mm": 585.5}}, {"type": "Feature", "geometry": {"type": "Polygon", "coordinates": [[[93.45, 24.400000000000002], [93.5, 24.400000000000002], [93.5, 24.450000000000003], [93.45, 24.450000000000003], [93.45, 24.400000000000002]]]}, "properties": {"cell_id": "1869_488", "state": "Manipur", "district": "Churachandpur", "samples": 1, "events": 0, "risk_index": 0.0, "severity": "Low", "mean_slope_deg": 17.99, "mean_relief_500m_m": 333.3, "mean_rain_30d_mm": 249.5}}, {"type": "Feature", "geometry": {"type": "Polygon", "coordinates": [[[93.45, 24.85], [93.5, 24.85], [93.5, 24.900000000000002], [93.45, 24.900000000000002], [93.45, 24.85]]]}, "properties": {"cell_id": "1869_497", "state": "Manipur", "district": "Tamenglong", "samples": 1, "events": 1, "risk_index": 1.0, "severity": "High", "mean_slope_deg": 19.03, "mean_relief_500m_m": 702.7, "mean_rain_30d_mm": 213.7}}, {"type": "Feature", "geometry": {"type": "Polygon", "coordinates": [[[93.45, 24.900000000000002], [93.5, 24.900000000000002], [93.5, 24.950000000000003], [93.45, 24.950000000000003], [93.45, 24.900000000000002]]]}, "properties": {"cell_id": "1869_498", "state": "Manipur", "district": "Tamenglong", "samples": 1, "events": 1, "risk_index": 1.0, "severity": "High", "mean_slope_deg": 28.96, "mean_relief_500m_m": 442.7, "mean_rain_30d_mm": 312.8}}, {"type": "Feature", "geometry": {"type": "Polygon", "coordinates": [[[93.45, 24.950000000000003], [93.5, 24.950000000000003], [93.5, 25.000000000000004], [93.45, 25.000000000000004], [93.45, 24.950000000000003]]]}, "properties": {"cell_id": "1869_499", "state": "Manipur", "district": "Tamenglong", "samples": 1, "events": 1, "risk_index": 1.0, "severity": "High", "mean_slope_deg": 6.32, "mean_relief_500m_m": 191.2, "mean_rain_30d_mm": 250.3}}, {"type": "Feature", "geometry": {"type": "Polygon", "coordinates": [[[93.45, 25.8], [93.5, 25.8], [93.5, 25.85], [93.45, 25.85], [93.45, 25.8]]]}, "properties": {"cell_id": "1869_516", "state": "Assam", "district": "Karbi Anglong", "samples": 1, "events": 0, "risk_index": 0.0, "severity": "Low", "mean_slope_deg": 5.09, "mean_relief_500m_m": 42.4, "mean_rain_30d_mm": 208.9}}, {"type": "Feature", "geometry": {"type": "Polygon", "coordinates": [[[93.45, 25.950000000000003], [93.5, 25.950000000000003], [93.5, 26.000000000000004], [93.45, 26.000000000000004], [93.45, 25.950000000000003]]]}, "properties": {"cell_id": "1869_519", "state": "Assam", "district": "Karbi Anglong", "samples": 1, "events": 0, "risk_index": 0.0, "severity": "Low", "mean_slope_deg": 1.74, "mean_relief_500m_m": 41.1, "mean_rain_30d_mm": 125.5}}, {"type": "Feature", "geometry": {"type": "Polygon", "coordinates": [[[93.45, 26.400000000000002], [93.5, 26.400000000000002], [93.5, 26.450000000000003], [93.45, 26.450000000000003], [93.45, 26.400000000000002]]]}, "properties": {"cell_id": "1869_528", "state": "Assam", "district": "Karbi Anglong", "samples": 1, "events": 0, "risk_index": 0.0, "severity": "Low", "mean_slope_deg": 9.3, "mean_relief_500m_m": 240.3, "mean_rain_30d_mm": 226.4}}, {"type": "Feature", "geometry": {"type": "Polygon", "coordinates": [[[93.45, 26.5], [93.5, 26.5], [93.5, 26.55], [93.45, 26.55], [93.45, 26.5]]]}, "properties": {"cell_id": "1869_530", "state": "Assam", "district": "Karbi Anglong", "samples": 1, "events": 0, "risk_index": 0.0, "severity": "Low", "mean_slope_deg": 15.1, "mean_relief_500m_m": 273.1, "mean_rain_30d_mm": 499.7}}, {"type": "Feature", "geometry": {"type": "Polygon", "coordinates": [[[93.45, 26.75], [93.5, 26.75], [93.5, 26.8], [93.45, 26.8], [93.45, 26.75]]]}, "properties": {"cell_id": "1869_535", "state": "Assam", "district": "Sonitpur", "samples": 1, "events": 0, "risk_index": 0.0, "severity": "Low", "mean_slope_deg": 0.32, "mean_relief_500m_m": 8.0, "mean_rain_30d_mm": 184.6}}, {"type": "Feature", "geometry": {"type": "Polygon", "coordinates": [[[93.45, 27.450000000000003], [93.5, 27.450000000000003], [93.5, 27.500000000000004], [93.45, 27.500000000000004], [93.45, 27.450000000000003]]]}, "properties": {"cell_id": "1869_549", "state": "Arunachal Pradesh", "district": "Papum Pare", "samples": 1, "events": 0, "risk_index": 0.0, "severity": "Low", "mean_slope_deg": 3.83, "mean_relief_500m_m": 288.4, "mean_rain_30d_mm": 522.5}}, {"type": "Feature", "geometry": {"type": "Polygon", "coordinates": [[[93.5, 24.1], [93.55, 24.1], [93.55, 24.150000000000002], [93.5, 24.150000000000002], [93.5, 24.1]]]}, "properties": {"cell_id": "1870_482", "state": "Manipur", "district": "Churachandpur", "samples": 1, "events": 0, "risk_index": 0.0, "severity": "Low", "mean_slope_deg": 20.07, "mean_relief_500m_m": 221.9, "mean_rain_30d_mm": 267.8}}, {"type": "Feature", "geometry": {"type": "Polygon", "coordinates": [[[93.5, 24.55], [93.55, 24.55], [93.55, 24.6], [93.5, 24.6], [93.5, 24.55]]]}, "properties": {"cell_id": "1870_491", "state": "Manipur", "district": "Tamenglong", "samples": 1, "events": 0, "risk_index": 0.0, "severity": "Low", "mean_slope_deg": 29.18, "mean_relief_500m_m": 260.4, "mean_rain_30d_mm": 286.6}}, {"type": "Feature", "geometry": {"type": "Polygon", "coordinates": [[[93.5, 24.700000000000003], [93.55, 24.700000000000003], [93.55, 24.750000000000004], [93.5, 24.750000000000004], [93.5, 24.700000000000003]]]}, "properties": {"cell_id": "1870_494", "state": "Manipur", "district": "Tamenglong", "samples": 1, "events": 1, "risk_index": 1.0, "severity": "High", "mean_slope_deg": 17.78, "mean_relief_500m_m": 534.2, "mean_rain_30d_mm": 417.3}}, {"type": "Feature", "geometry": {"type": "Polygon", "coordinates": [[[93.5, 24.75], [93.55, 24.75], [93.55, 24.8], [93.5, 24.8], [93.5, 24.75]]]}, "properties": {"cell_id": "1870_495", "state": "Manipur", "district": "Tamenglong", "samples": 1, "events": 1, "risk_index": 1.0, "severity": "High", "mean_slope_deg": 10.75, "mean_relief_500m_m": 402.7, "mean_rain_30d_mm": 234.8}}, {"type": "Feature", "geometry": {"type": "Polygon", "coordinates": [[[93.5, 24.8], [93.55, 24.8], [93.55, 24.85], [93.5, 24.85], [93.5, 24.8]]]}, "properties": {"cell_id": "1870_496", "state": "Manipur", "district": "Tamenglong", "samples": 1, "events": 1, "risk_index": 1.0, "severity": "High", "mean_slope_deg": 30.14, "mean_relief_500m_m": 405.7, "mean_rain_30d_mm": 438.1}}, {"type": "Feature", "geometry": {"type": "Polygon", "coordinates": [[[93.5, 24.950000000000003], [93.55, 24.950000000000003], [93.55, 25.000000000000004], [93.5, 25.000000000000004], [93.5, 24.950000000000003]]]}, "properties": {"cell_id": "1870_499", "state": "Manipur", "district": "Tamenglong", "samples": 4, "events": 4, "risk_index": 1.0, "severity": "High", "mean_slope_deg": 13.52, "mean_relief_500m_m": 304.9, "mean_rain_30d_mm": 301.1}}, {"type": "Feature", "geometry": {"type": "Polygon", "coordinates": [[[93.5, 25.3], [93.55, 25.3], [93.55, 25.35], [93.5, 25.35], [93.5, 25.3]]]}, "properties": {"cell_id": "1870_506", "state": "Nagaland", "district": "Kohima", "samples": 1, "events": 0, "risk_index": 0.0, "severity": "Low", "mean_slope_deg": 25.99, "mean_relief_500m_m": 403.9, "mean_rain_30d_mm": 120.9}}, {"type": "Feature", "geometry": {"type": "Polygon", "coordinates": [[[93.5, 26.6], [93.55, 26.6], [93.55, 26.650000000000002], [93.5, 26.650000000000002], [93.5, 26.6]]]}, "properties": {"cell_id": "1870_532", "state": "Assam", "district": "Karbi Anglong", "samples": 1, "events": 0, "risk_index": 0.0, "severity": "Low", "mean_slope_deg": 12.47, "mean_relief_500m_m": 296.9, "mean_rain_30d_mm": 131.6}}, {"type": "Feature", "geometry": {"type": "Polygon", "coordinates": [[[93.5, 26.700000000000003], [93.55, 26.700000000000003], [93.55, 26.750000000000004], [93.5, 26.750000000000004], [93.5, 26.700000000000003]]]}, "properties": {"cell_id": "1870_534", "state": "Assam", "district": "Golaghat", "samples": 1, "events": 0, "risk_index": 0.0, "severity": "Low", "mean_slope_deg": 0.4, "mean_relief_500m_m": 14.2, "mean_rain_30d_mm": 357.4}}, {"type": "Feature", "geometry": {"type": "Polygon", "coordinates": [[[93.5, 27.0], [93.55, 27.0], [93.55, 27.05], [93.5, 27.05], [93.5, 27.0]]]}, "properties": {"cell_id": "1870_540", "state": "Arunachal Pradesh", "district": "Papum Pare", "samples": 1, "events": 0, "risk_index": 0.0, "severity": "Low", "mean_slope_deg": 1.42, "mean_relief_500m_m": 85.2, "mean_rain_30d_mm": 482.2}}, {"type": "Feature", "geometry": {"type": "Polygon", "coordinates": [[[93.5, 27.150000000000002], [93.55, 27.150000000000002], [93.55, 27.200000000000003], [93.5, 27.200000000000003], [93.5, 27.150000000000002]]]}, "properties": {"cell_id": "1870_543", "state": "Arunachal Pradesh", "district": "Papum Pare", "samples": 1, "events": 0, "risk_index": 0.0, "severity": "Low", "mean_slope_deg": 38.04, "mean_relief_500m_m": 539.5, "mean_rain_30d_mm": 349.3}}, {"type": "Feature", "geometry": {"type": "Polygon", "coordinates": [[[93.5, 27.85], [93.55, 27.85], [93.55, 27.900000000000002], [93.5, 27.900000000000002], [93.5, 27.85]]]}, "properties": {"cell_id": "1870_557", "state": "Arunachal Pradesh", "district": "Kurung Kumey", "samples": 1, "events": 0, "risk_index": 0.0, "severity": "Low", "mean_slope_deg": 32.0, "mean_relief_500m_m": 551.6, "mean_rain_30d_mm": 817.7}}, {"type": "Feature", "geometry": {"type": "Polygon", "coordinates": [[[93.55000000000001, 24.8], [93.60000000000001, 24.8], [93.60000000000001, 24.85], [93.55000000000001, 24.85], [93.55000000000001, 24.8]]]}, "properties": {"cell_id": "1871_496", "state": "Manipur", "district": "Tamenglong", "samples": 1, "events": 1, "risk_index": 1.0, "severity": "High", "mean_slope_deg": 34.56, "mean_relief_500m_m": 522.5, "mean_rain_30d_mm": 528.2}}, {"type": "Feature", "geometry": {"type": "Polygon", "coordinates": [[[93.55000000000001, 24.950000000000003], [93.60000000000001, 24.950000000000003], [93.60000000000001, 25.000000000000004], [93.55000000000001, 25.000000000000004], [93.55000000000001, 24.950000000000003]]]}, "properties": {"cell_id": "1871_499", "state": "Manipur", "district": "Tamenglong", "samples": 1, "events": 1, "risk_index": 1.0, "severity": "High", "mean_slope_deg": 16.63, "mean_relief_500m_m": 209.5, "mean_rain_30d_mm": 109.0}}, {"type": "Feature", "geometry": {"type": "Polygon", "coordinates": [[[93.55000000000001, 26.0], [93.60000000000001, 26.0], [93.60000000000001, 26.05], [93.55000000000001, 26.05], [93.55000000000001, 26.0]]]}, "properties": {"cell_id": "1871_520", "state": "Assam", "district": "Karbi Anglong", "samples": 1, "events": 0, "risk_index": 0.0, "severity": "Low", "mean_slope_deg": 21.23, "mean_relief_500m_m": 161.7, "mean_rain_30d_mm": 222.9}}, {"type": "Feature", "geometry": {"type": "Polygon", "coordinates": [[[93.55000000000001, 27.0], [93.60000000000001, 27.0], [93.60000000000001, 27.05], [93.55000000000001, 27.05], [93.55000000000001, 27.0]]]}, "properties": {"cell_id": "1871_540", "state": "Arunachal Pradesh", "district": "Papum Pare", "samples": 1, "events": 0, "risk_index": 0.0, "severity": "Low", "mean_slope_deg": 23.1, "mean_relief_500m_m": 232.0, "mean_rain_30d_mm": 122.8}}, {"type": "Feature", "geometry": {"type": "Polygon", "coordinates": [[[93.60000000000001, 24.200000000000003], [93.65, 24.200000000000003], [93.65, 24.250000000000004], [93.60000000000001, 24.250000000000004], [93.60000000000001, 24.200000000000003]]]}, "properties": {"cell_id": "1872_484", "state": "Manipur", "district": "Churachandpur", "samples": 1, "events": 0, "risk_index": 0.0, "severity": "Low", "mean_slope_deg": 16.42, "mean_relief_500m_m": 268.5, "mean_rain_30d_mm": 278.0}}, {"type": "Feature", "geometry": {"type": "Polygon", "coordinates": [[[93.60000000000001, 24.700000000000003], [93.65, 24.700000000000003], [93.65, 24.750000000000004], [93.60000000000001, 24.750000000000004], [93.60000000000001, 24.700000000000003]]]}, "properties": {"cell_id": "1872_494", "state": "Manipur", "district": "Tamenglong", "samples": 1, "events": 0, "risk_index": 0.0, "severity": "Low", "mean_slope_deg": 26.5, "mean_relief_500m_m": 469.7, "mean_rain_30d_mm": 286.1}}, {"type": "Feature", "geometry": {"type": "Polygon", "coordinates": [[[93.60000000000001, 24.85], [93.65, 24.85], [93.65, 24.900000000000002], [93.60000000000001, 24.900000000000002], [93.60000000000001, 24.85]]]}, "properties": {"cell_id": "1872_497", "state": "Manipur", "district": "Tamenglong", "samples": 1, "events": 0, "risk_index": 0.0, "severity": "Low", "mean_slope_deg": 17.54, "mean_relief_500m_m": 402.8, "mean_rain_30d_mm": 199.9}}, {"type": "Feature", "geometry": {"type": "Polygon", "coordinates": [[[93.60000000000001, 25.1], [93.65, 25.1], [93.65, 25.150000000000002], [93.60000000000001, 25.150000000000002], [93.60000000000001, 25.1]]]}, "properties": {"cell_id": "1872_502", "state": "Manipur", "district": "Tamenglong", "samples": 1, "events": 0, "risk_index": 0.0, "severity": "Low", "mean_slope_deg": 14.69, "mean_relief_500m_m": 276.0, "mean_rain_30d_mm": 312.7}}, {"type": "Feature", "geometry": {"type": "Polygon", "coordinates": [[[93.60000000000001, 25.700000000000003], [93.65, 25.700000000000003], [93.65, 25.750000000000004], [93.60000000000001, 25.750000000000004], [93.60000000000001, 25.700000000000003]]]}, "properties": {"cell_id": "1872_514", "state": "Nagaland", "district": "Dimapur", "samples": 1, "events": 0, "risk_index": 0.0, "severity": "Low", "mean_slope_deg": 7.81, "mean_relief_500m_m": 46.3, "mean_rain_30d_mm": 308.2}}, {"type": "Feature", "geometry": {"type": "Polygon", "coordinates": [[[93.60000000000001, 26.25], [93.65, 26.25], [93.65, 26.3], [93.60000000000001, 26.3], [93.60000000000001, 26.25]]]}, "properties": {"cell_id": "1872_525", "state": "Assam", "district": "Karbi Anglong", "samples": 1, "events": 0, "risk_index": 0.0, "severity": "Low", "mean_slope_deg": 14.73, "mean_relief_500m_m": 184.1, "mean_rain_30d_mm": 95.1}}, {"type": "Feature", "geometry": {"type": "Polygon", "coordinates": [[[93.60000000000001, 26.900000000000002], [93.65, 26.900000000000002], [93.65, 26.950000000000003], [93.60000000000001, 26.950000000000003], [93.60000000000001, 26.900000000000002]]]}, "properties": {"cell_id": "1872_538", "state": "Assam", "district": "Sonitpur", "samples": 1, "events": 0, "risk_index": 0.0, "severity": "Low", "mean_slope_deg": 0.57, "mean_relief_500m_m": 7.6, "mean_rain_30d_mm": 242.0}}, {"type": "Feature", "geometry": {"type": "Polygon", "coordinates": [[[93.60000000000001, 27.05], [93.65, 27.05], [93.65, 27.1], [93.60000000000001, 27.1], [93.60000000000001, 27.05]]]}, "properties": {"cell_id": "1872_541", "state": "Arunachal Pradesh", "district": "Papum Pare", "samples": 2, "events": 2, "risk_index": 1.0, "severity": "High", "mean_slope_deg": 4.61, "mean_relief_500m_m": 105.4, "mean_rain_30d_mm": 379.5}}, {"type": "Feature", "geometry": {"type": "Polygon", "coordinates": [[[93.60000000000001, 27.25], [93.65, 27.25], [93.65, 27.3], [93.60000000000001, 27.3], [93.60000000000001, 27.25]]]}, "properties": {"cell_id": "1872_545", "state": "Arunachal Pradesh", "district": "Papum Pare", "samples": 1, "events": 0, "risk_index": 0.0, "severity": "Low", "mean_slope_deg": 19.39, "mean_relief_500m_m": 453.0, "mean_rain_30d_mm": 428.2}}, {"type": "Feature", "geometry": {"type": "Polygon", "coordinates": [[[93.60000000000001, 27.3], [93.65, 27.3], [93.65, 27.35], [93.60000000000001, 27.35], [93.60000000000001, 27.3]]]}, "properties": {"cell_id": "1872_546", "state": "Arunachal Pradesh", "district": "Papum Pare", "samples": 1, "events": 0, "risk_index": 0.0, "severity": "Low", "mean_slope_deg": 24.58, "mean_relief_500m_m": 287.1, "mean_rain_30d_mm": 646.2}}, {"type": "Feature", "geometry": {"type": "Polygon", "coordinates": [[[93.60000000000001, 27.6], [93.65, 27.6], [93.65, 27.650000000000002], [93.60000000000001, 27.650000000000002], [93.60000000000001, 27.6]]]}, "properties": {"cell_id": "1872_552", "state": "Arunachal Pradesh", "district": "Lower Subansiri", "samples": 1, "events": 0, "risk_index": 0.0, "severity": "Low", "mean_slope_deg": 36.34, "mean_relief_500m_m": 464.1, "mean_rain_30d_mm": 328.3}}, {"type": "Feature", "geometry": {"type": "Polygon", "coordinates": [[[93.65, 24.400000000000002], [93.7, 24.400000000000002], [93.7, 24.450000000000003], [93.65, 24.450000000000003], [93.65, 24.400000000000002]]]}, "properties": {"cell_id": "1873_488", "state": "Manipur", "district": "Churachandpur", "samples": 1, "events": 0, "risk_index": 0.0, "severity": "Low", "mean_slope_deg": 11.69, "mean_relief_500m_m": 203.0, "mean_rain_30d_mm": 338.0}}, {"type": "Feature", "geometry": {"type": "Polygon", "coordinates": [[[93.65, 24.6], [93.7, 24.6], [93.7, 24.650000000000002], [93.65, 24.650000000000002], [93.65, 24.6]]]}, "properties": {"cell_id": "1873_492", "state": "Manipur", "district": "Churachandpur", "samples": 1, "events": 0, "risk_index": 0.0, "severity": "Low", "mean_slope_deg": 24.74, "mean_relief_500m_m": 483.5, "mean_rain_30d_mm": 290.6}}, {"type": "Feature", "geometry": {"type": "Polygon", "coordinates": [[[93.65, 25.150000000000002], [93.7, 25.150000000000002], [93.7, 25.200000000000003], [93.65, 25.200000000000003], [93.65, 25.150000000000002]]]}, "properties": {"cell_id": "1873_503", "state": "Manipur", "district": "Tamenglong", "samples": 1, "events": 1, "risk_index": 1.0, "severity": "High", "mean_slope_deg": 31.78, "mean_relief_500m_m": 484.7, "mean_rain_30d_mm": 114.8}}, {"type": "Feature", "geometry": {"type": "Polygon", "coordinates": [[[93.65, 25.200000000000003], [93.7, 25.200000000000003], [93.7, 25.250000000000004], [93.65, 25.250000000000004], [93.65, 25.200000000000003]]]}, "properties": {"cell_id": "1873_504", "state": "Manipur", "district": "Tamenglong", "samples": 1, "events": 0, "risk_index": 0.0, "severity": "Low", "mean_slope_deg": 23.79, "mean_relief_500m_m": 349.6, "mean_rain_30d_mm": 456.6}}, {"type": "Feature", "geometry": {"type": "Polygon", "coordinates": [[[93.65, 27.1], [93.7, 27.1], [93.7, 27.150000000000002], [93.65, 27.150000000000002], [93.65, 27.1]]]}, "properties": {"cell_id": "1873_542", "state": "Arunachal Pradesh", "district": "Papum Pare", "samples": 2, "events": 2, "risk_index": 1.0, "severity": "High", "mean_slope_deg": 1.69, "mean_relief_500m_m": 45.4, "mean_rain_30d_mm": 423.6}}, {"type": "Feature", "geometry": {"type": "Polygon", "coordinates": [[[93.7, 25.0], [93.75, 25.0], [93.75, 25.05], [93.7, 25.05], [93.7, 25.0]]]}, "properties": {"cell_id": "1874_500", "state": "Manipur", "district": "Tamenglong", "samples": 1, "events": 0, "risk_index": 0.0, "severity": "Low", "mean_slope_deg": 23.62, "mean_relief_500m_m": 356.7, "mean_rain_30d_mm": 135.3}}, {"type": "Feature", "geometry": {"type": "Polygon", "coordinates": [[[93.7, 25.05], [93.75, 25.05], [93.75, 25.1], [93.7, 25.1], [93.7, 25.05]]]}, "properties": {"cell_id": "1874_501", "state": "Manipur", "district": "Tamenglong", "samples": 1, "events": 0, "risk_index": 0.0, "severity": "Low", "mean_slope_deg": 23.81, "mean_relief_500m_m": 329.3, "mean_rain_30d_mm": 138.2}}, {"type": "Feature", "geometry": {"type": "Polygon", "coordinates": [[[93.7, 25.200000000000003], [93.75, 25.200000000000003], [93.75, 25.250000000000004], [93.7, 25.250000000000004], [93.7, 25.200000000000003]]]}, "properties": {"cell_id": "1874_504", "state": "Manipur", "district": "Tamenglong", "samples": 1, "events": 0, "risk_index": 0.0, "severity": "Low", "mean_slope_deg": 38.12, "mean_relief_500m_m": 700.9, "mean_rain_30d_mm": 362.1}}, {"type": "Feature", "geometry": {"type": "Polygon", "coordinates": [[[93.7, 26.0], [93.75, 26.0], [93.75, 26.05], [93.7, 26.05], [93.7, 26.0]]]}, "properties": {"cell_id": "1874_520", "state": "Assam", "district": "Karbi Anglong", "samples": 1, "events": 0, "risk_index": 0.0, "severity": "Low", "mean_slope_deg": 3.49, "mean_relief_500m_m": 32.0, "mean_rain_30d_mm": 197.8}}, {"type": "Feature", "geometry": {"type": "Polygon", "coordinates": [[[93.7, 26.200000000000003], [93.75, 26.200000000000003], [93.75, 26.250000000000004], [93.7, 26.250000000000004], [93.7, 26.200000000000003]]]}, "properties": {"cell_id": "1874_524", "state": "Assam", "district": "Karbi Anglong", "samples": 1, "events": 0, "risk_index": 0.0, "severity": "Low", "mean_slope_deg": 6.79, "mean_relief_500m_m": 132.1, "mean_rain_30d_mm": 234.3}}, {"type": "Feature", "geometry": {"type": "Polygon", "coordinates": [[[93.7, 26.400000000000002], [93.75, 26.400000000000002], [93.75, 26.450000000000003], [93.7, 26.450000000000003], [93.7, 26.400000000000002]]]}, "properties": {"cell_id": "1874_528", "state": "Assam", "district": "Karbi Anglong", "samples": 1, "events": 0, "risk_index": 0.0, "severity": "Low", "mean_slope_deg": 18.47, "mean_relief_500m_m": 355.7, "mean_rain_30d_mm": 259.9}}, {"type": "Feature", "geometry": {"type": "Polygon", "coordinates": [[[93.7, 26.6], [93.75, 26.6], [93.75, 26.650000000000002], [93.7, 26.650000000000002], [93.7, 26.6]]]}, "properties": {"cell_id": "1874_532", "state": "Assam", "district": "Golaghat", "samples": 1, "events": 0, "risk_index": 0.0, "severity": "Low", "mean_slope_deg": 0.05, "mean_relief_500m_m": 5.8, "mean_rain_30d_mm": 363.1}}, {"type": "Feature", "geometry": {"type": "Polygon", "coordinates": [[[93.7, 26.700000000000003], [93.75, 26.700000000000003], [93.75, 26.750000000000004], [93.7, 26.750000000000004], [93.7, 26.700000000000003]]]}, "properties": {"cell_id": "1874_534", "state": "Assam", "district": "Golaghat", "samples": 1, "events": 0, "risk_index": 0.0, "severity": "Low", "mean_slope_deg": 0.8, "mean_relief_500m_m": 13.4, "mean_rain_30d_mm": 283.4}}, {"type": "Feature", "geometry": {"type": "Polygon", "coordinates": [[[93.7, 27.0], [93.75, 27.0], [93.75, 27.05], [93.7, 27.05], [93.7, 27.0]]]}, "properties": {"cell_id": "1874_540", "state": "Assam", "district": "Lakhimpur", "samples": 1, "events": 1, "risk_index": 1.0, "severity": "High", "mean_slope_deg": 1.49, "mean_relief_500m_m": 15.1, "mean_rain_30d_mm": 414.4}}, {"type": "Feature", "geometry": {"type": "Polygon", "coordinates": [[[93.7, 27.1], [93.75, 27.1], [93.75, 27.150000000000002], [93.7, 27.150000000000002], [93.7, 27.1]]]}, "properties": {"cell_id": "1874_542", "state": "Arunachal Pradesh", "district": "Papum Pare", "samples": 1, "events": 1, "risk_index": 1.0, "severity": "High", "mean_slope_deg": 0.24, "mean_relief_500m_m": 56.0, "mean_rain_30d_mm": 375.9}}, {"type": "Feature", "geometry": {"type": "Polygon", "coordinates": [[[93.7, 27.950000000000003], [93.75, 27.950000000000003], [93.75, 28.000000000000004], [93.7, 28.000000000000004], [93.7, 27.950000000000003]]]}, "properties": {"cell_id": "1874_559", "state": "Arunachal Pradesh", "district": "Kurung Kumey", "samples": 1, "events": 0, "risk_index": 0.0, "severity": "Low", "mean_slope_deg": 14.26, "mean_relief_500m_m": 514.2, "mean_rain_30d_mm": 228.4}}, {"type": "Feature", "geometry": {"type": "Polygon", "coordinates": [[[93.75, 24.1], [93.8, 24.1], [93.8, 24.150000000000002], [93.75, 24.150000000000002], [93.75, 24.1]]]}, "properties": {"cell_id": "1875_482", "state": "Manipur", "district": "Chandel", "samples": 1, "events": 0, "risk_index": 0.0, "severity": "Low", "mean_slope_deg": 25.05, "mean_relief_500m_m": 232.6, "mean_rain_30d_mm": 281.9}}, {"type": "Feature", "geometry": {"type": "Polygon", "coordinates": [[[93.75, 26.0], [93.8, 26.0], [93.8, 26.05], [93.75, 26.05], [93.75, 26.0]]]}, "properties": {"cell_id": "1875_520", "state": "Assam", "district": "Karbi Anglong", "samples": 1, "events": 0, "risk_index": 0.0, "severity": "Low", "mean_slope_deg": 1.2, "mean_relief_500m_m": 9.7, "mean_rain_30d_mm": 240.4}}, {"type": "Feature", "geometry": {"type": "Polygon", "coordinates": [[[93.75, 26.6], [93.8, 26.6], [93.8, 26.650000000000002], [93.75, 26.650000000000002], [93.75, 26.6]]]}, "properties": {"cell_id": "1875_532", "state": "Assam", "district": "Golaghat", "samples": 1, "events": 0, "risk_index": 0.0, "severity": "Low", "mean_slope_deg": 0.06, "mean_relief_500m_m": 8.5, "mean_rain_30d_mm": 218.7}}, {"type": "Feature", "geometry": {"type": "Polygon", "coordinates": [[[93.75, 27.1], [93.8, 27.1], [93.8, 27.150000000000002], [93.75, 27.150000000000002], [93.75, 27.1]]]}, "properties": {"cell_id": "1875_542", "state": "Arunachal Pradesh", "district": "Papum Pare", "samples": 1, "events": 0, "risk_index": 0.0, "severity": "Low", "mean_slope_deg": 0.36, "mean_relief_500m_m": 56.1, "mean_rain_30d_mm": 742.5}}, {"type": "Feature", "geometry": {"type": "Polygon", "coordinates": [[[93.75, 27.150000000000002], [93.8, 27.150000000000002], [93.8, 27.200000000000003], [93.75, 27.200000000000003], [93.75, 27.150000000000002]]]}, "properties": {"cell_id": "1875_543", "state": "Arunachal Pradesh", "district": "Papum Pare", "samples": 1, "events": 1, "risk_index": 1.0, "severity": "High", "mean_slope_deg": 2.62, "mean_relief_500m_m": 127.5, "mean_rain_30d_mm": 623.9}}, {"type": "Feature", "geometry": {"type": "Polygon", "coordinates": [[[93.80000000000001, 24.25], [93.85000000000001, 24.25], [93.85000000000001, 24.3], [93.80000000000001, 24.3], [93.80000000000001, 24.25]]]}, "properties": {"cell_id": "1876_485", "state": "Manipur", "district": "Churachandpur", "samples": 1, "events": 0, "risk_index": 0.0, "severity": "Low", "mean_slope_deg": 20.92, "mean_relief_500m_m": 314.8, "mean_rain_30d_mm": 531.7}}, {"type": "Feature", "geometry": {"type": "Polygon", "coordinates": [[[93.80000000000001, 24.400000000000002], [93.85000000000001, 24.400000000000002], [93.85000000000001, 24.450000000000003], [93.80000000000001, 24.450000000000003], [93.80000000000001, 24.400000000000002]]]}, "properties": {"cell_id": "1876_488", "state": "Manipur", "district": "Bishnupur", "samples": 1, "events": 0, "risk_index": 0.0, "severity": "Low", "mean_slope_deg": 1.08, "mean_relief_500m_m": 12.3, "mean_rain_30d_mm": 338.0}}, {"type": "Feature", "geometry": {"type": "Polygon", "coordinates": [[[93.80000000000001, 24.75], [93.85000000000001, 24.75], [93.85000000000001, 24.8], [93.80000000000001, 24.8], [93.80000000000001, 24.75]]]}, "properties": {"cell_id": "1876_495", "state": "Manipur", "district": "West Imphal", "samples": 1, "events": 0, "risk_index": 0.0, "severity": "Low", "mean_slope_deg": 0.8, "mean_relief_500m_m": 12.0, "mean_rain_30d_mm": 241.9}}, {"type": "Feature", "geometry": {"type": "Polygon", "coordinates": [[[93.80000000000001, 24.900000000000002], [93.85000000000001, 24.900000000000002], [93.85000000000001, 24.950000000000003], [93.80000000000001, 24.950000000000003], [93.80000000000001, 24.900000000000002]]]}, "properties": {"cell_id": "1876_498", "state": "Manipur", "district": "Senapati", "samples": 2, "events": 2, "risk_index": 1.0, "severity": "High", "mean_slope_deg": 7.01, "mean_relief_500m_m": 129.7, "mean_rain_30d_mm": 245.0}}, {"type": "Feature", "geometry": {"type": "Polygon", "coordinates": [[[93.80000000000001, 25.150000000000002], [93.85000000000001, 25.150000000000002], [93.85000000000001, 25.200000000000003], [93.80000000000001, 25.200000000000003], [93.80000000000001, 25.150000000000002]]]}, "properties": {"cell_id": "1876_503", "state": "Manipur", "district": "Senapati", "samples": 1, "events": 1, "risk_index": 1.0, "severity": "High", "mean_slope_deg": 13.2, "mean_relief_500m_m": 497.9, "mean_rain_30d_mm": 171.1}}, {"type": "Feature", "geometry": {"type": "Polygon", "coordinates": [[[93.80000000000001, 25.75], [93.85000000000001, 25.75], [93.85000000000001, 25.8], [93.80000000000001, 25.8], [93.80000000000001, 25.75]]]}, "properties": {"cell_id": "1876_515", "state": "Nagaland", "district": "Dimapur", "samples": 1, "events": 1, "risk_index": 1.0, "severity": "High", "mean_slope_deg": 9.22, "mean_relief_500m_m": 136.6, "mean_rain_30d_mm": 240.4}}, {"type": "Feature", "geometry": {"type": "Polygon", "coordinates": [[[93.80000000000001, 26.150000000000002], [93.85000000000001, 26.150000000000002], [93.85000000000001, 26.200000000000003], [93.80000000000001, 26.200000000000003], [93.80000000000001, 26.150000000000002]]]}, "properties": {"cell_id": "1876_523", "state": "Assam", "district": "Karbi Anglong", "samples": 2, "events": 0, "risk_index": 0.0, "severity": "Low", "mean_slope_deg": 0.3, "mean_relief_500m_m": 12.8, "mean_rain_30d_mm": 302.5}}, {"type": "Feature", "geometry": {"type": "Polygon", "coordinates": [[[93.80000000000001, 26.8], [93.85000000000001, 26.8], [93.85000000000001, 26.85], [93.80000000000001, 26.85], [93.80000000000001, 26.8]]]}, "properties": {"cell_id": "1876_536", "state": "Assam", "district": "Lakhimpur", "samples": 1, "events": 0, "risk_index": 0.0, "severity": "Low", "mean_slope_deg": 0.0, "mean_relief_500m_m": 8.6, "mean_rain_30d_mm": 290.6}}, {"type": "Feature", "geometry": {"type": "Polygon", "coordinates": [[[93.80000000000001, 27.0], [93.85000000000001, 27.0], [93.85000000000001, 27.05], [93.80000000000001, 27.05], [93.80000000000001, 27.0]]]}, "properties": {"cell_id": "1876_540", "state": "Assam", "district": "Lakhimpur", "samples": 1, "events": 0, "risk_index": 0.0, "severity": "Low", "mean_slope_deg": 0.15, "mean_relief_500m_m": 7.2, "mean_rain_30d_mm": 311.7}}, {"type": "Feature", "geometry": {"type": "Polygon", "coordinates": [[[93.80000000000001, 27.05], [93.85000000000001, 27.05], [93.85000000000001, 27.1], [93.80000000000001, 27.1], [93.80000000000001, 27.05]]]}, "properties": {"cell_id": "1876_541", "state": "Arunachal Pradesh", "district": "Papum Pare", "samples": 1, "events": 1, "risk_index": 1.0, "severity": "High", "mean_slope_deg": 10.81, "mean_relief_500m_m": 110.1, "mean_rain_30d_mm": 469.3}}, {"type": "Feature", "geometry": {"type": "Polygon", "coordinates": [[[93.80000000000001, 27.1], [93.85000000000001, 27.1], [93.85000000000001, 27.150000000000002], [93.80000000000001, 27.150000000000002], [93.80000000000001, 27.1]]]}, "properties": {"cell_id": "1876_542", "state": "Assam", "district": "Lakhimpur", "samples": 1, "events": 0, "risk_index": 0.0, "severity": "Low", "mean_slope_deg": 0.34, "mean_relief_500m_m": 12.6, "mean_rain_30d_mm": 246.7}}, {"type": "Feature", "geometry": {"type": "Polygon", "coordinates": [[[93.80000000000001, 27.3], [93.85000000000001, 27.3], [93.85000000000001, 27.35], [93.80000000000001, 27.35], [93.80000000000001, 27.3]]]}, "properties": {"cell_id": "1876_546", "state": "Arunachal Pradesh", "district": "Papum Pare", "samples": 1, "events": 1, "risk_index": 1.0, "severity": "High", "mean_slope_deg": 26.73, "mean_relief_500m_m": 451.5, "mean_rain_30d_mm": 766.0}}, {"type": "Feature", "geometry": {"type": "Polygon", "coordinates": [[[93.80000000000001, 27.950000000000003], [93.85000000000001, 27.950000000000003], [93.85000000000001, 28.000000000000004], [93.80000000000001, 28.000000000000004], [93.80000000000001, 27.950000000000003]]]}, "properties": {"cell_id": "1876_559", "state": "Arunachal Pradesh", "district": "Kurung Kumey", "samples": 1, "events": 0, "risk_index": 0.0, "severity": "Low", "mean_slope_deg": 29.83, "mean_relief_500m_m": 461.4, "mean_rain_30d_mm": 441.5}}, {"type": "Feature", "geometry": {"type": "Polygon", "coordinates": [[[93.85000000000001, 24.0], [93.9, 24.0], [93.9, 24.05], [93.85000000000001, 24.05], [93.85000000000001, 24.0]]]}, "properties": {"cell_id": "1877_480", "state": "Manipur", "district": "Chandel", "samples": 1, "events": 0, "risk_index": 0.0, "severity": "Low", "mean_slope_deg": 17.86, "mean_relief_500m_m": 309.6, "mean_rain_30d_mm": 286.7}}, {"type": "Feature", "geometry": {"type": "Polygon", "coordinates": [[[93.85000000000001, 25.3], [93.9, 25.3], [93.9, 25.35], [93.85000000000001, 25.35], [93.85000000000001, 25.3]]]}, "properties": {"cell_id": "1877_506", "state": "Manipur", "district": "Tamenglong", "samples": 1, "events": 0, "risk_index": 0.0, "severity": "Low", "mean_slope_deg": 31.44, "mean_relief_500m_m": 427.7, "mean_rain_30d_mm": 51.9}}, {"type": "Feature", "geometry": {"type": "Polygon", "coordinates": [[[93.85000000000001, 25.5], [93.9, 25.5], [93.9, 25.55], [93.85000000000001, 25.55], [93.85000000000001, 25.5]]]}, "properties": {"cell_id": "1877_510", "state": "Manipur", "district": "Senapati", "samples": 2, "events": 2, "risk_index": 1.0, "severity": "High", "mean_slope_deg": 18.84, "mean_relief_500m_m": 318.7, "mean_rain_30d_mm": 305.5}}, {"type": "Feature", "geometry": {"type": "Polygon", "coordinates": [[[93.85000000000001, 26.8], [93.9, 26.8], [93.9, 26.85], [93.85000000000001, 26.85], [93.85000000000001, 26.8]]]}, "properties": {"cell_id": "1877_536", "state": "Assam", "district": "Golaghat", "samples": 1, "events": 0, "risk_index": 0.0, "severity": "Low", "mean_slope_deg": 1.81, "mean_relief_500m_m": 9.3, "mean_rain_30d_mm": 335.8}}, {"type": "Feature", "geometry": {"type": "Polygon", "coordinates": [[[93.85000000000001, 27.6], [93.9, 27.6], [93.9, 27.650000000000002], [93.85000000000001, 27.650000000000002], [93.85000000000001, 27.6]]]}, "properties": {"cell_id": "1877_552", "state": "Arunachal Pradesh", "district": "Lower Subansiri", "samples": 1, "events": 1, "risk_index": 1.0, "severity": "High", "mean_slope_deg": 31.2, "mean_relief_500m_m": 478.4, "mean_rain_30d_mm": 424.5}}, {"type": "Feature", "geometry": {"type": "Polygon", "coordinates": [[[93.85000000000001, 27.700000000000003], [93.9, 27.700000000000003], [93.9, 27.750000000000004], [93.85000000000001, 27.750000000000004], [93.85000000000001, 27.700000000000003]]]}, "properties": {"cell_id": "1877_554", "state": "Arunachal Pradesh", "district": "Lower Subansiri", "samples": 1, "events": 0, "risk_index": 0.0, "severity": "Low", "mean_slope_deg": 21.03, "mean_relief_500m_m": 308.4, "mean_rain_30d_mm": 854.6}}, {"type": "Feature", "geometry": {"type": "Polygon", "coordinates": [[[93.85000000000001, 27.75], [93.9, 27.75], [93.9, 27.8], [93.85000000000001, 27.8], [93.85000000000001, 27.75]]]}, "properties": {"cell_id": "1877_555", "state": "Arunachal Pradesh", "district": "Lower Subansiri", "samples": 1, "events": 0, "risk_index": 0.0, "severity": "Low", "mean_slope_deg": 26.9, "mean_relief_500m_m": 563.2, "mean_rain_30d_mm": 1111.3}}, {"type": "Feature", "geometry": {"type": "Polygon", "coordinates": [[[93.9, 24.0], [93.95, 24.0], [93.95, 24.05], [93.9, 24.05], [93.9, 24.0]]]}, "properties": {"cell_id": "1878_480", "state": "Manipur", "district": "Chandel", "samples": 1, "events": 0, "risk_index": 0.0, "severity": "Low", "mean_slope_deg": 27.64, "mean_relief_500m_m": 395.9, "mean_rain_30d_mm": 106.5}}, {"type": "Feature", "geometry": {"type": "Polygon", "coordinates": [[[93.9, 24.650000000000002], [93.95, 24.650000000000002], [93.95, 24.700000000000003], [93.9, 24.700000000000003], [93.9, 24.650000000000002]]]}, "properties": {"cell_id": "1878_493", "state": "Manipur", "district": "Thoubal", "samples": 1, "events": 1, "risk_index": 1.0, "severity": "High", "mean_slope_deg": 0.06, "mean_relief_500m_m": 3.6, "mean_rain_30d_mm": 246.6}}, {"type": "Feature", "geometry": {"type": "Polygon", "coordinates": [[[93.9, 24.700000000000003], [93.95, 24.700000000000003], [93.95, 24.750000000000004], [93.9, 24.750000000000004], [93.9, 24.700000000000003]]]}, "properties": {"cell_id": "1878_494", "state": "Manipur", "district": "West Imphal", "samples": 1, "events": 1, "risk_index": 1.0, "severity": "High", "mean_slope_deg": 19.12, "mean_relief_500m_m": 136.9, "mean_rain_30d_mm": 25.4}}, {"type": "Feature", "geometry": {"type": "Polygon", "coordinates": [[[93.9, 24.75], [93.95, 24.75], [93.95, 24.8], [93.9, 24.8], [93.9, 24.75]]]}, "properties": {"cell_id": "1878_495", "state": "Manipur", "district": "East Imphal", "samples": 1, "events": 1, "risk_index": 1.0, "severity": "High", "mean_slope_deg": 0.41, "mean_relief_500m_m": 5.1, "mean_rain_30d_mm": 261.4}}, {"type": "Feature", "geometry": {"type": "Polygon", "coordinates": [[[93.9, 24.8], [93.95, 24.8], [93.95, 24.85], [93.9, 24.85], [93.9, 24.8]]]}, "properties": {"cell_id": "1878_496", "state": "Manipur", "district": "East Imphal", "samples": 2, "events": 2, "risk_index": 1.0, "severity": "High", "mean_slope_deg": 3.72, "mean_relief_500m_m": 46.7, "mean_rain_30d_mm": 252.8}}, {"type": "Feature", "geometry": {"type": "Polygon", "coordinates": [[[93.9, 25.700000000000003], [93.95, 25.700000000000003], [93.95, 25.750000000000004], [93.9, 25.750000000000004], [93.9, 25.700000000000003]]]}, "properties": {"cell_id": "1878_514", "state": "Nagaland", "district": "Dimapur", "samples": 1, "events": 1, "risk_index": 1.0, "severity": "High", "mean_slope_deg": 22.5, "mean_relief_500m_m": 275.6, "mean_rain_30d_mm": 341.2}}, {"type": "Feature", "geometry": {"type": "Polygon", "coordinates": [[[93.9, 25.75], [93.95, 25.75], [93.95, 25.8], [93.9, 25.8], [93.9, 25.75]]]}, "properties": {"cell_id": "1878_515", "state": "Nagaland", "district": "Dimapur", "samples": 1, "events": 1, "risk_index": 1.0, "severity": "High", "mean_slope_deg": 34.4, "mean_relief_500m_m": 515.3, "mean_rain_30d_mm": 342.1}}, {"type": "Feature", "geometry": {"type": "Polygon", "coordinates": [[[93.9, 25.8], [93.95, 25.8], [93.95, 25.85], [93.9, 25.85], [93.9, 25.8]]]}, "properties": {"cell_id": "1878_516", "state": "Nagaland", "district": "Dimapur", "samples": 1, "events": 0, "risk_index": 0.0, "severity": "Low", "mean_slope_deg": 3.84, "mean_relief_500m_m": 157.9, "mean_rain_30d_mm": 143.5}}, {"type": "Feature", "geometry": {"type": "Polygon", "coordinates": [[[93.9, 25.950000000000003], [93.95, 25.950000000000003], [93.95, 26.000000000000004], [93.9, 26.000000000000004], [93.9, 25.950000000000003]]]}, "properties": {"cell_id": "1878_519", "state": "Assam", "district": "Golaghat", "samples": 1, "events": 0, "risk_index": 0.0, "severity": "Low", "mean_slope_deg": 0.54, "mean_relief_500m_m": 14.6, "mean_rain_30d_mm": 103.6}}, {"type": "Feature", "geometry": {"type": "Polygon", "coordinates": [[[93.9, 27.1], [93.95, 27.1], [93.95, 27.150000000000002], [93.9, 27.150000000000002], [93.9, 27.1]]]}, "properties": {"cell_id": "1878_542", "state": "Assam", "district": "Lakhimpur", "samples": 1, "events": 0, "risk_index": 0.0, "severity": "Low", "mean_slope_deg": 0.19, "mean_relief_500m_m": 7.8, "mean_rain_30d_mm": 417.3}}, {"type": "Feature", "geometry": {"type": "Polygon", "coordinates": [[[93.9, 27.55], [93.95, 27.55], [93.95, 27.6], [93.9, 27.6], [93.9, 27.55]]]}, "properties": {"cell_id": "1878_551", "state": "Arunachal Pradesh", "district": "Lower Subansiri", "samples": 1, "events": 0, "risk_index": 0.0, "severity": "Low", "mean_slope_deg": 16.99, "mean_relief_500m_m": 309.2, "mean_rain_30d_mm": 195.5}}, {"type": "Feature", "geometry": {"type": "Polygon", "coordinates": [[[93.9, 27.8], [93.95, 27.8], [93.95, 27.85], [93.9, 27.85], [93.9, 27.8]]]}, "properties": {"cell_id": "1878_556", "state": "Arunachal Pradesh", "district": "Lower Subansiri", "samples": 1, "events": 0, "risk_index": 0.0, "severity": "Low", "mean_slope_deg": 24.33, "mean_relief_500m_m": 534.3, "mean_rain_30d_mm": 285.2}}, {"type": "Feature", "geometry": {"type": "Polygon", "coordinates": [[[93.95, 24.0], [94.0, 24.0], [94.0, 24.05], [93.95, 24.05], [93.95, 24.0]]]}, "properties": {"cell_id": "1879_480", "state": "Manipur", "district": "Chandel", "samples": 1, "events": 1, "risk_index": 1.0, "severity": "High", "mean_slope_deg": 29.24, "mean_relief_500m_m": 449.3, "mean_rain_30d_mm": 388.0}}, {"type": "Feature", "geometry": {"type": "Polygon", "coordinates": [[[93.95, 24.05], [94.0, 24.05], [94.0, 24.1], [93.95, 24.1], [93.95, 24.05]]]}, "properties": {"cell_id": "1879_481", "state": "Manipur", "district": "Chandel", "samples": 1, "events": 0, "risk_index": 0.0, "severity": "Low", "mean_slope_deg": 26.43, "mean_relief_500m_m": 416.8, "mean_rain_30d_mm": 0.0}}, {"type": "Feature", "geometry": {"type": "Polygon", "coordinates": [[[93.95, 24.5], [94.0, 24.5], [94.0, 24.55], [93.95, 24.55], [93.95, 24.5]]]}, "properties": {"cell_id": "1879_490", "state": "Manipur", "district": "Thoubal", "samples": 1, "events": 0, "risk_index": 0.0, "severity": "Low", "mean_slope_deg": 0.74, "mean_relief_500m_m": 10.6, "mean_rain_30d_mm": 319.9}}, {"type": "Feature", "geometry": {"type": "Polygon", "coordinates": [[[93.95, 24.650000000000002], [94.0, 24.650000000000002], [94.0, 24.700000000000003], [93.95, 24.700000000000003], [93.95, 24.650000000000002]]]}, "properties": {"cell_id": "1879_493", "state": "Manipur", "district": "Thoubal", "samples": 1, "events": 1, "risk_index": 1.0, "severity": "High", "mean_slope_deg": 0.12, "mean_relief_500m_m": 5.6, "mean_rain_30d_mm": 136.2}}, {"type": "Feature", "geometry": {"type": "Polygon", "coordinates": [[[93.95, 25.05], [94.0, 25.05], [94.0, 25.1], [93.95, 25.1], [93.95, 25.05]]]}, "properties": {"cell_id": "1879_501", "state": "Manipur", "district": "Senapati", "samples": 1, "events": 1, "risk_index": 1.0, "severity": "High", "mean_slope_deg": 32.02, "mean_relief_500m_m": 356.0, "mean_rain_30d_mm": 266.6}}, {"type": "Feature", "geometry": {"type": "Polygon", "coordinates": [[[93.95, 25.1], [94.0, 25.1], [94.0, 25.150000000000002], [93.95, 25.150000000000002], [93.95, 25.1]]]}, "properties": {"cell_id": "1879_502", "state": "Manipur", "district": "Senapati", "samples": 1, "events": 1, "risk_index": 1.0, "severity": "High", "mean_slope_deg": 1.35, "mean_relief_500m_m": 99.2, "mean_rain_30d_mm": 320.0}}, {"type": "Feature", "geometry": {"type": "Polygon", "coordinates": [[[93.95, 25.150000000000002], [94.0, 25.150000000000002], [94.0, 25.200000000000003], [93.95, 25.200000000000003], [93.95, 25.150000000000002]]]}, "properties": {"cell_id": "1879_503", "state": "Manipur", "district": "Senapati", "samples": 1, "events": 0, "risk_index": 0.0, "severity": "Low", "mean_slope_deg": 12.97, "mean_relief_500m_m": 171.8, "mean_rain_30d_mm": 297.1}}, {"type": "Feature", "geometry": {"type": "Polygon", "coordinates": [[[93.95, 25.450000000000003], [94.0, 25.450000000000003], [94.0, 25.500000000000004], [93.95, 25.500000000000004], [93.95, 25.450000000000003]]]}, "properties": {"cell_id": "1879_509", "state": "Manipur", "district": "Senapati", "samples": 1, "events": 1, "risk_index": 1.0, "severity": "High", "mean_slope_deg": 27.94, "mean_relief_500m_m": 460.7, "mean_rain_30d_mm": 310.6}}, {"type": "Feature", "geometry": {"type": "Polygon", "coordinates": [[[93.95, 25.5], [94.0, 25.5], [94.0, 25.55], [93.95, 25.55], [93.95, 25.5]]]}, "properties": {"cell_id": "1879_510", "state": "Manipur", "district": "Senapati", "samples": 1, "events": 1, "risk_index": 1.0, "severity": "High", "mean_slope_deg": 14.97, "mean_relief_500m_m": 433.9, "mean_rain_30d_mm": 310.6}}, {"type": "Feature", "geometry": {"type": "Polygon", "coordinates": [[[93.95, 25.85], [94.0, 25.85], [94.0, 25.900000000000002], [93.95, 25.900000000000002], [93.95, 25.85]]]}, "properties": {"cell_id": "1879_517", "state": "Nagaland", "district": "Dimapur", "samples": 1, "events": 0, "risk_index": 0.0, "severity": "Low", "mean_slope_deg": 16.94, "mean_relief_500m_m": 331.9, "mean_rain_30d_mm": 137.2}}, {"type": "Feature", "geometry": {"type": "Polygon", "coordinates": [[[93.95, 27.5], [94.0, 27.5], [94.0, 27.55], [93.95, 27.55], [93.95, 27.5]]]}, "properties": {"cell_id": "1879_550", "state": "Arunachal Pradesh", "district": "Lower Subansiri", "samples": 1, "events": 0, "risk_index": 0.0, "severity": "Low", "mean_slope_deg": 22.96, "mean_relief_500m_m": 196.1, "mean_rain_30d_mm": 101.3}}, {"type": "Feature", "geometry": {"type": "Polygon", "coordinates": [[[94.0, 24.200000000000003], [94.05, 24.200000000000003], [94.05, 24.250000000000004], [94.0, 24.250000000000004], [94.0, 24.200000000000003]]]}, "properties": {"cell_id": "1880_484", "state": "Manipur", "district": "Chandel", "samples": 2, "events": 0, "risk_index": 0.0, "severity": "Low", "mean_slope_deg": 32.65, "mean_relief_500m_m": 345.3, "mean_rain_30d_mm": 304.7}}, {"type": "Feature", "geometry": {"type": "Polygon", "coordinates": [[[94.0, 24.85], [94.05, 24.85], [94.05, 24.900000000000002], [94.0, 24.900000000000002], [94.0, 24.85]]]}, "properties": {"cell_id": "1880_497", "state": "Manipur", "district": "East Imphal", "samples": 1, "events": 0, "risk_index": 0.0, "severity": "Low", "mean_slope_deg": 0.14, "mean_relief_500m_m": 6.5, "mean_rain_30d_mm": 117.2}}, {"type": "Feature", "geometry": {"type": "Polygon", "coordinates": [[[94.0, 24.900000000000002], [94.05, 24.900000000000002], [94.05, 24.950000000000003], [94.0, 24.950000000000003], [94.0, 24.900000000000002]]]}, "properties": {"cell_id": "1880_498", "state": "Manipur", "district": "East Imphal", "samples": 1, "events": 0, "risk_index": 0.0, "severity": "Low", "mean_slope_deg": 23.12, "mean_relief_500m_m": 326.0, "mean_rain_30d_mm": 301.2}}, {"type": "Feature", "geometry": {"type": "Polygon", "coordinates": [[[94.0, 25.0], [94.05, 25.0], [94.05, 25.05], [94.0, 25.05], [94.0, 25.0]]]}, "properties": {"cell_id": "1880_500", "state": "Manipur", "district": "Senapati", "samples": 1, "events": 1, "risk_index": 1.0, "severity": "High", "mean_slope_deg": 19.12, "mean_relief_500m_m": 149.1, "mean_rain_30d_mm": 300.1}}, {"type": "Feature", "geometry": {"type": "Polygon", "coordinates": [[[94.0, 25.25], [94.05, 25.25], [94.05, 25.3], [94.0, 25.3], [94.0, 25.25]]]}, "properties": {"cell_id": "1880_505", "state": "Manipur", "district": "Senapati", "samples": 1, "events": 1, "risk_index": 1.0, "severity": "High", "mean_slope_deg": 6.33, "mean_relief_500m_m": 127.7, "mean_rain_30d_mm": 278.1}}, {"type": "Feature", "geometry": {"type": "Polygon", "coordinates": [[[94.0, 25.3], [94.05, 25.3], [94.05, 25.35], [94.0, 25.35], [94.0, 25.3]]]}, "properties": {"cell_id": "1880_506", "state": "Manipur", "district": "Senapati", "samples": 3, "events": 2, "risk_index": 0.6667, "severity": "High", "mean_slope_deg": 14.57, "mean_relief_500m_m": 195.5, "mean_rain_30d_mm": 262.4}}, {"type": "Feature", "geometry": {"type": "Polygon", "coordinates": [[[94.0, 25.400000000000002], [94.05, 25.400000000000002], [94.05, 25.450000000000003], [94.0, 25.450000000000003], [94.0, 25.400000000000002]]]}, "properties": {"cell_id": "1880_508", "state": "Manipur", "district": "Senapati", "samples": 1, "events": 1, "risk_index": 1.0, "severity": "High", "mean_slope_deg": 26.8, "mean_relief_500m_m": 452.9, "mean_rain_30d_mm": 310.6}}, {"type": "Feature", "geometry": {"type": "Polygon", "coordinates": [[[94.0, 25.650000000000002], [94.05, 25.650000000000002], [94.05, 25.700000000000003], [94.0, 25.700000000000003], [94.0, 25.650000000000002]]]}, "properties": {"cell_id": "1880_513", "state": "Nagaland", "district": "Kohima", "samples": 1, "events": 0, "risk_index": 0.0, "severity": "Low", "mean_slope_deg": 23.74, "mean_relief_500m_m": 454.5, "mean_rain_30d_mm": 362.0}}, {"type": "Feature", "geometry": {"type": "Polygon", "coordinates": [[[94.0, 25.700000000000003], [94.05, 25.700000000000003], [94.05, 25.750000000000004], [94.0, 25.750000000000004], [94.0, 25.700000000000003]]]}, "properties": {"cell_id": "1880_514", "state": "Nagaland", "district": "Kohima", "samples": 3, "events": 3, "risk_index": 1.0, "severity": "High", "mean_slope_deg": 16.64, "mean_relief_500m_m": 286.2, "mean_rain_30d_mm": 305.5}}, {"type": "Feature", "geometry": {"type": "Polygon", "coordinates": [[[94.0, 26.85], [94.05, 26.85], [94.05, 26.900000000000002], [94.0, 26.900000000000002], [94.0, 26.85]]]}, "properties": {"cell_id": "1880_537", "state": "Assam", "district": "Jorhat", "samples": 1, "events": 0, "risk_index": 0.0, "severity": "Low", "mean_slope_deg": 0.17, "mean_relief_500m_m": 0.5, "mean_rain_30d_mm": 461.7}}, {"type": "Feature", "geometry": {"type": "Polygon", "coordinates": [[[94.0, 27.1], [94.05, 27.1], [94.05, 27.150000000000002], [94.0, 27.150000000000002], [94.0, 27.1]]]}, "properties": {"cell_id": "1880_542", "state": "Assam", "district": "Lakhimpur", "samples": 1, "events": 0, "risk_index": 0.0, "severity": "Low", "mean_slope_deg": 0.66, "mean_relief_500m_m": 4.8, "mean_rain_30d_mm": 503.2}}, {"type": "Feature", "geometry": {"type": "Polygon", "coordinates": [[[94.0, 27.150000000000002], [94.05, 27.150000000000002], [94.05, 27.200000000000003], [94.0, 27.200000000000003], [94.0, 27.150000000000002]]]}, "properties": {"cell_id": "1880_543", "state": "Assam", "district": "Lakhimpur", "samples": 1, "events": 1, "risk_index": 1.0, "severity": "High", "mean_slope_deg": 0.8, "mean_relief_500m_m": 7.8, "mean_rain_30d_mm": 389.4}}, {"type": "Feature", "geometry": {"type": "Polygon", "coordinates": [[[94.0, 27.5], [94.05, 27.5], [94.05, 27.55], [94.0, 27.55], [94.0, 27.5]]]}, "properties": {"cell_id": "1880_550", "state": "Arunachal Pradesh", "district": "Lower Subansiri", "samples": 2, "events": 0, "risk_index": 0.0, "severity": "Low", "mean_slope_deg": 26.03, "mean_relief_500m_m": 381.8, "mean_rain_30d_mm": 686.6}}, {"type": "Feature", "geometry": {"type": "Polygon", "coordinates": [[[94.0, 27.75], [94.05, 27.75], [94.05, 27.8], [94.0, 27.8], [94.0, 27.75]]]}, "properties": {"cell_id": "1880_555", "state": "Arunachal Pradesh", "district": "Lower Subansiri", "samples": 1, "events": 0, "risk_index": 0.0, "severity": "Low", "mean_slope_deg": 41.58, "mean_relief_500m_m": 420.7, "mean_rain_30d_mm": 692.3}}, {"type": "Feature", "geometry": {"type": "Polygon", "coordinates": [[[94.05000000000001, 23.900000000000002], [94.10000000000001, 23.900000000000002], [94.10000000000001, 23.950000000000003], [94.05000000000001, 23.950000000000003], [94.05000000000001, 23.900000000000002]]]}, "properties": {"cell_id": "1881_478", "state": "Manipur", "district": "Chandel", "samples": 1, "events": 1, "risk_index": 1.0, "severity": "High", "mean_slope_deg": 7.78, "mean_relief_500m_m": 187.7, "mean_rain_30d_mm": 388.0}}, {"type": "Feature", "geometry": {"type": "Polygon", "coordinates": [[[94.05000000000001, 23.950000000000003], [94.10000000000001, 23.950000000000003], [94.10000000000001, 24.000000000000004], [94.05000000000001, 24.000000000000004], [94.05000000000001, 23.950000000000003]]]}, "properties": {"cell_id": "1881_479", "state": "Manipur", "district": "Chandel", "samples": 1, "events": 1, "risk_index": 1.0, "severity": "High", "mean_slope_deg": 20.58, "mean_relief_500m_m": 295.8, "mean_rain_30d_mm": 388.0}}, {"type": "Feature", "geometry": {"type": "Polygon", "coordinates": [[[94.05000000000001, 24.200000000000003], [94.10000000000001, 24.200000000000003], [94.10000000000001, 24.250000000000004], [94.05000000000001, 24.250000000000004], [94.05000000000001, 24.200000000000003]]]}, "properties": {"cell_id": "1881_484", "state": "Manipur", "district": "Chandel", "samples": 1, "events": 1, "risk_index": 1.0, "severity": "High", "mean_slope_deg": 32.13, "mean_relief_500m_m": 434.2, "mean_rain_30d_mm": 226.0}}, {"type": "Feature", "geometry": {"type": "Polygon", "coordinates": [[[94.05000000000001, 24.400000000000002], [94.10000000000001, 24.400000000000002], [94.10000000000001, 24.450000000000003], [94.05000000000001, 24.450000000000003], [94.05000000000001, 24.400000000000002]]]}, "properties": {"cell_id": "1881_488", "state": "Manipur", "district": "Chandel", "samples": 3, "events": 3, "risk_index": 1.0, "severity": "High", "mean_slope_deg": 16.21, "mean_relief_500m_m": 236.4, "mean_rain_30d_mm": 336.5}}, {"type": "Feature", "geometry": {"type": "Polygon", "coordinates": [[[94.05000000000001, 24.5], [94.10000000000001, 24.5], [94.10000000000001, 24.55], [94.05000000000001, 24.55], [94.05000000000001, 24.5]]]}, "properties": {"cell_id": "1881_490", "state": "Manipur", "district": "Chandel", "samples": 1, "events": 0, "risk_index": 0.0, "severity": "Low", "mean_slope_deg": 2.51, "mean_relief_500m_m": 98.4, "mean_rain_30d_mm": 317.0}}, {"type": "Feature", "geometry": {"type": "Polygon", "coordinates": [[[94.05000000000001, 25.35], [94.10000000000001, 25.35], [94.10000000000001, 25.400000000000002], [94.05000000000001, 25.400000000000002], [94.05000000000001, 25.35]]]}, "properties": {"cell_id": "1881_507", "state": "Manipur", "district": "Senapati", "samples": 1, "events": 1, "risk_index": 1.0, "severity": "High", "mean_slope_deg": 20.74, "mean_relief_500m_m": 192.7, "mean_rain_30d_mm": 310.6}}, {"type": "Feature", "geometry": {"type": "Polygon", "coordinates": [[[94.05000000000001, 25.55], [94.10000000000001, 25.55], [94.10000000000001, 25.6], [94.05000000000001, 25.6], [94.05000000000001, 25.55]]]}, "properties": {"cell_id": "1881_511", "state": "Nagaland", "district": "Senapati", "samples": 1, "events": 0, "risk_index": 0.0, "severity": "Low", "mean_slope_deg": 1.45, "mean_relief_500m_m": 134.5, "mean_rain_30d_mm": 354.3}}, {"type": "Feature", "geometry": {"type": "Polygon", "coordinates": [[[94.05000000000001, 25.700000000000003], [94.10000000000001, 25.700000000000003], [94.10000000000001, 25.750000000000004], [94.05000000000001, 25.750000000000004], [94.05000000000001, 25.700000000000003]]]}, "properties": {"cell_id": "1881_514", "state": "Nagaland", "district": "Kohima", "samples": 1, "events": 1, "risk_index": 1.0, "severity": "High", "mean_slope_deg": 20.46, "mean_relief_500m_m": 233.4, "mean_rain_30d_mm": 342.1}}, {"type": "Feature", "geometry": {"type": "Polygon", "coordinates": [[[94.05000000000001, 25.85], [94.10000000000001, 25.85], [94.10000000000001, 25.900000000000002], [94.05000000000001, 25.900000000000002], [94.05000000000001, 25.85]]]}, "properties": {"cell_id": "1881_517", "state": "Nagaland", "district": "Kohima", "samples": 1, "events": 0, "risk_index": 0.0, "severity": "Low", "mean_slope_deg": 18.5, "mean_relief_500m_m": 310.1, "mean_rain_30d_mm": 377.5}}, {"type": "Feature", "geometry": {"type": "Polygon", "coordinates": [[[94.05000000000001, 25.900000000000002], [94.10000000000001, 25.900000000000002], [94.10000000000001, 25.950000000000003], [94.05000000000001, 25.950000000000003], [94.05000000000001, 25.900000000000002]]]}, "properties": {"cell_id": "1881_518", "state": "Nagaland", "district": "Kohima", "samples": 1, "events": 0, "risk_index": 0.0, "severity": "Low", "mean_slope_deg": 14.94, "mean_relief_500m_m": 211.7, "mean_rain_30d_mm": 179.7}}, {"type": "Feature", "geometry": {"type": "Polygon", "coordinates": [[[94.05000000000001, 25.950000000000003], [94.10000000000001, 25.950000000000003], [94.10000000000001, 26.000000000000004], [94.05000000000001, 26.000000000000004], [94.05000000000001, 25.950000000000003]]]}, "properties": {"cell_id": "1881_519", "state": "Nagaland", "district": "Wokha", "samples": 1, "events": 0, "risk_index": 0.0, "severity": "Low", "mean_slope_deg": 7.59, "mean_relief_500m_m": 244.0, "mean_rain_30d_mm": 417.0}}, {"type": "Feature", "geometry": {"type": "Polygon", "coordinates": [[[94.05000000000001, 26.900000000000002], [94.10000000000001, 26.900000000000002], [94.10000000000001, 26.950000000000003], [94.05000000000001, 26.950000000000003], [94.05000000000001, 26.900000000000002]]]}, "properties": {"cell_id": "1881_538", "state": "Assam", "district": "Jorhat", "samples": 1, "events": 0, "risk_index": 0.0, "severity": "Low", "mean_slope_deg": 0.42, "mean_relief_500m_m": 10.8, "mean_rain_30d_mm": 314.4}}, {"type": "Feature", "geometry": {"type": "Polygon", "coordinates": [[[94.05000000000001, 27.200000000000003], [94.10000000000001, 27.200000000000003], [94.10000000000001, 27.250000000000004], [94.05000000000001, 27.250000000000004], [94.05000000000001, 27.200000000000003]]]}, "properties": {"cell_id": "1881_544", "state": "Assam", "district": "Lakhimpur", "samples": 1, "events": 1, "risk_index": 1.0, "severity": "High", "mean_slope_deg": 0.07, "mean_relief_500m_m": 8.7, "mean_rain_30d_mm": 640.0}}, {"type": "Feature", "geometry": {"type": "Polygon", "coordinates": [[[94.05000000000001, 27.950000000000003], [94.10000000000001, 27.950000000000003], [94.10000000000001, 28.000000000000004], [94.05000000000001, 28.000000000000004], [94.05000000000001, 27.950000000000003]]]}, "properties": {"cell_id": "1881_559", "state": "Arunachal Pradesh", "district": "Upper Subansiri", "samples": 1, "events": 0, "risk_index": 0.0, "severity": "Low", "mean_slope_deg": 25.58, "mean_relief_500m_m": 368.3, "mean_rain_30d_mm": 556.3}}, {"type": "Feature", "geometry": {"type": "Polygon", "coordinates": [[[94.05000000000001, 28.150000000000002], [94.10000000000001, 28.150000000000002], [94.10000000000001, 28.200000000000003], [94.05000000000001, 28.200000000000003], [94.05000000000001, 28.150000000000002]]]}, "properties": {"cell_id": "1881_563", "state": "Arunachal Pradesh", "district": "Upper Subansiri", "samples": 1, "events": 0, "risk_index": 0.0, "severity": "Low", "mean_slope_deg": 38.12, "mean_relief_500m_m": 361.3, "mean_rain_30d_mm": 230.4}}, {"type": "Feature", "geometry": {"type": "Polygon", "coordinates": [[[94.05000000000001, 28.450000000000003], [94.10000000000001, 28.450000000000003], [94.10000000000001, 28.500000000000004], [94.05000000000001, 28.500000000000004], [94.05000000000001, 28.450000000000003]]]}, "properties": {"cell_id": "1881_569", "state": "Arunachal Pradesh", "district": "Upper Subansiri", "samples": 1, "events": 0, "risk_index": 0.0, "severity": "Low", "mean_slope_deg": 9.44, "mean_relief_500m_m": 539.7, "mean_rain_30d_mm": 446.9}}, {"type": "Feature", "geometry": {"type": "Polygon", "coordinates": [[[94.10000000000001, 23.85], [94.15, 23.85], [94.15, 23.900000000000002], [94.10000000000001, 23.900000000000002], [94.10000000000001, 23.85]]]}, "properties": {"cell_id": "1882_477", "state": "Manipur", "district": "", "samples": 1, "events": 0, "risk_index": 0.0, "severity": "Low", "mean_slope_deg": 15.99, "mean_relief_500m_m": 277.2, "mean_rain_30d_mm": 0.0}}, {"type": "Feature", "geometry": {"type": "Polygon", "coordinates": [[[94.10000000000001, 23.900000000000002], [94.15, 23.900000000000002], [94.15, 23.950000000000003], [94.10000000000001, 23.950000000000003], [94.10000000000001, 23.900000000000002]]]}, "properties": {"cell_id": "1882_478", "state": "Manipur", "district": "Chandel", "samples": 2, "events": 0, "risk_index": 0.0, "severity": "Low", "mean_slope_deg": 21.21, "mean_relief_500m_m": 272.5, "mean_rain_30d_mm": 307.4}}, {"type": "Feature", "geometry": {"type": "Polygon", "coordinates": [[[94.10000000000001, 24.1], [94.15, 24.1], [94.15, 24.150000000000002], [94.10000000000001, 24.150000000000002], [94.10000000000001, 24.1]]]}, "properties": {"cell_id": "1882_482", "state": "Manipur", "district": "Chandel", "samples": 1, "events": 1, "risk_index": 1.0, "severity": "High", "mean_slope_deg": 24.57, "mean_relief_500m_m": 208.5, "mean_rain_30d_mm": 388.0}}, {"type": "Feature", "geometry": {"type": "Polygon", "coordinates": [[[94.10000000000001, 24.150000000000002], [94.15, 24.150000000000002], [94.15, 24.200000000000003], [94.10000000000001, 24.200000000000003], [94.10000000000001, 24.150000000000002]]]}, "properties": {"cell_id": "1882_483", "state": "Manipur", "district": "Chandel", "samples": 1, "events": 1, "risk_index": 1.0, "severity": "High", "mean_slope_deg": 24.11, "mean_relief_500m_m": 286.7, "mean_rain_30d_mm": 388.0}}, {"type": "Feature", "geometry": {"type": "Polygon", "coordinates": [[[94.10000000000001, 24.25], [94.15, 24.25], [94.15, 24.3], [94.10000000000001, 24.3], [94.10000000000001, 24.25]]]}, "properties": {"cell_id": "1882_485", "state": "Manipur", "district": "Chandel", "samples": 1, "events": 0, "risk_index": 0.0, "severity": "Low", "mean_slope_deg": 21.07, "mean_relief_500m_m": 365.9, "mean_rain_30d_mm": 278.8}}, {"type": "Feature", "geometry": {"type": "Polygon", "coordinates": [[[94.10000000000001, 24.950000000000003], [94.15, 24.950000000000003], [94.15, 25.000000000000004], [94.10000000000001, 25.000000000000004], [94.10000000000001, 24.950000000000003]]]}, "properties": {"cell_id": "1882_499", "state": "Manipur", "district": "Senapati", "samples": 1, "events": 0, "risk_index": 0.0, "severity": "Low", "mean_slope_deg": 18.86, "mean_relief_500m_m": 195.5, "mean_rain_30d_mm": 295.1}}, {"type": "Feature", "geometry": {"type": "Polygon", "coordinates": [[[94.10000000000001, 25.05], [94.15, 25.05], [94.15, 25.1], [94.10000000000001, 25.1], [94.10000000000001, 25.05]]]}, "properties": {"cell_id": "1882_501", "state": "Manipur", "district": "Senapati", "samples": 1, "events": 0, "risk_index": 0.0, "severity": "Low", "mean_slope_deg": 24.77, "mean_relief_500m_m": 299.0, "mean_rain_30d_mm": 117.2}}, {"type": "Feature", "geometry": {"type": "Polygon", "coordinates": [[[94.10000000000001, 25.400000000000002], [94.15, 25.400000000000002], [94.15, 25.450000000000003], [94.10000000000001, 25.450000000000003], [94.10000000000001, 25.400000000000002]]]}, "properties": {"cell_id": "1882_508", "state": "Manipur", "district": "Senapati", "samples": 4, "events": 4, "risk_index": 1.0, "severity": "High", "mean_slope_deg": 15.05, "mean_relief_500m_m": 237.4, "mean_rain_30d_mm": 294.0}}, {"type": "Feature", "geometry": {"type": "Polygon", "coordinates": [[[94.10000000000001, 25.450000000000003], [94.15, 25.450000000000003], [94.15, 25.500000000000004], [94.10000000000001, 25.500000000000004], [94.10000000000001, 25.450000000000003]]]}, "properties": {"cell_id": "1882_509", "state": "Manipur", "district": "Senapati", "samples": 5, "events": 5, "risk_index": 1.0, "severity": "High", "mean_slope_deg": 16.27, "mean_relief_500m_m": 240.2, "mean_rain_30d_mm": 336.1}}, {"type": "Feature", "geometry": {"type": "Polygon", "coordinates": [[[94.10000000000001, 25.55], [94.15, 25.55], [94.15, 25.6], [94.10000000000001, 25.6], [94.10000000000001, 25.55]]]}, "properties": {"cell_id": "1882_511", "state": "Nagaland", "district": "Kohima", "samples": 1, "events": 1, "risk_index": 1.0, "severity": "High", "mean_slope_deg": 11.67, "mean_relief_500m_m": 559.3, "mean_rain_30d_mm": 313.6}}, {"type": "Feature", "geometry": {"type": "Polygon", "coordinates": [[[94.10000000000001, 25.6], [94.15, 25.6], [94.15, 25.650000000000002], [94.10000000000001, 25.650000000000002], [94.10000000000001, 25.6]]]}, "properties": {"cell_id": "1882_512", "state": "Nagaland", "district": "Kohima", "samples": 8, "events": 8, "risk_index": 1.0, "severity": "High", "mean_slope_deg": 16.93, "mean_relief_500m_m": 342.1, "mean_rain_30d_mm": 281.0}}, {"type": "Feature", "geometry": {"type": "Polygon", "coordinates": [[[94.10000000000001, 25.650000000000002], [94.15, 25.650000000000002], [94.15, 25.700000000000003], [94.10000000000001, 25.700000000000003], [94.10000000000001, 25.650000000000002]]]}, "properties": {"cell_id": "1882_513", "state": "Nagaland", "district": "Kohima", "samples": 5, "events": 5, "risk_index": 1.0, "severity": "High", "mean_slope_deg": 10.33, "mean_relief_500m_m": 173.3, "mean_rain_30d_mm": 324.8}}, {"type": "Feature", "geometry": {"type": "Polygon", "coordinates": [[[94.10000000000001, 25.75], [94.15, 25.75], [94.15, 25.8], [94.10000000000001, 25.8], [94.10000000000001, 25.75]]]}, "properties": {"cell_id": "1882_515", "state": "Nagaland", "district": "Kohima", "samples": 1, "events": 1, "risk_index": 1.0, "severity": "High", "mean_slope_deg": 12.4, "mean_relief_500m_m": 189.7, "mean_rain_30d_mm": 306.1}}, {"type": "Feature", "geometry": {"type": "Polygon", "coordinates": [[[94.10000000000001, 25.8], [94.15, 25.8], [94.15, 25.85], [94.10000000000001, 25.85], [94.10000000000001, 25.8]]]}, "properties": {"cell_id": "1882_516", "state": "Nagaland", "district": "Kohima", "samples": 2, "events": 2, "risk_index": 1.0, "severity": "High", "mean_slope_deg": 11.29, "mean_relief_500m_m": 212.3, "mean_rain_30d_mm": 226.3}}, {"type": "Feature", "geometry": {"type": "Polygon", "coordinates": [[[94.10000000000001, 26.1], [94.15, 26.1], [94.15, 26.150000000000002], [94.10000000000001, 26.150000000000002], [94.10000000000001, 26.1]]]}, "properties": {"cell_id": "1882_522", "state": "Nagaland", "district": "Wokha", "samples": 1, "events": 0, "risk_index": 0.0, "severity": "Low", "mean_slope_deg": 12.83, "mean_relief_500m_m": 344.0, "mean_rain_30d_mm": 180.7}}, {"type": "Feature", "geometry": {"type": "Polygon", "coordinates": [[[94.10000000000001, 26.900000000000002], [94.15, 26.900000000000002], [94.15, 26.950000000000003], [94.10000000000001, 26.950000000000003], [94.10000000000001, 26.900000000000002]]]}, "properties": {"cell_id": "1882_538", "state": "Assam", "district": "Jorhat", "samples": 1, "events": 0, "risk_index": 0.0, "severity": "Low", "mean_slope_deg": 1.53, "mean_relief_500m_m": 10.0, "mean_rain_30d_mm": 429.1}}, {"type": "Feature", "geometry": {"type": "Polygon", "coordinates": [[[94.10000000000001, 27.200000000000003], [94.15, 27.200000000000003], [94.15, 27.250000000000004], [94.10000000000001, 27.250000000000004], [94.10000000000001, 27.200000000000003]]]}, "properties": {"cell_id": "1882_544", "state": "Assam", "district": "Lakhimpur", "samples": 1, "events": 1, "risk_index": 1.0, "severity": "High", "mean_slope_deg": 0.18, "mean_relief_500m_m": 13.5, "mean_rain_30d_mm": 141.6}}, {"type": "Feature", "geometry": {"type": "Polygon", "coordinates": [[[94.10000000000001, 27.450000000000003], [94.15, 27.450000000000003], [94.15, 27.500000000000004], [94.10000000000001, 27.500000000000004], [94.10000000000001, 27.450000000000003]]]}, "properties": {"cell_id": "1882_549", "state": "Arunachal Pradesh", "district": "Papum Pare", "samples": 2, "events": 0, "risk_index": 0.0, "severity": "Low", "mean_slope_deg": 23.34, "mean_relief_500m_m": 367.0, "mean_rain_30d_mm": 247.6}}, {"type": "Feature", "geometry": {"type": "Polygon", "coordinates": [[[94.10000000000001, 27.55], [94.15, 27.55], [94.15, 27.6], [94.10000000000001, 27.6], [94.10000000000001, 27.55]]]}, "properties": {"cell_id": "1882_551", "state": "Arunachal Pradesh", "district": "Lower Subansiri", "samples": 1, "events": 0, "risk_index": 0.0, "severity": "Low", "mean_slope_deg": 39.41, "mean_relief_500m_m": 679.3, "mean_rain_30d_mm": 1064.8}}, {"type": "Feature", "geometry": {"type": "Polygon", "coordinates": [[[94.10000000000001, 27.85], [94.15, 27.85], [94.15, 27.900000000000002], [94.10000000000001, 27.900000000000002], [94.10000000000001, 27.85]]]}, "properties": {"cell_id": "1882_557", "state": "Arunachal Pradesh", "district": "Lower Subansiri", "samples": 1, "events": 0, "risk_index": 0.0, "severity": "Low", "mean_slope_deg": 34.88, "mean_relief_500m_m": 560.5, "mean_rain_30d_mm": 673.6}}, {"type": "Feature", "geometry": {"type": "Polygon", "coordinates": [[[94.10000000000001, 28.1], [94.15, 28.1], [94.15, 28.150000000000002], [94.10000000000001, 28.150000000000002], [94.10000000000001, 28.1]]]}, "properties": {"cell_id": "1882_562", "state": "Arunachal Pradesh", "district": "Upper Subansiri", "samples": 1, "events": 0, "risk_index": 0.0, "severity": "Low", "mean_slope_deg": 52.91, "mean_relief_500m_m": 573.5, "mean_rain_30d_mm": 300.3}}, {"type": "Feature", "geometry": {"type": "Polygon", "coordinates": [[[94.10000000000001, 28.35], [94.15, 28.35], [94.15, 28.400000000000002], [94.10000000000001, 28.400000000000002], [94.10000000000001, 28.35]]]}, "properties": {"cell_id": "1882_567", "state": "Arunachal Pradesh", "district": "Upper Subansiri", "samples": 1, "events": 0, "risk_index": 0.0, "severity": "Low", "mean_slope_deg": 32.02, "mean_relief_500m_m": 504.2, "mean_rain_30d_mm": 585.6}}, {"type": "Feature", "geometry": {"type": "Polygon", "coordinates": [[[94.10000000000001, 28.6], [94.15, 28.6], [94.15, 28.650000000000002], [94.10000000000001, 28.650000000000002], [94.10000000000001, 28.6]]]}, "properties": {"cell_id": "1882_572", "state": "Arunachal Pradesh", "district": "West Siang", "samples": 1, "events": 0, "risk_index": 0.0, "severity": "Low", "mean_slope_deg": 17.04, "mean_relief_500m_m": 293.5, "mean_rain_30d_mm": 807.9}}, {"type": "Feature", "geometry": {"type": "Polygon", "coordinates": [[[94.15, 24.400000000000002], [94.2, 24.400000000000002], [94.2, 24.450000000000003], [94.15, 24.450000000000003], [94.15, 24.400000000000002]]]}, "properties": {"cell_id": "1883_488", "state": "Manipur", "district": "Chandel", "samples": 1, "events": 1, "risk_index": 1.0, "severity": "High", "mean_slope_deg": 5.16, "mean_relief_500m_m": 274.7, "mean_rain_30d_mm": 388.0}}, {"type": "Feature", "geometry": {"type": "Polygon", "coordinates": [[[94.15, 25.35], [94.2, 25.35], [94.2, 25.400000000000002], [94.15, 25.400000000000002], [94.15, 25.35]]]}, "properties": {"cell_id": "1883_507", "state": "Manipur", "district": "Senapati", "samples": 1, "events": 1, "risk_index": 1.0, "severity": "High", "mean_slope_deg": 11.78, "mean_relief_500m_m": 277.1, "mean_rain_30d_mm": 280.4}}, {"type": "Feature", "geometry": {"type": "Polygon", "coordinates": [[[94.15, 25.85], [94.2, 25.85], [94.2, 25.900000000000002], [94.15, 25.900000000000002], [94.15, 25.85]]]}, "properties": {"cell_id": "1883_517", "state": "Nagaland", "district": "Kohima", "samples": 1, "events": 1, "risk_index": 1.0, "severity": "High", "mean_slope_deg": 13.24, "mean_relief_500m_m": 304.4, "mean_rain_30d_mm": 269.9}}, {"type": "Feature", "geometry": {"type": "Polygon", "coordinates": [[[94.15, 25.900000000000002], [94.2, 25.900000000000002], [94.2, 25.950000000000003], [94.15, 25.950000000000003], [94.15, 25.900000000000002]]]}, "properties": {"cell_id": "1883_518", "state": "Nagaland", "district": "Kohima", "samples": 1, "events": 0, "risk_index": 0.0, "severity": "Low", "mean_slope_deg": 14.51, "mean_relief_500m_m": 275.2, "mean_rain_30d_mm": 419.7}}, {"type": "Feature", "geometry": {"type": "Polygon", "coordinates": [[[94.15, 26.6], [94.2, 26.6], [94.2, 26.650000000000002], [94.15, 26.650000000000002], [94.15, 26.6]]]}, "properties": {"cell_id": "1883_532", "state": "Assam", "district": "Jorhat", "samples": 1, "events": 0, "risk_index": 0.0, "severity": "Low", "mean_slope_deg": 0.7, "mean_relief_500m_m": 11.4, "mean_rain_30d_mm": 222.0}}, {"type": "Feature", "geometry": {"type": "Polygon", "coordinates": [[[94.15, 27.400000000000002], [94.2, 27.400000000000002], [94.2, 27.450000000000003], [94.15, 27.450000000000003], [94.15, 27.400000000000002]]]}, "properties": {"cell_id": "1883_548", "state": "Assam", "district": "Lakhimpur", "samples": 1, "events": 0, "risk_index": 0.0, "severity": "Low", "mean_slope_deg": 0.05, "mean_relief_500m_m": 7.3, "mean_rain_30d_mm": 517.3}}, {"type": "Feature", "geometry": {"type": "Polygon", "coordinates": [[[94.15, 28.200000000000003], [94.2, 28.200000000000003], [94.2, 28.250000000000004], [94.15, 28.250000000000004], [94.15, 28.200000000000003]]]}, "properties": {"cell_id": "1883_564", "state": "Arunachal Pradesh", "district": "Upper Subansiri", "samples": 1, "events": 0, "risk_index": 0.0, "severity": "Low", "mean_slope_deg": 36.11, "mean_relief_500m_m": 446.7, "mean_rain_30d_mm": 234.0}}, {"type": "Feature", "geometry": {"type": "Polygon", "coordinates": [[[94.15, 28.3], [94.2, 28.3], [94.2, 28.35], [94.15, 28.35], [94.15, 28.3]]]}, "properties": {"cell_id": "1883_566", "state": "Arunachal Pradesh", "district": "Upper Subansiri", "samples": 1, "events": 0, "risk_index": 0.0, "severity": "Low", "mean_slope_deg": 27.45, "mean_relief_500m_m": 575.3, "mean_rain_30d_mm": 494.4}}, {"type": "Feature", "geometry": {"type": "Polygon", "coordinates": [[[94.2, 24.5], [94.25, 24.5], [94.25, 24.55], [94.2, 24.55], [94.2, 24.5]]]}, "properties": {"cell_id": "1884_490", "state": "Manipur", "district": "Chandel", "samples": 1, "events": 0, "risk_index": 0.0, "severity": "Low", "mean_slope_deg": 32.18, "mean_relief_500m_m": 423.9, "mean_rain_30d_mm": 290.3}}, {"type": "Feature", "geometry": {"type": "Polygon", "coordinates": [[[94.2, 24.55], [94.25, 24.55], [94.25, 24.6], [94.2, 24.6], [94.2, 24.55]]]}, "properties": {"cell_id": "1884_491", "state": "Manipur", "district": "Chandel", "samples": 1, "events": 0, "risk_index": 0.0, "severity": "Low", "mean_slope_deg": 20.18, "mean_relief_500m_m": 410.9, "mean_rain_30d_mm": 103.6}}, {"type": "Feature", "geometry": {"type": "Polygon", "coordinates": [[[94.2, 24.900000000000002], [94.25, 24.900000000000002], [94.25, 24.950000000000003], [94.2, 24.950000000000003], [94.2, 24.900000000000002]]]}, "properties": {"cell_id": "1884_498", "state": "Manipur", "district": "Ukhrul", "samples": 1, "events": 0, "risk_index": 0.0, "severity": "Low", "mean_slope_deg": 20.19, "mean_relief_500m_m": 267.9, "mean_rain_30d_mm": 305.9}}, {"type": "Feature", "geometry": {"type": "Polygon", "coordinates": [[[94.2, 24.950000000000003], [94.25, 24.950000000000003], [94.25, 25.000000000000004], [94.2, 25.000000000000004], [94.2, 24.950000000000003]]]}, "properties": {"cell_id": "1884_499", "state": "Manipur", "district": "Ukhrul", "samples": 1, "events": 1, "risk_index": 1.0, "severity": "High", "mean_slope_deg": 17.42, "mean_relief_500m_m": 237.7, "mean_rain_30d_mm": 383.0}}, {"type": "Feature", "geometry": {"type": "Polygon", "coordinates": [[[94.2, 25.05], [94.25, 25.05], [94.25, 25.1], [94.2, 25.1], [94.2, 25.05]]]}, "properties": {"cell_id": "1884_501", "state": "Manipur", "district": "Ukhrul", "samples": 1, "events": 0, "risk_index": 0.0, "severity": "Low", "mean_slope_deg": 16.7, "mean_relief_500m_m": 309.0, "mean_rain_30d_mm": 302.8}}, {"type": "Feature", "geometry": {"type": "Polygon", "coordinates": [[[94.2, 25.5], [94.25, 25.5], [94.25, 25.55], [94.2, 25.55], [94.2, 25.5]]]}, "properties": {"cell_id": "1884_510", "state": "Nagaland", "district": "Phek", "samples": 1, "events": 1, "risk_index": 1.0, "severity": "High", "mean_slope_deg": 21.4, "mean_relief_500m_m": 380.9, "mean_rain_30d_mm": 222.2}}, {"type": "Feature", "geometry": {"type": "Polygon", "coordinates": [[[94.2, 26.150000000000002], [94.25, 26.150000000000002], [94.25, 26.200000000000003], [94.2, 26.200000000000003], [94.2, 26.150000000000002]]]}, "properties": {"cell_id": "1884_523", "state": "Nagaland", "district": "Wokha", "samples": 1, "events": 1, "risk_index": 1.0, "severity": "High", "mean_slope_deg": 25.19, "mean_relief_500m_m": 351.9, "mean_rain_30d_mm": 341.2}}, {"type": "Feature", "geometry": {"type": "Polygon", "coordinates": [[[94.2, 26.75], [94.25, 26.75], [94.25, 26.8], [94.2, 26.8], [94.2, 26.75]]]}, "properties": {"cell_id": "1884_535", "state": "Assam", "district": "Jorhat", "samples": 1, "events": 0, "risk_index": 0.0, "severity": "Low", "mean_slope_deg": 1.33, "mean_relief_500m_m": 13.1, "mean_rain_30d_mm": 298.2}}, {"type": "Feature", "geometry": {"type": "Polygon", "coordinates": [[[94.25, 25.25], [94.3, 25.25], [94.3, 25.3], [94.25, 25.3], [94.25, 25.25]]]}, "properties": {"cell_id": "1885_505", "state": "Manipur", "district": "Senapati", "samples": 1, "events": 0, "risk_index": 0.0, "severity": "Low", "mean_slope_deg": 15.25, "mean_relief_500m_m": 259.9, "mean_rain_30d_mm": 272.6}}, {"type": "Feature", "geometry": {"type": "Polygon", "coordinates": [[[94.25, 26.1], [94.3, 26.1], [94.3, 26.150000000000002], [94.25, 26.150000000000002], [94.25, 26.1]]]}, "properties": {"cell_id": "1885_522", "state": "Nagaland", "district": "Wokha", "samples": 1, "events": 1, "risk_index": 1.0, "severity": "High", "mean_slope_deg": 8.97, "mean_relief_500m_m": 281.5, "mean_rain_30d_mm": 299.4}}, {"type": "Feature", "geometry": {"type": "Polygon", "coordinates": [[[94.25, 27.8], [94.3, 27.8], [94.3, 27.85], [94.25, 27.85], [94.25, 27.8]]]}, "properties": {"cell_id": "1885_556", "state": "Arunachal Pradesh", "district": "Lower Subansiri", "samples": 1, "events": 0, "risk_index": 0.0, "severity": "Low", "mean_slope_deg": 36.71, "mean_relief_500m_m": 465.8, "mean_rain_30d_mm": 253.4}}, {"type": "Feature", "geometry": {"type": "Polygon", "coordinates": [[[94.25, 27.85], [94.3, 27.85], [94.3, 27.900000000000002], [94.25, 27.900000000000002], [94.25, 27.85]]]}, "properties": {"cell_id": "1885_557", "state": "Arunachal Pradesh", "district": "Upper Subansiri", "samples": 1, "events": 1, "risk_index": 1.0, "severity": "High", "mean_slope_deg": 27.15, "mean_relief_500m_m": 448.7, "mean_rain_30d_mm": 269.9}}, {"type": "Feature", "geometry": {"type": "Polygon", "coordinates": [[[94.25, 28.55], [94.3, 28.55], [94.3, 28.6], [94.25, 28.6], [94.25, 28.55]]]}, "properties": {"cell_id": "1885_571", "state": "Arunachal Pradesh", "district": "West Siang", "samples": 1, "events": 0, "risk_index": 0.0, "severity": "Low", "mean_slope_deg": 42.13, "mean_relief_500m_m": 710.3, "mean_rain_30d_mm": 214.2}}, {"type": "Feature", "geometry": {"type": "Polygon", "coordinates": [[[94.25, 28.700000000000003], [94.3, 28.700000000000003], [94.3, 28.750000000000004], [94.25, 28.750000000000004], [94.25, 28.700000000000003]]]}, "properties": {"cell_id": "1885_574", "state": "Arunachal Pradesh", "district": "West Siang", "samples": 1, "events": 0, "risk_index": 0.0, "severity": "Low", "mean_slope_deg": 25.01, "mean_relief_500m_m": 309.1, "mean_rain_30d_mm": 282.5}}, {"type": "Feature", "geometry": {"type": "Polygon", "coordinates": [[[94.30000000000001, 25.0], [94.35000000000001, 25.0], [94.35000000000001, 25.05], [94.30000000000001, 25.05], [94.30000000000001, 25.0]]]}, "properties": {"cell_id": "1886_500", "state": "Manipur", "district": "Ukhrul", "samples": 1, "events": 1, "risk_index": 1.0, "severity": "High", "mean_slope_deg": 7.81, "mean_relief_500m_m": 251.7, "mean_rain_30d_mm": 262.1}}, {"type": "Feature", "geometry": {"type": "Polygon", "coordinates": [[[94.30000000000001, 25.05], [94.35000000000001, 25.05], [94.35000000000001, 25.1], [94.30000000000001, 25.1], [94.30000000000001, 25.05]]]}, "properties": {"cell_id": "1886_501", "state": "Manipur", "district": "Ukhrul", "samples": 1, "events": 1, "risk_index": 1.0, "severity": "High", "mean_slope_deg": 23.28, "mean_relief_500m_m": 227.3, "mean_rain_30d_mm": 325.1}}, {"type": "Feature", "geometry": {"type": "Polygon", "coordinates": [[[94.30000000000001, 25.150000000000002], [94.35000000000001, 25.150000000000002], [94.35000000000001, 25.200000000000003], [94.30000000000001, 25.200000000000003], [94.30000000000001, 25.150000000000002]]]}, "properties": {"cell_id": "1886_503", "state": "Manipur", "district": "Ukhrul", "samples": 1, "events": 0, "risk_index": 0.0, "severity": "Low", "mean_slope_deg": 11.33, "mean_relief_500m_m": 248.3, "mean_rain_30d_mm": 117.6}}, {"type": "Feature", "geometry": {"type": "Polygon", "coordinates": [[[94.30000000000001, 26.400000000000002], [94.35000000000001, 26.400000000000002], [94.35000000000001, 26.450000000000003], [94.30000000000001, 26.450000000000003], [94.30000000000001, 26.400000000000002]]]}, "properties": {"cell_id": "1886_528", "state": "Nagaland", "district": "Mokokchung", "samples": 1, "events": 0, "risk_index": 0.0, "severity": "Low", "mean_slope_deg": 9.03, "mean_relief_500m_m": 211.3, "mean_rain_30d_mm": 228.5}}, {"type": "Feature", "geometry": {"type": "Polygon", "coordinates": [[[94.30000000000001, 26.85], [94.35000000000001, 26.85], [94.35000000000001, 26.900000000000002], [94.30000000000001, 26.900000000000002], [94.30000000000001, 26.85]]]}, "properties": {"cell_id": "1886_537", "state": "Assam", "district": "Jorhat", "samples": 1, "events": 0, "risk_index": 0.0, "severity": "Low", "mean_slope_deg": 0.24, "mean_relief_500m_m": 4.1, "mean_rain_30d_mm": 318.2}}, {"type": "Feature", "geometry": {"type": "Polygon", "coordinates": [[[94.30000000000001, 27.0], [94.35000000000001, 27.0], [94.35000000000001, 27.05], [94.30000000000001, 27.05], [94.30000000000001, 27.0]]]}, "properties": {"cell_id": "1886_540", "state": "Assam", "district": "Jorhat", "samples": 1, "events": 0, "risk_index": 0.0, "severity": "Low", "mean_slope_deg": 3.23, "mean_relief_500m_m": 14.2, "mean_rain_30d_mm": 392.7}}, {"type": "Feature", "geometry": {"type": "Polygon", "coordinates": [[[94.30000000000001, 27.1], [94.35000000000001, 27.1], [94.35000000000001, 27.150000000000002], [94.30000000000001, 27.150000000000002], [94.30000000000001, 27.1]]]}, "properties": {"cell_id": "1886_542", "state": "Assam", "district": "Lakhimpur", "samples": 2, "events": 0, "risk_index": 0.0, "severity": "Low", "mean_slope_deg": 0.58, "mean_relief_500m_m": 8.9, "mean_rain_30d_mm": 321.3}}, {"type": "Feature", "geometry": {"type": "Polygon", "coordinates": [[[94.30000000000001, 27.6], [94.35000000000001, 27.6], [94.35000000000001, 27.650000000000002], [94.30000000000001, 27.650000000000002], [94.30000000000001, 27.6]]]}, "properties": {"cell_id": "1886_552", "state": "Arunachal Pradesh", "district": "West Siang", "samples": 1, "events": 0, "risk_index": 0.0, "severity": "Low", "mean_slope_deg": 5.64, "mean_relief_500m_m": 196.3, "mean_rain_30d_mm": 222.0}}, {"type": "Feature", "geometry": {"type": "Polygon", "coordinates": [[[94.30000000000001, 27.700000000000003], [94.35000000000001, 27.700000000000003], [94.35000000000001, 27.750000000000004], [94.30000000000001, 27.750000000000004], [94.30000000000001, 27.700000000000003]]]}, "properties": {"cell_id": "1886_554", "state": "Arunachal Pradesh", "district": "West Siang", "samples": 1, "events": 0, "risk_index": 0.0, "severity": "Low", "mean_slope_deg": 25.87, "mean_relief_500m_m": 300.2, "mean_rain_30d_mm": 484.2}}, {"type": "Feature", "geometry": {"type": "Polygon", "coordinates": [[[94.30000000000001, 27.75], [94.35000000000001, 27.75], [94.35000000000001, 27.8], [94.30000000000001, 27.8], [94.30000000000001, 27.75]]]}, "properties": {"cell_id": "1886_555", "state": "Arunachal Pradesh", "district": "West Siang", "samples": 1, "events": 0, "risk_index": 0.0, "severity": "Low", "mean_slope_deg": 32.05, "mean_relief_500m_m": 712.5, "mean_rain_30d_mm": 271.4}}, {"type": "Feature", "geometry": {"type": "Polygon", "coordinates": [[[94.30000000000001, 27.900000000000002], [94.35000000000001, 27.900000000000002], [94.35000000000001, 27.950000000000003], [94.30000000000001, 27.950000000000003], [94.30000000000001, 27.900000000000002]]]}, "properties": {"cell_id": "1886_558", "state": "Arunachal Pradesh", "district": "Upper Subansiri", "samples": 1, "events": 0, "risk_index": 0.0, "severity": "Low", "mean_slope_deg": 36.62, "mean_relief_500m_m": 413.0, "mean_rain_30d_mm": 662.2}}, {"type": "Feature", "geometry": {"type": "Polygon", "coordinates": [[[94.30000000000001, 28.05], [94.35000000000001, 28.05], [94.35000000000001, 28.1], [94.30000000000001, 28.1], [94.30000000000001, 28.05]]]}, "properties": {"cell_id": "1886_561", "state": "Arunachal Pradesh", "district": "Upper Subansiri", "samples": 1, "events": 0, "risk_index": 0.0, "severity": "Low", "mean_slope_deg": 37.92, "mean_relief_500m_m": 393.8, "mean_rain_30d_mm": 528.6}}, {"type": "Feature", "geometry": {"type": "Polygon", "coordinates": [[[94.30000000000001, 28.25], [94.35000000000001, 28.25], [94.35000000000001, 28.3], [94.30000000000001, 28.3], [94.30000000000001, 28.25]]]}, "properties": {"cell_id": "1886_565", "state": "Arunachal Pradesh", "district": "Upper Subansiri", "samples": 1, "events": 0, "risk_index": 0.0, "severity": "Low", "mean_slope_deg": 17.72, "mean_relief_500m_m": 609.0, "mean_rain_30d_mm": 578.0}}, {"type": "Feature", "geometry": {"type": "Polygon", "coordinates": [[[94.30000000000001, 28.950000000000003], [94.35000000000001, 28.950000000000003], [94.35000000000001, 29.000000000000004], [94.30000000000001, 29.000000000000004], [94.30000000000001, 28.950000000000003]]]}, "properties": {"cell_id": "1886_579", "state": "Arunachal Pradesh", "district": "Upper Siang", "samples": 1, "events": 0, "risk_index": 0.0, "severity": "Low", "mean_slope_deg": 16.59, "mean_relief_500m_m": 460.6, "mean_rain_30d_mm": 0.0}}, {"type": "Feature", "geometry": {"type": "Polygon", "coordinates": [[[94.35000000000001, 24.75], [94.4, 24.75], [94.4, 24.8], [94.35000000000001, 24.8], [94.35000000000001, 24.75]]]}, "properties": {"cell_id": "1887_495", "state": "Manipur", "district": "Ukhrul", "samples": 1, "events": 0, "risk_index": 0.0, "severity": "Low", "mean_slope_deg": 22.37, "mean_relief_500m_m": 448.8, "mean_rain_30d_mm": 303.9}}, {"type": "Feature", "geometry": {"type": "Polygon", "coordinates": [[[94.35000000000001, 24.8], [94.4, 24.8], [94.4, 24.85], [94.35000000000001, 24.85], [94.35000000000001, 24.8]]]}, "properties": {"cell_id": "1887_496", "state": "Manipur", "district": "Ukhrul", "samples": 1, "events": 1, "risk_index": 1.0, "severity": "High", "mean_slope_deg": 22.58, "mean_relief_500m_m": 357.5, "mean_rain_30d_mm": 327.3}}, {"type": "Feature", "geometry": {"type": "Polygon", "coordinates": [[[94.35000000000001, 25.1], [94.4, 25.1], [94.4, 25.150000000000002], [94.35000000000001, 25.150000000000002], [94.35000000000001, 25.1]]]}, "properties": {"cell_id": "1887_502", "state": "Manipur", "district": "Ukhrul", "samples": 2, "events": 1, "risk_index": 0.5, "severity": "Moderate", "mean_slope_deg": 17.61, "mean_relief_500m_m": 274.0, "mean_rain_30d_mm": 302.4}}, {"type": "Feature", "geometry": {"type": "Polygon", "coordinates": [[[94.35000000000001, 25.400000000000002], [94.4, 25.400000000000002], [94.4, 25.450000000000003], [94.35000000000001, 25.450000000000003], [94.35000000000001, 25.400000000000002]]]}, "properties": {"cell_id": "1887_508", "state": "Manipur", "district": "Senapati", "samples": 1, "events": 0, "risk_index": 0.0, "severity": "Low", "mean_slope_deg": 29.19, "mean_relief_500m_m": 242.2, "mean_rain_30d_mm": 183.0}}, {"type": "Feature", "geometry": {"type": "Polygon", "coordinates": [[[94.35000000000001, 26.1], [94.4, 26.1], [94.4, 26.150000000000002], [94.35000000000001, 26.150000000000002], [94.35000000000001, 26.1]]]}, "properties": {"cell_id": "1887_522", "state": "Nagaland", "district": "Wokha", "samples": 1, "events": 1, "risk_index": 1.0, "severity": "High", "mean_slope_deg": 2.92, "mean_relief_500m_m": 199.4, "mean_rain_30d_mm": 149.1}}, {"type": "Feature", "geometry": {"type": "Polygon", "coordinates": [[[94.35000000000001, 27.25], [94.4, 27.25], [94.4, 27.3], [94.35000000000001, 27.3], [94.35000000000001, 27.25]]]}, "properties": {"cell_id": "1887_545", "state": "Assam", "district": "Lakhimpur", "samples": 1, "events": 0, "risk_index": 0.0, "severity": "Low", "mean_slope_deg": 0.69, "mean_relief_500m_m": 11.9, "mean_rain_30d_mm": 342.1}}, {"type": "Feature", "geometry": {"type": "Polygon", "coordinates": [[[94.35000000000001, 27.950000000000003], [94.4, 27.950000000000003], [94.4, 28.000000000000004], [94.35000000000001, 28.000000000000004], [94.35000000000001, 27.950000000000003]]]}, "properties": {"cell_id": "1887_559", "state": "Arunachal Pradesh", "district": "Upper Subansiri", "samples": 1, "events": 0, "risk_index": 0.0, "severity": "Low", "mean_slope_deg": 18.12, "mean_relief_500m_m": 313.8, "mean_rain_30d_mm": 556.0}}, {"type": "Feature", "geometry": {"type": "Polygon", "coordinates": [[[94.35000000000001, 28.85], [94.4, 28.85], [94.4, 28.900000000000002], [94.35000000000001, 28.900000000000002], [94.35000000000001, 28.85]]]}, "properties": {"cell_id": "1887_577", "state": "Arunachal Pradesh", "district": "West Siang", "samples": 1, "events": 0, "risk_index": 0.0, "severity": "Low", "mean_slope_deg": 17.25, "mean_relief_500m_m": 701.7, "mean_rain_30d_mm": 0.0}}, {"type": "Feature", "geometry": {"type": "Polygon", "coordinates": [[[94.4, 24.6], [94.45, 24.6], [94.45, 24.650000000000002], [94.4, 24.650000000000002], [94.4, 24.6]]]}, "properties": {"cell_id": "1888_492", "state": "Manipur", "district": "Ukhrul", "samples": 1, "events": 0, "risk_index": 0.0, "severity": "Low", "mean_slope_deg": 20.4, "mean_relief_500m_m": 239.8, "mean_rain_30d_mm": 0.0}}, {"type": "Feature", "geometry": {"type": "Polygon", "coordinates": [[[94.4, 24.85], [94.45, 24.85], [94.45, 24.900000000000002], [94.4, 24.900000000000002], [94.4, 24.85]]]}, "properties": {"cell_id": "1888_497", "state": "Manipur", "district": "Ukhrul", "samples": 1, "events": 1, "risk_index": 1.0, "severity": "High", "mean_slope_deg": 29.27, "mean_relief_500m_m": 358.0, "mean_rain_30d_mm": 226.6}}, {"type": "Feature", "geometry": {"type": "Polygon", "coordinates": [[[94.4, 25.150000000000002], [94.45, 25.150000000000002], [94.45, 25.200000000000003], [94.4, 25.200000000000003], [94.4, 25.150000000000002]]]}, "properties": {"cell_id": "1888_503", "state": "Manipur", "district": "Ukhrul", "samples": 1, "events": 1, "risk_index": 1.0, "severity": "High", "mean_slope_deg": 11.62, "mean_relief_500m_m": 189.8, "mean_rain_30d_mm": 360.3}}, {"type": "Feature", "geometry": {"type": "Polygon", "coordinates": [[[94.4, 25.650000000000002], [94.45, 25.650000000000002], [94.45, 25.700000000000003], [94.4, 25.700000000000003], [94.4, 25.650000000000002]]]}, "properties": {"cell_id": "1888_513", "state": "Nagaland", "district": "Phek", "samples": 1, "events": 0, "risk_index": 0.0, "severity": "Low", "mean_slope_deg": 20.94, "mean_relief_500m_m": 355.2, "mean_rain_30d_mm": 288.0}}, {"type": "Feature", "geometry": {"type": "Polygon", "coordinates": [[[94.4, 26.150000000000002], [94.45, 26.150000000000002], [94.45, 26.200000000000003], [94.4, 26.200000000000003], [94.4, 26.150000000000002]]]}, "properties": {"cell_id": "1888_523", "state": "Nagaland", "district": "Zunheboto", "samples": 1, "events": 0, "risk_index": 0.0, "severity": "Low", "mean_slope_deg": 14.66, "mean_relief_500m_m": 256.2, "mean_rain_30d_mm": 354.6}}, {"type": "Feature", "geometry": {"type": "Polygon", "coordinates": [[[94.4, 26.85], [94.45, 26.85], [94.45, 26.900000000000002], [94.4, 26.900000000000002], [94.4, 26.85]]]}, "properties": {"cell_id": "1888_537", "state": "Assam", "district": "Jorhat", "samples": 2, "events": 0, "risk_index": 0.0, "severity": "Low", "mean_slope_deg": 0.52, "mean_relief_500m_m": 11.5, "mean_rain_30d_mm": 305.4}}, {"type": "Feature", "geometry": {"type": "Polygon", "coordinates": [[[94.4, 27.5], [94.45, 27.5], [94.45, 27.55], [94.4, 27.55], [94.4, 27.5]]]}, "properties": {"cell_id": "1888_550", "state": "Assam", "district": "Dhemaji", "samples": 1, "events": 0, "risk_index": 0.0, "severity": "Low", "mean_slope_deg": 1.76, "mean_relief_500m_m": 9.9, "mean_rain_30d_mm": 394.6}}, {"type": "Feature", "geometry": {"type": "Polygon", "coordinates": [[[94.4, 27.700000000000003], [94.45, 27.700000000000003], [94.45, 27.750000000000004], [94.4, 27.750000000000004], [94.4, 27.700000000000003]]]}, "properties": {"cell_id": "1888_554", "state": "Arunachal Pradesh", "district": "West Siang", "samples": 1, "events": 0, "risk_index": 0.0, "severity": "Low", "mean_slope_deg": 32.88, "mean_relief_500m_m": 382.9, "mean_rain_30d_mm": 230.2}}, {"type": "Feature", "geometry": {"type": "Polygon", "coordinates": [[[94.4, 28.05], [94.45, 28.05], [94.45, 28.1], [94.4, 28.1], [94.4, 28.05]]]}, "properties": {"cell_id": "1888_561", "state": "Arunachal Pradesh", "district": "Upper Subansiri", "samples": 1, "events": 0, "risk_index": 0.0, "severity": "Low", "mean_slope_deg": 17.24, "mean_relief_500m_m": 320.3, "mean_rain_30d_mm": 495.8}}, {"type": "Feature", "geometry": {"type": "Polygon", "coordinates": [[[94.4, 28.200000000000003], [94.45, 28.200000000000003], [94.45, 28.250000000000004], [94.4, 28.250000000000004], [94.4, 28.200000000000003]]]}, "properties": {"cell_id": "1888_564", "state": "Arunachal Pradesh", "district": "West Siang", "samples": 1, "events": 0, "risk_index": 0.0, "severity": "Low", "mean_slope_deg": 24.96, "mean_relief_500m_m": 338.8, "mean_rain_30d_mm": 209.1}}, {"type": "Feature", "geometry": {"type": "Polygon", "coordinates": [[[94.4, 28.900000000000002], [94.45, 28.900000000000002], [94.45, 28.950000000000003], [94.4, 28.950000000000003], [94.4, 28.900000000000002]]]}, "properties": {"cell_id": "1888_578", "state": "Arunachal Pradesh", "district": "Upper Siang", "samples": 1, "events": 0, "risk_index": 0.0, "severity": "Low", "mean_slope_deg": 29.34, "mean_relief_500m_m": 543.8, "mean_rain_30d_mm": 0.0}}, {"type": "Feature", "geometry": {"type": "Polygon", "coordinates": [[[94.45, 24.900000000000002], [94.5, 24.900000000000002], [94.5, 24.950000000000003], [94.45, 24.950000000000003], [94.45, 24.900000000000002]]]}, "properties": {"cell_id": "1889_498", "state": "Manipur", "district": "Ukhrul", "samples": 1, "events": 1, "risk_index": 1.0, "severity": "High", "mean_slope_deg": 24.1, "mean_relief_500m_m": 366.4, "mean_rain_30d_mm": 385.7}}, {"type": "Feature", "geometry": {"type": "Polygon", "coordinates": [[[94.45, 25.3], [94.5, 25.3], [94.5, 25.35], [94.45, 25.35], [94.45, 25.3]]]}, "properties": {"cell_id": "1889_506", "state": "Manipur", "district": "Ukhrul", "samples": 2, "events": 2, "risk_index": 1.0, "severity": "High", "mean_slope_deg": 24.4, "mean_relief_500m_m": 349.5, "mean_rain_30d_mm": 367.8}}, {"type": "Feature", "geometry": {"type": "Polygon", "coordinates": [[[94.45, 25.650000000000002], [94.5, 25.650000000000002], [94.5, 25.700000000000003], [94.45, 25.700000000000003], [94.45, 25.650000000000002]]]}, "properties": {"cell_id": "1889_513", "state": "Nagaland", "district": "Phek", "samples": 1, "events": 1, "risk_index": 1.0, "severity": "High", "mean_slope_deg": 4.23, "mean_relief_500m_m": 254.1, "mean_rain_30d_mm": 237.6}}, {"type": "Feature", "geometry": {"type": "Polygon", "coordinates": [[[94.45, 26.0], [94.5, 26.0], [94.5, 26.05], [94.45, 26.05], [94.45, 26.0]]]}, "properties": {"cell_id": "1889_520", "state": "Nagaland", "district": "Zunheboto", "samples": 1, "events": 1, "risk_index": 1.0, "severity": "High", "mean_slope_deg": 29.9, "mean_relief_500m_m": 415.7, "mean_rain_30d_mm": 297.0}}, {"type": "Feature", "geometry": {"type": "Polygon", "coordinates": [[[94.45, 26.650000000000002], [94.5, 26.650000000000002], [94.5, 26.700000000000003], [94.45, 26.700000000000003], [94.45, 26.650000000000002]]]}, "properties": {"cell_id": "1889_533", "state": "Assam", "district": "Jorhat", "samples": 1, "events": 0, "risk_index": 0.0, "severity": "Low", "mean_slope_deg": 0.71, "mean_relief_500m_m": 19.9, "mean_rain_30d_mm": 309.5}}, {"type": "Feature", "geometry": {"type": "Polygon", "coordinates": [[[94.45, 27.200000000000003], [94.5, 27.200000000000003], [94.5, 27.250000000000004], [94.45, 27.250000000000004], [94.45, 27.200000000000003]]]}, "properties": {"cell_id": "1889_544", "state": "Assam", "district": "Lakhimpur", "samples": 1, "events": 0, "risk_index": 0.0, "severity": "Low", "mean_slope_deg": 0.24, "mean_relief_500m_m": 7.4, "mean_rain_30d_mm": 411.0}}, {"type": "Feature", "geometry": {"type": "Polygon", "coordinates": [[[94.5, 24.900000000000002], [94.55, 24.900000000000002], [94.55, 24.950000000000003], [94.5, 24.950000000000003], [94.5, 24.900000000000002]]]}, "properties": {"cell_id": "1890_498", "state": "Manipur", "district": "Ukhrul", "samples": 1, "events": 0, "risk_index": 0.0, "severity": "Low", "mean_slope_deg": 23.75, "mean_relief_500m_m": 383.9, "mean_rain_30d_mm": 0.0}}, {"type": "Feature", "geometry": {"type": "Polygon", "coordinates": [[[94.5, 25.35], [94.55, 25.35], [94.55, 25.400000000000002], [94.5, 25.400000000000002], [94.5, 25.35]]]}, "properties": {"cell_id": "1890_507", "state": "Manipur", "district": "Ukhrul", "samples": 1, "events": 0, "risk_index": 0.0, "severity": "Low", "mean_slope_deg": 1.27, "mean_relief_500m_m": 354.0, "mean_rain_30d_mm": 252.4}}, {"type": "Feature", "geometry": {"type": "Polygon", "coordinates": [[[94.5, 25.55], [94.55, 25.55], [94.55, 25.6], [94.5, 25.6], [94.5, 25.55]]]}, "properties": {"cell_id": "1890_511", "state": "Manipur", "district": "Ukhrul", "samples": 1, "events": 0, "risk_index": 0.0, "severity": "Low", "mean_slope_deg": 25.77, "mean_relief_500m_m": 421.9, "mean_rain_30d_mm": 316.2}}, {"type": "Feature", "geometry": {"type": "Polygon", "coordinates": [[[94.5, 25.8], [94.55, 25.8], [94.55, 25.85], [94.5, 25.85], [94.5, 25.8]]]}, "properties": {"cell_id": "1890_516", "state": "Nagaland", "district": "Zunheboto", "samples": 1, "events": 1, "risk_index": 1.0, "severity": "High", "mean_slope_deg": 1.04, "mean_relief_500m_m": 197.9, "mean_rain_30d_mm": 287.7}}, {"type": "Feature", "geometry": {"type": "Polygon", "coordinates": [[[94.5, 26.0], [94.55, 26.0], [94.55, 26.05], [94.5, 26.05], [94.5, 26.0]]]}, "properties": {"cell_id": "1890_520", "state": "Nagaland", "district": "Zunheboto", "samples": 5, "events": 5, "risk_index": 1.0, "severity": "High", "mean_slope_deg": 20.6, "mean_relief_500m_m": 327.1, "mean_rain_30d_mm": 317.8}}, {"type": "Feature", "geometry": {"type": "Polygon", "coordinates": [[[94.5, 26.150000000000002], [94.55, 26.150000000000002], [94.55, 26.200000000000003], [94.5, 26.200000000000003], [94.5, 26.150000000000002]]]}, "properties": {"cell_id": "1890_523", "state": "Nagaland", "district": "Zunheboto", "samples": 1, "events": 1, "risk_index": 1.0, "severity": "High", "mean_slope_deg": 23.91, "mean_relief_500m_m": 483.4, "mean_rain_30d_mm": 339.0}}, {"type": "Feature", "geometry": {"type": "Polygon", "coordinates": [[[94.5, 26.200000000000003], [94.55, 26.200000000000003], [94.55, 26.250000000000004], [94.5, 26.250000000000004], [94.5, 26.200000000000003]]]}, "properties": {"cell_id": "1890_524", "state": "Nagaland", "district": "Zunheboto", "samples": 1, "events": 1, "risk_index": 1.0, "severity": "High", "mean_slope_deg": 14.33, "mean_relief_500m_m": 287.9, "mean_rain_30d_mm": 339.0}}, {"type": "Feature", "geometry": {"type": "Polygon", "coordinates": [[[94.5, 26.3], [94.55, 26.3], [94.55, 26.35], [94.5, 26.35], [94.5, 26.3]]]}, "properties": {"cell_id": "1890_526", "state": "Nagaland", "district": "Mokokchung", "samples": 2, "events": 2, "risk_index": 1.0, "severity": "High", "mean_slope_deg": 14.67, "mean_relief_500m_m": 317.9, "mean_rain_30d_mm": 292.7}}, {"type": "Feature", "geometry": {"type": "Polygon", "coordinates": [[[94.5, 26.650000000000002], [94.55, 26.650000000000002], [94.55, 26.700000000000003], [94.5, 26.700000000000003], [94.5, 26.650000000000002]]]}, "properties": {"cell_id": "1890_533", "state": "Nagaland", "district": "Mokokchung", "samples": 1, "events": 0, "risk_index": 0.0, "severity": "Low", "mean_slope_deg": 19.12, "mean_relief_500m_m": 340.5, "mean_rain_30d_mm": 339.4}}, {"type": "Feature", "geometry": {"type": "Polygon", "coordinates": [[[94.5, 26.900000000000002], [94.55, 26.900000000000002], [94.55, 26.950000000000003], [94.5, 26.950000000000003], [94.5, 26.900000000000002]]]}, "properties": {"cell_id": "1890_538", "state": "Assam", "district": "Sibsagar", "samples": 1, "events": 0, "risk_index": 0.0, "severity": "Low", "mean_slope_deg": 1.29, "mean_relief_500m_m": 11.4, "mean_rain_30d_mm": 213.3}}, {"type": "Feature", "geometry": {"type": "Polygon", "coordinates": [[[94.5, 27.05], [94.55, 27.05], [94.55, 27.1], [94.5, 27.1], [94.5, 27.05]]]}, "properties": {"cell_id": "1890_541", "state": "Assam", "district": "Jorhat", "samples": 1, "events": 0, "risk_index": 0.0, "severity": "Low", "mean_slope_deg": 0.0, "mean_relief_500m_m": 4.3, "mean_rain_30d_mm": 438.6}}, {"type": "Feature", "geometry": {"type": "Polygon", "coordinates": [[[94.5, 27.1], [94.55, 27.1], [94.55, 27.150000000000002], [94.5, 27.150000000000002], [94.5, 27.1]]]}, "properties": {"cell_id": "1890_542", "state": "Assam", "district": "Jorhat", "samples": 1, "events": 0, "risk_index": 0.0, "severity": "Low", "mean_slope_deg": 0.0, "mean_relief_500m_m": 0.0, "mean_rain_30d_mm": 268.8}}, {"type": "Feature", "geometry": {"type": "Polygon", "coordinates": [[[94.5, 27.5], [94.55, 27.5], [94.55, 27.55], [94.5, 27.55], [94.5, 27.5]]]}, "properties": {"cell_id": "1890_550", "state": "Assam", "district": "Dhemaji", "samples": 1, "events": 0, "risk_index": 0.0, "severity": "Low", "mean_slope_deg": 2.01, "mean_relief_500m_m": 8.9, "mean_rain_30d_mm": 351.2}}, {"type": "Feature", "geometry": {"type": "Polygon", "coordinates": [[[94.5, 27.55], [94.55, 27.55], [94.55, 27.6], [94.5, 27.6], [94.5, 27.55]]]}, "properties": {"cell_id": "1890_551", "state": "Assam", "district": "Dhemaji", "samples": 1, "events": 0, "risk_index": 0.0, "severity": "Low", "mean_slope_deg": 0.07, "mean_relief_500m_m": 5.7, "mean_rain_30d_mm": 260.0}}, {"type": "Feature", "geometry": {"type": "Polygon", "coordinates": [[[94.5, 27.8], [94.55, 27.8], [94.55, 27.85], [94.5, 27.85], [94.5, 27.8]]]}, "properties": {"cell_id": "1890_556", "state": "Arunachal Pradesh", "district": "West Siang", "samples": 1, "events": 0, "risk_index": 0.0, "severity": "Low", "mean_slope_deg": 13.13, "mean_relief_500m_m": 261.2, "mean_rain_30d_mm": 186.7}}, {"type": "Feature", "geometry": {"type": "Polygon", "coordinates": [[[94.5, 28.3], [94.55, 28.3], [94.55, 28.35], [94.5, 28.35], [94.5, 28.3]]]}, "properties": {"cell_id": "1890_566", "state": "Arunachal Pradesh", "district": "West Siang", "samples": 1, "events": 0, "risk_index": 0.0, "severity": "Low", "mean_slope_deg": 30.91, "mean_relief_500m_m": 513.1, "mean_rain_30d_mm": 353.1}}, {"type": "Feature", "geometry": {"type": "Polygon", "coordinates": [[[94.5, 28.55], [94.55, 28.55], [94.55, 28.6], [94.5, 28.6], [94.5, 28.55]]]}, "properties": {"cell_id": "1890_571", "state": "Arunachal Pradesh", "district": "West Siang", "samples": 1, "events": 0, "risk_index": 0.0, "severity": "Low", "mean_slope_deg": 35.61, "mean_relief_500m_m": 868.1, "mean_rain_30d_mm": 406.7}}, {"type": "Feature", "geometry": {"type": "Polygon", "coordinates": [[[94.5, 28.8], [94.55, 28.8], [94.55, 28.85], [94.5, 28.85], [94.5, 28.8]]]}, "properties": {"cell_id": "1890_576", "state": "Arunachal Pradesh", "district": "West Siang", "samples": 1, "events": 0, "risk_index": 0.0, "severity": "Low", "mean_slope_deg": 45.5, "mean_relief_500m_m": 553.9, "mean_rain_30d_mm": 286.4}}, {"type": "Feature", "geometry": {"type": "Polygon", "coordinates": [[[94.55000000000001, 25.400000000000002], [94.60000000000001, 25.400000000000002], [94.60000000000001, 25.450000000000003], [94.55000000000001, 25.450000000000003], [94.55000000000001, 25.400000000000002]]]}, "properties": {"cell_id": "1891_508", "state": "Manipur", "district": "Ukhrul", "samples": 1, "events": 0, "risk_index": 0.0, "severity": "Low", "mean_slope_deg": 26.09, "mean_relief_500m_m": 307.5, "mean_rain_30d_mm": 313.9}}, {"type": "Feature", "geometry": {"type": "Polygon", "coordinates": [[[94.55000000000001, 25.6], [94.60000000000001, 25.6], [94.60000000000001, 25.650000000000002], [94.55000000000001, 25.650000000000002], [94.55000000000001, 25.6]]]}, "properties": {"cell_id": "1891_512", "state": "Manipur", "district": "Ukhrul", "samples": 1, "events": 0, "risk_index": 0.0, "severity": "Low", "mean_slope_deg": 5.13, "mean_relief_500m_m": 236.9, "mean_rain_30d_mm": 141.3}}, {"type": "Feature", "geometry": {"type": "Polygon", "coordinates": [[[94.55000000000001, 26.05], [94.60000000000001, 26.05], [94.60000000000001, 26.1], [94.55000000000001, 26.1], [94.55000000000001, 26.05]]]}, "properties": {"cell_id": "1891_521", "state": "Nagaland", "district": "Zunheboto", "samples": 1, "events": 1, "risk_index": 1.0, "severity": "High", "mean_slope_deg": 16.16, "mean_relief_500m_m": 300.6, "mean_rain_30d_mm": 297.0}}, {"type": "Feature", "geometry": {"type": "Polygon", "coordinates": [[[94.55000000000001, 26.25], [94.60000000000001, 26.25], [94.60000000000001, 26.3], [94.55000000000001, 26.3], [94.55000000000001, 26.25]]]}, "properties": {"cell_id": "1891_525", "state": "Nagaland", "district": "Tuensang", "samples": 1, "events": 1, "risk_index": 1.0, "severity": "High", "mean_slope_deg": 25.7, "mean_relief_500m_m": 240.9, "mean_rain_30d_mm": 339.0}}, {"type": "Feature", "geometry": {"type": "Polygon", "coordinates": [[[94.55000000000001, 26.3], [94.60000000000001, 26.3], [94.60000000000001, 26.35], [94.55000000000001, 26.35], [94.55000000000001, 26.3]]]}, "properties": {"cell_id": "1891_526", "state": "Nagaland", "district": "Mokokchung", "samples": 1, "events": 1, "risk_index": 1.0, "severity": "High", "mean_slope_deg": 8.98, "mean_relief_500m_m": 185.1, "mean_rain_30d_mm": 240.0}}, {"type": "Feature", "geometry": {"type": "Polygon", "coordinates": [[[94.55000000000001, 26.6], [94.60000000000001, 26.6], [94.60000000000001, 26.650000000000002], [94.55000000000001, 26.650000000000002], [94.55000000000001, 26.6]]]}, "properties": {"cell_id": "1891_532", "state": "Nagaland", "district": "Mokokchung", "samples": 1, "events": 0, "risk_index": 0.0, "severity": "Low", "mean_slope_deg": 37.85, "mean_relief_500m_m": 448.5, "mean_rain_30d_mm": 283.2}}, {"type": "Feature", "geometry": {"type": "Polygon", "coordinates": [[[94.55000000000001, 28.450000000000003], [94.60000000000001, 28.450000000000003], [94.60000000000001, 28.500000000000004], [94.55000000000001, 28.500000000000004], [94.55000000000001, 28.450000000000003]]]}, "properties": {"cell_id": "1891_569", "state": "Arunachal Pradesh", "district": "West Siang", "samples": 1, "events": 0, "risk_index": 0.0, "severity": "Low", "mean_slope_deg": 25.28, "mean_relief_500m_m": 558.1, "mean_rain_30d_mm": 285.1}}, {"type": "Feature", "geometry": {"type": "Polygon", "coordinates": [[[94.60000000000001, 25.400000000000002], [94.65, 25.400000000000002], [94.65, 25.450000000000003], [94.60000000000001, 25.450000000000003], [94.60000000000001, 25.400000000000002]]]}, "properties": {"cell_id": "1892_508", "state": "Manipur", "district": "Ukhrul", "samples": 1, "events": 1, "risk_index": 1.0, "severity": "High", "mean_slope_deg": 11.81, "mean_relief_500m_m": 242.8, "mean_rain_30d_mm": 144.9}}, {"type": "Feature", "geometry": {"type": "Polygon", "coordinates": [[[94.60000000000001, 25.700000000000003], [94.65, 25.700000000000003], [94.65, 25.750000000000004], [94.60000000000001, 25.750000000000004], [94.60000000000001, 25.700000000000003]]]}, "properties": {"cell_id": "1892_514", "state": "Nagaland", "district": "Phek", "samples": 1, "events": 1, "risk_index": 1.0, "severity": "High", "mean_slope_deg": 40.21, "mean_relief_500m_m": 529.4, "mean_rain_30d_mm": 290.6}}, {"type": "Feature", "geometry": {"type": "Polygon", "coordinates": [[[94.60000000000001, 25.85], [94.65, 25.85], [94.65, 25.900000000000002], [94.60000000000001, 25.900000000000002], [94.60000000000001, 25.85]]]}, "properties": {"cell_id": "1892_517", "state": "Nagaland", "district": "Tuensang", "samples": 1, "events": 0, "risk_index": 0.0, "severity": "Low", "mean_slope_deg": 28.97, "mean_relief_500m_m": 547.4, "mean_rain_30d_mm": 494.7}}, {"type": "Feature", "geometry": {"type": "Polygon", "coordinates": [[[94.60000000000001, 26.1], [94.65, 26.1], [94.65, 26.150000000000002], [94.60000000000001, 26.150000000000002], [94.60000000000001, 26.1]]]}, "properties": {"cell_id": "1892_522", "state": "Nagaland", "district": "Zunheboto", "samples": 2, "events": 1, "risk_index": 0.5, "severity": "Moderate", "mean_slope_deg": 16.35, "mean_relief_500m_m": 310.1, "mean_rain_30d_mm": 178.3}}, {"type": "Feature", "geometry": {"type": "Polygon", "coordinates": [[[94.60000000000001, 27.85], [94.65, 27.85], [94.65, 27.900000000000002], [94.60000000000001, 27.900000000000002], [94.60000000000001, 27.85]]]}, "properties": {"cell_id": "1892_557", "state": "Arunachal Pradesh", "district": "West Siang", "samples": 1, "events": 0, "risk_index": 0.0, "severity": "Low", "mean_slope_deg": 33.76, "mean_relief_500m_m": 565.6, "mean_rain_30d_mm": 421.3}}, {"type": "Feature", "geometry": {"type": "Polygon", "coordinates": [[[94.60000000000001, 28.400000000000002], [94.65, 28.400000000000002], [94.65, 28.450000000000003], [94.60000000000001, 28.450000000000003], [94.60000000000001, 28.400000000000002]]]}, "properties": {"cell_id": "1892_568", "state": "Arunachal Pradesh", "district": "West Siang", "samples": 1, "events": 0, "risk_index": 0.0, "severity": "Low", "mean_slope_deg": 21.77, "mean_relief_500m_m": 422.2, "mean_rain_30d_mm": 309.2}}, {"type": "Feature", "geometry": {"type": "Polygon", "coordinates": [[[94.60000000000001, 28.6], [94.65, 28.6], [94.65, 28.650000000000002], [94.60000000000001, 28.650000000000002], [94.60000000000001, 28.6]]]}, "properties": {"cell_id": "1892_572", "state": "Arunachal Pradesh", "district": "West Siang", "samples": 1, "events": 0, "risk_index": 0.0, "severity": "Low", "mean_slope_deg": 36.24, "mean_relief_500m_m": 546.4, "mean_rain_30d_mm": 522.1}}, {"type": "Feature", "geometry": {"type": "Polygon", "coordinates": [[[94.60000000000001, 28.85], [94.65, 28.85], [94.65, 28.900000000000002], [94.60000000000001, 28.900000000000002], [94.60000000000001, 28.85]]]}, "properties": {"cell_id": "1892_577", "state": "Arunachal Pradesh", "district": "Upper Siang", "samples": 1, "events": 0, "risk_index": 0.0, "severity": "Low", "mean_slope_deg": 40.85, "mean_relief_500m_m": 692.5, "mean_rain_30d_mm": 0.0}}, {"type": "Feature", "geometry": {"type": "Polygon", "coordinates": [[[94.65, 25.8], [94.7, 25.8], [94.7, 25.85], [94.65, 25.85], [94.65, 25.8]]]}, "properties": {"cell_id": "1893_516", "state": "Nagaland", "district": "Tuensang", "samples": 1, "events": 0, "risk_index": 0.0, "severity": "Low", "mean_slope_deg": 20.41, "mean_relief_500m_m": 521.5, "mean_rain_30d_mm": 233.0}}, {"type": "Feature", "geometry": {"type": "Polygon", "coordinates": [[[94.65, 26.25], [94.7, 26.25], [94.7, 26.3], [94.65, 26.3], [94.65, 26.25]]]}, "properties": {"cell_id": "1893_525", "state": "Nagaland", "district": "Tuensang", "samples": 1, "events": 1, "risk_index": 1.0, "severity": "High", "mean_slope_deg": 21.99, "mean_relief_500m_m": 373.3, "mean_rain_30d_mm": 424.6}}, {"type": "Feature", "geometry": {"type": "Polygon", "coordinates": [[[94.65, 26.700000000000003], [94.7, 26.700000000000003], [94.7, 26.750000000000004], [94.65, 26.750000000000004], [94.65, 26.700000000000003]]]}, "properties": {"cell_id": "1893_534", "state": "Nagaland", "district": "Mokokchung", "samples": 1, "events": 1, "risk_index": 1.0, "severity": "High", "mean_slope_deg": 12.42, "mean_relief_500m_m": 303.6, "mean_rain_30d_mm": 461.8}}, {"type": "Feature", "geometry": {"type": "Polygon", "coordinates": [[[94.65, 27.400000000000002], [94.7, 27.400000000000002], [94.7, 27.450000000000003], [94.65, 27.450000000000003], [94.65, 27.400000000000002]]]}, "properties": {"cell_id": "1893_548", "state": "Assam", "district": "Dhemaji", "samples": 1, "events": 0, "risk_index": 0.0, "severity": "Low", "mean_slope_deg": 0.13, "mean_relief_500m_m": 9.8, "mean_rain_30d_mm": 287.8}}, {"type": "Feature", "geometry": {"type": "Polygon", "coordinates": [[[94.65, 28.05], [94.7, 28.05], [94.7, 28.1], [94.65, 28.1], [94.65, 28.05]]]}, "properties": {"cell_id": "1893_561", "state": "Arunachal Pradesh", "district": "West Siang", "samples": 1, "events": 0, "risk_index": 0.0, "severity": "Low", "mean_slope_deg": 17.23, "mean_relief_500m_m": 196.6, "mean_rain_30d_mm": 355.0}}, {"type": "Feature", "geometry": {"type": "Polygon", "coordinates": [[[94.65, 28.35], [94.7, 28.35], [94.7, 28.400000000000002], [94.65, 28.400000000000002], [94.65, 28.35]]]}, "properties": {"cell_id": "1893_567", "state": "Arunachal Pradesh", "district": "West Siang", "samples": 1, "events": 0, "risk_index": 0.0, "severity": "Low", "mean_slope_deg": 25.86, "mean_relief_500m_m": 371.9, "mean_rain_30d_mm": 242.9}}, {"type": "Feature", "geometry": {"type": "Polygon", "coordinates": [[[94.65, 28.700000000000003], [94.7, 28.700000000000003], [94.7, 28.750000000000004], [94.65, 28.750000000000004], [94.65, 28.700000000000003]]]}, "properties": {"cell_id": "1893_574", "state": "Arunachal Pradesh", "district": "West Siang", "samples": 1, "events": 0, "risk_index": 0.0, "severity": "Low", "mean_slope_deg": 9.41, "mean_relief_500m_m": 311.3, "mean_rain_30d_mm": 330.1}}, {"type": "Feature", "geometry": {"type": "Polygon", "coordinates": [[[94.7, 27.05], [94.75, 27.05], [94.75, 27.1], [94.7, 27.1], [94.7, 27.05]]]}, "properties": {"cell_id": "1894_541", "state": "Assam", "district": "Sibsagar", "samples": 1, "events": 0, "risk_index": 0.0, "severity": "Low", "mean_slope_deg": 0.19, "mean_relief_500m_m": 14.6, "mean_rain_30d_mm": 473.8}}, {"type": "Feature", "geometry": {"type": "Polygon", "coordinates": [[[94.7, 27.5], [94.75, 27.5], [94.75, 27.55], [94.7, 27.55], [94.7, 27.5]]]}, "properties": {"cell_id": "1894_550", "state": "Assam", "district": "Dhemaji", "samples": 1, "events": 0, "risk_index": 0.0, "severity": "Low", "mean_slope_deg": 2.01, "mean_relief_500m_m": 11.4, "mean_rain_30d_mm": 440.8}}, {"type": "Feature", "geometry": {"type": "Polygon", "coordinates": [[[94.7, 28.1], [94.75, 28.1], [94.75, 28.150000000000002], [94.7, 28.150000000000002], [94.7, 28.1]]]}, "properties": {"cell_id": "1894_562", "state": "Arunachal Pradesh", "district": "West Siang", "samples": 1, "events": 0, "risk_index": 0.0, "severity": "Low", "mean_slope_deg": 24.33, "mean_relief_500m_m": 481.1, "mean_rain_30d_mm": 408.2}}, {"type": "Feature", "geometry": {"type": "Polygon", "coordinates": [[[94.7, 28.3], [94.75, 28.3], [94.75, 28.35], [94.7, 28.35], [94.7, 28.3]]]}, "properties": {"cell_id": "1894_566", "state": "Arunachal Pradesh", "district": "West Siang", "samples": 1, "events": 0, "risk_index": 0.0, "severity": "Low", "mean_slope_deg": 29.49, "mean_relief_500m_m": 540.8, "mean_rain_30d_mm": 157.7}}, {"type": "Feature", "geometry": {"type": "Polygon", "coordinates": [[[94.75, 25.55], [94.8, 25.55], [94.8, 25.6], [94.75, 25.6], [94.75, 25.55]]]}, "properties": {"cell_id": "1895_511", "state": "Nagaland", "district": "Phek", "samples": 1, "events": 0, "risk_index": 0.0, "severity": "Low", "mean_slope_deg": 21.6, "mean_relief_500m_m": 478.9, "mean_rain_30d_mm": 0.0}}, {"type": "Feature", "geometry": {"type": "Polygon", "coordinates": [[[94.75, 25.85], [94.8, 25.85], [94.8, 25.900000000000002], [94.75, 25.900000000000002], [94.75, 25.85]]]}, "properties": {"cell_id": "1895_517", "state": "Nagaland", "district": "Tuensang", "samples": 2, "events": 2, "risk_index": 1.0, "severity": "High", "mean_slope_deg": 9.21, "mean_relief_500m_m": 269.1, "mean_rain_30d_mm": 326.2}}, {"type": "Feature", "geometry": {"type": "Polygon", "coordinates": [[[94.75, 27.900000000000002], [94.8, 27.900000000000002], [94.8, 27.950000000000003], [94.75, 27.950000000000003], [94.75, 27.900000000000002]]]}, "properties": {"cell_id": "1895_558", "state": "Arunachal Pradesh", "district": "West Siang", "samples": 1, "events": 0, "risk_index": 0.0, "severity": "Low", "mean_slope_deg": 24.09, "mean_relief_500m_m": 511.2, "mean_rain_30d_mm": 375.0}}, {"type": "Feature", "geometry": {"type": "Polygon", "coordinates": [[[94.75, 28.650000000000002], [94.8, 28.650000000000002], [94.8, 28.700000000000003], [94.75, 28.700000000000003], [94.75, 28.650000000000002]]]}, "properties": {"cell_id": "1895_573", "state": "Arunachal Pradesh", "district": "Upper Siang", "samples": 1, "events": 0, "risk_index": 0.0, "severity": "Low", "mean_slope_deg": 35.68, "mean_relief_500m_m": 509.3, "mean_rain_30d_mm": 302.5}}, {"type": "Feature", "geometry": {"type": "Polygon", "coordinates": [[[94.80000000000001, 25.8], [94.85000000000001, 25.8], [94.85000000000001, 25.85], [94.80000000000001, 25.85], [94.80000000000001, 25.8]]]}, "properties": {"cell_id": "1896_516", "state": "Nagaland", "district": "Tuensang", "samples": 1, "events": 0, "risk_index": 0.0, "severity": "Low", "mean_slope_deg": 29.94, "mean_relief_500m_m": 414.8, "mean_rain_30d_mm": 355.6}}, {"type": "Feature", "geometry": {"type": "Polygon", "coordinates": [[[94.80000000000001, 26.05], [94.85000000000001, 26.05], [94.85000000000001, 26.1], [94.80000000000001, 26.1], [94.80000000000001, 26.05]]]}, "properties": {"cell_id": "1896_521", "state": "Nagaland", "district": "Tuensang", "samples": 1, "events": 1, "risk_index": 1.0, "severity": "High", "mean_slope_deg": 33.2, "mean_relief_500m_m": 462.5, "mean_rain_30d_mm": 329.8}}, {"type": "Feature", "geometry": {"type": "Polygon", "coordinates": [[[94.80000000000001, 26.1], [94.85000000000001, 26.1], [94.85000000000001, 26.150000000000002], [94.80000000000001, 26.150000000000002], [94.80000000000001, 26.1]]]}, "properties": {"cell_id": "1896_522", "state": "Nagaland", "district": "Tuensang", "samples": 1, "events": 1, "risk_index": 1.0, "severity": "High", "mean_slope_deg": 29.43, "mean_relief_500m_m": 417.7, "mean_rain_30d_mm": 371.0}}, {"type": "Feature", "geometry": {"type": "Polygon", "coordinates": [[[94.80000000000001, 26.150000000000002], [94.85000000000001, 26.150000000000002], [94.85000000000001, 26.200000000000003], [94.80000000000001, 26.200000000000003], [94.80000000000001, 26.150000000000002]]]}, "properties": {"cell_id": "1896_523", "state": "Nagaland", "district": "Tuensang", "samples": 2, "events": 1, "risk_index": 0.5, "severity": "Moderate", "mean_slope_deg": 20.89, "mean_relief_500m_m": 430.0, "mean_rain_30d_mm": 358.1}}, {"type": "Feature", "geometry": {"type": "Polygon", "coordinates": [[[94.80000000000001, 26.200000000000003], [94.85000000000001, 26.200000000000003], [94.85000000000001, 26.250000000000004], [94.80000000000001, 26.250000000000004], [94.80000000000001, 26.200000000000003]]]}, "properties": {"cell_id": "1896_524", "state": "Nagaland", "district": "Tuensang", "samples": 1, "events": 1, "risk_index": 1.0, "severity": "High", "mean_slope_deg": 11.93, "mean_relief_500m_m": 239.5, "mean_rain_30d_mm": 359.7}}, {"type": "Feature", "geometry": {"type": "Polygon", "coordinates": [[[94.80000000000001, 26.700000000000003], [94.85000000000001, 26.700000000000003], [94.85000000000001, 26.750000000000004], [94.80000000000001, 26.750000000000004], [94.80000000000001, 26.700000000000003]]]}, "properties": {"cell_id": "1896_534", "state": "Nagaland", "district": "Tuensang", "samples": 1, "events": 0, "risk_index": 0.0, "severity": "Low", "mean_slope_deg": 17.2, "mean_relief_500m_m": 295.5, "mean_rain_30d_mm": 269.2}}, {"type": "Feature", "geometry": {"type": "Polygon", "coordinates": [[[94.80000000000001, 27.400000000000002], [94.85000000000001, 27.400000000000002], [94.85000000000001, 27.450000000000003], [94.80000000000001, 27.450000000000003], [94.80000000000001, 27.400000000000002]]]}, "properties": {"cell_id": "1896_548", "state": "Assam", "district": "Dibrugarh", "samples": 1, "events": 0, "risk_index": 0.0, "severity": "Low", "mean_slope_deg": 0.0, "mean_relief_500m_m": 3.4, "mean_rain_30d_mm": 121.4}}, {"type": "Feature", "geometry": {"type": "Polygon", "coordinates": [[[94.80000000000001, 27.650000000000002], [94.85000000000001, 27.650000000000002], [94.85000000000001, 27.700000000000003], [94.80000000000001, 27.700000000000003], [94.80000000000001, 27.650000000000002]]]}, "properties": {"cell_id": "1896_553", "state": "Assam", "district": "Dhemaji", "samples": 1, "events": 0, "risk_index": 0.0, "severity": "Low", "mean_slope_deg": 0.46, "mean_relief_500m_m": 10.5, "mean_rain_30d_mm": 402.7}}, {"type": "Feature", "geometry": {"type": "Polygon", "coordinates": [[[94.80000000000001, 28.05], [94.85000000000001, 28.05], [94.85000000000001, 28.1], [94.80000000000001, 28.1], [94.80000000000001, 28.05]]]}, "properties": {"cell_id": "1896_561", "state": "Arunachal Pradesh", "district": "West Siang", "samples": 1, "events": 0, "risk_index": 0.0, "severity": "Low", "mean_slope_deg": 3.71, "mean_relief_500m_m": 168.0, "mean_rain_30d_mm": 359.2}}, {"type": "Feature", "geometry": {"type": "Polygon", "coordinates": [[[94.80000000000001, 28.400000000000002], [94.85000000000001, 28.400000000000002], [94.85000000000001, 28.450000000000003], [94.80000000000001, 28.450000000000003], [94.80000000000001, 28.400000000000002]]]}, "properties": {"cell_id": "1896_568", "state": "Arunachal Pradesh", "district": "West Siang", "samples": 1, "events": 0, "risk_index": 0.0, "severity": "Low", "mean_slope_deg": 18.65, "mean_relief_500m_m": 510.2, "mean_rain_30d_mm": 764.3}}, {"type": "Feature", "geometry": {"type": "Polygon", "coordinates": [[[94.80000000000001, 28.700000000000003], [94.85000000000001, 28.700000000000003], [94.85000000000001, 28.750000000000004], [94.80000000000001, 28.750000000000004], [94.80000000000001, 28.700000000000003]]]}, "properties": {"cell_id": "1896_574", "state": "Arunachal Pradesh", "district": "Upper Siang", "samples": 1, "events": 0, "risk_index": 0.0, "severity": "Low", "mean_slope_deg": 35.23, "mean_relief_500m_m": 776.6, "mean_rain_30d_mm": 517.1}}, {"type": "Feature", "geometry": {"type": "Polygon", "coordinates": [[[94.80000000000001, 28.8], [94.85000000000001, 28.8], [94.85000000000001, 28.85], [94.80000000000001, 28.85], [94.80000000000001, 28.8]]]}, "properties": {"cell_id": "1896_576", "state": "Arunachal Pradesh", "district": "Upper Siang", "samples": 1, "events": 0, "risk_index": 0.0, "severity": "Low", "mean_slope_deg": 19.78, "mean_relief_500m_m": 407.7, "mean_rain_30d_mm": 222.8}}, {"type": "Feature", "geometry": {"type": "Polygon", "coordinates": [[[94.85000000000001, 25.8], [94.9, 25.8], [94.9, 25.85], [94.85000000000001, 25.85], [94.85000000000001, 25.8]]]}, "properties": {"cell_id": "1897_516", "state": "Nagaland", "district": "Tuensang", "samples": 1, "events": 0, "risk_index": 0.0, "severity": "Low", "mean_slope_deg": 30.59, "mean_relief_500m_m": 444.2, "mean_rain_30d_mm": 326.8}}, {"type": "Feature", "geometry": {"type": "Polygon", "coordinates": [[[94.85000000000001, 26.400000000000002], [94.9, 26.400000000000002], [94.9, 26.450000000000003], [94.85000000000001, 26.450000000000003], [94.85000000000001, 26.400000000000002]]]}, "properties": {"cell_id": "1897_528", "state": "Nagaland", "district": "Tuensang", "samples": 1, "events": 1, "risk_index": 1.0, "severity": "High", "mean_slope_deg": 22.81, "mean_relief_500m_m": 222.9, "mean_rain_30d_mm": 448.3}}, {"type": "Feature", "geometry": {"type": "Polygon", "coordinates": [[[94.85000000000001, 27.0], [94.9, 27.0], [94.9, 27.05], [94.85000000000001, 27.05], [94.85000000000001, 27.0]]]}, "properties": {"cell_id": "1897_540", "state": "Assam", "district": "Sibsagar", "samples": 2, "events": 0, "risk_index": 0.0, "severity": "Low", "mean_slope_deg": 0.75, "mean_relief_500m_m": 6.0, "mean_rain_30d_mm": 388.0}}, {"type": "Feature", "geometry": {"type": "Polygon", "coordinates": [[[94.85000000000001, 27.3], [94.9, 27.3], [94.9, 27.35], [94.85000000000001, 27.35], [94.85000000000001, 27.3]]]}, "properties": {"cell_id": "1897_546", "state": "Assam", "district": "Dibrugarh", "samples": 2, "events": 0, "risk_index": 0.0, "severity": "Low", "mean_slope_deg": 0.46, "mean_relief_500m_m": 13.2, "mean_rain_30d_mm": 285.4}}, {"type": "Feature", "geometry": {"type": "Polygon", "coordinates": [[[94.85000000000001, 27.75], [94.9, 27.75], [94.9, 27.8], [94.85000000000001, 27.8], [94.85000000000001, 27.75]]]}, "properties": {"cell_id": "1897_555", "state": "Arunachal Pradesh", "district": "East Siang", "samples": 1, "events": 0, "risk_index": 0.0, "severity": "Low", "mean_slope_deg": 39.43, "mean_relief_500m_m": 483.3, "mean_rain_30d_mm": 627.3}}, {"type": "Feature", "geometry": {"type": "Polygon", "coordinates": [[[94.85000000000001, 27.8], [94.9, 27.8], [94.9, 27.85], [94.85000000000001, 27.85], [94.85000000000001, 27.8]]]}, "properties": {"cell_id": "1897_556", "state": "Arunachal Pradesh", "district": "West Siang", "samples": 1, "events": 0, "risk_index": 0.0, "severity": "Low", "mean_slope_deg": 25.55, "mean_relief_500m_m": 411.3, "mean_rain_30d_mm": 434.5}}, {"type": "Feature", "geometry": {"type": "Polygon", "coordinates": [[[94.85000000000001, 28.5], [94.9, 28.5], [94.9, 28.55], [94.85000000000001, 28.55], [94.85000000000001, 28.5]]]}, "properties": {"cell_id": "1897_570", "state": "Arunachal Pradesh", "district": "Upper Siang", "samples": 1, "events": 0, "risk_index": 0.0, "severity": "Low", "mean_slope_deg": 36.29, "mean_relief_500m_m": 608.0, "mean_rain_30d_mm": 388.7}}, {"type": "Feature", "geometry": {"type": "Polygon", "coordinates": [[[94.85000000000001, 28.55], [94.9, 28.55], [94.9, 28.6], [94.85000000000001, 28.6], [94.85000000000001, 28.55]]]}, "properties": {"cell_id": "1897_571", "state": "Arunachal Pradesh", "district": "Upper Siang", "samples": 1, "events": 0, "risk_index": 0.0, "severity": "Low", "mean_slope_deg": 39.39, "mean_relief_500m_m": 506.7, "mean_rain_30d_mm": 692.0}}, {"type": "Feature", "geometry": {"type": "Polygon", "coordinates": [[[94.85000000000001, 28.950000000000003], [94.9, 28.950000000000003], [94.9, 29.000000000000004], [94.85000000000001, 29.000000000000004], [94.85000000000001, 28.950000000000003]]]}, "properties": {"cell_id": "1897_579", "state": "Arunachal Pradesh", "district": "Upper Siang", "samples": 1, "events": 1, "risk_index": 1.0, "severity": "High", "mean_slope_deg": 5.97, "mean_relief_500m_m": 619.9, "mean_rain_30d_mm": 0.0}}, {"type": "Feature", "geometry": {"type": "Polygon", "coordinates": [[[94.9, 26.200000000000003], [94.95, 26.200000000000003], [94.95, 26.250000000000004], [94.9, 26.250000000000004], [94.9, 26.200000000000003]]]}, "properties": {"cell_id": "1898_524", "state": "Nagaland", "district": "Tuensang", "samples": 1, "events": 1, "risk_index": 1.0, "severity": "High", "mean_slope_deg": 28.67, "mean_relief_500m_m": 521.1, "mean_rain_30d_mm": 392.0}}, {"type": "Feature", "geometry": {"type": "Polygon", "coordinates": [[[94.9, 26.35], [94.95, 26.35], [94.95, 26.400000000000002], [94.9, 26.400000000000002], [94.9, 26.35]]]}, "properties": {"cell_id": "1898_527", "state": "Nagaland", "district": "Mon", "samples": 1, "events": 1, "risk_index": 1.0, "severity": "High", "mean_slope_deg": 16.42, "mean_relief_500m_m": 373.0, "mean_rain_30d_mm": 443.5}}, {"type": "Feature", "geometry": {"type": "Polygon", "coordinates": [[[94.9, 26.400000000000002], [94.95, 26.400000000000002], [94.95, 26.450000000000003], [94.9, 26.450000000000003], [94.9, 26.400000000000002]]]}, "properties": {"cell_id": "1898_528", "state": "Nagaland", "district": "Tuensang", "samples": 1, "events": 0, "risk_index": 0.0, "severity": "Low", "mean_slope_deg": 7.61, "mean_relief_500m_m": 126.6, "mean_rain_30d_mm": 293.1}}, {"type": "Feature", "geometry": {"type": "Polygon", "coordinates": [[[94.9, 26.85], [94.95, 26.85], [94.95, 26.900000000000002], [94.9, 26.900000000000002], [94.9, 26.85]]]}, "properties": {"cell_id": "1898_537", "state": "Nagaland", "district": "Mon", "samples": 1, "events": 1, "risk_index": 1.0, "severity": "High", "mean_slope_deg": 2.48, "mean_relief_500m_m": 61.8, "mean_rain_30d_mm": 346.9}}, {"type": "Feature", "geometry": {"type": "Polygon", "coordinates": [[[94.9, 26.900000000000002], [94.95, 26.900000000000002], [94.95, 26.950000000000003], [94.9, 26.950000000000003], [94.9, 26.900000000000002]]]}, "properties": {"cell_id": "1898_538", "state": "Nagaland", "district": "Mon", "samples": 1, "events": 0, "risk_index": 0.0, "severity": "Low", "mean_slope_deg": 5.75, "mean_relief_500m_m": 82.6, "mean_rain_30d_mm": 457.0}}, {"type": "Feature", "geometry": {"type": "Polygon", "coordinates": [[[94.9, 26.950000000000003], [94.95, 26.950000000000003], [94.95, 27.000000000000004], [94.9, 27.000000000000004], [94.9, 26.950000000000003]]]}, "properties": {"cell_id": "1898_539", "state": "Assam", "district": "Sibsagar", "samples": 1, "events": 0, "risk_index": 0.0, "severity": "Low", "mean_slope_deg": 1.12, "mean_relief_500m_m": 15.4, "mean_rain_30d_mm": 389.2}}, {"type": "Feature", "geometry": {"type": "Polygon", "coordinates": [[[94.9, 28.55], [94.95, 28.55], [94.95, 28.6], [94.9, 28.6], [94.9, 28.55]]]}, "properties": {"cell_id": "1898_571", "state": "Arunachal Pradesh", "district": "Upper Siang", "samples": 1, "events": 0, "risk_index": 0.0, "severity": "Low", "mean_slope_deg": 30.76, "mean_relief_500m_m": 615.2, "mean_rain_30d_mm": 396.5}}, {"type": "Feature", "geometry": {"type": "Polygon", "coordinates": [[[94.9, 28.8], [94.95, 28.8], [94.95, 28.85], [94.9, 28.85], [94.9, 28.8]]]}, "properties": {"cell_id": "1898_576", "state": "Arunachal Pradesh", "district": "Upper Siang", "samples": 1, "events": 0, "risk_index": 0.0, "severity": "Low", "mean_slope_deg": 46.52, "mean_relief_500m_m": 689.3, "mean_rain_30d_mm": 317.8}}, {"type": "Feature", "geometry": {"type": "Polygon", "coordinates": [[[94.95, 26.400000000000002], [95.0, 26.400000000000002], [95.0, 26.450000000000003], [94.95, 26.450000000000003], [94.95, 26.400000000000002]]]}, "properties": {"cell_id": "1899_528", "state": "Nagaland", "district": "Mon", "samples": 1, "events": 1, "risk_index": 1.0, "severity": "High", "mean_slope_deg": 2.57, "mean_relief_500m_m": 315.9, "mean_rain_30d_mm": 443.5}}, {"type": "Feature", "geometry": {"type": "Polygon", "coordinates": [[[94.95, 26.8], [95.0, 26.8], [95.0, 26.85], [94.95, 26.85], [94.95, 26.8]]]}, "properties": {"cell_id": "1899_536", "state": "Nagaland", "district": "Mon", "samples": 1, "events": 0, "risk_index": 0.0, "severity": "Low", "mean_slope_deg": 4.26, "mean_relief_500m_m": 186.4, "mean_rain_30d_mm": 22.8}}, {"type": "Feature", "geometry": {"type": "Polygon", "coordinates": [[[94.95, 26.85], [95.0, 26.85], [95.0, 26.900000000000002], [94.95, 26.900000000000002], [94.95, 26.85]]]}, "properties": {"cell_id": "1899_537", "state": "Nagaland", "district": "Mon", "samples": 1, "events": 1, "risk_index": 1.0, "severity": "High", "mean_slope_deg": 5.6, "mean_relief_500m_m": 212.1, "mean_rain_30d_mm": 577.3}}, {"type": "Feature", "geometry": {"type": "Polygon", "coordinates": [[[94.95, 28.200000000000003], [95.0, 28.200000000000003], [95.0, 28.250000000000004], [94.95, 28.250000000000004], [94.95, 28.200000000000003]]]}, "properties": {"cell_id": "1899_564", "state": "Arunachal Pradesh", "district": "East Siang", "samples": 1, "events": 1, "risk_index": 1.0, "severity": "High", "mean_slope_deg": 38.41, "mean_relief_500m_m": 586.6, "mean_rain_30d_mm": 760.5}}, {"type": "Feature", "geometry": {"type": "Polygon", "coordinates": [[[94.95, 28.6], [95.0, 28.6], [95.0, 28.650000000000002], [94.95, 28.650000000000002], [94.95, 28.6]]]}, "properties": {"cell_id": "1899_572", "state": "Arunachal Pradesh", "district": "Upper Siang", "samples": 1, "events": 1, "risk_index": 1.0, "severity": "High", "mean_slope_deg": 23.32, "mean_relief_500m_m": 715.0, "mean_rain_30d_mm": 293.4}}, {"type": "Feature", "geometry": {"type": "Polygon", "coordinates": [[[95.0, 26.700000000000003], [95.05, 26.700000000000003], [95.05, 26.750000000000004], [95.0, 26.750000000000004], [95.0, 26.700000000000003]]]}, "properties": {"cell_id": "1900_534", "state": "Nagaland", "district": "Mon", "samples": 4, "events": 4, "risk_index": 1.0, "severity": "High", "mean_slope_deg": 6.37, "mean_relief_500m_m": 151.7, "mean_rain_30d_mm": 471.6}}, {"type": "Feature", "geometry": {"type": "Polygon", "coordinates": [[[95.0, 27.3], [95.05, 27.3], [95.05, 27.35], [95.0, 27.35], [95.0, 27.3]]]}, "properties": {"cell_id": "1900_546", "state": "Assam", "district": "Dibrugarh", "samples": 1, "events": 0, "risk_index": 0.0, "severity": "Low", "mean_slope_deg": 0.5, "mean_relief_500m_m": 10.2, "mean_rain_30d_mm": 599.4}}, {"type": "Feature", "geometry": {"type": "Polygon", "coordinates": [[[95.0, 28.75], [95.05, 28.75], [95.05, 28.8], [95.0, 28.8], [95.0, 28.75]]]}, "properties": {"cell_id": "1900_575", "state": "Arunachal Pradesh", "district": "Upper Siang", "samples": 1, "events": 0, "risk_index": 0.0, "severity": "Low", "mean_slope_deg": 33.25, "mean_relief_500m_m": 768.0, "mean_rain_30d_mm": 321.2}}, {"type": "Feature", "geometry": {"type": "Polygon", "coordinates": [[[95.05000000000001, 27.200000000000003], [95.10000000000001, 27.200000000000003], [95.10000000000001, 27.250000000000004], [95.05000000000001, 27.250000000000004], [95.05000000000001, 27.200000000000003]]]}, "properties": {"cell_id": "1901_544", "state": "Assam", "district": "Dibrugarh", "samples": 1, "events": 0, "risk_index": 0.0, "severity": "Low", "mean_slope_deg": 0.49, "mean_relief_500m_m": 7.4, "mean_rain_30d_mm": 286.5}}, {"type": "Feature", "geometry": {"type": "Polygon", "coordinates": [[[95.05000000000001, 28.1], [95.10000000000001, 28.1], [95.10000000000001, 28.150000000000002], [95.05000000000001, 28.150000000000002], [95.05000000000001, 28.1]]]}, "properties": {"cell_id": "1901_562", "state": "Arunachal Pradesh", "district": "East Siang", "samples": 1, "events": 0, "risk_index": 0.0, "severity": "Low", "mean_slope_deg": 11.2, "mean_relief_500m_m": 338.9, "mean_rain_30d_mm": 777.5}}, {"type": "Feature", "geometry": {"type": "Polygon", "coordinates": [[[95.05000000000001, 28.450000000000003], [95.10000000000001, 28.450000000000003], [95.10000000000001, 28.500000000000004], [95.05000000000001, 28.500000000000004], [95.05000000000001, 28.450000000000003]]]}, "properties": {"cell_id": "1901_569", "state": "Arunachal Pradesh", "district": "East Siang", "samples": 1, "events": 0, "risk_index": 0.0, "severity": "Low", "mean_slope_deg": 36.02, "mean_relief_500m_m": 577.1, "mean_rain_30d_mm": 218.3}}, {"type": "Feature", "geometry": {"type": "Polygon", "coordinates": [[[95.05000000000001, 28.900000000000002], [95.10000000000001, 28.900000000000002], [95.10000000000001, 28.950000000000003], [95.05000000000001, 28.950000000000003], [95.05000000000001, 28.900000000000002]]]}, "properties": {"cell_id": "1901_578", "state": "Arunachal Pradesh", "district": "Upper Siang", "samples": 1, "events": 0, "risk_index": 0.0, "severity": "Low", "mean_slope_deg": 43.11, "mean_relief_500m_m": 833.8, "mean_rain_30d_mm": 352.5}}, {"type": "Feature", "geometry": {"type": "Polygon", "coordinates": [[[95.10000000000001, 26.05], [95.15, 26.05], [95.15, 26.1], [95.10000000000001, 26.1], [95.10000000000001, 26.05]]]}, "properties": {"cell_id": "1902_521", "state": "Nagaland", "district": "Tuensang", "samples": 1, "events": 0, "risk_index": 0.0, "severity": "Low", "mean_slope_deg": 30.02, "mean_relief_500m_m": 491.4, "mean_rain_30d_mm": 554.7}}, {"type": "Feature", "geometry": {"type": "Polygon", "coordinates": [[[95.10000000000001, 26.700000000000003], [95.15, 26.700000000000003], [95.15, 26.750000000000004], [95.10000000000001, 26.750000000000004], [95.10000000000001, 26.700000000000003]]]}, "properties": {"cell_id": "1902_534", "state": "Nagaland", "district": "Mon", "samples": 1, "events": 0, "risk_index": 0.0, "severity": "Low", "mean_slope_deg": 10.11, "mean_relief_500m_m": 230.8, "mean_rain_30d_mm": 428.0}}, {"type": "Feature", "geometry": {"type": "Polygon", "coordinates": [[[95.10000000000001, 26.950000000000003], [95.15, 26.950000000000003], [95.15, 27.000000000000004], [95.10000000000001, 27.000000000000004], [95.10000000000001, 26.950000000000003]]]}, "properties": {"cell_id": "1902_539", "state": "Nagaland", "district": "Mon", "samples": 1, "events": 0, "risk_index": 0.0, "severity": "Low", "mean_slope_deg": 1.06, "mean_relief_500m_m": 34.3, "mean_rain_30d_mm": 26.2}}, {"type": "Feature", "geometry": {"type": "Polygon", "coordinates": [[[95.10000000000001, 28.0], [95.15, 28.0], [95.15, 28.05], [95.10000000000001, 28.05], [95.10000000000001, 28.0]]]}, "properties": {"cell_id": "1902_560", "state": "Arunachal Pradesh", "district": "East Siang", "samples": 1, "events": 0, "risk_index": 0.0, "severity": "Low", "mean_slope_deg": 26.35, "mean_relief_500m_m": 406.9, "mean_rain_30d_mm": 450.1}}, {"type": "Feature", "geometry": {"type": "Polygon", "coordinates": [[[95.10000000000001, 28.5], [95.15, 28.5], [95.15, 28.55], [95.10000000000001, 28.55], [95.10000000000001, 28.5]]]}, "properties": {"cell_id": "1902_570", "state": "Arunachal Pradesh", "district": "Upper Siang", "samples": 1, "events": 0, "risk_index": 0.0, "severity": "Low", "mean_slope_deg": 30.18, "mean_relief_500m_m": 335.4, "mean_rain_30d_mm": 207.2}}, {"type": "Feature", "geometry": {"type": "Polygon", "coordinates": [[[95.15, 26.85], [95.2, 26.85], [95.2, 26.900000000000002], [95.15, 26.900000000000002], [95.15, 26.85]]]}, "properties": {"cell_id": "1903_537", "state": "Nagaland", "district": "Mon", "samples": 1, "events": 0, "risk_index": 0.0, "severity": "Low", "mean_slope_deg": 9.03, "mean_relief_500m_m": 239.1, "mean_rain_30d_mm": 422.1}}, {"type": "Feature", "geometry": {"type": "Polygon", "coordinates": [[[95.15, 26.900000000000002], [95.2, 26.900000000000002], [95.2, 26.950000000000003], [95.15, 26.950000000000003], [95.15, 26.900000000000002]]]}, "properties": {"cell_id": "1903_538", "state": "Nagaland", "district": "Mon", "samples": 1, "events": 0, "risk_index": 0.0, "severity": "Low", "mean_slope_deg": 10.86, "mean_relief_500m_m": 390.5, "mean_rain_30d_mm": 528.6}}, {"type": "Feature", "geometry": {"type": "Polygon", "coordinates": [[[95.15, 27.25], [95.2, 27.25], [95.2, 27.3], [95.15, 27.3], [95.15, 27.25]]]}, "properties": {"cell_id": "1903_545", "state": "Assam", "district": "Dibrugarh", "samples": 1, "events": 0, "risk_index": 0.0, "severity": "Low", "mean_slope_deg": 1.29, "mean_relief_500m_m": 15.0, "mean_rain_30d_mm": 265.3}}, {"type": "Feature", "geometry": {"type": "Polygon", "coordinates": [[[95.15, 28.1], [95.2, 28.1], [95.2, 28.150000000000002], [95.15, 28.150000000000002], [95.15, 28.1]]]}, "properties": {"cell_id": "1903_562", "state": "Arunachal Pradesh", "district": "East Siang", "samples": 1, "events": 1, "risk_index": 1.0, "severity": "High", "mean_slope_deg": 36.81, "mean_relief_500m_m": 385.5, "mean_rain_30d_mm": 20.2}}, {"type": "Feature", "geometry": {"type": "Polygon", "coordinates": [[[95.2, 26.8], [95.25, 26.8], [95.25, 26.85], [95.2, 26.85], [95.2, 26.8]]]}, "properties": {"cell_id": "1904_536", "state": "Arunachal Pradesh", "district": "Tirap", "samples": 1, "events": 0, "risk_index": 0.0, "severity": "Low", "mean_slope_deg": 35.93, "mean_relief_500m_m": 440.9, "mean_rain_30d_mm": 233.3}}, {"type": "Feature", "geometry": {"type": "Polygon", "coordinates": [[[95.2, 27.05], [95.25, 27.05], [95.25, 27.1], [95.2, 27.1], [95.2, 27.05]]]}, "properties": {"cell_id": "1904_541", "state": "Assam", "district": "Sibsagar", "samples": 1, "events": 0, "risk_index": 0.0, "severity": "Low", "mean_slope_deg": 0.61, "mean_relief_500m_m": 11.7, "mean_rain_30d_mm": 289.8}}, {"type": "Feature", "geometry": {"type": "Polygon", "coordinates": [[[95.2, 27.1], [95.25, 27.1], [95.25, 27.150000000000002], [95.2, 27.150000000000002], [95.2, 27.1]]]}, "properties": {"cell_id": "1904_542", "state": "Assam", "district": "Sibsagar", "samples": 1, "events": 0, "risk_index": 0.0, "severity": "Low", "mean_slope_deg": 0.38, "mean_relief_500m_m": 7.4, "mean_rain_30d_mm": 255.2}}, {"type": "Feature", "geometry": {"type": "Polygon", "coordinates": [[[95.2, 27.8], [95.25, 27.8], [95.25, 27.85], [95.2, 27.85], [95.2, 27.8]]]}, "properties": {"cell_id": "1904_556", "state": "Assam", "district": "East Siang", "samples": 1, "events": 1, "risk_index": 1.0, "severity": "High", "mean_slope_deg": 0.28, "mean_relief_500m_m": 12.0, "mean_rain_30d_mm": 14.4}}, {"type": "Feature", "geometry": {"type": "Polygon", "coordinates": [[[95.2, 28.5], [95.25, 28.5], [95.25, 28.55], [95.2, 28.55], [95.2, 28.5]]]}, "properties": {"cell_id": "1904_570", "state": "Arunachal Pradesh", "district": "Upper Siang", "samples": 1, "events": 0, "risk_index": 0.0, "severity": "Low", "mean_slope_deg": 38.6, "mean_relief_500m_m": 567.9, "mean_rain_30d_mm": 338.9}}, {"type": "Feature", "geometry": {"type": "Polygon", "coordinates": [[[95.2, 28.75], [95.25, 28.75], [95.25, 28.8], [95.2, 28.8], [95.2, 28.75]]]}, "properties": {"cell_id": "1904_575", "state": "Arunachal Pradesh", "district": "Upper Siang", "samples": 1, "events": 0, "risk_index": 0.0, "severity": "Low", "mean_slope_deg": 32.58, "mean_relief_500m_m": 404.4, "mean_rain_30d_mm": 417.5}}, {"type": "Feature", "geometry": {"type": "Polygon", "coordinates": [[[95.2, 28.85], [95.25, 28.85], [95.25, 28.900000000000002], [95.2, 28.900000000000002], [95.2, 28.85]]]}, "properties": {"cell_id": "1904_577", "state": "Arunachal Pradesh", "district": "Upper Siang", "samples": 1, "events": 0, "risk_index": 0.0, "severity": "Low", "mean_slope_deg": 35.31, "mean_relief_500m_m": 624.0, "mean_rain_30d_mm": 0.0}}, {"type": "Feature", "geometry": {"type": "Polygon", "coordinates": [[[95.25, 26.8], [95.3, 26.8], [95.3, 26.85], [95.25, 26.85], [95.25, 26.8]]]}, "properties": {"cell_id": "1905_536", "state": "Arunachal Pradesh", "district": "Tirap", "samples": 1, "events": 0, "risk_index": 0.0, "severity": "Low", "mean_slope_deg": 26.43, "mean_relief_500m_m": 356.7, "mean_rain_30d_mm": 225.7}}, {"type": "Feature", "geometry": {"type": "Polygon", "coordinates": [[[95.25, 26.85], [95.3, 26.85], [95.3, 26.900000000000002], [95.25, 26.900000000000002], [95.25, 26.85]]]}, "properties": {"cell_id": "1905_537", "state": "Arunachal Pradesh", "district": "Tirap", "samples": 1, "events": 0, "risk_index": 0.0, "severity": "Low", "mean_slope_deg": 27.02, "mean_relief_500m_m": 385.9, "mean_rain_30d_mm": 283.1}}, {"type": "Feature", "geometry": {"type": "Polygon", "coordinates": [[[95.25, 26.950000000000003], [95.3, 26.950000000000003], [95.3, 27.000000000000004], [95.25, 27.000000000000004], [95.25, 26.950000000000003]]]}, "properties": {"cell_id": "1905_539", "state": "Arunachal Pradesh", "district": "Tirap", "samples": 1, "events": 0, "risk_index": 0.0, "severity": "Low", "mean_slope_deg": 17.63, "mean_relief_500m_m": 285.8, "mean_rain_30d_mm": 558.4}}, {"type": "Feature", "geometry": {"type": "Polygon", "coordinates": [[[95.25, 28.1], [95.3, 28.1], [95.3, 28.150000000000002], [95.25, 28.150000000000002], [95.25, 28.1]]]}, "properties": {"cell_id": "1905_562", "state": "Arunachal Pradesh", "district": "East Siang", "samples": 1, "events": 0, "risk_index": 0.0, "severity": "Low", "mean_slope_deg": 23.1, "mean_relief_500m_m": 270.3, "mean_rain_30d_mm": 471.4}}, {"type": "Feature", "geometry": {"type": "Polygon", "coordinates": [[[95.30000000000001, 26.85], [95.35000000000001, 26.85], [95.35000000000001, 26.900000000000002], [95.30000000000001, 26.900000000000002], [95.30000000000001, 26.85]]]}, "properties": {"cell_id": "1906_537", "state": "Arunachal Pradesh", "district": "Tirap", "samples": 1, "events": 0, "risk_index": 0.0, "severity": "Low", "mean_slope_deg": 20.58, "mean_relief_500m_m": 395.2, "mean_rain_30d_mm": 349.8}}, {"type": "Feature", "geometry": {"type": "Polygon", "coordinates": [[[95.30000000000001, 27.8], [95.35000000000001, 27.8], [95.35000000000001, 27.85], [95.30000000000001, 27.85], [95.30000000000001, 27.8]]]}, "properties": {"cell_id": "1906_556", "state": "Assam", "district": "Dhemaji", "samples": 1, "events": 0, "risk_index": 0.0, "severity": "Low", "mean_slope_deg": 0.73, "mean_relief_500m_m": 11.0, "mean_rain_30d_mm": 262.1}}, {"type": "Feature", "geometry": {"type": "Polygon", "coordinates": [[[95.30000000000001, 27.900000000000002], [95.35000000000001, 27.900000000000002], [95.35000000000001, 27.950000000000003], [95.30000000000001, 27.950000000000003], [95.30000000000001, 27.900000000000002]]]}, "properties": {"cell_id": "1906_558", "state": "Arunachal Pradesh", "district": "East Siang", "samples": 1, "events": 0, "risk_index": 0.0, "severity": "Low", "mean_slope_deg": 1.11, "mean_relief_500m_m": 17.1, "mean_rain_30d_mm": 615.6}}, {"type": "Feature", "geometry": {"type": "Polygon", "coordinates": [[[95.30000000000001, 28.0], [95.35000000000001, 28.0], [95.35000000000001, 28.05], [95.30000000000001, 28.05], [95.30000000000001, 28.0]]]}, "properties": {"cell_id": "1906_560", "state": "Arunachal Pradesh", "district": "East Siang", "samples": 1, "events": 0, "risk_index": 0.0, "severity": "Low", "mean_slope_deg": 3.8, "mean_relief_500m_m": 21.9, "mean_rain_30d_mm": 132.8}}, {"type": "Feature", "geometry": {"type": "Polygon", "coordinates": [[[95.30000000000001, 28.3], [95.35000000000001, 28.3], [95.35000000000001, 28.35], [95.30000000000001, 28.35], [95.30000000000001, 28.3]]]}, "properties": {"cell_id": "1906_566", "state": "Arunachal Pradesh", "district": "Upper Siang", "samples": 1, "events": 0, "risk_index": 0.0, "severity": "Low", "mean_slope_deg": 39.24, "mean_relief_500m_m": 700.9, "mean_rain_30d_mm": 593.4}}, {"type": "Feature", "geometry": {"type": "Polygon", "coordinates": [[[95.30000000000001, 28.450000000000003], [95.35000000000001, 28.450000000000003], [95.35000000000001, 28.500000000000004], [95.30000000000001, 28.500000000000004], [95.30000000000001, 28.450000000000003]]]}, "properties": {"cell_id": "1906_569", "state": "Arunachal Pradesh", "district": "Lower Dibang Valley", "samples": 1, "events": 0, "risk_index": 0.0, "severity": "Low", "mean_slope_deg": 34.68, "mean_relief_500m_m": 622.2, "mean_rain_30d_mm": 519.5}}, {"type": "Feature", "geometry": {"type": "Polygon", "coordinates": [[[95.30000000000001, 28.700000000000003], [95.35000000000001, 28.700000000000003], [95.35000000000001, 28.750000000000004], [95.30000000000001, 28.750000000000004], [95.30000000000001, 28.700000000000003]]]}, "properties": {"cell_id": "1906_574", "state": "Arunachal Pradesh", "district": "Upper Siang", "samples": 1, "events": 0, "risk_index": 0.0, "severity": "Low", "mean_slope_deg": 25.87, "mean_relief_500m_m": 490.5, "mean_rain_30d_mm": 294.8}}, {"type": "Feature", "geometry": {"type": "Polygon", "coordinates": [[[95.30000000000001, 28.900000000000002], [95.35000000000001, 28.900000000000002], [95.35000000000001, 28.950000000000003], [95.30000000000001, 28.950000000000003], [95.30000000000001, 28.900000000000002]]]}, "properties": {"cell_id": "1906_578", "state": "Arunachal Pradesh", "district": "Upper Dibang Valley", "samples": 1, "events": 1, "risk_index": 1.0, "severity": "High", "mean_slope_deg": 20.96, "mean_relief_500m_m": 326.9, "mean_rain_30d_mm": 152.4}}, {"type": "Feature", "geometry": {"type": "Polygon", "coordinates": [[[95.35000000000001, 28.6], [95.4, 28.6], [95.4, 28.650000000000002], [95.35000000000001, 28.650000000000002], [95.35000000000001, 28.6]]]}, "properties": {"cell_id": "1907_572", "state": "Arunachal Pradesh", "district": "Lower Dibang Valley", "samples": 1, "events": 0, "risk_index": 0.0, "severity": "Low", "mean_slope_deg": 9.47, "mean_relief_500m_m": 339.5, "mean_rain_30d_mm": 473.4}}, {"type": "Feature", "geometry": {"type": "Polygon", "coordinates": [[[95.35000000000001, 28.75], [95.4, 28.75], [95.4, 28.8], [95.35000000000001, 28.8], [95.35000000000001, 28.75]]]}, "properties": {"cell_id": "1907_575", "state": "Arunachal Pradesh", "district": "Upper Siang", "samples": 1, "events": 0, "risk_index": 0.0, "severity": "Low", "mean_slope_deg": 28.2, "mean_relief_500m_m": 542.2, "mean_rain_30d_mm": 0.0}}, {"type": "Feature", "geometry": {"type": "Polygon", "coordinates": [[[95.4, 26.950000000000003], [95.45, 26.950000000000003], [95.45, 27.000000000000004], [95.4, 27.000000000000004], [95.4, 26.950000000000003]]]}, "properties": {"cell_id": "1908_539", "state": "Arunachal Pradesh", "district": "Tirap", "samples": 1, "events": 0, "risk_index": 0.0, "severity": "Low", "mean_slope_deg": 11.73, "mean_relief_500m_m": 205.6, "mean_rain_30d_mm": 326.7}}, {"type": "Feature", "geometry": {"type": "Polygon", "coordinates": [[[95.4, 27.0], [95.45, 27.0], [95.45, 27.05], [95.4, 27.05], [95.4, 27.0]]]}, "properties": {"cell_id": "1908_540", "state": "Arunachal Pradesh", "district": "Tirap", "samples": 1, "events": 0, "risk_index": 0.0, "severity": "Low", "mean_slope_deg": 10.99, "mean_relief_500m_m": 183.1, "mean_rain_30d_mm": 483.0}}, {"type": "Feature", "geometry": {"type": "Polygon", "coordinates": [[[95.4, 27.35], [95.45, 27.35], [95.45, 27.400000000000002], [95.4, 27.400000000000002], [95.4, 27.35]]]}, "properties": {"cell_id": "1908_547", "state": "Assam", "district": "Dibrugarh", "samples": 1, "events": 0, "risk_index": 0.0, "severity": "Low", "mean_slope_deg": 0.69, "mean_relief_500m_m": 6.3, "mean_rain_30d_mm": 293.0}}, {"type": "Feature", "geometry": {"type": "Polygon", "coordinates": [[[95.4, 27.8], [95.45, 27.8], [95.45, 27.85], [95.4, 27.85], [95.4, 27.8]]]}, "properties": {"cell_id": "1908_556", "state": "Assam", "district": "Dhemaji", "samples": 1, "events": 0, "risk_index": 0.0, "severity": "Low", "mean_slope_deg": 0.47, "mean_relief_500m_m": 9.5, "mean_rain_30d_mm": 318.2}}, {"type": "Feature", "geometry": {"type": "Polygon", "coordinates": [[[95.4, 28.200000000000003], [95.45, 28.200000000000003], [95.45, 28.250000000000004], [95.4, 28.250000000000004], [95.4, 28.200000000000003]]]}, "properties": {"cell_id": "1908_564", "state": "Arunachal Pradesh", "district": "East Siang", "samples": 1, "events": 0, "risk_index": 0.0, "severity": "Low", "mean_slope_deg": 36.28, "mean_relief_500m_m": 485.4, "mean_rain_30d_mm": 369.0}}, {"type": "Feature", "geometry": {"type": "Polygon", "coordinates": [[[95.4, 28.3], [95.45, 28.3], [95.45, 28.35], [95.4, 28.35], [95.4, 28.3]]]}, "properties": {"cell_id": "1908_566", "state": "Arunachal Pradesh", "district": "East Siang", "samples": 2, "events": 2, "risk_index": 1.0, "severity": "High", "mean_slope_deg": 44.28, "mean_relief_500m_m": 756.3, "mean_rain_30d_mm": 329.3}}, {"type": "Feature", "geometry": {"type": "Polygon", "coordinates": [[[95.45, 26.950000000000003], [95.5, 26.950000000000003], [95.5, 27.000000000000004], [95.45, 27.000000000000004], [95.45, 26.950000000000003]]]}, "properties": {"cell_id": "1909_539", "state": "Arunachal Pradesh", "district": "Tirap", "samples": 1, "events": 1, "risk_index": 1.0, "severity": "High", "mean_slope_deg": 16.27, "mean_relief_500m_m": 213.9, "mean_rain_30d_mm": 314.4}}, {"type": "Feature", "geometry": {"type": "Polygon", "coordinates": [[[95.5, 28.400000000000002], [95.55, 28.400000000000002], [95.55, 28.450000000000003], [95.5, 28.450000000000003], [95.5, 28.400000000000002]]]}, "properties": {"cell_id": "1910_568", "state": "Arunachal Pradesh", "district": "Lower Dibang Valley", "samples": 1, "events": 0, "risk_index": 0.0, "severity": "Low", "mean_slope_deg": 32.26, "mean_relief_500m_m": 523.0, "mean_rain_30d_mm": 230.4}}, {"type": "Feature", "geometry": {"type": "Polygon", "coordinates": [[[95.5, 28.5], [95.55, 28.5], [95.55, 28.55], [95.5, 28.55], [95.5, 28.5]]]}, "properties": {"cell_id": "1910_570", "state": "Arunachal Pradesh", "district": "Lower Dibang Valley", "samples": 1, "events": 0, "risk_index": 0.0, "severity": "Low", "mean_slope_deg": 38.29, "mean_relief_500m_m": 735.4, "mean_rain_30d_mm": 472.5}}, {"type": "Feature", "geometry": {"type": "Polygon", "coordinates": [[[95.5, 28.55], [95.55, 28.55], [95.55, 28.6], [95.5, 28.6], [95.5, 28.55]]]}, "properties": {"cell_id": "1910_571", "state": "Arunachal Pradesh", "district": "Lower Dibang Valley", "samples": 1, "events": 0, "risk_index": 0.0, "severity": "Low", "mean_slope_deg": 29.94, "mean_relief_500m_m": 471.2, "mean_rain_30d_mm": 14.4}}, {"type": "Feature", "geometry": {"type": "Polygon", "coordinates": [[[95.5, 28.700000000000003], [95.55, 28.700000000000003], [95.55, 28.750000000000004], [95.5, 28.750000000000004], [95.5, 28.700000000000003]]]}, "properties": {"cell_id": "1910_574", "state": "Arunachal Pradesh", "district": "Upper Dibang Valley", "samples": 1, "events": 0, "risk_index": 0.0, "severity": "Low", "mean_slope_deg": 31.31, "mean_relief_500m_m": 534.8, "mean_rain_30d_mm": 0.0}}, {"type": "Feature", "geometry": {"type": "Polygon", "coordinates": [[[95.55000000000001, 27.05], [95.60000000000001, 27.05], [95.60000000000001, 27.1], [95.55000000000001, 27.1], [95.55000000000001, 27.05]]]}, "properties": {"cell_id": "1911_541", "state": "Arunachal Pradesh", "district": "Tirap", "samples": 1, "events": 0, "risk_index": 0.0, "severity": "Low", "mean_slope_deg": 22.68, "mean_relief_500m_m": 315.9, "mean_rain_30d_mm": 450.7}}, {"type": "Feature", "geometry": {"type": "Polygon", "coordinates": [[[95.55000000000001, 28.25], [95.60000000000001, 28.25], [95.60000000000001, 28.3], [95.55000000000001, 28.3], [95.55000000000001, 28.25]]]}, "properties": {"cell_id": "1911_565", "state": "Arunachal Pradesh", "district": "Lower Dibang Valley", "samples": 1, "events": 0, "risk_index": 0.0, "severity": "Low", "mean_slope_deg": 43.47, "mean_relief_500m_m": 484.4, "mean_rain_30d_mm": 278.6}}, {"type": "Feature", "geometry": {"type": "Polygon", "coordinates": [[[95.55000000000001, 28.8], [95.60000000000001, 28.8], [95.60000000000001, 28.85], [95.55000000000001, 28.85], [95.55000000000001, 28.8]]]}, "properties": {"cell_id": "1911_576", "state": "Arunachal Pradesh", "district": "Upper Dibang Valley", "samples": 1, "events": 0, "risk_index": 0.0, "severity": "Low", "mean_slope_deg": 9.44, "mean_relief_500m_m": 202.7, "mean_rain_30d_mm": 0.0}}, {"type": "Feature", "geometry": {"type": "Polygon", "coordinates": [[[95.55000000000001, 28.85], [95.60000000000001, 28.85], [95.60000000000001, 28.900000000000002], [95.55000000000001, 28.900000000000002], [95.55000000000001, 28.85]]]}, "properties": {"cell_id": "1911_577", "state": "Arunachal Pradesh", "district": "Upper Dibang Valley", "samples": 1, "events": 0, "risk_index": 0.0, "severity": "Low", "mean_slope_deg": 12.91, "mean_relief_500m_m": 162.5, "mean_rain_30d_mm": 0.0}}, {"type": "Feature", "geometry": {"type": "Polygon", "coordinates": [[[95.60000000000001, 26.8], [95.65, 26.8], [95.65, 26.85], [95.60000000000001, 26.85], [95.60000000000001, 26.8]]]}, "properties": {"cell_id": "1912_536", "state": "Arunachal Pradesh", "district": "Tirap", "samples": 1, "events": 0, "risk_index": 0.0, "severity": "Low", "mean_slope_deg": 33.18, "mean_relief_500m_m": 437.3, "mean_rain_30d_mm": 0.0}}, {"type": "Feature", "geometry": {"type": "Polygon", "coordinates": [[[95.60000000000001, 27.0], [95.65, 27.0], [95.65, 27.05], [95.60000000000001, 27.05], [95.60000000000001, 27.0]]]}, "properties": {"cell_id": "1912_540", "state": "Arunachal Pradesh", "district": "Tirap", "samples": 1, "events": 0, "risk_index": 0.0, "severity": "Low", "mean_slope_deg": 42.09, "mean_relief_500m_m": 738.7, "mean_rain_30d_mm": 279.2}}, {"type": "Feature", "geometry": {"type": "Polygon", "coordinates": [[[95.60000000000001, 27.1], [95.65, 27.1], [95.65, 27.150000000000002], [95.60000000000001, 27.150000000000002], [95.60000000000001, 27.1]]]}, "properties": {"cell_id": "1912_542", "state": "Arunachal Pradesh", "district": "Tirap", "samples": 2, "events": 0, "risk_index": 0.0, "severity": "Low", "mean_slope_deg": 18.78, "mean_relief_500m_m": 315.3, "mean_rain_30d_mm": 353.5}}, {"type": "Feature", "geometry": {"type": "Polygon", "coordinates": [[[95.60000000000001, 27.450000000000003], [95.65, 27.450000000000003], [95.65, 27.500000000000004], [95.60000000000001, 27.500000000000004], [95.60000000000001, 27.450000000000003]]]}, "properties": {"cell_id": "1912_549", "state": "Assam", "district": "Tinsukia", "samples": 1, "events": 0, "risk_index": 0.0, "severity": "Low", "mean_slope_deg": 0.57, "mean_relief_500m_m": 5.0, "mean_rain_30d_mm": 137.0}}, {"type": "Feature", "geometry": {"type": "Polygon", "coordinates": [[[95.60000000000001, 28.05], [95.65, 28.05], [95.65, 28.1], [95.60000000000001, 28.1], [95.60000000000001, 28.05]]]}, "properties": {"cell_id": "1912_561", "state": "Arunachal Pradesh", "district": "Lower Dibang Valley", "samples": 1, "events": 0, "risk_index": 0.0, "severity": "Low", "mean_slope_deg": 1.42, "mean_relief_500m_m": 15.2, "mean_rain_30d_mm": 449.8}}, {"type": "Feature", "geometry": {"type": "Polygon", "coordinates": [[[95.60000000000001, 28.1], [95.65, 28.1], [95.65, 28.150000000000002], [95.60000000000001, 28.150000000000002], [95.60000000000001, 28.1]]]}, "properties": {"cell_id": "1912_562", "state": "Arunachal Pradesh", "district": "Lower Dibang Valley", "samples": 1, "events": 0, "risk_index": 0.0, "severity": "Low", "mean_slope_deg": 1.06, "mean_relief_500m_m": 7.9, "mean_rain_30d_mm": 432.6}}, {"type": "Feature", "geometry": {"type": "Polygon", "coordinates": [[[95.60000000000001, 28.5], [95.65, 28.5], [95.65, 28.55], [95.60000000000001, 28.55], [95.60000000000001, 28.5]]]}, "properties": {"cell_id": "1912_570", "state": "Arunachal Pradesh", "district": "Lower Dibang Valley", "samples": 1, "events": 0, "risk_index": 0.0, "severity": "Low", "mean_slope_deg": 50.21, "mean_relief_500m_m": 587.8, "mean_rain_30d_mm": 459.1}}, {"type": "Feature", "geometry": {"type": "Polygon", "coordinates": [[[95.60000000000001, 28.55], [95.65, 28.55], [95.65, 28.6], [95.60000000000001, 28.6], [95.60000000000001, 28.55]]]}, "properties": {"cell_id": "1912_571", "state": "Arunachal Pradesh", "district": "Lower Dibang Valley", "samples": 1, "events": 0, "risk_index": 0.0, "severity": "Low", "mean_slope_deg": 32.94, "mean_relief_500m_m": 559.0, "mean_rain_30d_mm": 337.3}}, {"type": "Feature", "geometry": {"type": "Polygon", "coordinates": [[[95.60000000000001, 28.8], [95.65, 28.8], [95.65, 28.85], [95.60000000000001, 28.85], [95.60000000000001, 28.8]]]}, "properties": {"cell_id": "1912_576", "state": "Arunachal Pradesh", "district": "Upper Dibang Valley", "samples": 1, "events": 0, "risk_index": 0.0, "severity": "Low", "mean_slope_deg": 21.26, "mean_relief_500m_m": 310.0, "mean_rain_30d_mm": 0.0}}, {"type": "Feature", "geometry": {"type": "Polygon", "coordinates": [[[95.65, 27.55], [95.7, 27.55], [95.7, 27.6], [95.65, 27.6], [95.65, 27.55]]]}, "properties": {"cell_id": "1913_551", "state": "Assam", "district": "Tinsukia", "samples": 1, "events": 0, "risk_index": 0.0, "severity": "Low", "mean_slope_deg": 0.34, "mean_relief_500m_m": 7.8, "mean_rain_30d_mm": 430.5}}, {"type": "Feature", "geometry": {"type": "Polygon", "coordinates": [[[95.65, 27.8], [95.7, 27.8], [95.7, 27.85], [95.65, 27.85], [95.65, 27.8]]]}, "properties": {"cell_id": "1913_556", "state": "Assam", "district": "Tinsukia", "samples": 1, "events": 0, "risk_index": 0.0, "severity": "Low", "mean_slope_deg": 0.79, "mean_relief_500m_m": 5.5, "mean_rain_30d_mm": 122.4}}, {"type": "Feature", "geometry": {"type": "Polygon", "coordinates": [[[95.7, 27.900000000000002], [95.75, 27.900000000000002], [95.75, 27.950000000000003], [95.7, 27.950000000000003], [95.7, 27.900000000000002]]]}, "properties": {"cell_id": "1914_558", "state": "Assam", "district": "Tinsukia", "samples": 1, "events": 0, "risk_index": 0.0, "severity": "Low", "mean_slope_deg": 0.17, "mean_relief_500m_m": 11.7, "mean_rain_30d_mm": 105.4}}, {"type": "Feature", "geometry": {"type": "Polygon", "coordinates": [[[95.7, 28.8], [95.75, 28.8], [95.75, 28.85], [95.7, 28.85], [95.7, 28.8]]]}, "properties": {"cell_id": "1914_576", "state": "Arunachal Pradesh", "district": "Upper Dibang Valley", "samples": 1, "events": 0, "risk_index": 0.0, "severity": "Low", "mean_slope_deg": 7.64, "mean_relief_500m_m": 341.3, "mean_rain_30d_mm": 461.9}}, {"type": "Feature", "geometry": {"type": "Polygon", "coordinates": [[[95.75, 26.950000000000003], [95.8, 26.950000000000003], [95.8, 27.000000000000004], [95.75, 27.000000000000004], [95.75, 26.950000000000003]]]}, "properties": {"cell_id": "1915_539", "state": "Arunachal Pradesh", "district": "Changlang", "samples": 1, "events": 0, "risk_index": 0.0, "severity": "Low", "mean_slope_deg": 28.63, "mean_relief_500m_m": 471.2, "mean_rain_30d_mm": 320.4}}, {"type": "Feature", "geometry": {"type": "Polygon", "coordinates": [[[95.75, 28.950000000000003], [95.8, 28.950000000000003], [95.8, 29.000000000000004], [95.75, 29.000000000000004], [95.75, 28.950000000000003]]]}, "properties": {"cell_id": "1915_579", "state": "Arunachal Pradesh", "district": "Upper Dibang Valley", "samples": 1, "events": 0, "risk_index": 0.0, "severity": "Low", "mean_slope_deg": 22.68, "mean_relief_500m_m": 295.4, "mean_rain_30d_mm": 92.0}}, {"type": "Feature", "geometry": {"type": "Polygon", "coordinates": [[[95.80000000000001, 27.1], [95.85000000000001, 27.1], [95.85000000000001, 27.150000000000002], [95.80000000000001, 27.150000000000002], [95.80000000000001, 27.1]]]}, "properties": {"cell_id": "1916_542", "state": "Arunachal Pradesh", "district": "Changlang", "samples": 1, "events": 0, "risk_index": 0.0, "severity": "Low", "mean_slope_deg": 27.73, "mean_relief_500m_m": 554.3, "mean_rain_30d_mm": 316.9}}, {"type": "Feature", "geometry": {"type": "Polygon", "coordinates": [[[95.80000000000001, 27.150000000000002], [95.85000000000001, 27.150000000000002], [95.85000000000001, 27.200000000000003], [95.80000000000001, 27.200000000000003], [95.80000000000001, 27.150000000000002]]]}, "properties": {"cell_id": "1916_543", "state": "Arunachal Pradesh", "district": "Changlang", "samples": 1, "events": 1, "risk_index": 1.0, "severity": "High", "mean_slope_deg": 0.75, "mean_relief_500m_m": 99.8, "mean_rain_30d_mm": 313.6}}, {"type": "Feature", "geometry": {"type": "Polygon", "coordinates": [[[95.80000000000001, 28.25], [95.85000000000001, 28.25], [95.85000000000001, 28.3], [95.80000000000001, 28.3], [95.80000000000001, 28.25]]]}, "properties": {"cell_id": "1916_565", "state": "Arunachal Pradesh", "district": "Lower Dibang Valley", "samples": 1, "events": 0, "risk_index": 0.0, "severity": "Low", "mean_slope_deg": 35.78, "mean_relief_500m_m": 545.3, "mean_rain_30d_mm": 453.0}}, {"type": "Feature", "geometry": {"type": "Polygon", "coordinates": [[[95.80000000000001, 28.5], [95.85000000000001, 28.5], [95.85000000000001, 28.55], [95.80000000000001, 28.55], [95.80000000000001, 28.5]]]}, "properties": {"cell_id": "1916_570", "state": "Arunachal Pradesh", "district": "Lower Dibang Valley", "samples": 1, "events": 0, "risk_index": 0.0, "severity": "Low", "mean_slope_deg": 34.58, "mean_relief_500m_m": 415.3, "mean_rain_30d_mm": 435.9}}, {"type": "Feature", "geometry": {"type": "Polygon", "coordinates": [[[95.80000000000001, 28.75], [95.85000000000001, 28.75], [95.85000000000001, 28.8], [95.80000000000001, 28.8], [95.80000000000001, 28.75]]]}, "properties": {"cell_id": "1916_575", "state": "Arunachal Pradesh", "district": "Upper Dibang Valley", "samples": 1, "events": 0, "risk_index": 0.0, "severity": "Low", "mean_slope_deg": 32.31, "mean_relief_500m_m": 478.7, "mean_rain_30d_mm": 911.5}}, {"type": "Feature", "geometry": {"type": "Polygon", "coordinates": [[[95.80000000000001, 29.0], [95.85000000000001, 29.0], [95.85000000000001, 29.05], [95.80000000000001, 29.05], [95.80000000000001, 29.0]]]}, "properties": {"cell_id": "1916_580", "state": "Arunachal Pradesh", "district": "Upper Dibang Valley", "samples": 1, "events": 0, "risk_index": 0.0, "severity": "Low", "mean_slope_deg": 39.1, "mean_relief_500m_m": 3002.3, "mean_rain_30d_mm": 258.1}}, {"type": "Feature", "geometry": {"type": "Polygon", "coordinates": [[[95.85000000000001, 27.25], [95.9, 27.25], [95.9, 27.3], [95.85000000000001, 27.3], [95.85000000000001, 27.25]]]}, "properties": {"cell_id": "1917_545", "state": "Arunachal Pradesh", "district": "Changlang", "samples": 1, "events": 0, "risk_index": 0.0, "severity": "Low", "mean_slope_deg": 27.86, "mean_relief_500m_m": 311.1, "mean_rain_30d_mm": 418.7}}, {"type": "Feature", "geometry": {"type": "Polygon", "coordinates": [[[95.85000000000001, 27.85], [95.9, 27.85], [95.9, 27.900000000000002], [95.85000000000001, 27.900000000000002], [95.85000000000001, 27.85]]]}, "properties": {"cell_id": "1917_557", "state": "Assam", "district": "Tinsukia", "samples": 1, "events": 0, "risk_index": 0.0, "severity": "Low", "mean_slope_deg": 0.29, "mean_relief_500m_m": 5.8, "mean_rain_30d_mm": 216.9}}, {"type": "Feature", "geometry": {"type": "Polygon", "coordinates": [[[95.85000000000001, 28.400000000000002], [95.9, 28.400000000000002], [95.9, 28.450000000000003], [95.85000000000001, 28.450000000000003], [95.85000000000001, 28.400000000000002]]]}, "properties": {"cell_id": "1917_568", "state": "Arunachal Pradesh", "district": "Lower Dibang Valley", "samples": 1, "events": 1, "risk_index": 1.0, "severity": "High", "mean_slope_deg": 6.57, "mean_relief_500m_m": 383.8, "mean_rain_30d_mm": 296.6}}, {"type": "Feature", "geometry": {"type": "Polygon", "coordinates": [[[95.85000000000001, 28.450000000000003], [95.9, 28.450000000000003], [95.9, 28.500000000000004], [95.85000000000001, 28.500000000000004], [95.85000000000001, 28.450000000000003]]]}, "properties": {"cell_id": "1917_569", "state": "Arunachal Pradesh", "district": "Lower Dibang Valley", "samples": 1, "events": 1, "risk_index": 1.0, "severity": "High", "mean_slope_deg": 30.74, "mean_relief_500m_m": 519.6, "mean_rain_30d_mm": 0.0}}, {"type": "Feature", "geometry": {"type": "Polygon", "coordinates": [[[95.9, 27.5], [95.95, 27.5], [95.95, 27.55], [95.9, 27.55], [95.9, 27.5]]]}, "properties": {"cell_id": "1918_550", "state": "Arunachal Pradesh", "district": "Changlang", "samples": 1, "events": 0, "risk_index": 0.0, "severity": "Low", "mean_slope_deg": 0.08, "mean_relief_500m_m": 7.9, "mean_rain_30d_mm": 361.5}}, {"type": "Feature", "geometry": {"type": "Polygon", "coordinates": [[[95.9, 28.150000000000002], [95.95, 28.150000000000002], [95.95, 28.200000000000003], [95.9, 28.200000000000003], [95.9, 28.150000000000002]]]}, "properties": {"cell_id": "1918_563", "state": "Arunachal Pradesh", "district": "Lower Dibang Valley", "samples": 1, "events": 0, "risk_index": 0.0, "severity": "Low", "mean_slope_deg": 24.46, "mean_relief_500m_m": 378.8, "mean_rain_30d_mm": 251.7}}, {"type": "Feature", "geometry": {"type": "Polygon", "coordinates": [[[95.9, 28.3], [95.95, 28.3], [95.95, 28.35], [95.9, 28.35], [95.9, 28.3]]]}, "properties": {"cell_id": "1918_566", "state": "Arunachal Pradesh", "district": "Lower Dibang Valley", "samples": 1, "events": 0, "risk_index": 0.0, "severity": "Low", "mean_slope_deg": 19.46, "mean_relief_500m_m": 406.5, "mean_rain_30d_mm": 195.8}}, {"type": "Feature", "geometry": {"type": "Polygon", "coordinates": [[[95.9, 28.400000000000002], [95.95, 28.400000000000002], [95.95, 28.450000000000003], [95.9, 28.450000000000003], [95.9, 28.400000000000002]]]}, "properties": {"cell_id": "1918_568", "state": "Arunachal Pradesh", "district": "Lower Dibang Valley", "samples": 1, "events": 0, "risk_index": 0.0, "severity": "Low", "mean_slope_deg": 47.28, "mean_relief_500m_m": 756.3, "mean_rain_30d_mm": 694.1}}, {"type": "Feature", "geometry": {"type": "Polygon", "coordinates": [[[95.9, 28.450000000000003], [95.95, 28.450000000000003], [95.95, 28.500000000000004], [95.9, 28.500000000000004], [95.9, 28.450000000000003]]]}, "properties": {"cell_id": "1918_569", "state": "Arunachal Pradesh", "district": "Lower Dibang Valley", "samples": 1, "events": 0, "risk_index": 0.0, "severity": "Low", "mean_slope_deg": 15.98, "mean_relief_500m_m": 416.3, "mean_rain_30d_mm": 790.5}}, {"type": "Feature", "geometry": {"type": "Polygon", "coordinates": [[[95.9, 28.75], [95.95, 28.75], [95.95, 28.8], [95.9, 28.8], [95.9, 28.75]]]}, "properties": {"cell_id": "1918_575", "state": "Arunachal Pradesh", "district": "Upper Dibang Valley", "samples": 1, "events": 0, "risk_index": 0.0, "severity": "Low", "mean_slope_deg": 16.3, "mean_relief_500m_m": 304.9, "mean_rain_30d_mm": 153.0}}, {"type": "Feature", "geometry": {"type": "Polygon", "coordinates": [[[95.95, 27.55], [96.0, 27.55], [96.0, 27.6], [95.95, 27.6], [95.95, 27.55]]]}, "properties": {"cell_id": "1919_551", "state": "Arunachal Pradesh", "district": "Lohit", "samples": 1, "events": 0, "risk_index": 0.0, "severity": "Low", "mean_slope_deg": 0.54, "mean_relief_500m_m": 9.7, "mean_rain_30d_mm": 251.6}}, {"type": "Feature", "geometry": {"type": "Polygon", "coordinates": [[[96.0, 27.85], [96.05, 27.85], [96.05, 27.900000000000002], [96.0, 27.900000000000002], [96.0, 27.85]]]}, "properties": {"cell_id": "1920_557", "state": "Arunachal Pradesh", "district": "Lohit", "samples": 2, "events": 0, "risk_index": 0.0, "severity": "Low", "mean_slope_deg": 0.92, "mean_relief_500m_m": 13.8, "mean_rain_30d_mm": 163.8}}, {"type": "Feature", "geometry": {"type": "Polygon", "coordinates": [[[96.0, 28.650000000000002], [96.05, 28.650000000000002], [96.05, 28.700000000000003], [96.0, 28.700000000000003], [96.0, 28.650000000000002]]]}, "properties": {"cell_id": "1920_573", "state": "Arunachal Pradesh", "district": "Upper Dibang Valley", "samples": 1, "events": 0, "risk_index": 0.0, "severity": "Low", "mean_slope_deg": 29.41, "mean_relief_500m_m": 499.3, "mean_rain_30d_mm": 58.6}}, {"type": "Feature", "geometry": {"type": "Polygon", "coordinates": [[[96.0, 28.8], [96.05, 28.8], [96.05, 28.85], [96.0, 28.85], [96.0, 28.8]]]}, "properties": {"cell_id": "1920_576", "state": "Arunachal Pradesh", "district": "Upper Dibang Valley", "samples": 1, "events": 0, "risk_index": 0.0, "severity": "Low", "mean_slope_deg": 31.63, "mean_relief_500m_m": 515.2, "mean_rain_30d_mm": 449.8}}, {"type": "Feature", "geometry": {"type": "Polygon", "coordinates": [[[96.05000000000001, 27.3], [96.10000000000001, 27.3], [96.10000000000001, 27.35], [96.05000000000001, 27.35], [96.05000000000001, 27.3]]]}, "properties": {"cell_id": "1921_546", "state": "Arunachal Pradesh", "district": "Changlang", "samples": 1, "events": 0, "risk_index": 0.0, "severity": "Low", "mean_slope_deg": 16.42, "mean_relief_500m_m": 249.1, "mean_rain_30d_mm": 401.3}}, {"type": "Feature", "geometry": {"type": "Polygon", "coordinates": [[[96.05000000000001, 28.25], [96.10000000000001, 28.25], [96.10000000000001, 28.3], [96.05000000000001, 28.3], [96.05000000000001, 28.25]]]}, "properties": {"cell_id": "1921_565", "state": "Arunachal Pradesh", "district": "Lower Dibang Valley", "samples": 1, "events": 0, "risk_index": 0.0, "severity": "Low", "mean_slope_deg": 32.08, "mean_relief_500m_m": 486.5, "mean_rain_30d_mm": 603.8}}, {"type": "Feature", "geometry": {"type": "Polygon", "coordinates": [[[96.05000000000001, 28.35], [96.10000000000001, 28.35], [96.10000000000001, 28.400000000000002], [96.05000000000001, 28.400000000000002], [96.05000000000001, 28.35]]]}, "properties": {"cell_id": "1921_567", "state": "Arunachal Pradesh", "district": "Lower Dibang Valley", "samples": 1, "events": 0, "risk_index": 0.0, "severity": "Low", "mean_slope_deg": 47.77, "mean_relief_500m_m": 765.4, "mean_rain_30d_mm": 238.4}}, {"type": "Feature", "geometry": {"type": "Polygon", "coordinates": [[[96.05000000000001, 28.450000000000003], [96.10000000000001, 28.450000000000003], [96.10000000000001, 28.500000000000004], [96.05000000000001, 28.500000000000004], [96.05000000000001, 28.450000000000003]]]}, "properties": {"cell_id": "1921_569", "state": "Arunachal Pradesh", "district": "Lower Dibang Valley", "samples": 1, "events": 0, "risk_index": 0.0, "severity": "Low", "mean_slope_deg": 42.24, "mean_relief_500m_m": 694.8, "mean_rain_30d_mm": 115.2}}, {"type": "Feature", "geometry": {"type": "Polygon", "coordinates": [[[96.05000000000001, 29.0], [96.10000000000001, 29.0], [96.10000000000001, 29.05], [96.05000000000001, 29.05], [96.05000000000001, 29.0]]]}, "properties": {"cell_id": "1921_580", "state": "Arunachal Pradesh", "district": "Upper Dibang Valley", "samples": 1, "events": 0, "risk_index": 0.0, "severity": "Low", "mean_slope_deg": 12.2, "mean_relief_500m_m": 3985.5, "mean_rain_30d_mm": 0.0}}, {"type": "Feature", "geometry": {"type": "Polygon", "coordinates": [[[96.10000000000001, 27.55], [96.15, 27.55], [96.15, 27.6], [96.10000000000001, 27.6], [96.10000000000001, 27.55]]]}, "properties": {"cell_id": "1922_551", "state": "Arunachal Pradesh", "district": "Changlang", "samples": 1, "events": 0, "risk_index": 0.0, "severity": "Low", "mean_slope_deg": 4.22, "mean_relief_500m_m": 158.4, "mean_rain_30d_mm": 364.8}}, {"type": "Feature", "geometry": {"type": "Polygon", "coordinates": [[[96.15, 27.700000000000003], [96.2, 27.700000000000003], [96.2, 27.750000000000004], [96.15, 27.750000000000004], [96.15, 27.700000000000003]]]}, "properties": {"cell_id": "1923_554", "state": "Arunachal Pradesh", "district": "Lohit", "samples": 1, "events": 0, "risk_index": 0.0, "severity": "Low", "mean_slope_deg": 0.45, "mean_relief_500m_m": 24.3, "mean_rain_30d_mm": 253.6}}, {"type": "Feature", "geometry": {"type": "Polygon", "coordinates": [[[96.15, 27.8], [96.2, 27.8], [96.2, 27.85], [96.15, 27.85], [96.15, 27.8]]]}, "properties": {"cell_id": "1923_556", "state": "Arunachal Pradesh", "district": "Lohit", "samples": 1, "events": 0, "risk_index": 0.0, "severity": "Low", "mean_slope_deg": 3.2, "mean_relief_500m_m": 13.1, "mean_rain_30d_mm": 131.5}}, {"type": "Feature", "geometry": {"type": "Polygon", "coordinates": [[[96.15, 27.85], [96.2, 27.85], [96.2, 27.900000000000002], [96.15, 27.900000000000002], [96.15, 27.85]]]}, "properties": {"cell_id": "1923_557", "state": "Arunachal Pradesh", "district": "Lohit", "samples": 1, "events": 1, "risk_index": 1.0, "severity": "High", "mean_slope_deg": 2.04, "mean_relief_500m_m": 12.7, "mean_rain_30d_mm": 620.0}}, {"type": "Feature", "geometry": {"type": "Polygon", "coordinates": [[[96.15, 27.900000000000002], [96.2, 27.900000000000002], [96.2, 27.950000000000003], [96.15, 27.950000000000003], [96.15, 27.900000000000002]]]}, "properties": {"cell_id": "1923_558", "state": "Arunachal Pradesh", "district": "Lohit", "samples": 2, "events": 1, "risk_index": 0.5, "severity": "Moderate", "mean_slope_deg": 0.85, "mean_relief_500m_m": 15.2, "mean_rain_30d_mm": 309.0}}, {"type": "Feature", "geometry": {"type": "Polygon", "coordinates": [[[96.15, 28.150000000000002], [96.2, 28.150000000000002], [96.2, 28.200000000000003], [96.15, 28.200000000000003], [96.15, 28.150000000000002]]]}, "properties": {"cell_id": "1923_563", "state": "Arunachal Pradesh", "district": "Lohit", "samples": 1, "events": 0, "risk_index": 0.0, "severity": "Low", "mean_slope_deg": 35.28, "mean_relief_500m_m": 551.8, "mean_rain_30d_mm": 408.0}}, {"type": "Feature", "geometry": {"type": "Polygon", "coordinates": [[[96.15, 28.200000000000003], [96.2, 28.200000000000003], [96.2, 28.250000000000004], [96.15, 28.250000000000004], [96.15, 28.200000000000003]]]}, "properties": {"cell_id": "1923_564", "state": "Arunachal Pradesh", "district": "Lower Dibang Valley", "samples": 1, "events": 0, "risk_index": 0.0, "severity": "Low", "mean_slope_deg": 29.81, "mean_relief_500m_m": 763.7, "mean_rain_30d_mm": 146.4}}, {"type": "Feature", "geometry": {"type": "Polygon", "coordinates": [[[96.15, 28.8], [96.2, 28.8], [96.2, 28.85], [96.15, 28.85], [96.15, 28.8]]]}, "properties": {"cell_id": "1923_576", "state": "Arunachal Pradesh", "district": "Upper Dibang Valley", "samples": 2, "events": 2, "risk_index": 1.0, "severity": "High", "mean_slope_deg": 23.07, "mean_relief_500m_m": 344.2, "mean_rain_30d_mm": 138.2}}, {"type": "Feature", "geometry": {"type": "Polygon", "coordinates": [[[96.2, 28.150000000000002], [96.25, 28.150000000000002], [96.25, 28.200000000000003], [96.2, 28.200000000000003], [96.2, 28.150000000000002]]]}, "properties": {"cell_id": "1924_563", "state": "Arunachal Pradesh", "district": "Lohit", "samples": 1, "events": 0, "risk_index": 0.0, "severity": "Low", "mean_slope_deg": 31.8, "mean_relief_500m_m": 682.1, "mean_rain_30d_mm": 340.8}}, {"type": "Feature", "geometry": {"type": "Polygon", "coordinates": [[[96.2, 28.3], [96.25, 28.3], [96.25, 28.35], [96.2, 28.35], [96.2, 28.3]]]}, "properties": {"cell_id": "1924_566", "state": "Arunachal Pradesh", "district": "Lower Dibang Valley", "samples": 1, "events": 0, "risk_index": 0.0, "severity": "Low", "mean_slope_deg": 26.47, "mean_relief_500m_m": 461.8, "mean_rain_30d_mm": 249.0}}, {"type": "Feature", "geometry": {"type": "Polygon", "coordinates": [[[96.2, 28.8], [96.25, 28.8], [96.25, 28.85], [96.2, 28.85], [96.2, 28.8]]]}, "properties": {"cell_id": "1924_576", "state": "Arunachal Pradesh", "district": "Upper Dibang Valley", "samples": 1, "events": 0, "risk_index": 0.0, "severity": "Low", "mean_slope_deg": 31.9, "mean_relief_500m_m": 581.7, "mean_rain_30d_mm": 84.8}}, {"type": "Feature", "geometry": {"type": "Polygon", "coordinates": [[[96.25, 27.85], [96.3, 27.85], [96.3, 27.900000000000002], [96.25, 27.900000000000002], [96.25, 27.85]]]}, "properties": {"cell_id": "1925_557", "state": "Arunachal Pradesh", "district": "Lohit", "samples": 1, "events": 0, "risk_index": 0.0, "severity": "Low", "mean_slope_deg": 0.72, "mean_relief_500m_m": 21.5, "mean_rain_30d_mm": 470.0}}, {"type": "Feature", "geometry": {"type": "Polygon", "coordinates": [[[96.25, 28.25], [96.3, 28.25], [96.3, 28.3], [96.25, 28.3], [96.25, 28.25]]]}, "properties": {"cell_id": "1925_565", "state": "Arunachal Pradesh", "district": "Lohit", "samples": 1, "events": 0, "risk_index": 0.0, "severity": "Low", "mean_slope_deg": 39.75, "mean_relief_500m_m": 544.5, "mean_rain_30d_mm": 0.0}}, {"type": "Feature", "geometry": {"type": "Polygon", "coordinates": [[[96.25, 28.75], [96.3, 28.75], [96.3, 28.8], [96.25, 28.8], [96.25, 28.75]]]}, "properties": {"cell_id": "1925_575", "state": "Arunachal Pradesh", "district": "Upper Dibang Valley", "samples": 1, "events": 0, "risk_index": 0.0, "severity": "Low", "mean_slope_deg": 42.24, "mean_relief_500m_m": 977.6, "mean_rain_30d_mm": 237.1}}, {"type": "Feature", "geometry": {"type": "Polygon", "coordinates": [[[96.35000000000001, 27.400000000000002], [96.4, 27.400000000000002], [96.4, 27.450000000000003], [96.35000000000001, 27.450000000000003], [96.35000000000001, 27.400000000000002]]]}, "properties": {"cell_id": "1927_548", "state": "Arunachal Pradesh", "district": "Changlang", "samples": 1, "events": 0, "risk_index": 0.0, "severity": "Low", "mean_slope_deg": 19.47, "mean_relief_500m_m": 193.8, "mean_rain_30d_mm": 413.4}}, {"type": "Feature", "geometry": {"type": "Polygon", "coordinates": [[[96.35000000000001, 27.75], [96.4, 27.75], [96.4, 27.8], [96.35000000000001, 27.8], [96.35000000000001, 27.75]]]}, "properties": {"cell_id": "1927_555", "state": "Arunachal Pradesh", "district": "Lohit", "samples": 1, "events": 0, "risk_index": 0.0, "severity": "Low", "mean_slope_deg": 12.16, "mean_relief_500m_m": 274.4, "mean_rain_30d_mm": 240.3}}, {"type": "Feature", "geometry": {"type": "Polygon", "coordinates": [[[96.4, 27.35], [96.45, 27.35], [96.45, 27.400000000000002], [96.4, 27.400000000000002], [96.4, 27.35]]]}, "properties": {"cell_id": "1928_547", "state": "Arunachal Pradesh", "district": "Changlang", "samples": 1, "events": 0, "risk_index": 0.0, "severity": "Low", "mean_slope_deg": 17.57, "mean_relief_500m_m": 268.5, "mean_rain_30d_mm": 95.3}}, {"type": "Feature", "geometry": {"type": "Polygon", "coordinates": [[[96.4, 27.900000000000002], [96.45, 27.900000000000002], [96.45, 27.950000000000003], [96.4, 27.950000000000003], [96.4, 27.900000000000002]]]}, "properties": {"cell_id": "1928_558", "state": "Arunachal Pradesh", "district": "Lohit", "samples": 1, "events": 0, "risk_index": 0.0, "severity": "Low", "mean_slope_deg": 47.76, "mean_relief_500m_m": 801.8, "mean_rain_30d_mm": 0.0}}, {"type": "Feature", "geometry": {"type": "Polygon", "coordinates": [[[96.4, 27.950000000000003], [96.45, 27.950000000000003], [96.45, 28.000000000000004], [96.4, 28.000000000000004], [96.4, 27.950000000000003]]]}, "properties": {"cell_id": "1928_559", "state": "Arunachal Pradesh", "district": "Lohit", "samples": 1, "events": 0, "risk_index": 0.0, "severity": "Low", "mean_slope_deg": 27.93, "mean_relief_500m_m": 430.9, "mean_rain_30d_mm": 550.9}}, {"type": "Feature", "geometry": {"type": "Polygon", "coordinates": [[[96.45, 27.55], [96.5, 27.55], [96.5, 27.6], [96.45, 27.6], [96.45, 27.55]]]}, "properties": {"cell_id": "1929_551", "state": "Arunachal Pradesh", "district": "Changlang", "samples": 2, "events": 0, "risk_index": 0.0, "severity": "Low", "mean_slope_deg": 22.72, "mean_relief_500m_m": 304.1, "mean_rain_30d_mm": 267.4}}, {"type": "Feature", "geometry": {"type": "Polygon", "coordinates": [[[96.45, 27.700000000000003], [96.5, 27.700000000000003], [96.5, 27.750000000000004], [96.45, 27.750000000000004], [96.45, 27.700000000000003]]]}, "properties": {"cell_id": "1929_554", "state": "Arunachal Pradesh", "district": "Lohit", "samples": 1, "events": 0, "risk_index": 0.0, "severity": "Low", "mean_slope_deg": 27.1, "mean_relief_500m_m": 537.7, "mean_rain_30d_mm": 329.9}}, {"type": "Feature", "geometry": {"type": "Polygon", "coordinates": [[[96.5, 27.400000000000002], [96.55, 27.400000000000002], [96.55, 27.450000000000003], [96.5, 27.450000000000003], [96.5, 27.400000000000002]]]}, "properties": {"cell_id": "1930_548", "state": "Arunachal Pradesh", "district": "Changlang", "samples": 1, "events": 0, "risk_index": 0.0, "severity": "Low", "mean_slope_deg": 11.65, "mean_relief_500m_m": 221.8, "mean_rain_30d_mm": 305.9}}, {"type": "Feature", "geometry": {"type": "Polygon", "coordinates": [[[96.5, 28.05], [96.55, 28.05], [96.55, 28.1], [96.5, 28.1], [96.5, 28.05]]]}, "properties": {"cell_id": "1930_561", "state": "Arunachal Pradesh", "district": "Lohit", "samples": 3, "events": 2, "risk_index": 0.6667, "severity": "High", "mean_slope_deg": 22.35, "mean_relief_500m_m": 404.6, "mean_rain_30d_mm": 465.9}}, {"type": "Feature", "geometry": {"type": "Polygon", "coordinates": [[[96.5, 28.200000000000003], [96.55, 28.200000000000003], [96.55, 28.250000000000004], [96.5, 28.250000000000004], [96.5, 28.200000000000003]]]}, "properties": {"cell_id": "1930_564", "state": "Arunachal Pradesh", "district": "Lohit", "samples": 1, "events": 0, "risk_index": 0.0, "severity": "Low", "mean_slope_deg": 37.14, "mean_relief_500m_m": 497.0, "mean_rain_30d_mm": 293.6}}, {"type": "Feature", "geometry": {"type": "Polygon", "coordinates": [[[96.55000000000001, 27.6], [96.60000000000001, 27.6], [96.60000000000001, 27.650000000000002], [96.55000000000001, 27.650000000000002], [96.55000000000001, 27.6]]]}, "properties": {"cell_id": "1931_552", "state": "Arunachal Pradesh", "district": "Changlang", "samples": 1, "events": 0, "risk_index": 0.0, "severity": "Low", "mean_slope_deg": 32.54, "mean_relief_500m_m": 757.2, "mean_rain_30d_mm": 0.0}}, {"type": "Feature", "geometry": {"type": "Polygon", "coordinates": [[[96.60000000000001, 27.6], [96.65, 27.6], [96.65, 27.650000000000002], [96.60000000000001, 27.650000000000002], [96.60000000000001, 27.6]]]}, "properties": {"cell_id": "1932_552", "state": "Arunachal Pradesh", "district": "Changlang", "samples": 1, "events": 0, "risk_index": 0.0, "severity": "Low", "mean_slope_deg": 29.76, "mean_relief_500m_m": 642.3, "mean_rain_30d_mm": 0.0}}, {"type": "Feature", "geometry": {"type": "Polygon", "coordinates": [[[96.60000000000001, 27.8], [96.65, 27.8], [96.65, 27.85], [96.60000000000001, 27.85], [96.60000000000001, 27.8]]]}, "properties": {"cell_id": "1932_556", "state": "Arunachal Pradesh", "district": "Lohit", "samples": 1, "events": 0, "risk_index": 0.0, "severity": "Low", "mean_slope_deg": 30.87, "mean_relief_500m_m": 584.5, "mean_rain_30d_mm": 720.9}}, {"type": "Feature", "geometry": {"type": "Polygon", "coordinates": [[[96.60000000000001, 28.200000000000003], [96.65, 28.200000000000003], [96.65, 28.250000000000004], [96.60000000000001, 28.250000000000004], [96.60000000000001, 28.200000000000003]]]}, "properties": {"cell_id": "1932_564", "state": "Arunachal Pradesh", "district": "Lohit", "samples": 1, "events": 0, "risk_index": 0.0, "severity": "Low", "mean_slope_deg": 39.96, "mean_relief_500m_m": 591.6, "mean_rain_30d_mm": 415.3}}, {"type": "Feature", "geometry": {"type": "Polygon", "coordinates": [[[96.60000000000001, 28.3], [96.65, 28.3], [96.65, 28.35], [96.60000000000001, 28.35], [96.60000000000001, 28.3]]]}, "properties": {"cell_id": "1932_566", "state": "Arunachal Pradesh", "district": "Lohit", "samples": 1, "events": 0, "risk_index": 0.0, "severity": "Low", "mean_slope_deg": 37.24, "mean_relief_500m_m": 984.7, "mean_rain_30d_mm": 293.6}}, {"type": "Feature", "geometry": {"type": "Polygon", "coordinates": [[[96.60000000000001, 28.400000000000002], [96.65, 28.400000000000002], [96.65, 28.450000000000003], [96.60000000000001, 28.450000000000003], [96.60000000000001, 28.400000000000002]]]}, "properties": {"cell_id": "1932_568", "state": "Arunachal Pradesh", "district": "Lohit", "samples": 3, "events": 0, "risk_index": 0.0, "severity": "Low", "mean_slope_deg": 32.37, "mean_relief_500m_m": 599.0, "mean_rain_30d_mm": 198.9}}, {"type": "Feature", "geometry": {"type": "Polygon", "coordinates": [[[96.65, 27.55], [96.7, 27.55], [96.7, 27.6], [96.65, 27.6], [96.65, 27.55]]]}, "properties": {"cell_id": "1933_551", "state": "Arunachal Pradesh", "district": "Changlang", "samples": 1, "events": 0, "risk_index": 0.0, "severity": "Low", "mean_slope_deg": 34.42, "mean_relief_500m_m": 671.4, "mean_rain_30d_mm": 380.0}}, {"type": "Feature", "geometry": {"type": "Polygon", "coordinates": [[[96.65, 27.6], [96.7, 27.6], [96.7, 27.650000000000002], [96.65, 27.650000000000002], [96.65, 27.6]]]}, "properties": {"cell_id": "1933_552", "state": "Arunachal Pradesh", "district": "Changlang", "samples": 1, "events": 0, "risk_index": 0.0, "severity": "Low", "mean_slope_deg": 42.39, "mean_relief_500m_m": 619.4, "mean_rain_30d_mm": 303.1}}, {"type": "Feature", "geometry": {"type": "Polygon", "coordinates": [[[96.65, 27.950000000000003], [96.7, 27.950000000000003], [96.7, 28.000000000000004], [96.65, 28.000000000000004], [96.65, 27.950000000000003]]]}, "properties": {"cell_id": "1933_559", "state": "Arunachal Pradesh", "district": "Lohit", "samples": 1, "events": 0, "risk_index": 0.0, "severity": "Low", "mean_slope_deg": 36.86, "mean_relief_500m_m": 349.3, "mean_rain_30d_mm": 214.1}}, {"type": "Feature", "geometry": {"type": "Polygon", "coordinates": [[[96.65, 28.150000000000002], [96.7, 28.150000000000002], [96.7, 28.200000000000003], [96.65, 28.200000000000003], [96.65, 28.150000000000002]]]}, "properties": {"cell_id": "1933_563", "state": "Arunachal Pradesh", "district": "Lohit", "samples": 1, "events": 0, "risk_index": 0.0, "severity": "Low", "mean_slope_deg": 36.66, "mean_relief_500m_m": 626.9, "mean_rain_30d_mm": 327.2}}, {"type": "Feature", "geometry": {"type": "Polygon", "coordinates": [[[96.7, 28.400000000000002], [96.75, 28.400000000000002], [96.75, 28.450000000000003], [96.7, 28.450000000000003], [96.7, 28.400000000000002]]]}, "properties": {"cell_id": "1934_568", "state": "Arunachal Pradesh", "district": "Lohit", "samples": 1, "events": 0, "risk_index": 0.0, "severity": "Low", "mean_slope_deg": 29.92, "mean_relief_500m_m": 684.4, "mean_rain_30d_mm": 310.0}}, {"type": "Feature", "geometry": {"type": "Polygon", "coordinates": [[[96.75, 27.8], [96.8, 27.8], [96.8, 27.85], [96.75, 27.85], [96.75, 27.8]]]}, "properties": {"cell_id": "1935_556", "state": "Arunachal Pradesh", "district": "Lohit", "samples": 1, "events": 0, "risk_index": 0.0, "severity": "Low", "mean_slope_deg": 16.81, "mean_relief_500m_m": 443.7, "mean_rain_30d_mm": 288.2}}, {"type": "Feature", "geometry": {"type": "Polygon", "coordinates": [[[96.75, 28.05], [96.8, 28.05], [96.8, 28.1], [96.75, 28.1], [96.75, 28.05]]]}, "properties": {"cell_id": "1935_561", "state": "Arunachal Pradesh", "district": "Lohit", "samples": 1, "events": 0, "risk_index": 0.0, "severity": "Low", "mean_slope_deg": 39.31, "mean_relief_500m_m": 669.0, "mean_rain_30d_mm": 226.0}}, {"type": "Feature", "geometry": {"type": "Polygon", "coordinates": [[[96.80000000000001, 27.400000000000002], [96.85000000000001, 27.400000000000002], [96.85000000000001, 27.450000000000003], [96.80000000000001, 27.450000000000003], [96.80000000000001, 27.400000000000002]]]}, "properties": {"cell_id": "1936_548", "state": "Arunachal Pradesh", "district": "Changlang", "samples": 1, "events": 0, "risk_index": 0.0, "severity": "Low", "mean_slope_deg": 34.39, "mean_relief_500m_m": 548.3, "mean_rain_30d_mm": 253.3}}, {"type": "Feature", "geometry": {"type": "Polygon", "coordinates": [[[96.80000000000001, 27.6], [96.85000000000001, 27.6], [96.85000000000001, 27.650000000000002], [96.80000000000001, 27.650000000000002], [96.80000000000001, 27.6]]]}, "properties": {"cell_id": "1936_552", "state": "Arunachal Pradesh", "district": "Changlang", "samples": 1, "events": 0, "risk_index": 0.0, "severity": "Low", "mean_slope_deg": 33.4, "mean_relief_500m_m": 729.4, "mean_rain_30d_mm": 242.1}}, {"type": "Feature", "geometry": {"type": "Polygon", "coordinates": [[[96.80000000000001, 27.700000000000003], [96.85000000000001, 27.700000000000003], [96.85000000000001, 27.750000000000004], [96.80000000000001, 27.750000000000004], [96.80000000000001, 27.700000000000003]]]}, "properties": {"cell_id": "1936_554", "state": "Arunachal Pradesh", "district": "Lohit", "samples": 1, "events": 0, "risk_index": 0.0, "severity": "Low", "mean_slope_deg": 27.44, "mean_relief_500m_m": 514.1, "mean_rain_30d_mm": 321.6}}, {"type": "Feature", "geometry": {"type": "Polygon", "coordinates": [[[96.80000000000001, 27.75], [96.85000000000001, 27.75], [96.85000000000001, 27.8], [96.80000000000001, 27.8], [96.80000000000001, 27.75]]]}, "properties": {"cell_id": "1936_555", "state": "Arunachal Pradesh", "district": "Lohit", "samples": 1, "events": 0, "risk_index": 0.0, "severity": "Low", "mean_slope_deg": 32.98, "mean_relief_500m_m": 686.4, "mean_rain_30d_mm": 288.2}}, {"type": "Feature", "geometry": {"type": "Polygon", "coordinates": [[[96.80000000000001, 28.0], [96.85000000000001, 28.0], [96.85000000000001, 28.05], [96.80000000000001, 28.05], [96.80000000000001, 28.0]]]}, "properties": {"cell_id": "1936_560", "state": "Arunachal Pradesh", "district": "Lohit", "samples": 1, "events": 0, "risk_index": 0.0, "severity": "Low", "mean_slope_deg": 34.47, "mean_relief_500m_m": 733.0, "mean_rain_30d_mm": 725.0}}, {"type": "Feature", "geometry": {"type": "Polygon", "coordinates": [[[96.80000000000001, 28.1], [96.85000000000001, 28.1], [96.85000000000001, 28.150000000000002], [96.80000000000001, 28.150000000000002], [96.80000000000001, 28.1]]]}, "properties": {"cell_id": "1936_562", "state": "Arunachal Pradesh", "district": "Lohit", "samples": 1, "events": 0, "risk_index": 0.0, "severity": "Low", "mean_slope_deg": 30.48, "mean_relief_500m_m": 519.7, "mean_rain_30d_mm": 302.5}}, {"type": "Feature", "geometry": {"type": "Polygon", "coordinates": [[[96.85000000000001, 27.5], [96.9, 27.5], [96.9, 27.55], [96.85000000000001, 27.55], [96.85000000000001, 27.5]]]}, "properties": {"cell_id": "1937_550", "state": "Arunachal Pradesh", "district": "Changlang", "samples": 1, "events": 0, "risk_index": 0.0, "severity": "Low", "mean_slope_deg": 30.49, "mean_relief_500m_m": 474.4, "mean_rain_30d_mm": 532.0}}, {"type": "Feature", "geometry": {"type": "Polygon", "coordinates": [[[96.85000000000001, 28.0], [96.9, 28.0], [96.9, 28.05], [96.85000000000001, 28.05], [96.85000000000001, 28.0]]]}, "properties": {"cell_id": "1937_560", "state": "Arunachal Pradesh", "district": "Lohit", "samples": 1, "events": 0, "risk_index": 0.0, "severity": "Low", "mean_slope_deg": 19.97, "mean_relief_500m_m": 629.3, "mean_rain_30d_mm": 261.9}}, {"type": "Feature", "geometry": {"type": "Polygon", "coordinates": [[[96.9, 27.85], [96.95, 27.85], [96.95, 27.900000000000002], [96.9, 27.900000000000002], [96.9, 27.85]]]}, "properties": {"cell_id": "1938_557", "state": "Arunachal Pradesh", "district": "Lohit", "samples": 1, "events": 1, "risk_index": 1.0, "severity": "High", "mean_slope_deg": 39.34, "mean_relief_500m_m": 473.9, "mean_rain_30d_mm": 307.1}}, {"type": "Feature", "geometry": {"type": "Polygon", "coordinates": [[[96.9, 28.3], [96.95, 28.3], [96.95, 28.35], [96.9, 28.35], [96.9, 28.3]]]}, "properties": {"cell_id": "1938_566", "state": "Arunachal Pradesh", "district": "Lohit", "samples": 1, "events": 0, "risk_index": 0.0, "severity": "Low", "mean_slope_deg": 31.94, "mean_relief_500m_m": 920.5, "mean_rain_30d_mm": 0.0}}, {"type": "Feature", "geometry": {"type": "Polygon", "coordinates": [[[96.95, 28.150000000000002], [97.0, 28.150000000000002], [97.0, 28.200000000000003], [96.95, 28.200000000000003], [96.95, 28.150000000000002]]]}, "properties": {"cell_id": "1939_563", "state": "Arunachal Pradesh", "district": "Lohit", "samples": 1, "events": 0, "risk_index": 0.0, "severity": "Low", "mean_slope_deg": 43.4, "mean_relief_500m_m": 821.6, "mean_rain_30d_mm": 112.2}}, {"type": "Feature", "geometry": {"type": "Polygon", "coordinates": [[[96.95, 28.200000000000003], [97.0, 28.200000000000003], [97.0, 28.250000000000004], [96.95, 28.250000000000004], [96.95, 28.200000000000003]]]}, "properties": {"cell_id": "1939_564", "state": "Arunachal Pradesh", "district": "Lohit", "samples": 1, "events": 0, "risk_index": 0.0, "severity": "Low", "mean_slope_deg": 22.94, "mean_relief_500m_m": 546.4, "mean_rain_30d_mm": 112.2}}]}