{"type": "FeatureCollection", "name": "ner_landslide_events_v1", "features": [{"type": "Feature", "geometry": {"type": "Point", "coordinates": [88.5270004272461, 27.47800064086914]}, "properties": {"sample_id": "59cfc8cc762cc224", "state": "Sikkim", "district": "North Sikkim", "event_date": "2009-07-01", "slope_deg": 5.567800045013428, "rain_3d": 67.49739837646484, "rain_30d": 371.9278869628906, "trigger": "downpour", "size": "medium", "fatalities": 0, "label_conf": 0.8500000238418579, "loc_accuracy_km": 1.0}}, {"type": "Feature", "geometry": {"type": "Point", "coordinates": [94.4822006225586, 25.309900283813477]}, "properties": {"sample_id": "42f02219a21059e1", "state": "Manipur", "district": "Ukhrul", "event_date": "2010-07-29", "slope_deg": 28.084199905395508, "rain_3d": 100.3678970336914, "rain_30d": 389.7174072265625, "trigger": "downpour", "size": "medium", "fatalities": 0, "label_conf": 0.30000001192092896, "loc_accuracy_km": 25.0}}, {"type": "Feature", "geometry": {"type": "Point", "coordinates": [88.55599975585938, 27.838499069213867]}, "properties": {"sample_id": "fa39470544c8c2c2", "state": "Sikkim", "district": "North Sikkim", "event_date": "2012-09-19", "slope_deg": 18.578500747680664, "rain_3d": 61.019100189208984, "rain_30d": 364.87640380859375, "trigger": "downpour", "size": "large", "fatalities": 20, "label_conf": 0.44999998807907104, "loc_accuracy_km": 10.0}}, {"type": "Feature", "geometry": {"type": "Point", "coordinates": [88.6050033569336, 27.655799865722656]}, "properties": {"sample_id": "5832ea6720e739c3", "state": "Sikkim", "district": "North Sikkim", "event_date": "2012-09-19", "slope_deg": 14.687399864196777, "rain_3d": 61.019100189208984, "rain_30d": 364.87640380859375, "trigger": "downpour", "size": "large", "fatalities": 0, "label_conf": 0.44999998807907104, "loc_accuracy_km": 10.0}}, {"type": "Feature", "geometry": {"type": "Point", "coordinates": [93.94129943847656, 25.76580047607422]}, "properties": {"sample_id": "9b229fd26c091009", "state": "Nagaland", "district": "Dimapur", "event_date": "2013-07-17", "slope_deg": 34.39630126953125, "rain_3d": 7.520699977874756, "rain_30d": 342.0513916015625, "trigger": "rain", "size": "medium", "fatalities": 0, "label_conf": 0.20000000298023224, "loc_accuracy_km": 50.0}}, {"type": "Feature", "geometry": {"type": "Point", "coordinates": [94.0885009765625, 25.71310043334961]}, "properties": {"sample_id": "35ae45ac9c84082a", "state": "Nagaland", "district": "Kohima", "event_date": "2013-07-17", "slope_deg": 20.463300704956055, "rain_3d": 7.520699977874756, "rain_30d": 342.0513916015625, "trigger": "rain", "size": "medium", "fatalities": 0, "label_conf": 0.20000000298023224, "loc_accuracy_km": 50.0}}, {"type": "Feature", "geometry": {"type": "Point", "coordinates": [94.10780334472656, 24.14189910888672]}, "properties": {"sample_id": "99ec301510ef3287", "state": "Manipur", "district": "Chandel", "event_date": "2015-08-01", "slope_deg": 24.569900512695312, "rain_3d": 125.99410247802734, "rain_30d": 388.0046081542969, "trigger": "continuous_rain", "size": "medium", "fatalities": 0, "label_conf": 0.6000000238418579, "loc_accuracy_km": 5.0}}, {"type": "Feature", "geometry": {"type": "Point", "coordinates": [94.11669921875, 25.615999221801758]}, "properties": {"sample_id": "644b6c8402291933", "state": "Nagaland", "district": "Kohima", "event_date": "2013-07-12", "slope_deg": 18.34510040283203, "rain_3d": 76.48670196533203, "rain_30d": 307.69781494140625, "trigger": "downpour", "size": "medium", "fatalities": 0, "label_conf": 0.44999998807907104, "loc_accuracy_km": 10.0}}, {"type": "Feature", "geometry": {"type": "Point", "coordinates": [94.13510131835938, 25.476900100708008]}, "properties": {"sample_id": "ebcb3be65efbaf91", "state": "Manipur", "district": "Senapati", "event_date": "2010-10-08", "slope_deg": 15.813699722290039, "rain_3d": 59.66469955444336, "rain_30d": 284.57879638671875, "trigger": "downpour", "size": "medium", "fatalities": 0, "label_conf": 0.6000000238418579, "loc_accuracy_km": 5.0}}, {"type": "Feature", "geometry": {"type": "Point", "coordinates": [93.16449737548828, 25.521499633789062]}, "properties": {"sample_id": "51fd6bd5b303632a", "state": "Assam", "district": "North Cachar Hills", "event_date": "2009-08-20", "slope_deg": 3.806999921798706, "rain_3d": 8.788700103759766, "rain_30d": 173.1981964111328, "trigger": "downpour", "size": "medium", "fatalities": 0, "label_conf": 0.30000001192092896, "loc_accuracy_km": 25.0}}, {"type": "Feature", "geometry": {"type": "Point", "coordinates": [91.19999694824219, 25.88330078125]}, "properties": {"sample_id": "38c17725b6f43ea8", "state": "Assam", "district": "Kamrup", "event_date": "2010-06-09", "slope_deg": 9.111800193786621, "rain_3d": 65.18170166015625, "rain_30d": 465.6731872558594, "trigger": "downpour", "size": "medium", "fatalities": 0, "label_conf": 0.20000000298023224, "loc_accuracy_km": 50.0}}, {"type": "Feature", "geometry": {"type": "Point", "coordinates": [94.04620361328125, 25.317899703979492]}, "properties": {"sample_id": "bed399e53b8b884c", "state": "Manipur", "district": "Senapati", "event_date": "2010-10-09", "slope_deg": 20.144899368286133, "rain_3d": 107.72100067138672, "rain_30d": 301.152587890625, "trigger": "downpour", "size": "medium", "fatalities": 0, "label_conf": 0.6000000238418579, "loc_accuracy_km": 5.0}}, {"type": "Feature", "geometry": {"type": "Point", "coordinates": [93.43329620361328, 24.75]}, "properties": {"sample_id": "07f2a4d865fe136a", "state": "Manipur", "district": "Tamenglong", "event_date": "2007-10-21", "slope_deg": 20.233400344848633, "rain_3d": 40.97890090942383, "rain_30d": 146.02310180664062, "trigger": "rain", "size": "medium", "fatalities": 0, "label_conf": 0.30000001192092896, "loc_accuracy_km": 25.0}}, {"type": "Feature", "geometry": {"type": "Point", "coordinates": [91.88500213623047, 25.572799682617188]}, "properties": {"sample_id": "256d963e70da0b7e", "state": "Meghalaya", "district": "East Khasi Hills", "event_date": "2010-06-28", "slope_deg": 4.5192999839782715, "rain_3d": 144.93850708007812, "rain_30d": 605.5562133789062, "trigger": "downpour", "size": "medium", "fatalities": 1, "label_conf": 0.6000000238418579, "loc_accuracy_km": 5.0}}, {"type": "Feature", "geometry": {"type": "Point", "coordinates": [95.02429962158203, 26.722299575805664]}, "properties": {"sample_id": "87407dce58c3fdbf", "state": "Nagaland", "district": "Mon", "event_date": "2016-04-19", "slope_deg": 4.140600204467773, "rain_3d": 84.77339935302734, "rain_30d": 362.67041015625, "trigger": "continuous_rain", "size": "medium", "fatalities": 0, "label_conf": 0.8500000238418579, "loc_accuracy_km": 1.0}}, {"type": "Feature", "geometry": {"type": "Point", "coordinates": [93.43409729003906, 24.762500762939453]}, "properties": {"sample_id": "d186a083e0aef6ce", "state": "Manipur", "district": "Tamenglong", "event_date": "2013-08-17", "slope_deg": 34.2947998046875, "rain_3d": 25.700899124145508, "rain_30d": 332.2170104980469, "trigger": "continuous_rain", "size": "medium", "fatalities": 0, "label_conf": 0.44999998807907104, "loc_accuracy_km": 10.0}}, {"type": "Feature", "geometry": {"type": "Point", "coordinates": [93.81600189208984, 27.09869956970215]}, "properties": {"sample_id": "49016c9439d0487b", "state": "Arunachal Pradesh", "district": "Papum Pare", "event_date": "2015-06-09", "slope_deg": 10.80840015411377, "rain_3d": 76.97480010986328, "rain_30d": 469.2506103515625, "trigger": "continuous_rain", "size": "medium", "fatalities": 2, "label_conf": 0.6000000238418579, "loc_accuracy_km": 5.0}}, {"type": "Feature", "geometry": {"type": "Point", "coordinates": [88.61930084228516, 27.445899963378906]}, "properties": {"sample_id": "1a7654451e2262d1", "state": "Sikkim", "district": "North Sikkim", "event_date": "2007-04-11", "slope_deg": 17.221099853515625, "rain_3d": 32.022300720214844, "rain_30d": 178.51669311523438, "trigger": "downpour", "size": "medium", "fatalities": 0, "label_conf": 0.6000000238418579, "loc_accuracy_km": 5.0}}, {"type": "Feature", "geometry": {"type": "Point", "coordinates": [93.02799987792969, 25.15530014038086]}, "properties": {"sample_id": "09da3a5d65e6cef3", "state": "Assam", "district": "North Cachar Hills", "event_date": "2010-04-01", "slope_deg": 18.613800048828125, "rain_3d": 72.33979797363281, "rain_30d": 149.70269775390625, "trigger": "downpour", "size": "medium", "fatalities": 3, "label_conf": 0.30000001192092896, "loc_accuracy_km": 25.0}}, {"type": "Feature", "geometry": {"type": "Point", "coordinates": [92.89900207519531, 22.533000946044922]}, "properties": {"sample_id": "8854fae2ae364c2c", "state": "Mizoram", "district": "Lawngtlai", "event_date": "2007-07-30", "slope_deg": 7.679100036621094, "rain_3d": 24.7677001953125, "rain_30d": 511.21148681640625, "trigger": "downpour", "size": "medium", "fatalities": 0, "label_conf": 0.30000001192092896, "loc_accuracy_km": 25.0}}, {"type": "Feature", "geometry": {"type": "Point", "coordinates": [92.8572998046875, 25.11750030517578]}, "properties": {"sample_id": "aa27deaa3e1c121f", "state": "Assam", "district": "North Cachar Hills", "event_date": "2012-06-03", "slope_deg": 4.712399959564209, "rain_3d": 94.66549682617188, "rain_30d": 344.5054016113281, "trigger": "downpour", "size": "medium", "fatalities": 0, "label_conf": 0.6000000238418579, "loc_accuracy_km": 5.0}}, {"type": "Feature", "geometry": {"type": "Point", "coordinates": [92.92960357666016, 23.590999603271484]}, "properties": {"sample_id": "8f628615e1c7fca8", "state": "Mizoram", "district": "Aizawl", "event_date": "2010-09-13", "slope_deg": 17.87700080871582, "rain_3d": 53.635799407958984, "rain_30d": 489.8056945800781, "trigger": "downpour", "size": "medium", "fatalities": 0, "label_conf": 0.30000001192092896, "loc_accuracy_km": 25.0}}, {"type": "Feature", "geometry": {"type": "Point", "coordinates": [88.60690307617188, 27.338300704956055]}, "properties": {"sample_id": "89fa1a3d32a8cee0", "state": "Sikkim", "district": "East", "event_date": "2007-05-23", "slope_deg": 20.168699264526367, "rain_3d": 124.15080261230469, "rain_30d": 304.2640075683594, "trigger": "rain", "size": "medium", "fatalities": 0, "label_conf": 0.20000000298023224, "loc_accuracy_km": 50.0}}, {"type": "Feature", "geometry": {"type": "Point", "coordinates": [93.50630187988281, 24.982900619506836]}, "properties": {"sample_id": "0f2262ee8dac3f6a", "state": "Manipur", "district": "Tamenglong", "event_date": "2013-09-01", "slope_deg": 23.27079963684082, "rain_3d": 0.7132999897003174, "rain_30d": 312.84820556640625, "trigger": "continuous_rain", "size": "medium", "fatalities": 0, "label_conf": 0.6000000238418579, "loc_accuracy_km": 5.0}}, {"type": "Feature", "geometry": {"type": "Point", "coordinates": [93.36129760742188, 25.512500762939453]}, "properties": {"sample_id": "a60a796a73497a61", "state": "Nagaland", "district": "North Cachar Hills", "event_date": "2011-06-29", "slope_deg": 1.34089994430542, "rain_3d": 71.93939971923828, "rain_30d": 316.5111999511719, "trigger": "downpour", "size": "medium", "fatalities": 0, "label_conf": 0.25, "loc_accuracy_km": 25.0}}, {"type": "Feature", "geometry": {"type": "Point", "coordinates": [94.48259735107422, 25.310100555419922]}, "properties": {"sample_id": "a4839c0007459431", "state": "Manipur", "district": "Ukhrul", "event_date": "2010-08-15", "slope_deg": 20.71980094909668, "rain_3d": 36.397499084472656, "rain_30d": 345.868408203125, "trigger": "downpour", "size": "medium", "fatalities": 0, "label_conf": 0.30000001192092896, "loc_accuracy_km": 25.0}}, {"type": "Feature", "geometry": {"type": "Point", "coordinates": [93.5, 24.99250030517578]}, "properties": {"sample_id": "cce73772114603d3", "state": "Manipur", "district": "Tamenglong", "event_date": "2009-08-20", "slope_deg": 11.700900077819824, "rain_3d": 9.435500144958496, "rain_30d": 207.5699005126953, "trigger": "downpour", "size": "medium", "fatalities": 0, "label_conf": 0.44999998807907104, "loc_accuracy_km": 10.0}}, {"type": "Feature", "geometry": {"type": "Point", "coordinates": [95.34290313720703, 28.920499801635742]}, "properties": {"sample_id": "be787d175f185c21", "state": "Arunachal Pradesh", "district": "Upper Dibang Valley", "event_date": "2014-06-26", "slope_deg": 20.95560073852539, "rain_3d": 2.145900011062622, "rain_30d": 152.36790466308594, "trigger": "continuous_rain", "size": "medium", "fatalities": 0, "label_conf": 0.25, "loc_accuracy_km": 25.0}}, {"type": "Feature", "geometry": {"type": "Point", "coordinates": [93.87100219726562, 27.643800735473633]}, "properties": {"sample_id": "ee9f01c75ec86047", "state": "Arunachal Pradesh", "district": "Lower Subansiri", "event_date": "2016-06-12", "slope_deg": 31.201499938964844, "rain_3d": 21.884199142456055, "rain_30d": 424.51361083984375, "trigger": "downpour", "size": "medium", "fatalities": 0, "label_conf": 0.44999998807907104, "loc_accuracy_km": 10.0}}, {"type": "Feature", "geometry": {"type": "Point", "coordinates": [93.59349822998047, 24.82859992980957]}, "properties": {"sample_id": "a79386d94487c362", "state": "Manipur", "district": "Tamenglong", "event_date": "2011-05-31", "slope_deg": 34.563899993896484, "rain_3d": 131.88290405273438, "rain_30d": 528.1602172851562, "trigger": "downpour", "size": "medium", "fatalities": 2, "label_conf": 0.20000000298023224, "loc_accuracy_km": 50.0}}, {"type": "Feature", "geometry": {"type": "Point", "coordinates": [94.0988998413086, 27.229799270629883]}, "properties": {"sample_id": "70a9d61b030cd260", "state": "Assam", "district": "Lakhimpur", "event_date": "2008-06-15", "slope_deg": 0.0706000030040741, "rain_3d": 108.6510009765625, "rain_30d": 640.013427734375, "trigger": "downpour", "size": "medium", "fatalities": 17, "label_conf": 0.30000001192092896, "loc_accuracy_km": 25.0}}, {"type": "Feature", "geometry": {"type": "Point", "coordinates": [90.20230102539062, 25.51449966430664]}, "properties": {"sample_id": "a92eaacfe9b3088b", "state": "Meghalaya", "district": "West Garo Hills", "event_date": "2015-08-18", "slope_deg": 3.0374999046325684, "rain_3d": 66.74810028076172, "rain_30d": 275.4513854980469, "trigger": "continuous_rain", "size": "medium", "fatalities": 0, "label_conf": 0.8500000238418579, "loc_accuracy_km": 1.0}}, {"type": "Feature", "geometry": {"type": "Point", "coordinates": [91.87999725341797, 25.3799991607666]}, "properties": {"sample_id": "5af77063076be418", "state": "Meghalaya", "district": "East Khasi Hills", "event_date": "2007-07-26", "slope_deg": 37.154300689697266, "rain_3d": 197.65939331054688, "rain_30d": 594.04931640625, "trigger": "rain", "size": "medium", "fatalities": 0, "label_conf": 0.20000000298023224, "loc_accuracy_km": 50.0}}, {"type": "Feature", "geometry": {"type": "Point", "coordinates": [91.73509979248047, 26.154800415039062]}, "properties": {"sample_id": "79dd3c55cf39aa51", "state": "Assam", "district": "Kamrup", "event_date": "2011-09-23", "slope_deg": 0.23600000143051147, "rain_3d": 10.918499946594238, "rain_30d": 159.75570678710938, "trigger": "downpour", "size": "large", "fatalities": 4, "label_conf": 0.25, "loc_accuracy_km": 25.0}}, {"type": "Feature", "geometry": {"type": "Point", "coordinates": [92.96700286865234, 22.479000091552734]}, "properties": {"sample_id": "c4c9456272eb99a5", "state": "Mizoram", "district": "Saiha", "event_date": "2007-07-30", "slope_deg": 14.123900413513184, "rain_3d": 24.7677001953125, "rain_30d": 511.21148681640625, "trigger": "downpour", "size": "medium", "fatalities": 0, "label_conf": 0.30000001192092896, "loc_accuracy_km": 25.0}}, {"type": "Feature", "geometry": {"type": "Point", "coordinates": [96.17790222167969, 27.896499633789062]}, "properties": {"sample_id": "346653d773c7d4c6", "state": "Arunachal Pradesh", "district": "Lohit", "event_date": "2010-04-21", "slope_deg": 2.0427000522613525, "rain_3d": 177.48019409179688, "rain_30d": 620.0421752929688, "trigger": "downpour", "size": "medium", "fatalities": 12, "label_conf": 0.25, "loc_accuracy_km": 25.0}}, {"type": "Feature", "geometry": {"type": "Point", "coordinates": [94.10990142822266, 25.66819953918457]}, "properties": {"sample_id": "78b0916dcc2c8273", "state": "Nagaland", "district": "Kohima", "event_date": "2011-06-28", "slope_deg": 2.7204999923706055, "rain_3d": 97.73519897460938, "rain_30d": 288.73309326171875, "trigger": "downpour", "size": "medium", "fatalities": 0, "label_conf": 0.20000000298023224, "loc_accuracy_km": 50.0}}, {"type": "Feature", "geometry": {"type": "Point", "coordinates": [93.98149871826172, 24.003999710083008]}, "properties": {"sample_id": "ba64c73b4cb49baf", "state": "Manipur", "district": "Chandel", "event_date": "2015-08-01", "slope_deg": 29.244699478149414, "rain_3d": 126.09719848632812, "rain_30d": 388.0002136230469, "trigger": "continuous_rain", "size": "medium", "fatalities": 0, "label_conf": 0.44999998807907104, "loc_accuracy_km": 10.0}}, {"type": "Feature", "geometry": {"type": "Point", "coordinates": [88.25789642333984, 27.287900924682617]}, "properties": {"sample_id": "bc992dc61500f0d1", "state": "Sikkim", "district": "West Sikkim", "event_date": "2011-06-23", "slope_deg": 21.86210060119629, "rain_3d": 23.61039924621582, "rain_30d": 256.2037048339844, "trigger": "downpour", "size": "large", "fatalities": 16, "label_conf": 0.6000000238418579, "loc_accuracy_km": 5.0}}, {"type": "Feature", "geometry": {"type": "Point", "coordinates": [92.99140167236328, 25.524200439453125]}, "properties": {"sample_id": "f03356acdfa7dde2", "state": "Assam", "district": "North Cachar Hills", "event_date": "2010-10-09", "slope_deg": 12.189000129699707, "rain_3d": 98.5780029296875, "rain_30d": 213.24819946289062, "trigger": "downpour", "size": "medium", "fatalities": 0, "label_conf": 0.20000000298023224, "loc_accuracy_km": 50.0}}, {"type": "Feature", "geometry": {"type": "Point", "coordinates": [93.91570281982422, 24.686899185180664]}, "properties": {"sample_id": "a7d7f9f5412be407", "state": "Manipur", "district": "Thoubal", "event_date": "2011-07-25", "slope_deg": 0.05590000003576279, "rain_3d": 25.62420082092285, "rain_30d": 246.6343994140625, "trigger": "downpour", "size": "medium", "fatalities": 0, "label_conf": 0.20000000298023224, "loc_accuracy_km": 50.0}}, {"type": "Feature", "geometry": {"type": "Point", "coordinates": [96.17400360107422, 27.903200149536133]}, "properties": {"sample_id": "56609da2e8759da5", "state": "Arunachal Pradesh", "district": "Lohit", "event_date": "2014-05-08", "slope_deg": 0.3522999882698059, "rain_3d": 87.63480377197266, "rain_30d": 173.20120239257812, "trigger": "rain", "size": "medium", "fatalities": 0, "label_conf": 0.8500000238418579, "loc_accuracy_km": 1.0}}, {"type": "Feature", "geometry": {"type": "Point", "coordinates": [94.10790252685547, 25.419099807739258]}, "properties": {"sample_id": "3f3c69e37e0115bf", "state": "Manipur", "district": "Senapati", "event_date": "2011-07-07", "slope_deg": 9.518600463867188, "rain_3d": 23.930999755859375, "rain_30d": 336.2980041503906, "trigger": "rain", "size": "medium", "fatalities": 0, "label_conf": 0.6000000238418579, "loc_accuracy_km": 5.0}}, {"type": "Feature", "geometry": {"type": "Point", "coordinates": [94.99210357666016, 26.871599197387695]}, "properties": {"sample_id": "1e3b7a842e390590", "state": "Nagaland", "district": "Mon", "event_date": "2010-07-20", "slope_deg": 5.597300052642822, "rain_3d": 88.61869812011719, "rain_30d": 577.335205078125, "trigger": "downpour", "size": "medium", "fatalities": 0, "label_conf": 0.30000001192092896, "loc_accuracy_km": 25.0}}, {"type": "Feature", "geometry": {"type": "Point", "coordinates": [92.3499984741211, 27.399999618530273]}, "properties": {"sample_id": "faa13b60ef2d03ee", "state": "Arunachal Pradesh", "district": "West Kameng", "event_date": "2008-10-29", "slope_deg": 20.94179916381836, "rain_3d": 78.10279846191406, "rain_30d": 364.50408935546875, "trigger": "downpour", "size": "medium", "fatalities": 12, "label_conf": 0.20000000298023224, "loc_accuracy_km": 50.0}}, {"type": "Feature", "geometry": {"type": "Point", "coordinates": [88.7333984375, 27.37019920349121]}, "properties": {"sample_id": "f974f8fddce46e35", "state": "Sikkim", "district": "East", "event_date": "2010-09-04", "slope_deg": 7.280900001525879, "rain_3d": 35.791500091552734, "rain_30d": 821.644287109375, "trigger": "downpour", "size": "medium", "fatalities": 0, "label_conf": 0.44999998807907104, "loc_accuracy_km": 10.0}}, {"type": "Feature", "geometry": {"type": "Point", "coordinates": [96.52420043945312, 28.079099655151367]}, "properties": {"sample_id": "9e0f8fc911fa303d", "state": "Arunachal Pradesh", "district": "Lohit", "event_date": "2011-03-22", "slope_deg": 10.27400016784668, "rain_3d": 0.0, "rain_30d": 0.0, "trigger": "downpour", "size": "medium", "fatalities": 0, "label_conf": 0.44999998807907104, "loc_accuracy_km": 10.0}}, {"type": "Feature", "geometry": {"type": "Point", "coordinates": [88.6082992553711, 27.3341007232666]}, "properties": {"sample_id": "b289ef16c8b71b78", "state": "Sikkim", "district": "East", "event_date": "2010-04-17", "slope_deg": 23.955400466918945, "rain_3d": 27.638500213623047, "rain_30d": 308.631103515625, "trigger": "downpour", "size": "small", "fatalities": 0, "label_conf": 0.6000000238418579, "loc_accuracy_km": 5.0}}, {"type": "Feature", "geometry": {"type": "Point", "coordinates": [94.54660034179688, 26.03190040588379]}, "properties": {"sample_id": "d758348a021f9e53", "state": "Nagaland", "district": "Zunheboto", "event_date": "2015-06-24", "slope_deg": 38.3572998046875, "rain_3d": 78.49690246582031, "rain_30d": 303.1763000488281, "trigger": "continuous_rain", "size": "medium", "fatalities": 0, "label_conf": 0.6000000238418579, "loc_accuracy_km": 5.0}}, {"type": "Feature", "geometry": {"type": "Point", "coordinates": [94.24420166015625, 26.167699813842773]}, "properties": {"sample_id": "94e00e76c4656b44", "state": "Nagaland", "district": "Wokha", "event_date": "2016-06-12", "slope_deg": 25.193300247192383, "rain_3d": 28.57379913330078, "rain_30d": 341.2367858886719, "trigger": "continuous_rain", "size": "unknown", "fatalities": 0, "label_conf": 0.10000000149011612, "loc_accuracy_km": 100.0}}, {"type": "Feature", "geometry": {"type": "Point", "coordinates": [95.80110168457031, 27.173999786376953]}, "properties": {"sample_id": "fc6e8190484c987c", "state": "Arunachal Pradesh", "district": "Changlang", "event_date": "2012-06-25", "slope_deg": 0.7494000196456909, "rain_3d": 54.599998474121094, "rain_30d": 313.6463928222656, "trigger": "downpour", "size": "large", "fatalities": 0, "label_conf": 0.44999998807907104, "loc_accuracy_km": 10.0}}, {"type": "Feature", "geometry": {"type": "Point", "coordinates": [95.86000061035156, 28.465900421142578]}, "properties": {"sample_id": "8ddb9a236db6eae7", "state": "Arunachal Pradesh", "district": "Lower Dibang Valley", "event_date": "2012-04-08", "slope_deg": 30.738800048828125, "rain_3d": 0.0, "rain_30d": 0.0, "trigger": "downpour", "size": "medium", "fatalities": 0, "label_conf": 0.20000000298023224, "loc_accuracy_km": 50.0}}, {"type": "Feature", "geometry": {"type": "Point", "coordinates": [93.4220962524414, 24.750499725341797]}, "properties": {"sample_id": "8ce51b6b205287da", "state": "Manipur", "district": "Tamenglong", "event_date": "2010-08-27", "slope_deg": 11.101499557495117, "rain_3d": 11.615500450134277, "rain_30d": 157.15609741210938, "trigger": "downpour", "size": "medium", "fatalities": 0, "label_conf": 0.6000000238418579, "loc_accuracy_km": 5.0}}, {"type": "Feature", "geometry": {"type": "Point", "coordinates": [94.04889678955078, 25.44770050048828]}, "properties": {"sample_id": "30692290dbb597e6", "state": "Manipur", "district": "Senapati", "event_date": "2015-07-22", "slope_deg": 26.799299240112305, "rain_3d": 43.9182014465332, "rain_30d": 310.5978088378906, "trigger": "continuous_rain", "size": "medium", "fatalities": 0, "label_conf": 0.8500000238418579, "loc_accuracy_km": 1.0}}, {"type": "Feature", "geometry": {"type": "Point", "coordinates": [94.58080291748047, 26.284000396728516]}, "properties": {"sample_id": "1b0f517cf4d67e3b", "state": "Nagaland", "district": "Tuensang", "event_date": "2013-08-04", "slope_deg": 25.695199966430664, "rain_3d": 27.659700393676758, "rain_30d": 338.9963073730469, "trigger": "continuous_rain", "size": "medium", "fatalities": 0, "label_conf": 0.6000000238418579, "loc_accuracy_km": 5.0}}, {"type": "Feature", "geometry": {"type": "Point", "coordinates": [91.73509979248047, 26.14900016784668]}, "properties": {"sample_id": "6f46c58b918adfe8", "state": "Assam", "district": "Kamrup", "event_date": "2012-06-20", "slope_deg": 0.22759999334812164, "rain_3d": 14.72439956665039, "rain_30d": 239.889892578125, "trigger": "downpour", "size": "medium", "fatalities": 0, "label_conf": 0.8500000238418579, "loc_accuracy_km": 1.0}}, {"type": "Feature", "geometry": {"type": "Point", "coordinates": [93.4093017578125, 25.06719970703125]}, "properties": {"sample_id": "0224f797ffbdf9c6", "state": "Manipur", "district": "Tamenglong", "event_date": "2011-05-22", "slope_deg": 11.904500007629395, "rain_3d": 101.82129669189453, "rain_30d": 264.66729736328125, "trigger": "downpour", "size": "medium", "fatalities": 0, "label_conf": 0.30000001192092896, "loc_accuracy_km": 25.0}}, {"type": "Feature", "geometry": {"type": "Point", "coordinates": [94.10160064697266, 24.19879913330078]}, "properties": {"sample_id": "1e61073d6af7eac5", "state": "Manipur", "district": "Chandel", "event_date": "2015-08-01", "slope_deg": 24.11079978942871, "rain_3d": 125.99410247802734, "rain_30d": 388.0046081542969, "trigger": "continuous_rain", "size": "medium", "fatalities": 0, "label_conf": 0.44999998807907104, "loc_accuracy_km": 10.0}}, {"type": "Feature", "geometry": {"type": "Point", "coordinates": [94.25, 27.877599716186523]}, "properties": {"sample_id": "6f8dedfb16c340c9", "state": "Arunachal Pradesh", "district": "Upper Subansiri", "event_date": "2013-06-01", "slope_deg": 27.147499084472656, "rain_3d": 27.170000076293945, "rain_30d": 269.8711853027344, "trigger": "downpour", "size": "large", "fatalities": 0, "label_conf": 0.20000000298023224, "loc_accuracy_km": 50.0}}, {"type": "Feature", "geometry": {"type": "Point", "coordinates": [91.73560333251953, 26.147499084472656]}, "properties": {"sample_id": "5d29eac3db803a39", "state": "Assam", "district": "Kamrup", "event_date": "2012-06-02", "slope_deg": 1.2763999700546265, "rain_3d": 10.911800384521484, "rain_30d": 97.69409942626953, "trigger": "downpour", "size": "large", "fatalities": 0, "label_conf": 0.6000000238418579, "loc_accuracy_km": 5.0}}, {"type": "Feature", "geometry": {"type": "Point", "coordinates": [93.48699951171875, 24.90369987487793]}, "properties": {"sample_id": "398ad4d1a90c6f27", "state": "Manipur", "district": "Tamenglong", "event_date": "2013-09-01", "slope_deg": 28.96339988708496, "rain_3d": 0.7132999897003174, "rain_30d": 312.84820556640625, "trigger": "continuous_rain", "size": "medium", "fatalities": 0, "label_conf": 0.30000001192092896, "loc_accuracy_km": 25.0}}, {"type": "Feature", "geometry": {"type": "Point", "coordinates": [93.98269653320312, 25.453800201416016]}, "properties": {"sample_id": "186f655dd46aa6c8", "state": "Manipur", "district": "Senapati", "event_date": "2015-07-22", "slope_deg": 27.940900802612305, "rain_3d": 43.9182014465332, "rain_30d": 310.5978088378906, "trigger": "continuous_rain", "size": "medium", "fatalities": 0, "label_conf": 0.6000000238418579, "loc_accuracy_km": 5.0}}, {"type": "Feature", "geometry": {"type": "Point", "coordinates": [94.38639831542969, 26.114700317382812]}, "properties": {"sample_id": "3141328e6fd38528", "state": "Nagaland", "district": "Wokha", "event_date": "2013-07-01", "slope_deg": 2.919800043106079, "rain_3d": 22.503799438476562, "rain_30d": 149.1479034423828, "trigger": "downpour", "size": "medium", "fatalities": 0, "label_conf": 0.8500000238418579, "loc_accuracy_km": 1.0}}, {"type": "Feature", "geometry": {"type": "Point", "coordinates": [88.62359619140625, 27.342500686645508]}, "properties": {"sample_id": "f3b59da6028b6319", "state": "Sikkim", "district": "East", "event_date": "2007-09-10", "slope_deg": 28.643600463867188, "rain_3d": 96.26119995117188, "rain_30d": 811.7310791015625, "trigger": "rain", "size": "medium", "fatalities": 0, "label_conf": 0.44999998807907104, "loc_accuracy_km": 10.0}}, {"type": "Feature", "geometry": {"type": "Point", "coordinates": [92.7238998413086, 24.520200729370117]}, "properties": {"sample_id": "e9b6159454d010ee", "state": "Assam", "district": "Hailakandi", "event_date": "2016-05-18", "slope_deg": 0.536300003528595, "rain_3d": 214.4781951904297, "rain_30d": 593.0526123046875, "trigger": "continuous_rain", "size": "unknown", "fatalities": 2, "label_conf": 0.8500000238418579, "loc_accuracy_km": 1.0}}, {"type": "Feature", "geometry": {"type": "Point", "coordinates": [93.51419830322266, 24.981800079345703]}, "properties": {"sample_id": "611916460dd86c12", "state": "Manipur", "district": "Tamenglong", "event_date": "2015-07-24", "slope_deg": 3.4814000129699707, "rain_3d": 41.38639831542969, "rain_30d": 388.42999267578125, "trigger": "monsoon", "size": "medium", "fatalities": 0, "label_conf": 0.20000000298023224, "loc_accuracy_km": 50.0}}, {"type": "Feature", "geometry": {"type": "Point", "coordinates": [91.79979705810547, 26.19849967956543]}, "properties": {"sample_id": "d4a0bcc6368d8776", "state": "Assam", "district": "Kamrup", "event_date": "2014-09-22", "slope_deg": 6.917300224304199, "rain_3d": 112.94349670410156, "rain_30d": 289.2668151855469, "trigger": "rain", "size": "small", "fatalities": 0, "label_conf": 0.6000000238418579, "loc_accuracy_km": 5.0}}, {"type": "Feature", "geometry": {"type": "Point", "coordinates": [94.11389923095703, 25.62689971923828]}, "properties": {"sample_id": "305f2cfd7ff9fb66", "state": "Nagaland", "district": "Kohima", "event_date": "2013-07-12", "slope_deg": 13.284199714660645, "rain_3d": 78.5802001953125, "rain_30d": 328.8984069824219, "trigger": "downpour", "size": "medium", "fatalities": 0, "label_conf": 0.44999998807907104, "loc_accuracy_km": 10.0}}, {"type": "Feature", "geometry": {"type": "Point", "coordinates": [94.11389923095703, 25.62689971923828]}, "properties": {"sample_id": "f3a17590074884e1", "state": "Nagaland", "district": "Kohima", "event_date": "2013-07-15", "slope_deg": 13.284199714660645, "rain_3d": 10.445799827575684, "rain_30d": 338.1249084472656, "trigger": "rain", "size": "medium", "fatalities": 0, "label_conf": 0.44999998807907104, "loc_accuracy_km": 10.0}}, {"type": "Feature", "geometry": {"type": "Point", "coordinates": [94.056396484375, 24.427900314331055]}, "properties": {"sample_id": "6cd119923584db2b", "state": "Manipur", "district": "Chandel", "event_date": "2007-09-11", "slope_deg": 8.73859977722168, "rain_3d": 21.629100799560547, "rain_30d": 233.41879272460938, "trigger": "rain", "size": "medium", "fatalities": 3, "label_conf": 0.20000000298023224, "loc_accuracy_km": 50.0}}, {"type": "Feature", "geometry": {"type": "Point", "coordinates": [94.92749786376953, 26.872699737548828]}, "properties": {"sample_id": "122e6a17a5f43ef6", "state": "Nagaland", "district": "Mon", "event_date": "2013-08-16", "slope_deg": 2.476599931716919, "rain_3d": 60.5452995300293, "rain_30d": 346.8796081542969, "trigger": "rain", "size": "medium", "fatalities": 0, "label_conf": 0.30000001192092896, "loc_accuracy_km": 25.0}}, {"type": "Feature", "geometry": {"type": "Point", "coordinates": [93.72730255126953, 27.001100540161133]}, "properties": {"sample_id": "dccdb8d1a261ddb2", "state": "Assam", "district": "Lakhimpur", "event_date": "2010-09-10", "slope_deg": 1.493299961090088, "rain_3d": 72.62799835205078, "rain_30d": 414.3594970703125, "trigger": "downpour", "size": "medium", "fatalities": 0, "label_conf": 0.25, "loc_accuracy_km": 25.0}}, {"type": "Feature", "geometry": {"type": "Point", "coordinates": [92.74629974365234, 23.73270034790039]}, "properties": {"sample_id": "122fab367a8c4a2b", "state": "Mizoram", "district": "Aizawl", "event_date": "2014-07-14", "slope_deg": 25.274200439453125, "rain_3d": 47.96440124511719, "rain_30d": 224.3155975341797, "trigger": "downpour", "size": "medium", "fatalities": 1, "label_conf": 0.6000000238418579, "loc_accuracy_km": 5.0}}, {"type": "Feature", "geometry": {"type": "Point", "coordinates": [88.70800018310547, 27.372100830078125]}, "properties": {"sample_id": "207170d74f9a6cac", "state": "Sikkim", "district": "East", "event_date": "2013-06-08", "slope_deg": 35.62919998168945, "rain_3d": 92.6698989868164, "rain_30d": 432.54229736328125, "trigger": "downpour", "size": "medium", "fatalities": 0, "label_conf": 0.30000001192092896, "loc_accuracy_km": 25.0}}, {"type": "Feature", "geometry": {"type": "Point", "coordinates": [90.55729675292969, 25.202999114990234]}, "properties": {"sample_id": "8385b2e5a977b617", "state": "Meghalaya", "district": "South Garo Hills", "event_date": "2016-07-19", "slope_deg": 19.101999282836914, "rain_3d": 399.51239013671875, "rain_30d": 1601.8367919921875, "trigger": "continuous_rain", "size": "large", "fatalities": 0, "label_conf": 0.6000000238418579, "loc_accuracy_km": 5.0}}, {"type": "Feature", "geometry": {"type": "Point", "coordinates": [94.81580352783203, 26.198400497436523]}, "properties": {"sample_id": "eb2eed37a08a62f9", "state": "Nagaland", "district": "Tuensang", "event_date": "2010-08-19", "slope_deg": 22.819700241088867, "rain_3d": 38.64659881591797, "rain_30d": 414.2937927246094, "trigger": "downpour", "size": "medium", "fatalities": 0, "label_conf": 0.8500000238418579, "loc_accuracy_km": 1.0}}, {"type": "Feature", "geometry": {"type": "Point", "coordinates": [92.49430084228516, 24.46380043029785]}, "properties": {"sample_id": "a0cdc823adc90038", "state": "Assam", "district": "Karimganj", "event_date": "2016-05-18", "slope_deg": 5.370999813079834, "rain_3d": 228.18580627441406, "rain_30d": 532.4837036132812, "trigger": "continuous_rain", "size": "medium", "fatalities": 5, "label_conf": 0.44999998807907104, "loc_accuracy_km": 10.0}}, {"type": "Feature", "geometry": {"type": "Point", "coordinates": [92.74130249023438, 23.754100799560547]}, "properties": {"sample_id": "d5c98ed6ce12909d", "state": "Mizoram", "district": "Aizawl", "event_date": "2010-09-13", "slope_deg": 17.718000411987305, "rain_3d": 40.28850173950195, "rain_30d": 402.4349060058594, "trigger": "downpour", "size": "medium", "fatalities": 0, "label_conf": 0.8500000238418579, "loc_accuracy_km": 1.0}}, {"type": "Feature", "geometry": {"type": "Point", "coordinates": [94.8030014038086, 26.08139991760254]}, "properties": {"sample_id": "27675a07de25e91e", "state": "Nagaland", "district": "Tuensang", "event_date": "2010-08-14", "slope_deg": 33.20249938964844, "rain_3d": 25.197900772094727, "rain_30d": 329.80340576171875, "trigger": "downpour", "size": "medium", "fatalities": 0, "label_conf": 0.30000001192092896, "loc_accuracy_km": 25.0}}, {"type": "Feature", "geometry": {"type": "Point", "coordinates": [94.13179779052734, 25.790199279785156]}, "properties": {"sample_id": "2e517f00f2a91034", "state": "Nagaland", "district": "Kohima", "event_date": "2016-07-10", "slope_deg": 12.401200294494629, "rain_3d": 15.968899726867676, "rain_30d": 306.1322937011719, "trigger": "downpour", "size": "medium", "fatalities": 0, "label_conf": 0.30000001192092896, "loc_accuracy_km": 25.0}}, {"type": "Feature", "geometry": {"type": "Point", "coordinates": [93.49569702148438, 24.896099090576172]}, "properties": {"sample_id": "f5b42479a06f9bae", "state": "Manipur", "district": "Tamenglong", "event_date": "2010-08-19", "slope_deg": 19.030799865722656, "rain_3d": 12.846699714660645, "rain_30d": 213.66259765625, "trigger": "downpour", "size": "medium", "fatalities": 0, "label_conf": 0.6000000238418579, "loc_accuracy_km": 5.0}}, {"type": "Feature", "geometry": {"type": "Point", "coordinates": [93.9135971069336, 25.742799758911133]}, "properties": {"sample_id": "a857c9c7f5ebe240", "state": "Nagaland", "district": "Dimapur", "event_date": "2007-08-28", "slope_deg": 22.49519920349121, "rain_3d": 56.01259994506836, "rain_30d": 341.2078857421875, "trigger": "rain", "size": "medium", "fatalities": 1, "label_conf": 0.20000000298023224, "loc_accuracy_km": 50.0}}, {"type": "Feature", "geometry": {"type": "Point", "coordinates": [92.78780364990234, 23.357200622558594]}, "properties": {"sample_id": "18f4729e5ddd7509", "state": "Mizoram", "district": "Aizawl", "event_date": "2015-08-26", "slope_deg": 13.388999938964844, "rain_3d": 117.95059967041016, "rain_30d": 367.8323059082031, "trigger": "continuous_rain", "size": "medium", "fatalities": 1, "label_conf": 0.6000000238418579, "loc_accuracy_km": 5.0}}, {"type": "Feature", "geometry": {"type": "Point", "coordinates": [94.11599731445312, 25.6156005859375]}, "properties": {"sample_id": "64f9fb81d4fe084f", "state": "Nagaland", "district": "Kohima", "event_date": "2010-08-19", "slope_deg": 23.199899673461914, "rain_3d": 26.05500030517578, "rain_30d": 341.39239501953125, "trigger": "downpour", "size": "medium", "fatalities": 0, "label_conf": 0.6000000238418579, "loc_accuracy_km": 5.0}}, {"type": "Feature", "geometry": {"type": "Point", "coordinates": [94.88330078125, 26.433300018310547]}, "properties": {"sample_id": "801f5d017ea68a1f", "state": "Nagaland", "district": "Tuensang", "event_date": "2010-06-17", "slope_deg": 22.812999725341797, "rain_3d": 83.41130065917969, "rain_30d": 448.3348083496094, "trigger": "downpour", "size": "medium", "fatalities": 0, "label_conf": 0.30000001192092896, "loc_accuracy_km": 25.0}}, {"type": "Feature", "geometry": {"type": "Point", "coordinates": [88.49089813232422, 27.20840072631836]}, "properties": {"sample_id": "0aa116ae821cedf5", "state": "Sikkim", "district": "East", "event_date": "2007-09-11", "slope_deg": 41.13520050048828, "rain_3d": 115.75140380859375, "rain_30d": 844.8317260742188, "trigger": "rain", "size": "medium", "fatalities": 0, "label_conf": 0.6000000238418579, "loc_accuracy_km": 5.0}}, {"type": "Feature", "geometry": {"type": "Point", "coordinates": [91.75479888916016, 26.131399154663086]}, "properties": {"sample_id": "46c57e3200245f52", "state": "Assam", "district": "Kamrup", "event_date": "2014-09-22", "slope_deg": 3.2953999042510986, "rain_3d": 112.94349670410156, "rain_30d": 289.2668151855469, "trigger": "rain", "size": "small", "fatalities": 0, "label_conf": 0.8500000238418579, "loc_accuracy_km": 1.0}}, {"type": "Feature", "geometry": {"type": "Point", "coordinates": [94.11669921875, 27.233299255371094]}, "properties": {"sample_id": "1d444272e53f8c82", "state": "Assam", "district": "Lakhimpur", "event_date": "2008-10-29", "slope_deg": 0.18410000205039978, "rain_3d": 27.379100799560547, "rain_30d": 141.56910705566406, "trigger": "downpour", "size": "medium", "fatalities": 0, "label_conf": 0.20000000298023224, "loc_accuracy_km": 50.0}}, {"type": "Feature", "geometry": {"type": "Point", "coordinates": [92.69210052490234, 24.12929916381836]}, "properties": {"sample_id": "9cb8003d229e7afe", "state": "Mizoram", "district": "Kolasib", "event_date": "2007-09-29", "slope_deg": 5.681099891662598, "rain_3d": 68.98970031738281, "rain_30d": 516.0739135742188, "trigger": "rain", "size": "medium", "fatalities": 0, "label_conf": 0.20000000298023224, "loc_accuracy_km": 50.0}}, {"type": "Feature", "geometry": {"type": "Point", "coordinates": [94.01439666748047, 25.035600662231445]}, "properties": {"sample_id": "b26f52e5ac142386", "state": "Manipur", "district": "Senapati", "event_date": "2011-06-28", "slope_deg": 19.122900009155273, "rain_3d": 77.90059661865234, "rain_30d": 300.1387939453125, "trigger": "rain", "size": "medium", "fatalities": 0, "label_conf": 0.30000001192092896, "loc_accuracy_km": 25.0}}, {"type": "Feature", "geometry": {"type": "Point", "coordinates": [94.18840026855469, 25.38330078125]}, "properties": {"sample_id": "f7c4e4faae084ad3", "state": "Manipur", "district": "Senapati", "event_date": "2013-08-15", "slope_deg": 11.776900291442871, "rain_3d": 53.139198303222656, "rain_30d": 280.3882141113281, "trigger": "downpour", "size": "medium", "fatalities": 0, "label_conf": 0.6000000238418579, "loc_accuracy_km": 5.0}}, {"type": "Feature", "geometry": {"type": "Point", "coordinates": [91.7042007446289, 26.16659927368164]}, "properties": {"sample_id": "ab5997c309f5c486", "state": "Assam", "district": "Kamrup", "event_date": "2015-09-23", "slope_deg": 10.578800201416016, "rain_3d": 58.675201416015625, "rain_30d": 187.5926055908203, "trigger": "continuous_rain", "size": "medium", "fatalities": 0, "label_conf": 0.8500000238418579, "loc_accuracy_km": 1.0}}, {"type": "Feature", "geometry": {"type": "Point", "coordinates": [94.13829803466797, 25.479999542236328]}, "properties": {"sample_id": "5adc9bab82ec7302", "state": "Manipur", "district": "Senapati", "event_date": "2016-07-25", "slope_deg": 18.078800201416016, "rain_3d": 10.228699684143066, "rain_30d": 292.1579895019531, "trigger": "continuous_rain", "size": "medium", "fatalities": 0, "label_conf": 0.8500000238418579, "loc_accuracy_km": 1.0}}, {"type": "Feature", "geometry": {"type": "Point", "coordinates": [92.99739837646484, 24.79789924621582]}, "properties": {"sample_id": "b7d83339dea78f30", "state": "Assam", "district": "Cachar", "event_date": "2015-07-22", "slope_deg": 0.33009999990463257, "rain_3d": 133.0955047607422, "rain_30d": 472.7591857910156, "trigger": "continuous_rain", "size": "medium", "fatalities": 5, "label_conf": 0.6000000238418579, "loc_accuracy_km": 5.0}}, {"type": "Feature", "geometry": {"type": "Point", "coordinates": [91.70819854736328, 26.104400634765625]}, "properties": {"sample_id": "2027777806b3f0ee", "state": "Assam", "district": "Kamrup", "event_date": "2014-09-22", "slope_deg": 0.4968999922275543, "rain_3d": 108.58920288085938, "rain_30d": 305.8682861328125, "trigger": "rain", "size": "small", "fatalities": 0, "label_conf": 0.6000000238418579, "loc_accuracy_km": 5.0}}, {"type": "Feature", "geometry": {"type": "Point", "coordinates": [93.82749938964844, 24.9335994720459]}, "properties": {"sample_id": "fbf1922554318a32", "state": "Manipur", "district": "Senapati", "event_date": "2008-06-19", "slope_deg": 12.505999565124512, "rain_3d": 21.498199462890625, "rain_30d": 119.95089721679688, "trigger": "monsoon", "size": "medium", "fatalities": 0, "label_conf": 0.30000001192092896, "loc_accuracy_km": 25.0}}, {"type": "Feature", "geometry": {"type": "Point", "coordinates": [94.97309875488281, 26.420499801635742]}, "properties": {"sample_id": "cf077a8369b4c06f", "state": "Nagaland", "district": "Mon", "event_date": "2013-08-16", "slope_deg": 2.5699000358581543, "rain_3d": 77.47360229492188, "rain_30d": 443.5321960449219, "trigger": "rain", "size": "medium", "fatalities": 0, "label_conf": 0.6000000238418579, "loc_accuracy_km": 5.0}}, {"type": "Feature", "geometry": {"type": "Point", "coordinates": [93.6884994506836, 27.1033992767334]}, "properties": {"sample_id": "679b0a37670c4278", "state": "Arunachal Pradesh", "district": "Papum Pare", "event_date": "2011-08-05", "slope_deg": 1.3299000263214111, "rain_3d": 70.83290100097656, "rain_30d": 413.90960693359375, "trigger": "downpour", "size": "medium", "fatalities": 0, "label_conf": 0.6000000238418579, "loc_accuracy_km": 5.0}}, {"type": "Feature", "geometry": {"type": "Point", "coordinates": [93.01529693603516, 27.488800048828125]}, "properties": {"sample_id": "d6f6317769b9428a", "state": "Arunachal Pradesh", "district": "East Kameng", "event_date": "2011-08-15", "slope_deg": 25.62019920349121, "rain_3d": 56.814998626708984, "rain_30d": 461.9100036621094, "trigger": "downpour", "size": "medium", "fatalities": 0, "label_conf": 0.20000000298023224, "loc_accuracy_km": 50.0}}, {"type": "Feature", "geometry": {"type": "Point", "coordinates": [94.3135986328125, 25.01180076599121]}, "properties": {"sample_id": "0d0e53980aed893e", "state": "Manipur", "district": "Ukhrul", "event_date": "2016-07-07", "slope_deg": 7.811800003051758, "rain_3d": 28.272499084472656, "rain_30d": 262.1401062011719, "trigger": "monsoon", "size": "large", "fatalities": 0, "label_conf": 0.30000001192092896, "loc_accuracy_km": 25.0}}, {"type": "Feature", "geometry": {"type": "Point", "coordinates": [95.16449737548828, 28.119300842285156]}, "properties": {"sample_id": "d4a633470c12ec91", "state": "Arunachal Pradesh", "district": "East Siang", "event_date": "2013-02-18", "slope_deg": 36.80619812011719, "rain_3d": 13.810700416564941, "rain_30d": 20.187000274658203, "trigger": "rain", "size": "medium", "fatalities": 3, "label_conf": 0.6000000238418579, "loc_accuracy_km": 5.0}}, {"type": "Feature", "geometry": {"type": "Point", "coordinates": [93.3729019165039, 25.101900100708008]}, "properties": {"sample_id": "3cb36ef484cb9927", "state": "Manipur", "district": "Tamenglong", "event_date": "2015-08-11", "slope_deg": 13.497300148010254, "rain_3d": 66.15699768066406, "rain_30d": 411.9137878417969, "trigger": "continuous_rain", "size": "medium", "fatalities": 0, "label_conf": 0.6000000238418579, "loc_accuracy_km": 5.0}}, {"type": "Feature", "geometry": {"type": "Point", "coordinates": [88.55899810791016, 27.377300262451172]}, "properties": {"sample_id": "9f83676796a67783", "state": "Sikkim", "district": "East", "event_date": "2010-07-21", "slope_deg": 27.30139923095703, "rain_3d": 71.37650299072266, "rain_30d": 501.24578857421875, "trigger": "downpour", "size": "medium", "fatalities": 0, "label_conf": 0.30000001192092896, "loc_accuracy_km": 25.0}}, {"type": "Feature", "geometry": {"type": "Point", "coordinates": [94.81330108642578, 26.236299514770508]}, "properties": {"sample_id": "4b2d9167bcf307d3", "state": "Nagaland", "district": "Tuensang", "event_date": "2010-07-06", "slope_deg": 11.92650032043457, "rain_3d": 50.20869827270508, "rain_30d": 359.6913146972656, "trigger": "monsoon", "size": "medium", "fatalities": 0, "label_conf": 0.6000000238418579, "loc_accuracy_km": 5.0}}, {"type": "Feature", "geometry": {"type": "Point", "coordinates": [94.1051025390625, 25.62779998779297]}, "properties": {"sample_id": "619a161fadd40861", "state": "Nagaland", "district": "Kohima", "event_date": "2015-08-19", "slope_deg": 13.91189956665039, "rain_3d": 3.4672000408172607, "rain_30d": 157.13250732421875, "trigger": "continuous_rain", "size": "medium", "fatalities": 0, "label_conf": 0.6000000238418579, "loc_accuracy_km": 5.0}}, {"type": "Feature", "geometry": {"type": "Point", "coordinates": [92.71420288085938, 23.74180030822754]}, "properties": {"sample_id": "27f0fcf5dfb3b629", "state": "Mizoram", "district": "Aizawl", "event_date": "2010-09-13", "slope_deg": 30.57159996032715, "rain_3d": 40.28850173950195, "rain_30d": 402.4349060058594, "trigger": "downpour", "size": "medium", "fatalities": 0, "label_conf": 0.8500000238418579, "loc_accuracy_km": 1.0}}, {"type": "Feature", "geometry": {"type": "Point", "coordinates": [91.71739959716797, 23.013700485229492]}, "properties": {"sample_id": "4ff3ebb1eb0eddc7", "state": "Tripura", "district": "South Tripura", "event_date": "2014-08-14", "slope_deg": 3.473099946975708, "rain_3d": 0.0, "rain_30d": 0.0, "trigger": "downpour", "size": "medium", "fatalities": 3, "label_conf": 0.6000000238418579, "loc_accuracy_km": 5.0}}, {"type": "Feature", "geometry": {"type": "Point", "coordinates": [88.76280212402344, 27.37649917602539]}, "properties": {"sample_id": "6cbd9baf67bb5790", "state": "Sikkim", "district": "East", "event_date": "2013-06-27", "slope_deg": 6.19290018081665, "rain_3d": 88.52310180664062, "rain_30d": 547.6904296875, "trigger": "downpour", "size": "medium", "fatalities": 0, "label_conf": 0.8500000238418579, "loc_accuracy_km": 1.0}}, {"type": "Feature", "geometry": {"type": "Point", "coordinates": [94.91519927978516, 26.222000122070312]}, "properties": {"sample_id": "7bf046ae192c6ec2", "state": "Nagaland", "district": "Tuensang", "event_date": "2010-08-14", "slope_deg": 28.671300888061523, "rain_3d": 49.55099868774414, "rain_30d": 392.0191955566406, "trigger": "downpour", "size": "medium", "fatalities": 0, "label_conf": 0.30000001192092896, "loc_accuracy_km": 25.0}}, {"type": "Feature", "geometry": {"type": "Point", "coordinates": [94.51629638671875, 26.013700485229492]}, "properties": {"sample_id": "cdeb500e659b4748", "state": "Nagaland", "district": "Zunheboto", "event_date": "2013-08-04", "slope_deg": 16.46380043029785, "rain_3d": 18.914400100708008, "rain_30d": 297.0365905761719, "trigger": "continuous_rain", "size": "medium", "fatalities": 0, "label_conf": 0.30000001192092896, "loc_accuracy_km": 25.0}}, {"type": "Feature", "geometry": {"type": "Point", "coordinates": [91.7645034790039, 26.14069938659668]}, "properties": {"sample_id": "7fdec4cf6ec37dbe", "state": "Assam", "district": "Kamrup", "event_date": "2014-06-26", "slope_deg": 1.356600046157837, "rain_3d": 19.158899307250977, "rain_30d": 204.62100219726562, "trigger": "continuous_rain", "size": "small", "fatalities": 3, "label_conf": 0.6000000238418579, "loc_accuracy_km": 5.0}}, {"type": "Feature", "geometry": {"type": "Point", "coordinates": [93.11699676513672, 24.808000564575195]}, "properties": {"sample_id": "19a99c6d6e7c21ab", "state": "Assam", "district": "East Imphal", "event_date": "2011-09-06", "slope_deg": 1.9018000364303589, "rain_3d": 77.61160278320312, "rain_30d": 490.7533874511719, "trigger": "rain", "size": "medium", "fatalities": 3, "label_conf": 0.8500000238418579, "loc_accuracy_km": 1.0}}, {"type": "Feature", "geometry": {"type": "Point", "coordinates": [88.4574966430664, 27.1343994140625]}, "properties": {"sample_id": "431c481fc29351d2", "state": "Sikkim", "district": "South Sikkim", "event_date": "2009-08-20", "slope_deg": 19.735700607299805, "rain_3d": 160.59530639648438, "rain_30d": 768.9588012695312, "trigger": "downpour", "size": "medium", "fatalities": 0, "label_conf": 0.6000000238418579, "loc_accuracy_km": 5.0}}, {"type": "Feature", "geometry": {"type": "Point", "coordinates": [90.21499633789062, 25.51140022277832]}, "properties": {"sample_id": "31f89b2b49167315", "state": "Meghalaya", "district": "West Garo Hills", "event_date": "2015-06-16", "slope_deg": 4.2052001953125, "rain_3d": 41.47850036621094, "rain_30d": 995.1749267578125, "trigger": "downpour", "size": "medium", "fatalities": 4, "label_conf": 0.8500000238418579, "loc_accuracy_km": 1.0}}, {"type": "Feature", "geometry": {"type": "Point", "coordinates": [94.78610229492188, 25.887699127197266]}, "properties": {"sample_id": "f57cfc4582e223df", "state": "Nagaland", "district": "Tuensang", "event_date": "2010-07-06", "slope_deg": 6.900899887084961, "rain_3d": 32.042301177978516, "rain_30d": 337.9368896484375, "trigger": "monsoon", "size": "medium", "fatalities": 0, "label_conf": 0.6000000238418579, "loc_accuracy_km": 5.0}}, {"type": "Feature", "geometry": {"type": "Point", "coordinates": [94.1072006225586, 25.66230010986328]}, "properties": {"sample_id": "3c58ba8a33bc3b0c", "state": "Nagaland", "district": "Kohima", "event_date": "2010-10-10", "slope_deg": 9.696399688720703, "rain_3d": 73.3218002319336, "rain_30d": 330.6028137207031, "trigger": "downpour", "size": "medium", "fatalities": 0, "label_conf": 0.8500000238418579, "loc_accuracy_km": 1.0}}, {"type": "Feature", "geometry": {"type": "Point", "coordinates": [91.36810302734375, 25.96109962463379]}, "properties": {"sample_id": "5c619ecae89e0b1b", "state": "Assam", "district": "Kamrup", "event_date": "2016-07-07", "slope_deg": 4.329699993133545, "rain_3d": 34.48270034790039, "rain_30d": 374.79620361328125, "trigger": "continuous_rain", "size": "medium", "fatalities": 2, "label_conf": 0.20000000298023224, "loc_accuracy_km": 50.0}}, {"type": "Feature", "geometry": {"type": "Point", "coordinates": [93.91609954833984, 24.73390007019043]}, "properties": {"sample_id": "a6107177b94d6c02", "state": "Manipur", "district": "West Imphal", "event_date": "2010-03-27", "slope_deg": 19.117399215698242, "rain_3d": 9.6451997756958, "rain_30d": 25.44569969177246, "trigger": "downpour", "size": "medium", "fatalities": 0, "label_conf": 0.6000000238418579, "loc_accuracy_km": 5.0}}, {"type": "Feature", "geometry": {"type": "Point", "coordinates": [91.7665023803711, 26.197799682617188]}, "properties": {"sample_id": "16235c041f652cb6", "state": "Assam", "district": "Kamrup", "event_date": "2010-04-20", "slope_deg": 9.854900360107422, "rain_3d": 85.79949951171875, "rain_30d": 202.70150756835938, "trigger": "downpour", "size": "medium", "fatalities": 0, "label_conf": 1.0, "loc_accuracy_km": 0.10000000149011612}}, {"type": "Feature", "geometry": {"type": "Point", "coordinates": [94.3551025390625, 24.819000244140625]}, "properties": {"sample_id": "6acb195b47f932e3", "state": "Manipur", "district": "Ukhrul", "event_date": "2015-07-31", "slope_deg": 22.575599670410156, "rain_3d": 42.39030075073242, "rain_30d": 327.26800537109375, "trigger": "continuous_rain", "size": "medium", "fatalities": 0, "label_conf": 0.44999998807907104, "loc_accuracy_km": 10.0}}, {"type": "Feature", "geometry": {"type": "Point", "coordinates": [92.21209716796875, 25.46299934387207]}, "properties": {"sample_id": "dd26486485cd280a", "state": "Meghalaya", "district": "Jaintia Hills", "event_date": "2015-06-13", "slope_deg": 2.069000005722046, "rain_3d": 88.12139892578125, "rain_30d": 330.7792053222656, "trigger": "continuous_rain", "size": "medium", "fatalities": 4, "label_conf": 0.6000000238418579, "loc_accuracy_km": 5.0}}, {"type": "Feature", "geometry": {"type": "Point", "coordinates": [94.47589874267578, 24.911100387573242]}, "properties": {"sample_id": "a4ae753ff1f1297b", "state": "Manipur", "district": "Ukhrul", "event_date": "2015-08-01", "slope_deg": 24.096500396728516, "rain_3d": 123.26490020751953, "rain_30d": 385.74249267578125, "trigger": "continuous_rain", "size": "medium", "fatalities": 0, "label_conf": 0.44999998807907104, "loc_accuracy_km": 10.0}}, {"type": "Feature", "geometry": {"type": "Point", "coordinates": [95.22530364990234, 27.845800399780273]}, "properties": {"sample_id": "f29685af8b698e60", "state": "Assam", "district": "East Siang", "event_date": "2012-09-19", "slope_deg": 0.27869999408721924, "rain_3d": 0.0, "rain_30d": 14.388400077819824, "trigger": "downpour", "size": "medium", "fatalities": 0, "label_conf": 0.8500000238418579, "loc_accuracy_km": 1.0}}, {"type": "Feature", "geometry": {"type": "Point", "coordinates": [91.75990295410156, 23.89859962463379]}, "properties": {"sample_id": "781670ffcc6c81e0", "state": "Tripura", "district": "West Tripura", "event_date": "2010-06-03", "slope_deg": 4.587399959564209, "rain_3d": 52.82120132446289, "rain_30d": 600.0955810546875, "trigger": "downpour", "size": "medium", "fatalities": 0, "label_conf": 0.6000000238418579, "loc_accuracy_km": 5.0}}, {"type": "Feature", "geometry": {"type": "Point", "coordinates": [93.86730194091797, 25.526500701904297]}, "properties": {"sample_id": "dead14799aac1978", "state": "Manipur", "district": "Senapati", "event_date": "2010-10-09", "slope_deg": 26.865299224853516, "rain_3d": 126.36730194091797, "rain_30d": 300.3551940917969, "trigger": "downpour", "size": "medium", "fatalities": 0, "label_conf": 0.20000000298023224, "loc_accuracy_km": 50.0}}, {"type": "Feature", "geometry": {"type": "Point", "coordinates": [91.87169647216797, 26.106199264526367]}, "properties": {"sample_id": "3779ba7481f192c2", "state": "Assam", "district": "Kamrup", "event_date": "2015-07-25", "slope_deg": 10.444499969482422, "rain_3d": 46.80270004272461, "rain_30d": 240.95559692382812, "trigger": "continuous_rain", "size": "medium", "fatalities": 2, "label_conf": 0.6000000238418579, "loc_accuracy_km": 5.0}}, {"type": "Feature", "geometry": {"type": "Point", "coordinates": [94.13990020751953, 25.47879981994629]}, "properties": {"sample_id": "41f5ce779a0a3bf2", "state": "Manipur", "district": "Senapati", "event_date": "2010-10-09", "slope_deg": 13.194199562072754, "rain_3d": 96.18419647216797, "rain_30d": 321.8526916503906, "trigger": "downpour", "size": "medium", "fatalities": 0, "label_conf": 0.44999998807907104, "loc_accuracy_km": 10.0}}, {"type": "Feature", "geometry": {"type": "Point", "coordinates": [88.1364974975586, 27.264400482177734]}, "properties": {"sample_id": "c17eac1353189d16", "state": "Sikkim", "district": "West Sikkim", "event_date": "2009-08-19", "slope_deg": 20.921300888061523, "rain_3d": 106.65989685058594, "rain_30d": 460.9613037109375, "trigger": "downpour", "size": "medium", "fatalities": 2, "label_conf": 0.44999998807907104, "loc_accuracy_km": 10.0}}, {"type": "Feature", "geometry": {"type": "Point", "coordinates": [90.089599609375, 25.500600814819336]}, "properties": {"sample_id": "8a437805544a1229", "state": "Meghalaya", "district": "West Garo Hills", "event_date": "2014-10-20", "slope_deg": 0.4142000079154968, "rain_3d": 0.0, "rain_30d": 640.3284912109375, "trigger": "rain", "size": "medium", "fatalities": 6, "label_conf": 0.20000000298023224, "loc_accuracy_km": 50.0}}, {"type": "Feature", "geometry": {"type": "Point", "coordinates": [91.71379852294922, 26.166200637817383]}, "properties": {"sample_id": "f41a14ffa116712c", "state": "Assam", "district": "Kamrup", "event_date": "2013-05-11", "slope_deg": 21.822099685668945, "rain_3d": 50.24810028076172, "rain_30d": 149.67840576171875, "trigger": "rain", "size": "medium", "fatalities": 0, "label_conf": 0.20000000298023224, "loc_accuracy_km": 50.0}}, {"type": "Feature", "geometry": {"type": "Point", "coordinates": [94.52339935302734, 25.837600708007812]}, "properties": {"sample_id": "667936e7d8d61a01", "state": "Nagaland", "district": "Zunheboto", "event_date": "2013-08-04", "slope_deg": 1.0413000583648682, "rain_3d": 17.113100051879883, "rain_30d": 287.7244873046875, "trigger": "continuous_rain", "size": "medium", "fatalities": 0, "label_conf": 0.25, "loc_accuracy_km": 25.0}}, {"type": "Feature", "geometry": {"type": "Point", "coordinates": [94.46189880371094, 26.048099517822266]}, "properties": {"sample_id": "6d3920aa92128af1", "state": "Nagaland", "district": "Zunheboto", "event_date": "2013-08-04", "slope_deg": 29.903200149536133, "rain_3d": 18.914400100708008, "rain_30d": 297.0365905761719, "trigger": "continuous_rain", "size": "medium", "fatalities": 0, "label_conf": 0.25, "loc_accuracy_km": 25.0}}, {"type": "Feature", "geometry": {"type": "Point", "coordinates": [91.83419799804688, 26.132400512695312]}, "properties": {"sample_id": "08dd4a5eb18de9ba", "state": "Assam", "district": "Kamrup", "event_date": "2014-09-22", "slope_deg": 12.612700462341309, "rain_3d": 112.94349670410156, "rain_30d": 289.2668151855469, "trigger": "rain", "size": "small", "fatalities": 0, "label_conf": 0.6000000238418579, "loc_accuracy_km": 5.0}}, {"type": "Feature", "geometry": {"type": "Point", "coordinates": [88.64579772949219, 27.174800872802734]}, "properties": {"sample_id": "96bd54fad404672d", "state": "Sikkim", "district": "East", "event_date": "2012-06-07", "slope_deg": 20.73900032043457, "rain_3d": 19.384899139404297, "rain_30d": 224.80679321289062, "trigger": "rain", "size": "large", "fatalities": 7, "label_conf": 0.30000001192092896, "loc_accuracy_km": 25.0}}, {"type": "Feature", "geometry": {"type": "Point", "coordinates": [94.7844009399414, 25.87019920349121]}, "properties": {"sample_id": "a8555bb86a51a812", "state": "Nagaland", "district": "Tuensang", "event_date": "2016-07-28", "slope_deg": 11.51729965209961, "rain_3d": 33.53120040893555, "rain_30d": 314.51300048828125, "trigger": "downpour", "size": "medium", "fatalities": 0, "label_conf": 0.8500000238418579, "loc_accuracy_km": 1.0}}, {"type": "Feature", "geometry": {"type": "Point", "coordinates": [94.52239990234375, 26.021400451660156]}, "properties": {"sample_id": "e4f2fa5944f4f3e8", "state": "Nagaland", "district": "Zunheboto", "event_date": "2015-08-19", "slope_deg": 16.783599853515625, "rain_3d": 8.186300277709961, "rain_30d": 338.5426025390625, "trigger": "continuous_rain", "size": "medium", "fatalities": 0, "label_conf": 0.20000000298023224, "loc_accuracy_km": 50.0}}, {"type": "Feature", "geometry": {"type": "Point", "coordinates": [93.42510223388672, 24.745899200439453]}, "properties": {"sample_id": "00701395f55e9b06", "state": "Manipur", "district": "Tamenglong", "event_date": "2015-08-11", "slope_deg": 18.674999237060547, "rain_3d": 67.6011962890625, "rain_30d": 417.29150390625, "trigger": "continuous_rain", "size": "medium", "fatalities": 0, "label_conf": 0.44999998807907104, "loc_accuracy_km": 10.0}}, {"type": "Feature", "geometry": {"type": "Point", "coordinates": [92.38249969482422, 25.256799697875977]}, "properties": {"sample_id": "c4daa2c7b793d5ae", "state": "Meghalaya", "district": "Jaintia Hills", "event_date": "2015-08-19", "slope_deg": 8.090800285339355, "rain_3d": 29.726200103759766, "rain_30d": 313.4858093261719, "trigger": "rain", "size": "medium", "fatalities": 0, "label_conf": 0.30000001192092896, "loc_accuracy_km": 25.0}}, {"type": "Feature", "geometry": {"type": "Point", "coordinates": [96.92620086669922, 27.883499145507812]}, "properties": {"sample_id": "974abf22bb01889c", "state": "Arunachal Pradesh", "district": "Lohit", "event_date": "2015-08-16", "slope_deg": 39.344200134277344, "rain_3d": 37.20000076293945, "rain_30d": 307.1000061035156, "trigger": "continuous_rain", "size": "medium", "fatalities": 0, "label_conf": 0.20000000298023224, "loc_accuracy_km": 50.0}}, {"type": "Feature", "geometry": {"type": "Point", "coordinates": [96.53160095214844, 28.082199096679688]}, "properties": {"sample_id": "cc3d2b06326de6cb", "state": "Arunachal Pradesh", "district": "Lohit", "event_date": "2016-05-01", "slope_deg": 16.551300048828125, "rain_3d": 94.44059753417969, "rain_30d": 876.3864135742188, "trigger": "downpour", "size": "medium", "fatalities": 0, "label_conf": 0.8500000238418579, "loc_accuracy_km": 1.0}}, {"type": "Feature", "geometry": {"type": "Point", "coordinates": [91.70559692382812, 26.129499435424805]}, "properties": {"sample_id": "ef18beeeb2d1f7b9", "state": "Assam", "district": "Kamrup", "event_date": "2014-09-22", "slope_deg": 2.963200092315674, "rain_3d": 112.94349670410156, "rain_30d": 289.2668151855469, "trigger": "rain", "size": "small", "fatalities": 0, "label_conf": 0.6000000238418579, "loc_accuracy_km": 5.0}}, {"type": "Feature", "geometry": {"type": "Point", "coordinates": [88.36519622802734, 27.16699981689453]}, "properties": {"sample_id": "d09fa66d91b7c1dc", "state": "Sikkim", "district": "South Sikkim", "event_date": "2010-08-20", "slope_deg": 21.49169921875, "rain_3d": 117.0167007446289, "rain_30d": 524.057373046875, "trigger": "downpour", "size": "medium", "fatalities": 0, "label_conf": 0.44999998807907104, "loc_accuracy_km": 10.0}}, {"type": "Feature", "geometry": {"type": "Point", "coordinates": [94.12110137939453, 25.571800231933594]}, "properties": {"sample_id": "c8efd1a1b75a9fa1", "state": "Nagaland", "district": "Kohima", "event_date": "2010-08-21", "slope_deg": 11.665300369262695, "rain_3d": 60.28030014038086, "rain_30d": 313.61358642578125, "trigger": "downpour", "size": "medium", "fatalities": 0, "label_conf": 0.44999998807907104, "loc_accuracy_km": 10.0}}, {"type": "Feature", "geometry": {"type": "Point", "coordinates": [94.54969787597656, 26.180700302124023]}, "properties": {"sample_id": "ca8c11a9efe8b924", "state": "Nagaland", "district": "Zunheboto", "event_date": "2013-08-04", "slope_deg": 23.911300659179688, "rain_3d": 27.659700393676758, "rain_30d": 338.9963073730469, "trigger": "monsoon", "size": "medium", "fatalities": 0, "label_conf": 0.6000000238418579, "loc_accuracy_km": 5.0}}, {"type": "Feature", "geometry": {"type": "Point", "coordinates": [88.76480102539062, 27.37459945678711]}, "properties": {"sample_id": "c028303630cf57bd", "state": "Sikkim", "district": "East", "event_date": "2009-08-26", "slope_deg": 8.633299827575684, "rain_3d": 42.404598236083984, "rain_30d": 1006.6962890625, "trigger": "rain", "size": "medium", "fatalities": 0, "label_conf": 0.30000001192092896, "loc_accuracy_km": 25.0}}, {"type": "Feature", "geometry": {"type": "Point", "coordinates": [91.80740356445312, 26.196300506591797]}, "properties": {"sample_id": "29fa666ce9ae5545", "state": "Assam", "district": "Kamrup", "event_date": "2016-07-14", "slope_deg": 15.290200233459473, "rain_3d": 9.630599975585938, "rain_30d": 157.02040100097656, "trigger": "monsoon", "size": "small", "fatalities": 1, "label_conf": 0.6000000238418579, "loc_accuracy_km": 5.0}}, {"type": "Feature", "geometry": {"type": "Point", "coordinates": [88.64749908447266, 27.550899505615234]}, "properties": {"sample_id": "84918c900a054ecb", "state": "Sikkim", "district": "North Sikkim", "event_date": "2010-07-21", "slope_deg": 44.21160125732422, "rain_3d": 100.8145980834961, "rain_30d": 710.6632080078125, "trigger": "downpour", "size": "medium", "fatalities": 0, "label_conf": 0.25, "loc_accuracy_km": 25.0}}, {"type": "Feature", "geometry": {"type": "Point", "coordinates": [94.47029876708984, 25.663299560546875]}, "properties": {"sample_id": "f2d0d8044336259d", "state": "Nagaland", "district": "Phek", "event_date": "2010-10-08", "slope_deg": 4.225900173187256, "rain_3d": 26.042400360107422, "rain_30d": 237.61489868164062, "trigger": "downpour", "size": "medium", "fatalities": 0, "label_conf": 0.6000000238418579, "loc_accuracy_km": 5.0}}, {"type": "Feature", "geometry": {"type": "Point", "coordinates": [88.48829650878906, 27.201000213623047]}, "properties": {"sample_id": "31ebe904bf253c1e", "state": "Sikkim", "district": "East", "event_date": "2007-09-07", "slope_deg": 34.8047981262207, "rain_3d": 234.65159606933594, "rain_30d": 746.3582153320312, "trigger": "rain", "size": "large", "fatalities": 0, "label_conf": 0.30000001192092896, "loc_accuracy_km": 25.0}}, {"type": "Feature", "geometry": {"type": "Point", "coordinates": [91.81780242919922, 26.159000396728516]}, "properties": {"sample_id": "4a1a7c2b72841a7d", "state": "Assam", "district": "Kamrup", "event_date": "2014-09-22", "slope_deg": 2.767199993133545, "rain_3d": 112.94349670410156, "rain_30d": 289.2668151855469, "trigger": "rain", "size": "small", "fatalities": 0, "label_conf": 0.6000000238418579, "loc_accuracy_km": 5.0}}, {"type": "Feature", "geometry": {"type": "Point", "coordinates": [91.25, 26.33329963684082]}, "properties": {"sample_id": "0bc17b9978141760", "state": "Assam", "district": "Barpeta", "event_date": "2008-10-29", "slope_deg": 0.17739999294281006, "rain_3d": 42.40599822998047, "rain_30d": 74.4354019165039, "trigger": "downpour", "size": "medium", "fatalities": 7, "label_conf": 0.20000000298023224, "loc_accuracy_km": 50.0}}, {"type": "Feature", "geometry": {"type": "Point", "coordinates": [95.02899932861328, 26.719999313354492]}, "properties": {"sample_id": "e089a6b82e0f2293", "state": "Nagaland", "district": "Mon", "event_date": "2013-07-01", "slope_deg": 8.802000045776367, "rain_3d": 29.324600219726562, "rain_30d": 313.947509765625, "trigger": "downpour", "size": "medium", "fatalities": 0, "label_conf": 0.6000000238418579, "loc_accuracy_km": 5.0}}, {"type": "Feature", "geometry": {"type": "Point", "coordinates": [94.10800170898438, 25.419200897216797]}, "properties": {"sample_id": "5d470d4e72499a1e", "state": "Manipur", "district": "Senapati", "event_date": "2011-07-29", "slope_deg": 13.036399841308594, "rain_3d": 12.082300186157227, "rain_30d": 275.1369934082031, "trigger": "rain", "size": "medium", "fatalities": 0, "label_conf": 0.44999998807907104, "loc_accuracy_km": 10.0}}, {"type": "Feature", "geometry": {"type": "Point", "coordinates": [88.7322998046875, 27.373600006103516]}, "properties": {"sample_id": "711f9d9a6c068b0b", "state": "Sikkim", "district": "East", "event_date": "2013-09-07", "slope_deg": 13.494999885559082, "rain_3d": 149.3529052734375, "rain_30d": 561.7651977539062, "trigger": "rain", "size": "medium", "fatalities": 0, "label_conf": 0.30000001192092896, "loc_accuracy_km": 25.0}}, {"type": "Feature", "geometry": {"type": "Point", "coordinates": [93.12300109863281, 25.17180061340332]}, "properties": {"sample_id": "b7585260422f3c39", "state": "Assam", "district": "North Cachar Hills", "event_date": "2009-08-27", "slope_deg": 12.121199607849121, "rain_3d": 44.758201599121094, "rain_30d": 263.34600830078125, "trigger": "downpour", "size": "medium", "fatalities": 0, "label_conf": 0.44999998807907104, "loc_accuracy_km": 10.0}}, {"type": "Feature", "geometry": {"type": "Point", "coordinates": [94.60240173339844, 25.426000595092773]}, "properties": {"sample_id": "ce6a386f06eecf69", "state": "Manipur", "district": "Ukhrul", "event_date": "2013-10-13", "slope_deg": 11.811699867248535, "rain_3d": 0.0, "rain_30d": 144.93240356445312, "trigger": "downpour", "size": "medium", "fatalities": 0, "label_conf": 0.6000000238418579, "loc_accuracy_km": 5.0}}, {"type": "Feature", "geometry": {"type": "Point", "coordinates": [94.5238037109375, 26.009300231933594]}, "properties": {"sample_id": "c26f1b718d5a54e4", "state": "Nagaland", "district": "Zunheboto", "event_date": "2010-07-06", "slope_deg": 15.284299850463867, "rain_3d": 31.436199188232422, "rain_30d": 330.4751892089844, "trigger": "monsoon", "size": "medium", "fatalities": 0, "label_conf": 0.6000000238418579, "loc_accuracy_km": 5.0}}, {"type": "Feature", "geometry": {"type": "Point", "coordinates": [93.75250244140625, 27.161399841308594]}, "properties": {"sample_id": "6b114649b8c17286", "state": "Arunachal Pradesh", "district": "Papum Pare", "event_date": "2013-09-02", "slope_deg": 2.6221001148223877, "rain_3d": 83.21810150146484, "rain_30d": 623.9462280273438, "trigger": "downpour", "size": "large", "fatalities": 0, "label_conf": 0.25, "loc_accuracy_km": 25.0}}, {"type": "Feature", "geometry": {"type": "Point", "coordinates": [91.67389678955078, 26.186800003051758]}, "properties": {"sample_id": "7b9fc1274fa9b90f", "state": "Assam", "district": "Kamrup", "event_date": "2015-09-01", "slope_deg": 1.1646000146865845, "rain_3d": 48.87009811401367, "rain_30d": 332.55169677734375, "trigger": "rain", "size": "medium", "fatalities": 2, "label_conf": 0.8500000238418579, "loc_accuracy_km": 1.0}}, {"type": "Feature", "geometry": {"type": "Point", "coordinates": [94.23410034179688, 25.516199111938477]}, "properties": {"sample_id": "f478ae730b0675ba", "state": "Nagaland", "district": "Phek", "event_date": "2011-06-21", "slope_deg": 21.40060043334961, "rain_3d": 3.558199882507324, "rain_30d": 222.18930053710938, "trigger": "rain", "size": "medium", "fatalities": 0, "label_conf": 0.8500000238418579, "loc_accuracy_km": 1.0}}, {"type": "Feature", "geometry": {"type": "Point", "coordinates": [88.63200378417969, 27.756500244140625]}, "properties": {"sample_id": "4c21573255ffe097", "state": "Sikkim", "district": "North Sikkim", "event_date": "2012-06-07", "slope_deg": 18.816600799560547, "rain_3d": 23.733699798583984, "rain_30d": 183.14810180664062, "trigger": "downpour", "size": "large", "fatalities": 7, "label_conf": 0.30000001192092896, "loc_accuracy_km": 25.0}}, {"type": "Feature", "geometry": {"type": "Point", "coordinates": [93.00379943847656, 26.583599090576172]}, "properties": {"sample_id": "738c9a5ee2f1111a", "state": "Assam", "district": "Nagaon", "event_date": "2011-07-24", "slope_deg": 0.3871000111103058, "rain_3d": 25.66699981689453, "rain_30d": 300.4826965332031, "trigger": "downpour", "size": "medium", "fatalities": 0, "label_conf": 0.20000000298023224, "loc_accuracy_km": 50.0}}, {"type": "Feature", "geometry": {"type": "Point", "coordinates": [93.9666976928711, 25.13330078125]}, "properties": {"sample_id": "8afae5bdbbf62853", "state": "Manipur", "district": "Senapati", "event_date": "2007-08-31", "slope_deg": 1.3473000526428223, "rain_3d": 47.78200149536133, "rain_30d": 320.0137939453125, "trigger": "rain", "size": "medium", "fatalities": 0, "label_conf": 0.30000001192092896, "loc_accuracy_km": 25.0}}, {"type": "Feature", "geometry": {"type": "Point", "coordinates": [91.85060119628906, 25.557600021362305]}, "properties": {"sample_id": "c01bd1314871310f", "state": "Meghalaya", "district": "East Khasi Hills", "event_date": "2007-08-26", "slope_deg": 4.81850004196167, "rain_3d": 55.19969940185547, "rain_30d": 236.38279724121094, "trigger": "rain", "size": "medium", "fatalities": 0, "label_conf": 0.25, "loc_accuracy_km": 25.0}}, {"type": "Feature", "geometry": {"type": "Point", "coordinates": [94.34149932861328, 25.063400268554688]}, "properties": {"sample_id": "d438d54575ca237e", "state": "Manipur", "district": "Ukhrul", "event_date": "2015-07-31", "slope_deg": 23.282899856567383, "rain_3d": 40.77939987182617, "rain_30d": 325.11761474609375, "trigger": "continuous_rain", "size": "medium", "fatalities": 0, "label_conf": 0.44999998807907104, "loc_accuracy_km": 10.0}}, {"type": "Feature", "geometry": {"type": "Point", "coordinates": [93.91280364990234, 24.836999893188477]}, "properties": {"sample_id": "c040ca783430e6dd", "state": "Manipur", "district": "West Imphal", "event_date": "2010-10-08", "slope_deg": 7.176599979400635, "rain_3d": 100.74870300292969, "rain_30d": 219.9329071044922, "trigger": "downpour", "size": "medium", "fatalities": 0, "label_conf": 0.6000000238418579, "loc_accuracy_km": 5.0}}, {"type": "Feature", "geometry": {"type": "Point", "coordinates": [88.37999725341797, 27.149900436401367]}, "properties": {"sample_id": "8275c86e72e7f8e8", "state": "Sikkim", "district": "South Sikkim", "event_date": "2007-07-16", "slope_deg": 30.063199996948242, "rain_3d": 82.14739990234375, "rain_30d": 478.6752014160156, "trigger": "rain", "size": "medium", "fatalities": 0, "label_conf": 0.30000001192092896, "loc_accuracy_km": 25.0}}, {"type": "Feature", "geometry": {"type": "Point", "coordinates": [88.61150360107422, 27.19540023803711]}, "properties": {"sample_id": "b752e4f5c35aaab8", "state": "Sikkim", "district": "East", "event_date": "2009-09-17", "slope_deg": 6.044600009918213, "rain_3d": 68.90160369873047, "rain_30d": 494.1256103515625, "trigger": "rain", "size": "medium", "fatalities": 0, "label_conf": 0.6000000238418579, "loc_accuracy_km": 5.0}}, {"type": "Feature", "geometry": {"type": "Point", "coordinates": [93.68840026855469, 27.103200912475586]}, "properties": {"sample_id": "b6b5271146b091cf", "state": "Arunachal Pradesh", "district": "Papum Pare", "event_date": "2011-07-19", "slope_deg": 2.0559000968933105, "rain_3d": 60.4921989440918, "rain_30d": 433.3631896972656, "trigger": "downpour", "size": "medium", "fatalities": 3, "label_conf": 0.44999998807907104, "loc_accuracy_km": 10.0}}, {"type": "Feature", "geometry": {"type": "Point", "coordinates": [91.2697982788086, 25.491600036621094]}, "properties": {"sample_id": "7b350e2fb7e2addd", "state": "Meghalaya", "district": "West Khasi Hills", "event_date": "2010-06-28", "slope_deg": 3.74429988861084, "rain_3d": 682.1832275390625, "rain_30d": 2763.738525390625, "trigger": "downpour", "size": "medium", "fatalities": 0, "label_conf": 0.20000000298023224, "loc_accuracy_km": 50.0}}, {"type": "Feature", "geometry": {"type": "Point", "coordinates": [88.22550201416016, 27.138599395751953]}, "properties": {"sample_id": "e175f51f0b419a73", "state": "Sikkim", "district": "West Sikkim", "event_date": "2011-08-23", "slope_deg": 27.249399185180664, "rain_3d": 30.74329948425293, "rain_30d": 526.84521484375, "trigger": "downpour", "size": "medium", "fatalities": 5, "label_conf": 0.44999998807907104, "loc_accuracy_km": 10.0}}, {"type": "Feature", "geometry": {"type": "Point", "coordinates": [94.0, 27.163000106811523]}, "properties": {"sample_id": "31627d702ecabb5b", "state": "Assam", "district": "Lakhimpur", "event_date": "2008-08-14", "slope_deg": 0.8048999905586243, "rain_3d": 33.44309997558594, "rain_30d": 389.3753967285156, "trigger": "rain", "size": "medium", "fatalities": 0, "label_conf": 0.20000000298023224, "loc_accuracy_km": 50.0}}, {"type": "Feature", "geometry": {"type": "Point", "coordinates": [91.76969909667969, 26.16189956665039]}, "properties": {"sample_id": "f7e30373333f71da", "state": "Assam", "district": "Kamrup", "event_date": "2014-06-27", "slope_deg": 0.32019999623298645, "rain_3d": 22.039600372314453, "rain_30d": 219.3289031982422, "trigger": "rain", "size": "small", "fatalities": 3, "label_conf": 1.0, "loc_accuracy_km": 0.10000000149011612}}, {"type": "Feature", "geometry": {"type": "Point", "coordinates": [93.98770141601562, 25.060400009155273]}, "properties": {"sample_id": "9306e7207fa96266", "state": "Manipur", "district": "Senapati", "event_date": "2007-09-08", "slope_deg": 32.01689910888672, "rain_3d": 86.93789672851562, "rain_30d": 266.6228942871094, "trigger": "rain", "size": "medium", "fatalities": 0, "label_conf": 0.20000000298023224, "loc_accuracy_km": 50.0}}, {"type": "Feature", "geometry": {"type": "Point", "coordinates": [92.35669708251953, 25.09510040283203]}, "properties": {"sample_id": "21833b8cdd5be071", "state": "Meghalaya", "district": "Jaintia Hills", "event_date": "2012-06-13", "slope_deg": 22.52750015258789, "rain_3d": 22.738399505615234, "rain_30d": 451.96160888671875, "trigger": "downpour", "size": "medium", "fatalities": 0, "label_conf": 0.20000000298023224, "loc_accuracy_km": 50.0}}, {"type": "Feature", "geometry": {"type": "Point", "coordinates": [92.90640258789062, 27.27429962158203]}, "properties": {"sample_id": "ad4ca3b8b4692ccc", "state": "Arunachal Pradesh", "district": "East Kameng", "event_date": "2011-07-16", "slope_deg": 14.572099685668945, "rain_3d": 94.55690002441406, "rain_30d": 391.06719970703125, "trigger": "downpour", "size": "medium", "fatalities": 0, "label_conf": 0.44999998807907104, "loc_accuracy_km": 10.0}}, {"type": "Feature", "geometry": {"type": "Point", "coordinates": [89.9031982421875, 25.723800659179688]}, "properties": {"sample_id": "f813fc7a7d574435", "state": "Assam", "district": "West Garo Hills", "event_date": "2014-09-23", "slope_deg": 3.356800079345703, "rain_3d": 497.902587890625, "rain_30d": 700.6820068359375, "trigger": "continuous_rain", "size": "small", "fatalities": 1, "label_conf": 0.6000000238418579, "loc_accuracy_km": 5.0}}, {"type": "Feature", "geometry": {"type": "Point", "coordinates": [93.98539733886719, 25.500699996948242]}, "properties": {"sample_id": "a21f6de403b8bb6d", "state": "Manipur", "district": "Senapati", "event_date": "2015-07-22", "slope_deg": 14.972999572753906, "rain_3d": 43.9182014465332, "rain_30d": 310.5978088378906, "trigger": "continuous_rain", "size": "medium", "fatalities": 0, "label_conf": 0.6000000238418579, "loc_accuracy_km": 5.0}}, {"type": "Feature", "geometry": {"type": "Point", "coordinates": [93.125, 24.306900024414062]}, "properties": {"sample_id": "ce299a9eef47585b", "state": "Manipur", "district": "Churachandpur", "event_date": "2010-09-16", "slope_deg": 22.316200256347656, "rain_3d": 57.25490188598633, "rain_30d": 508.65350341796875, "trigger": "downpour", "size": "medium", "fatalities": 0, "label_conf": 0.6000000238418579, "loc_accuracy_km": 5.0}}, {"type": "Feature", "geometry": {"type": "Point", "coordinates": [94.10569763183594, 25.626300811767578]}, "properties": {"sample_id": "4d65b096cf813db0", "state": "Nagaland", "district": "Kohima", "event_date": "2015-08-20", "slope_deg": 10.295499801635742, "rain_3d": 11.066800117492676, "rain_30d": 157.86849975585938, "trigger": "continuous_rain", "size": "medium", "fatalities": 0, "label_conf": 0.6000000238418579, "loc_accuracy_km": 5.0}}, {"type": "Feature", "geometry": {"type": "Point", "coordinates": [93.60859680175781, 27.08690071105957]}, "properties": {"sample_id": "bd816c47b9c67401", "state": "Arunachal Pradesh", "district": "Papum Pare", "event_date": "2014-08-17", "slope_deg": 3.825700044631958, "rain_3d": 93.56739807128906, "rain_30d": 429.235595703125, "trigger": "downpour", "size": "large", "fatalities": 0, "label_conf": 0.44999998807907104, "loc_accuracy_km": 10.0}}, {"type": "Feature", "geometry": {"type": "Point", "coordinates": [93.05139923095703, 23.84469985961914]}, "properties": {"sample_id": "dab906452c99f199", "state": "Mizoram", "district": "Aizawl", "event_date": "2015-08-26", "slope_deg": 30.467599868774414, "rain_3d": 106.22029876708984, "rain_30d": 375.6182861328125, "trigger": "continuous_rain", "size": "medium", "fatalities": 0, "label_conf": 0.44999998807907104, "loc_accuracy_km": 10.0}}, {"type": "Feature", "geometry": {"type": "Point", "coordinates": [91.8666000366211, 25.577199935913086]}, "properties": {"sample_id": "addff0249da88b0b", "state": "Meghalaya", "district": "East Khasi Hills", "event_date": "2014-09-23", "slope_deg": 3.1026999950408936, "rain_3d": 158.7407989501953, "rain_30d": 412.56689453125, "trigger": "continuous_rain", "size": "small", "fatalities": 8, "label_conf": 0.6000000238418579, "loc_accuracy_km": 5.0}}, {"type": "Feature", "geometry": {"type": "Point", "coordinates": [92.07569885253906, 25.549800872802734]}, "properties": {"sample_id": "80bb7c4bb0768603", "state": "Meghalaya", "district": "East Khasi Hills", "event_date": "2012-06-13", "slope_deg": 11.71399974822998, "rain_3d": 12.451899528503418, "rain_30d": 116.57369995117188, "trigger": "downpour", "size": "medium", "fatalities": 0, "label_conf": 0.25, "loc_accuracy_km": 25.0}}, {"type": "Feature", "geometry": {"type": "Point", "coordinates": [93.54440307617188, 24.814199447631836]}, "properties": {"sample_id": "86d1aee9fbbd06a5", "state": "Manipur", "district": "Tamenglong", "event_date": "2012-06-10", "slope_deg": 30.137100219726562, "rain_3d": 27.262800216674805, "rain_30d": 438.11138916015625, "trigger": "downpour", "size": "very_large", "fatalities": 0, "label_conf": 0.20000000298023224, "loc_accuracy_km": 50.0}}, {"type": "Feature", "geometry": {"type": "Point", "coordinates": [88.24259948730469, 27.342500686645508]}, "properties": {"sample_id": "a99574c821a471dc", "state": "Sikkim", "district": "West Sikkim", "event_date": "2013-09-01", "slope_deg": 33.312198638916016, "rain_3d": 6.196400165557861, "rain_30d": 288.851806640625, "trigger": "downpour", "size": "medium", "fatalities": 5, "label_conf": 0.20000000298023224, "loc_accuracy_km": 50.0}}, {"type": "Feature", "geometry": {"type": "Point", "coordinates": [92.8010025024414, 25.047700881958008]}, "properties": {"sample_id": "20c026486dd58df1", "state": "Assam", "district": "Cachar", "event_date": "2010-07-25", "slope_deg": 7.6082000732421875, "rain_3d": 47.127899169921875, "rain_30d": 331.7076110839844, "trigger": "downpour", "size": "medium", "fatalities": 0, "label_conf": 0.30000001192092896, "loc_accuracy_km": 25.0}}, {"type": "Feature", "geometry": {"type": "Point", "coordinates": [94.04620361328125, 25.702199935913086]}, "properties": {"sample_id": "78c38b2ef0ecb2f7", "state": "Nagaland", "district": "Kohima", "event_date": "2010-08-13", "slope_deg": 15.761099815368652, "rain_3d": 14.121700286865234, "rain_30d": 303.1203918457031, "trigger": "downpour", "size": "medium", "fatalities": 0, "label_conf": 0.6000000238418579, "loc_accuracy_km": 5.0}}, {"type": "Feature", "geometry": {"type": "Point", "coordinates": [94.52469635009766, 26.318500518798828]}, "properties": {"sample_id": "4dc6ed2eaf26b743", "state": "Nagaland", "district": "Mokokchung", "event_date": "2016-06-14", "slope_deg": 13.312100410461426, "rain_3d": 24.567899703979492, "rain_30d": 326.96099853515625, "trigger": "continuous_rain", "size": "medium", "fatalities": 0, "label_conf": 0.8500000238418579, "loc_accuracy_km": 1.0}}, {"type": "Feature", "geometry": {"type": "Point", "coordinates": [91.78959655761719, 26.18440055847168]}, "properties": {"sample_id": "4e83d7af467a6f28", "state": "Assam", "district": "Kamrup", "event_date": "2014-06-26", "slope_deg": 1.3221999406814575, "rain_3d": 19.158899307250977, "rain_30d": 204.62100219726562, "trigger": "continuous_rain", "size": "small", "fatalities": 1, "label_conf": 0.6000000238418579, "loc_accuracy_km": 5.0}}, {"type": "Feature", "geometry": {"type": "Point", "coordinates": [94.06909942626953, 24.245100021362305]}, "properties": {"sample_id": "6abc33f14d790bb9", "state": "Manipur", "district": "Chandel", "event_date": "2007-09-10", "slope_deg": 32.129798889160156, "rain_3d": 25.49049949645996, "rain_30d": 226.0460968017578, "trigger": "rain", "size": "medium", "fatalities": 0, "label_conf": 0.30000001192092896, "loc_accuracy_km": 25.0}}, {"type": "Feature", "geometry": {"type": "Point", "coordinates": [94.11360168457031, 25.623699188232422]}, "properties": {"sample_id": "5edef54ce9994efd", "state": "Nagaland", "district": "Kohima", "event_date": "2015-08-12", "slope_deg": 26.650699615478516, "rain_3d": 31.104799270629883, "rain_30d": 264.5815124511719, "trigger": "continuous_rain", "size": "medium", "fatalities": 0, "label_conf": 0.6000000238418579, "loc_accuracy_km": 5.0}}, {"type": "Feature", "geometry": {"type": "Point", "coordinates": [88.36509704589844, 27.167499542236328]}, "properties": {"sample_id": "c84a98d64c57d327", "state": "Sikkim", "district": "South Sikkim", "event_date": "2012-09-16", "slope_deg": 21.49169921875, "rain_3d": 62.92919921875, "rain_30d": 417.3804016113281, "trigger": "downpour", "size": "medium", "fatalities": 0, "label_conf": 0.6000000238418579, "loc_accuracy_km": 5.0}}, {"type": "Feature", "geometry": {"type": "Point", "coordinates": [94.06439971923828, 24.40719985961914]}, "properties": {"sample_id": "b51bc02a9abc6216", "state": "Manipur", "district": "Chandel", "event_date": "2015-08-01", "slope_deg": 20.719600677490234, "rain_3d": 125.806396484375, "rain_30d": 387.99359130859375, "trigger": "continuous_rain", "size": "medium", "fatalities": 0, "label_conf": 0.6000000238418579, "loc_accuracy_km": 5.0}}, {"type": "Feature", "geometry": {"type": "Point", "coordinates": [92.69400024414062, 23.752700805664062]}, "properties": {"sample_id": "c9639e9c8c4d0073", "state": "Mizoram", "district": "Aizawl", "event_date": "2010-09-16", "slope_deg": 23.835500717163086, "rain_3d": 55.620201110839844, "rain_30d": 436.8616027832031, "trigger": "downpour", "size": "medium", "fatalities": 0, "label_conf": 0.6000000238418579, "loc_accuracy_km": 5.0}}, {"type": "Feature", "geometry": {"type": "Point", "coordinates": [94.25, 26.13800048828125]}, "properties": {"sample_id": "421a209a31044465", "state": "Nagaland", "district": "Wokha", "event_date": "2008-08-19", "slope_deg": 8.973299980163574, "rain_3d": 16.79560089111328, "rain_30d": 299.3533020019531, "trigger": "downpour", "size": "medium", "fatalities": 4, "label_conf": 0.20000000298023224, "loc_accuracy_km": 50.0}}, {"type": "Feature", "geometry": {"type": "Point", "coordinates": [94.05729675292969, 23.993900299072266]}, "properties": {"sample_id": "21fa573e955cd649", "state": "Manipur", "district": "Chandel", "event_date": "2015-08-01", "slope_deg": 20.580799102783203, "rain_3d": 126.09719848632812, "rain_30d": 388.0002136230469, "trigger": "continuous_rain", "size": "medium", "fatalities": 0, "label_conf": 0.20000000298023224, "loc_accuracy_km": 50.0}}, {"type": "Feature", "geometry": {"type": "Point", "coordinates": [91.72139739990234, 26.493499755859375]}, "properties": {"sample_id": "5ef323abfd394d5f", "state": "Assam", "district": "Kamrup", "event_date": "2015-09-01", "slope_deg": 0.08269999921321869, "rain_3d": 95.70210266113281, "rain_30d": 374.0342102050781, "trigger": "rain", "size": "medium", "fatalities": 2, "label_conf": 0.44999998807907104, "loc_accuracy_km": 10.0}}, {"type": "Feature", "geometry": {"type": "Point", "coordinates": [94.10659790039062, 25.670000076293945]}, "properties": {"sample_id": "17551074a31e54a5", "state": "Nagaland", "district": "Kohima", "event_date": "2008-08-29", "slope_deg": 6.805799961090088, "rain_3d": 17.444599151611328, "rain_30d": 413.6263122558594, "trigger": "downpour", "size": "medium", "fatalities": 0, "label_conf": 0.30000001192092896, "loc_accuracy_km": 25.0}}, {"type": "Feature", "geometry": {"type": "Point", "coordinates": [93.84429931640625, 24.93560028076172]}, "properties": {"sample_id": "6f8e9acb51f2113f", "state": "Manipur", "district": "Senapati", "event_date": "2010-07-31", "slope_deg": 1.5120999813079834, "rain_3d": 62.43259811401367, "rain_30d": 370.0340881347656, "trigger": "rain", "size": "medium", "fatalities": 0, "label_conf": 0.30000001192092896, "loc_accuracy_km": 25.0}}, {"type": "Feature", "geometry": {"type": "Point", "coordinates": [93.50389862060547, 24.75429916381836]}, "properties": {"sample_id": "c87d756f5495d013", "state": "Manipur", "district": "Tamenglong", "event_date": "2010-06-07", "slope_deg": 10.74779987335205, "rain_3d": 34.22990036010742, "rain_30d": 234.77659606933594, "trigger": "rain", "size": "medium", "fatalities": 0, "label_conf": 0.20000000298023224, "loc_accuracy_km": 50.0}}, {"type": "Feature", "geometry": {"type": "Point", "coordinates": [92.73619842529297, 23.71310043334961]}, "properties": {"sample_id": "aaa2ea46f86dd831", "state": "Mizoram", "district": "Aizawl", "event_date": "2015-06-19", "slope_deg": 30.206100463867188, "rain_3d": 91.4197998046875, "rain_30d": 279.5732116699219, "trigger": "rain", "size": "medium", "fatalities": 0, "label_conf": 0.20000000298023224, "loc_accuracy_km": 50.0}}, {"type": "Feature", "geometry": {"type": "Point", "coordinates": [94.94390106201172, 26.389699935913086]}, "properties": {"sample_id": "b31fc45650999a12", "state": "Nagaland", "district": "Mon", "event_date": "2013-08-16", "slope_deg": 16.42449951171875, "rain_3d": 77.47360229492188, "rain_30d": 443.5321960449219, "trigger": "rain", "size": "medium", "fatalities": 0, "label_conf": 0.44999998807907104, "loc_accuracy_km": 10.0}}, {"type": "Feature", "geometry": {"type": "Point", "coordinates": [92.38069915771484, 25.141599655151367]}, "properties": {"sample_id": "eb824659ac8c98e0", "state": "Meghalaya", "district": "Jaintia Hills", "event_date": "2015-08-19", "slope_deg": 13.76200008392334, "rain_3d": 29.726200103759766, "rain_30d": 313.4858093261719, "trigger": "rain", "size": "small", "fatalities": 0, "label_conf": 0.6000000238418579, "loc_accuracy_km": 5.0}}, {"type": "Feature", "geometry": {"type": "Point", "coordinates": [92.72119903564453, 23.734800338745117]}, "properties": {"sample_id": "176c036f1972f1a3", "state": "Mizoram", "district": "Aizawl", "event_date": "2009-10-05", "slope_deg": 16.676300048828125, "rain_3d": 4.318399906158447, "rain_30d": 280.0220031738281, "trigger": "downpour", "size": "medium", "fatalities": 3, "label_conf": 0.6000000238418579, "loc_accuracy_km": 5.0}}, {"type": "Feature", "geometry": {"type": "Point", "coordinates": [91.78250122070312, 26.19610023498535]}, "properties": {"sample_id": "7a17eb9aaf16da75", "state": "Assam", "district": "Kamrup", "event_date": "2016-06-22", "slope_deg": 9.59689998626709, "rain_3d": 19.49970054626465, "rain_30d": 235.95779418945312, "trigger": "downpour", "size": "medium", "fatalities": 1, "label_conf": 0.6000000238418579, "loc_accuracy_km": 5.0}}, {"type": "Feature", "geometry": {"type": "Point", "coordinates": [92.36360168457031, 25.072799682617188]}, "properties": {"sample_id": "71eb294487b6fd15", "state": "Meghalaya", "district": "Jaintia Hills", "event_date": "2015-08-19", "slope_deg": 15.94320011138916, "rain_3d": 26.01129913330078, "rain_30d": 423.40399169921875, "trigger": "rain", "size": "medium", "fatalities": 0, "label_conf": 0.6000000238418579, "loc_accuracy_km": 5.0}}, {"type": "Feature", "geometry": {"type": "Point", "coordinates": [92.71869659423828, 23.731300354003906]}, "properties": {"sample_id": "60dcd849db279660", "state": "Mizoram", "district": "Aizawl", "event_date": "2015-09-14", "slope_deg": 25.311899185180664, "rain_3d": 4.182300090789795, "rain_30d": 407.5450134277344, "trigger": "downpour", "size": "medium", "fatalities": 0, "label_conf": 0.6000000238418579, "loc_accuracy_km": 5.0}}, {"type": "Feature", "geometry": {"type": "Point", "coordinates": [88.60900115966797, 27.336999893188477]}, "properties": {"sample_id": "9da966c2773f672c", "state": "Sikkim", "district": "East", "event_date": "2008-08-28", "slope_deg": 19.81410026550293, "rain_3d": 169.77780151367188, "rain_30d": 762.7962036132812, "trigger": "downpour", "size": "medium", "fatalities": 0, "label_conf": 0.30000001192092896, "loc_accuracy_km": 25.0}}, {"type": "Feature", "geometry": {"type": "Point", "coordinates": [88.60870361328125, 27.32200050354004]}, "properties": {"sample_id": "438f79e071171ce6", "state": "Sikkim", "district": "East", "event_date": "2010-04-17", "slope_deg": 25.555099487304688, "rain_3d": 27.638500213623047, "rain_30d": 308.631103515625, "trigger": "downpour", "size": "small", "fatalities": 0, "label_conf": 0.8500000238418579, "loc_accuracy_km": 1.0}}, {"type": "Feature", "geometry": {"type": "Point", "coordinates": [95.87760162353516, 28.429800033569336]}, "properties": {"sample_id": "922f0d26b718fa1a", "state": "Arunachal Pradesh", "district": "Lower Dibang Valley", "event_date": "2010-05-31", "slope_deg": 6.570400238037109, "rain_3d": 3.30649995803833, "rain_30d": 296.6239929199219, "trigger": "downpour", "size": "medium", "fatalities": 0, "label_conf": 0.20000000298023224, "loc_accuracy_km": 50.0}}, {"type": "Feature", "geometry": {"type": "Point", "coordinates": [92.72640228271484, 24.52039909362793]}, "properties": {"sample_id": "0c342d4df4dd88cf", "state": "Assam", "district": "Hailakandi", "event_date": "2016-05-18", "slope_deg": 1.0529999732971191, "rain_3d": 214.4781951904297, "rain_30d": 593.0526123046875, "trigger": "continuous_rain", "size": "unknown", "fatalities": 2, "label_conf": 0.8500000238418579, "loc_accuracy_km": 1.0}}, {"type": "Feature", "geometry": {"type": "Point", "coordinates": [92.63510131835938, 27.013599395751953]}, "properties": {"sample_id": "50174c9484d46795", "state": "Assam", "district": "West Kameng", "event_date": "2016-07-01", "slope_deg": 5.104599952697754, "rain_3d": 60.00019836425781, "rain_30d": 327.6976013183594, "trigger": "downpour", "size": "large", "fatalities": 5, "label_conf": 0.8500000238418579, "loc_accuracy_km": 1.0}}, {"type": "Feature", "geometry": {"type": "Point", "coordinates": [88.55770111083984, 27.716699600219727]}, "properties": {"sample_id": "9f37365d46bf1e5f", "state": "Sikkim", "district": "North Sikkim", "event_date": "2012-06-03", "slope_deg": 12.211799621582031, "rain_3d": 22.844900131225586, "rain_30d": 157.17640686035156, "trigger": "downpour", "size": "medium", "fatalities": 0, "label_conf": 0.6000000238418579, "loc_accuracy_km": 5.0}}, {"type": "Feature", "geometry": {"type": "Point", "coordinates": [93.62870025634766, 27.09980010986328]}, "properties": {"sample_id": "151bb729216fcf87", "state": "Arunachal Pradesh", "district": "Papum Pare", "event_date": "2008-06-14", "slope_deg": 5.400100231170654, "rain_3d": 122.55349731445312, "rain_30d": 329.7887878417969, "trigger": "rain", "size": "large", "fatalities": 21, "label_conf": 0.30000001192092896, "loc_accuracy_km": 25.0}}, {"type": "Feature", "geometry": {"type": "Point", "coordinates": [91.75990295410156, 26.177099227905273]}, "properties": {"sample_id": "8a2b177fad44f92a", "state": "Assam", "district": "Kamrup", "event_date": "2013-05-11", "slope_deg": 3.816699981689453, "rain_3d": 50.24810028076172, "rain_30d": 149.67840576171875, "trigger": "rain", "size": "medium", "fatalities": 0, "label_conf": 0.6000000238418579, "loc_accuracy_km": 5.0}}, {"type": "Feature", "geometry": {"type": "Point", "coordinates": [95.49929809570312, 26.998600006103516]}, "properties": {"sample_id": "103872148103d159", "state": "Arunachal Pradesh", "district": "Tirap", "event_date": "2012-06-25", "slope_deg": 16.270299911499023, "rain_3d": 54.566898345947266, "rain_30d": 314.3912048339844, "trigger": "downpour", "size": "medium", "fatalities": 0, "label_conf": 0.20000000298023224, "loc_accuracy_km": 50.0}}, {"type": "Feature", "geometry": {"type": "Point", "coordinates": [93.80670166015625, 25.771299362182617]}, "properties": {"sample_id": "77987463bbabd5bf", "state": "Nagaland", "district": "Dimapur", "event_date": "2011-08-13", "slope_deg": 9.22070026397705, "rain_3d": 43.07699966430664, "rain_30d": 240.3708038330078, "trigger": "downpour", "size": "medium", "fatalities": 0, "label_conf": 0.44999998807907104, "loc_accuracy_km": 10.0}}, {"type": "Feature", "geometry": {"type": "Point", "coordinates": [93.05149841308594, 27.883699417114258]}, "properties": {"sample_id": "ca141b4f04b6d939", "state": "Arunachal Pradesh", "district": "Kurung Kumey", "event_date": "2013-08-01", "slope_deg": 40.20909881591797, "rain_3d": 11.208000183105469, "rain_30d": 423.0963134765625, "trigger": "rain", "size": "medium", "fatalities": 0, "label_conf": 0.44999998807907104, "loc_accuracy_km": 10.0}}, {"type": "Feature", "geometry": {"type": "Point", "coordinates": [93.94819641113281, 24.806299209594727]}, "properties": {"sample_id": "b34d5a56c05412ed", "state": "Manipur", "district": "East Imphal", "event_date": "2011-07-06", "slope_deg": 0.26409998536109924, "rain_3d": 35.24129867553711, "rain_30d": 285.6766052246094, "trigger": "downpour", "size": "medium", "fatalities": 6, "label_conf": 0.20000000298023224, "loc_accuracy_km": 50.0}}, {"type": "Feature", "geometry": {"type": "Point", "coordinates": [92.84159851074219, 22.717599868774414]}, "properties": {"sample_id": "c78477f8db08032e", "state": "Mizoram", "district": "Lunglei", "event_date": "2010-09-13", "slope_deg": 15.651200294494629, "rain_3d": 103.82599639892578, "rain_30d": 573.3590087890625, "trigger": "downpour", "size": "medium", "fatalities": 0, "label_conf": 0.30000001192092896, "loc_accuracy_km": 25.0}}, {"type": "Feature", "geometry": {"type": "Point", "coordinates": [92.80000305175781, 27.700000762939453]}, "properties": {"sample_id": "6d4128e7a4a5c7f9", "state": "Arunachal Pradesh", "district": "West Kameng", "event_date": "2009-08-12", "slope_deg": 14.452300071716309, "rain_3d": 25.05579948425293, "rain_30d": 611.2120971679688, "trigger": "downpour", "size": "medium", "fatalities": 0, "label_conf": 0.6000000238418579, "loc_accuracy_km": 5.0}}, {"type": "Feature", "geometry": {"type": "Point", "coordinates": [93.87940216064453, 25.50979995727539]}, "properties": {"sample_id": "53e7b1eb66f2c483", "state": "Manipur", "district": "Senapati", "event_date": "2015-07-22", "slope_deg": 10.821000099182129, "rain_3d": 43.9182014465332, "rain_30d": 310.5978088378906, "trigger": "continuous_rain", "size": "medium", "fatalities": 0, "label_conf": 0.44999998807907104, "loc_accuracy_km": 10.0}}, {"type": "Feature", "geometry": {"type": "Point", "coordinates": [94.41819763183594, 24.86280059814453]}, "properties": {"sample_id": "ddaf98672422a96c", "state": "Manipur", "district": "Ukhrul", "event_date": "2009-08-30", "slope_deg": 29.265300750732422, "rain_3d": 6.524499893188477, "rain_30d": 226.60519409179688, "trigger": "downpour", "size": "medium", "fatalities": 0, "label_conf": 0.20000000298023224, "loc_accuracy_km": 50.0}}, {"type": "Feature", "geometry": {"type": "Point", "coordinates": [93.50270080566406, 24.978599548339844]}, "properties": {"sample_id": "441b53b75492662a", "state": "Manipur", "district": "Tamenglong", "event_date": "2010-07-29", "slope_deg": 15.618300437927246, "rain_3d": 67.5353012084961, "rain_30d": 295.45721435546875, "trigger": "downpour", "size": "medium", "fatalities": 0, "label_conf": 0.44999998807907104, "loc_accuracy_km": 10.0}}, {"type": "Feature", "geometry": {"type": "Point", "coordinates": [92.83390045166016, 25.294599533081055]}, "properties": {"sample_id": "62fbaa18a0dec6d2", "state": "Assam", "district": "North Cachar Hills", "event_date": "2007-08-26", "slope_deg": 8.374300003051758, "rain_3d": 77.6541976928711, "rain_30d": 392.7716064453125, "trigger": "rain", "size": "medium", "fatalities": 0, "label_conf": 0.25, "loc_accuracy_km": 25.0}}, {"type": "Feature", "geometry": {"type": "Point", "coordinates": [91.71620178222656, 26.122600555419922]}, "properties": {"sample_id": "c09cb53bd0b1b78a", "state": "Assam", "district": "Kamrup", "event_date": "2012-06-22", "slope_deg": 12.972599983215332, "rain_3d": 16.131000518798828, "rain_30d": 190.845703125, "trigger": "downpour", "size": "medium", "fatalities": 3, "label_conf": 0.6000000238418579, "loc_accuracy_km": 5.0}}, {"type": "Feature", "geometry": {"type": "Point", "coordinates": [91.89299774169922, 25.58300018310547]}, "properties": {"sample_id": "3cd72894cc4a37ee", "state": "Meghalaya", "district": "East Khasi Hills", "event_date": "2015-09-23", "slope_deg": 8.069000244140625, "rain_3d": 104.67659759521484, "rain_30d": 572.7589111328125, "trigger": "downpour", "size": "medium", "fatalities": 2, "label_conf": 0.6000000238418579, "loc_accuracy_km": 5.0}}, {"type": "Feature", "geometry": {"type": "Point", "coordinates": [92.38140106201172, 24.600500106811523]}, "properties": {"sample_id": "eb9761557474debd", "state": "Assam", "district": "Karimganj", "event_date": "2010-06-03", "slope_deg": 4.122099876403809, "rain_3d": 71.39929962158203, "rain_30d": 490.2959899902344, "trigger": "downpour", "size": "medium", "fatalities": 2, "label_conf": 0.30000001192092896, "loc_accuracy_km": 25.0}}, {"type": "Feature", "geometry": {"type": "Point", "coordinates": [91.85690307617188, 27.57990074157715]}, "properties": {"sample_id": "6dbb9db05ff3a0f3", "state": "Arunachal Pradesh", "district": "Tawang", "event_date": "2016-04-22", "slope_deg": 19.21929931640625, "rain_3d": 97.1854019165039, "rain_30d": 191.44859313964844, "trigger": "continuous_rain", "size": "medium", "fatalities": 17, "label_conf": 0.6000000238418579, "loc_accuracy_km": 5.0}}, {"type": "Feature", "geometry": {"type": "Point", "coordinates": [91.97540283203125, 27.57539939880371]}, "properties": {"sample_id": "eba18945918d7d11", "state": "Arunachal Pradesh", "district": "Tawang", "event_date": "2016-08-05", "slope_deg": 23.81410026550293, "rain_3d": 8.316800117492676, "rain_30d": 239.77859497070312, "trigger": "downpour", "size": "medium", "fatalities": 0, "label_conf": 0.6000000238418579, "loc_accuracy_km": 5.0}}, {"type": "Feature", "geometry": {"type": "Point", "coordinates": [92.2833023071289, 27.440000534057617]}, "properties": {"sample_id": "6194f895fc856de2", "state": "Arunachal Pradesh", "district": "West Kameng", "event_date": "2011-08-12", "slope_deg": 10.082599639892578, "rain_3d": 1.4936000108718872, "rain_30d": 212.0590057373047, "trigger": "rain", "size": "medium", "fatalities": 0, "label_conf": 0.20000000298023224, "loc_accuracy_km": 50.0}}, {"type": "Feature", "geometry": {"type": "Point", "coordinates": [94.5438003540039, 26.20829963684082]}, "properties": {"sample_id": "fb74fa340bd03db2", "state": "Nagaland", "district": "Zunheboto", "event_date": "2013-08-04", "slope_deg": 14.33180046081543, "rain_3d": 27.659700393676758, "rain_30d": 338.9963073730469, "trigger": "monsoon", "size": "medium", "fatalities": 0, "label_conf": 0.8500000238418579, "loc_accuracy_km": 1.0}}, {"type": "Feature", "geometry": {"type": "Point", "coordinates": [93.97840118408203, 24.65959930419922]}, "properties": {"sample_id": "6cf58a56ead23aae", "state": "Manipur", "district": "Thoubal", "event_date": "2008-06-09", "slope_deg": 0.1152999997138977, "rain_3d": 18.235200881958008, "rain_30d": 136.1667022705078, "trigger": "monsoon", "size": "medium", "fatalities": 0, "label_conf": 0.25, "loc_accuracy_km": 25.0}}, {"type": "Feature", "geometry": {"type": "Point", "coordinates": [94.14969635009766, 25.82659912109375]}, "properties": {"sample_id": "5e517a0f674572ec", "state": "Nagaland", "district": "Kohima", "event_date": "2013-10-05", "slope_deg": 8.32960033416748, "rain_3d": 23.100799560546875, "rain_30d": 162.13490295410156, "trigger": "continuous_rain", "size": "medium", "fatalities": 0, "label_conf": 0.6000000238418579, "loc_accuracy_km": 5.0}}, {"type": "Feature", "geometry": {"type": "Point", "coordinates": [91.77020263671875, 26.176799774169922]}, "properties": {"sample_id": "3d0c71898a2aa8eb", "state": "Assam", "district": "Kamrup", "event_date": "2016-07-14", "slope_deg": 16.5846004486084, "rain_3d": 9.630599975585938, "rain_30d": 157.02040100097656, "trigger": "monsoon", "size": "small", "fatalities": 1, "label_conf": 0.8500000238418579, "loc_accuracy_km": 1.0}}, {"type": "Feature", "geometry": {"type": "Point", "coordinates": [93.34970092773438, 27.899700164794922]}, "properties": {"sample_id": "915f03f5397cc7c7", "state": "Arunachal Pradesh", "district": "Kurung Kumey", "event_date": "2010-04-02", "slope_deg": 8.487199783325195, "rain_3d": 80.80370330810547, "rain_30d": 242.5413055419922, "trigger": "downpour", "size": "large", "fatalities": 12, "label_conf": 0.8500000238418579, "loc_accuracy_km": 1.0}}, {"type": "Feature", "geometry": {"type": "Point", "coordinates": [92.71749877929688, 23.728099822998047]}, "properties": {"sample_id": "850e59406854d348", "state": "Mizoram", "district": "Aizawl", "event_date": "2013-05-11", "slope_deg": 1.556399941444397, "rain_3d": 74.89119720458984, "rain_30d": 218.83050537109375, "trigger": "rain", "size": "large", "fatalities": 15, "label_conf": 0.30000001192092896, "loc_accuracy_km": 25.0}}, {"type": "Feature", "geometry": {"type": "Point", "coordinates": [93.68599700927734, 25.15999984741211]}, "properties": {"sample_id": "09d1015604b8dded", "state": "Manipur", "district": "Tamenglong", "event_date": "2015-06-19", "slope_deg": 31.77560043334961, "rain_3d": 9.34220027923584, "rain_30d": 114.8102035522461, "trigger": "monsoon", "size": "medium", "fatalities": 0, "label_conf": 0.8500000238418579, "loc_accuracy_km": 1.0}}, {"type": "Feature", "geometry": {"type": "Point", "coordinates": [92.28970336914062, 25.343299865722656]}, "properties": {"sample_id": "260522469cacd394", "state": "Meghalaya", "district": "Jaintia Hills", "event_date": "2010-05-11", "slope_deg": 1.0713000297546387, "rain_3d": 29.955299377441406, "rain_30d": 452.84820556640625, "trigger": "downpour", "size": "medium", "fatalities": 0, "label_conf": 0.30000001192092896, "loc_accuracy_km": 25.0}}, {"type": "Feature", "geometry": {"type": "Point", "coordinates": [91.69059753417969, 26.101600646972656]}, "properties": {"sample_id": "14dacd88e1151f47", "state": "Assam", "district": "Kamrup", "event_date": "2013-05-11", "slope_deg": 18.69339942932129, "rain_3d": 59.660099029541016, "rain_30d": 174.4008026123047, "trigger": "rain", "size": "medium", "fatalities": 0, "label_conf": 0.6000000238418579, "loc_accuracy_km": 5.0}}, {"type": "Feature", "geometry": {"type": "Point", "coordinates": [92.67549896240234, 24.23150062561035]}, "properties": {"sample_id": "38d8b77b44757a4c", "state": "Mizoram", "district": "Kolasib", "event_date": "2013-05-07", "slope_deg": 3.2495999336242676, "rain_3d": 19.62459945678711, "rain_30d": 65.27729797363281, "trigger": "rain", "size": "medium", "fatalities": 0, "label_conf": 0.20000000298023224, "loc_accuracy_km": 50.0}}, {"type": "Feature", "geometry": {"type": "Point", "coordinates": [91.76300048828125, 26.196500778198242]}, "properties": {"sample_id": "8fbb50de9baff18f", "state": "Assam", "district": "Kamrup", "event_date": "2010-04-20", "slope_deg": 2.6112000942230225, "rain_3d": 85.79949951171875, "rain_30d": 202.70150756835938, "trigger": "downpour", "size": "medium", "fatalities": 0, "label_conf": 0.8500000238418579, "loc_accuracy_km": 1.0}}, {"type": "Feature", "geometry": {"type": "Point", "coordinates": [91.88059997558594, 26.102800369262695]}, "properties": {"sample_id": "83bf0b3bd95e7fb8", "state": "Assam", "district": "Kamrup", "event_date": "2015-08-22", "slope_deg": 11.570500373840332, "rain_3d": 34.00490188598633, "rain_30d": 274.62640380859375, "trigger": "continuous_rain", "size": "medium", "fatalities": 0, "label_conf": 0.6000000238418579, "loc_accuracy_km": 5.0}}, {"type": "Feature", "geometry": {"type": "Point", "coordinates": [94.56400299072266, 26.083799362182617]}, "properties": {"sample_id": "6294bcda1de41b02", "state": "Nagaland", "district": "Zunheboto", "event_date": "2013-08-04", "slope_deg": 16.159900665283203, "rain_3d": 18.914400100708008, "rain_30d": 297.0365905761719, "trigger": "rain", "size": "medium", "fatalities": 0, "label_conf": 0.30000001192092896, "loc_accuracy_km": 25.0}}, {"type": "Feature", "geometry": {"type": "Point", "coordinates": [92.67240142822266, 24.04199981689453]}, "properties": {"sample_id": "4a7980ad431f1f7b", "state": "Mizoram", "district": "Kolasib", "event_date": "2015-08-27", "slope_deg": 7.856100082397461, "rain_3d": 114.67230224609375, "rain_30d": 421.3240966796875, "trigger": "downpour", "size": "medium", "fatalities": 0, "label_conf": 0.44999998807907104, "loc_accuracy_km": 10.0}}, {"type": "Feature", "geometry": {"type": "Point", "coordinates": [93.7145004272461, 27.125]}, "properties": {"sample_id": "fefd9acfec5b1aed", "state": "Arunachal Pradesh", "district": "Papum Pare", "event_date": "2011-07-15", "slope_deg": 0.24169999361038208, "rain_3d": 95.41390228271484, "rain_30d": 375.9360046386719, "trigger": "downpour", "size": "small", "fatalities": 0, "label_conf": 0.6000000238418579, "loc_accuracy_km": 5.0}}, {"type": "Feature", "geometry": {"type": "Point", "coordinates": [96.1509017944336, 28.82539939880371]}, "properties": {"sample_id": "c508e24ff3c8dcf1", "state": "Arunachal Pradesh", "district": "Upper Dibang Valley", "event_date": "2013-04-07", "slope_deg": 23.884700775146484, "rain_3d": 56.19060134887695, "rain_30d": 276.3774108886719, "trigger": "rain", "size": "medium", "fatalities": 0, "label_conf": 0.25, "loc_accuracy_km": 25.0}}, {"type": "Feature", "geometry": {"type": "Point", "coordinates": [94.09839630126953, 24.416000366210938]}, "properties": {"sample_id": "b67bc68577946e0b", "state": "Manipur", "district": "Chandel", "event_date": "2015-08-01", "slope_deg": 19.18160057067871, "rain_3d": 125.806396484375, "rain_30d": 387.99359130859375, "trigger": "continuous_rain", "size": "medium", "fatalities": 0, "label_conf": 0.6000000238418579, "loc_accuracy_km": 5.0}}, {"type": "Feature", "geometry": {"type": "Point", "coordinates": [94.13269805908203, 25.478599548339844]}, "properties": {"sample_id": "0109faacc161797c", "state": "Manipur", "district": "Senapati", "event_date": "2010-08-27", "slope_deg": 9.520400047302246, "rain_3d": 25.349700927734375, "rain_30d": 346.90618896484375, "trigger": "downpour", "size": "medium", "fatalities": 0, "label_conf": 0.6000000238418579, "loc_accuracy_km": 5.0}}, {"type": "Feature", "geometry": {"type": "Point", "coordinates": [88.44509887695312, 27.488500595092773]}, "properties": {"sample_id": "f93bd58647e319ef", "state": "Sikkim", "district": "North Sikkim", "event_date": "2011-06-17", "slope_deg": 36.524898529052734, "rain_3d": 33.0265998840332, "rain_30d": 264.47369384765625, "trigger": "rain", "size": "medium", "fatalities": 0, "label_conf": 0.25, "loc_accuracy_km": 25.0}}, {"type": "Feature", "geometry": {"type": "Point", "coordinates": [94.17389678955078, 25.87820053100586]}, "properties": {"sample_id": "2c3d7db13615ebbc", "state": "Nagaland", "district": "Kohima", "event_date": "2011-07-01", "slope_deg": 13.235300064086914, "rain_3d": 11.220800399780273, "rain_30d": 269.8616027832031, "trigger": "downpour", "size": "medium", "fatalities": 0, "label_conf": 0.44999998807907104, "loc_accuracy_km": 10.0}}, {"type": "Feature", "geometry": {"type": "Point", "coordinates": [88.36640167236328, 27.16950035095215]}, "properties": {"sample_id": "ead122a3ffd94f7a", "state": "Sikkim", "district": "South Sikkim", "event_date": "2016-10-15", "slope_deg": 21.116600036621094, "rain_3d": 58.405601501464844, "rain_30d": 384.1390075683594, "trigger": "rain", "size": "medium", "fatalities": 0, "label_conf": 0.6000000238418579, "loc_accuracy_km": 5.0}}, {"type": "Feature", "geometry": {"type": "Point", "coordinates": [92.4583969116211, 25.03179931640625]}, "properties": {"sample_id": "564c3b7c12935945", "state": "Assam", "district": "Cachar", "event_date": "2015-03-19", "slope_deg": 15.831199645996094, "rain_3d": 0.0, "rain_30d": 20.27549934387207, "trigger": "rain", "size": "small", "fatalities": 0, "label_conf": 0.6000000238418579, "loc_accuracy_km": 5.0}}, {"type": "Feature", "geometry": {"type": "Point", "coordinates": [94.98290252685547, 28.611000061035156]}, "properties": {"sample_id": "646b0e07e3336685", "state": "Arunachal Pradesh", "district": "Upper Siang", "event_date": "2013-09-02", "slope_deg": 23.31920051574707, "rain_3d": 80.42489624023438, "rain_30d": 293.3609924316406, "trigger": "downpour", "size": "large", "fatalities": 0, "label_conf": 0.6000000238418579, "loc_accuracy_km": 5.0}}, {"type": "Feature", "geometry": {"type": "Point", "coordinates": [93.37830352783203, 23.53969955444336]}, "properties": {"sample_id": "2ca917e01f8d26fc", "state": "Mizoram", "district": "Champhai", "event_date": "2016-07-28", "slope_deg": 18.465599060058594, "rain_3d": 0.0, "rain_30d": 0.0, "trigger": "continuous_rain", "size": "medium", "fatalities": 2, "label_conf": 0.8500000238418579, "loc_accuracy_km": 1.0}}, {"type": "Feature", "geometry": {"type": "Point", "coordinates": [91.73690032958984, 26.104900360107422]}, "properties": {"sample_id": "d31dbfca1645fb04", "state": "Assam", "district": "Kamrup", "event_date": "2012-06-25", "slope_deg": 9.42870044708252, "rain_3d": 33.66419982910156, "rain_30d": 218.66050720214844, "trigger": "downpour", "size": "large", "fatalities": 1, "label_conf": 0.8500000238418579, "loc_accuracy_km": 1.0}}, {"type": "Feature", "geometry": {"type": "Point", "coordinates": [96.15170288085938, 28.82539939880371]}, "properties": {"sample_id": "920c2315ca7181ec", "state": "Arunachal Pradesh", "district": "Upper Dibang Valley", "event_date": "2012-06-02", "slope_deg": 22.2549991607666, "rain_3d": 0.0, "rain_30d": 0.0, "trigger": "downpour", "size": "medium", "fatalities": 0, "label_conf": 0.20000000298023224, "loc_accuracy_km": 50.0}}, {"type": "Feature", "geometry": {"type": "Point", "coordinates": [93.03849792480469, 27.360000610351562]}, "properties": {"sample_id": "c9c9911b284ba6b6", "state": "Arunachal Pradesh", "district": "East Kameng", "event_date": "2015-07-15", "slope_deg": 7.847499847412109, "rain_3d": 120.5791015625, "rain_30d": 445.8882141113281, "trigger": "monsoon", "size": "medium", "fatalities": 3, "label_conf": 0.6000000238418579, "loc_accuracy_km": 5.0}}, {"type": "Feature", "geometry": {"type": "Point", "coordinates": [91.83830261230469, 26.13089942932129]}, "properties": {"sample_id": "a58f7f07fb1937ca", "state": "Assam", "district": "Kamrup", "event_date": "2013-10-06", "slope_deg": 12.618499755859375, "rain_3d": 43.29899978637695, "rain_30d": 175.09339904785156, "trigger": "downpour", "size": "medium", "fatalities": 1, "label_conf": 0.6000000238418579, "loc_accuracy_km": 5.0}}, {"type": "Feature", "geometry": {"type": "Point", "coordinates": [95.41120147705078, 28.303600311279297]}, "properties": {"sample_id": "41c7716abd87e9ac", "state": "Arunachal Pradesh", "district": "East Siang", "event_date": "2010-09-09", "slope_deg": 46.33660125732422, "rain_3d": 46.12929916381836, "rain_30d": 270.4125061035156, "trigger": "downpour", "size": "medium", "fatalities": 10, "label_conf": 0.25, "loc_accuracy_km": 25.0}}, {"type": "Feature", "geometry": {"type": "Point", "coordinates": [93.84739685058594, 25.155500411987305]}, "properties": {"sample_id": "8410b64d865f32f8", "state": "Manipur", "district": "Senapati", "event_date": "2011-05-31", "slope_deg": 13.19729995727539, "rain_3d": 29.768600463867188, "rain_30d": 171.0583038330078, "trigger": "continuous_rain", "size": "small", "fatalities": 0, "label_conf": 0.30000001192092896, "loc_accuracy_km": 25.0}}, {"type": "Feature", "geometry": {"type": "Point", "coordinates": [94.02120208740234, 25.274499893188477]}, "properties": {"sample_id": "326055d306211028", "state": "Manipur", "district": "Senapati", "event_date": "2010-10-08", "slope_deg": 6.332799911499023, "rain_3d": 90.10659790039062, "rain_30d": 278.0884094238281, "trigger": "downpour", "size": "medium", "fatalities": 0, "label_conf": 0.6000000238418579, "loc_accuracy_km": 5.0}}, {"type": "Feature", "geometry": {"type": "Point", "coordinates": [92.71060180664062, 23.735000610351562]}, "properties": {"sample_id": "8879f72a9fe983f0", "state": "Mizoram", "district": "Aizawl", "event_date": "2010-09-13", "slope_deg": 18.086599349975586, "rain_3d": 40.28850173950195, "rain_30d": 402.4349060058594, "trigger": "downpour", "size": "medium", "fatalities": 0, "label_conf": 0.8500000238418579, "loc_accuracy_km": 1.0}}, {"type": "Feature", "geometry": {"type": "Point", "coordinates": [92.8551025390625, 25.08880043029785]}, "properties": {"sample_id": "16ba5b0c4cc9bac5", "state": "Assam", "district": "North Cachar Hills", "event_date": "2011-05-24", "slope_deg": 18.309999465942383, "rain_3d": 98.89219665527344, "rain_30d": 455.1614074707031, "trigger": "downpour", "size": "medium", "fatalities": 0, "label_conf": 0.44999998807907104, "loc_accuracy_km": 10.0}}, {"type": "Feature", "geometry": {"type": "Point", "coordinates": [88.6187973022461, 27.33919906616211]}, "properties": {"sample_id": "8ece00c3ce1b80fc", "state": "Sikkim", "district": "East", "event_date": "2010-08-27", "slope_deg": 17.65999984741211, "rain_3d": 159.86099243164062, "rain_30d": 731.0438232421875, "trigger": "downpour", "size": "medium", "fatalities": 0, "label_conf": 0.6000000238418579, "loc_accuracy_km": 5.0}}, {"type": "Feature", "geometry": {"type": "Point", "coordinates": [93.07479858398438, 23.343900680541992]}, "properties": {"sample_id": "ddc0490390b4fff8", "state": "Mizoram", "district": "Champhai", "event_date": "2010-09-13", "slope_deg": 31.686899185180664, "rain_3d": 64.8739013671875, "rain_30d": 531.7310180664062, "trigger": "downpour", "size": "medium", "fatalities": 0, "label_conf": 0.30000001192092896, "loc_accuracy_km": 25.0}}, {"type": "Feature", "geometry": {"type": "Point", "coordinates": [90.21910095214844, 25.508399963378906]}, "properties": {"sample_id": "6b6abb4654ccddd4", "state": "Meghalaya", "district": "West Garo Hills", "event_date": "2015-06-16", "slope_deg": 13.793600082397461, "rain_3d": 41.47850036621094, "rain_30d": 995.1749267578125, "trigger": "downpour", "size": "small", "fatalities": 1, "label_conf": 0.8500000238418579, "loc_accuracy_km": 1.0}}, {"type": "Feature", "geometry": {"type": "Point", "coordinates": [94.69300079345703, 26.71030044555664]}, "properties": {"sample_id": "69ff628a6c80081d", "state": "Nagaland", "district": "Mokokchung", "event_date": "2013-08-11", "slope_deg": 12.418399810791016, "rain_3d": 48.262298583984375, "rain_30d": 461.7720031738281, "trigger": "downpour", "size": "very_large", "fatalities": 0, "label_conf": 0.44999998807907104, "loc_accuracy_km": 10.0}}, {"type": "Feature", "geometry": {"type": "Point", "coordinates": [88.6427993774414, 27.354299545288086]}, "properties": {"sample_id": "aff721833bd1b00b", "state": "Sikkim", "district": "East", "event_date": "2010-05-31", "slope_deg": 21.758399963378906, "rain_3d": 59.583900451660156, "rain_30d": 251.13250732421875, "trigger": "downpour", "size": "medium", "fatalities": 0, "label_conf": 0.6000000238418579, "loc_accuracy_km": 5.0}}, {"type": "Feature", "geometry": {"type": "Point", "coordinates": [93.41079711914062, 24.767900466918945]}, "properties": {"sample_id": "34c0f79164486fa6", "state": "Manipur", "district": "Tamenglong", "event_date": "2010-10-08", "slope_deg": 21.630699157714844, "rain_3d": 91.127197265625, "rain_30d": 189.922607421875, "trigger": "downpour", "size": "medium", "fatalities": 0, "label_conf": 0.30000001192092896, "loc_accuracy_km": 25.0}}, {"type": "Feature", "geometry": {"type": "Point", "coordinates": [94.62190246582031, 25.719999313354492]}, "properties": {"sample_id": "8dff04db6bbe3c60", "state": "Nagaland", "district": "Phek", "event_date": "2015-08-02", "slope_deg": 40.207401275634766, "rain_3d": 16.929000854492188, "rain_30d": 290.63690185546875, "trigger": "continuous_rain", "size": "medium", "fatalities": 0, "label_conf": 0.44999998807907104, "loc_accuracy_km": 10.0}}, {"type": "Feature", "geometry": {"type": "Point", "coordinates": [94.5281982421875, 26.010099411010742]}, "properties": {"sample_id": "60574daf2e06ca9d", "state": "Nagaland", "district": "Zunheboto", "event_date": "2016-07-26", "slope_deg": 16.13409996032715, "rain_3d": 32.81679916381836, "rain_30d": 319.9674987792969, "trigger": "downpour", "size": "medium", "fatalities": 0, "label_conf": 0.6000000238418579, "loc_accuracy_km": 5.0}}, {"type": "Feature", "geometry": {"type": "Point", "coordinates": [94.10759735107422, 25.68199920654297]}, "properties": {"sample_id": "6a5f3838e4dbf277", "state": "Nagaland", "district": "Kohima", "event_date": "2010-10-09", "slope_deg": 12.449199676513672, "rain_3d": 90.33619689941406, "rain_30d": 336.4679870605469, "trigger": "downpour", "size": "medium", "fatalities": 0, "label_conf": 0.8500000238418579, "loc_accuracy_km": 1.0}}, {"type": "Feature", "geometry": {"type": "Point", "coordinates": [92.71869659423828, 23.734800338745117]}, "properties": {"sample_id": "0c289c4c2f12b82a", "state": "Mizoram", "district": "Aizawl", "event_date": "2015-09-14", "slope_deg": 14.010600090026855, "rain_3d": 4.182300090789795, "rain_30d": 407.5450134277344, "trigger": "downpour", "size": "large", "fatalities": 0, "label_conf": 0.6000000238418579, "loc_accuracy_km": 5.0}}, {"type": "Feature", "geometry": {"type": "Point", "coordinates": [90.55490112304688, 25.21929931640625]}, "properties": {"sample_id": "1355ea8fa046b395", "state": "Meghalaya", "district": "South Garo Hills", "event_date": "2015-08-19", "slope_deg": 2.0062999725341797, "rain_3d": 1125.3583984375, "rain_30d": 2312.579345703125, "trigger": "continuous_rain", "size": "medium", "fatalities": 0, "label_conf": 0.44999998807907104, "loc_accuracy_km": 10.0}}, {"type": "Feature", "geometry": {"type": "Point", "coordinates": [91.8644027709961, 27.574800491333008]}, "properties": {"sample_id": "510bf756eb88cc33", "state": "Arunachal Pradesh", "district": "Tawang", "event_date": "2016-07-28", "slope_deg": 10.664899826049805, "rain_3d": 30.659400939941406, "rain_30d": 362.82818603515625, "trigger": "monsoon", "size": "medium", "fatalities": 0, "label_conf": 0.6000000238418579, "loc_accuracy_km": 5.0}}, {"type": "Feature", "geometry": {"type": "Point", "coordinates": [94.04409790039062, 25.31800079345703]}, "properties": {"sample_id": "b7a12b20ea9a6ea2", "state": "Manipur", "district": "Senapati", "event_date": "2013-08-09", "slope_deg": 10.951700210571289, "rain_3d": 49.269100189208984, "rain_30d": 314.8023986816406, "trigger": "downpour", "size": "large", "fatalities": 0, "label_conf": 0.20000000298023224, "loc_accuracy_km": 50.0}}, {"type": "Feature", "geometry": {"type": "Point", "coordinates": [93.52909851074219, 24.70159912109375]}, "properties": {"sample_id": "be64657e55df83af", "state": "Manipur", "district": "Tamenglong", "event_date": "2015-08-11", "slope_deg": 17.783000946044922, "rain_3d": 67.6011962890625, "rain_30d": 417.29150390625, "trigger": "continuous_rain", "size": "medium", "fatalities": 0, "label_conf": 0.6000000238418579, "loc_accuracy_km": 5.0}}, {"type": "Feature", "geometry": {"type": "Point", "coordinates": [92.80249786376953, 25.06329917907715]}, "properties": {"sample_id": "09624f4bad418f02", "state": "Assam", "district": "Cachar", "event_date": "2010-06-16", "slope_deg": 7.438700199127197, "rain_3d": 25.37700080871582, "rain_30d": 362.07720947265625, "trigger": "downpour", "size": "medium", "fatalities": 0, "label_conf": 0.30000001192092896, "loc_accuracy_km": 25.0}}, {"type": "Feature", "geometry": {"type": "Point", "coordinates": [94.1094970703125, 25.670299530029297]}, "properties": {"sample_id": "a3051ef34ad33533", "state": "Nagaland", "district": "Kohima", "event_date": "2011-07-11", "slope_deg": 19.978900909423828, "rain_3d": 31.613000869750977, "rain_30d": 254.47560119628906, "trigger": "downpour", "size": "medium", "fatalities": 0, "label_conf": 0.30000001192092896, "loc_accuracy_km": 25.0}}, {"type": "Feature", "geometry": {"type": "Point", "coordinates": [94.04000091552734, 25.704999923706055]}, "properties": {"sample_id": "d762e7131466de33", "state": "Nagaland", "district": "Kohima", "event_date": "2008-08-07", "slope_deg": 16.967199325561523, "rain_3d": 27.129499435424805, "rain_30d": 439.9324035644531, "trigger": "downpour", "size": "medium", "fatalities": 0, "label_conf": 0.44999998807907104, "loc_accuracy_km": 10.0}}, {"type": "Feature", "geometry": {"type": "Point", "coordinates": [94.51210021972656, 26.318599700927734]}, "properties": {"sample_id": "08bc1c6eb5624696", "state": "Nagaland", "district": "Mokokchung", "event_date": "2011-06-20", "slope_deg": 16.030399322509766, "rain_3d": 12.473199844360352, "rain_30d": 258.3681945800781, "trigger": "downpour", "size": "medium", "fatalities": 0, "label_conf": 0.6000000238418579, "loc_accuracy_km": 5.0}}, {"type": "Feature", "geometry": {"type": "Point", "coordinates": [94.35910034179688, 25.112199783325195]}, "properties": {"sample_id": "bc3db1e67608559b", "state": "Manipur", "district": "Ukhrul", "event_date": "2015-08-01", "slope_deg": 11.975700378417969, "rain_3d": 120.11930084228516, "rain_30d": 383.0159912109375, "trigger": "continuous_rain", "size": "medium", "fatalities": 0, "label_conf": 0.44999998807907104, "loc_accuracy_km": 10.0}}, {"type": "Feature", "geometry": {"type": "Point", "coordinates": [94.88849639892578, 28.998600006103516]}, "properties": {"sample_id": "b2bd81ba69de45c6", "state": "Arunachal Pradesh", "district": "Upper Siang", "event_date": "2012-07-05", "slope_deg": 5.965099811553955, "rain_3d": 0.0, "rain_30d": 0.0, "trigger": "downpour", "size": "large", "fatalities": 0, "label_conf": 0.6000000238418579, "loc_accuracy_km": 5.0}}, {"type": "Feature", "geometry": {"type": "Point", "coordinates": [88.49700164794922, 27.23189926147461]}, "properties": {"sample_id": "f73c42ee23b50ae5", "state": "Sikkim", "district": "East", "event_date": "2010-08-26", "slope_deg": 6.098299980163574, "rain_3d": 110.41519927978516, "rain_30d": 664.5679931640625, "trigger": "downpour", "size": "medium", "fatalities": 0, "label_conf": 0.44999998807907104, "loc_accuracy_km": 10.0}}, {"type": "Feature", "geometry": {"type": "Point", "coordinates": [95.0282974243164, 26.721500396728516]}, "properties": {"sample_id": "744c42534c59be88", "state": "Nagaland", "district": "Mon", "event_date": "2010-07-19", "slope_deg": 6.627900123596191, "rain_3d": 94.09829711914062, "rain_30d": 583.546875, "trigger": "downpour", "size": "medium", "fatalities": 0, "label_conf": 0.6000000238418579, "loc_accuracy_km": 5.0}}, {"type": "Feature", "geometry": {"type": "Point", "coordinates": [88.28160095214844, 27.287200927734375]}, "properties": {"sample_id": "214f2a09e9f24e84", "state": "Sikkim", "district": "South Sikkim", "event_date": "2007-09-18", "slope_deg": 24.2268009185791, "rain_3d": 25.530000686645508, "rain_30d": 473.11370849609375, "trigger": "rain", "size": "medium", "fatalities": 0, "label_conf": 0.20000000298023224, "loc_accuracy_km": 50.0}}, {"type": "Feature", "geometry": {"type": "Point", "coordinates": [92.714599609375, 23.736499786376953]}, "properties": {"sample_id": "87ff718e450098df", "state": "Mizoram", "district": "Aizawl", "event_date": "2010-08-06", "slope_deg": 28.15839958190918, "rain_3d": 56.952598571777344, "rain_30d": 451.18701171875, "trigger": "downpour", "size": "medium", "fatalities": 0, "label_conf": 0.8500000238418579, "loc_accuracy_km": 1.0}}, {"type": "Feature", "geometry": {"type": "Point", "coordinates": [92.52169799804688, 23.77050018310547]}, "properties": {"sample_id": "99277702a3755b77", "state": "Mizoram", "district": "Mamit", "event_date": "2012-11-11", "slope_deg": 20.363399505615234, "rain_3d": 0.0, "rain_30d": 0.9057000279426575, "trigger": "downpour", "size": "medium", "fatalities": 4, "label_conf": 0.6000000238418579, "loc_accuracy_km": 5.0}}, {"type": "Feature", "geometry": {"type": "Point", "coordinates": [94.60549926757812, 26.149799346923828]}, "properties": {"sample_id": "364b51078900979b", "state": "Nagaland", "district": "Zunheboto", "event_date": "2013-08-04", "slope_deg": 29.149999618530273, "rain_3d": 27.659700393676758, "rain_30d": 338.9963073730469, "trigger": "monsoon", "size": "medium", "fatalities": 0, "label_conf": 0.44999998807907104, "loc_accuracy_km": 10.0}}, {"type": "Feature", "geometry": {"type": "Point", "coordinates": [94.84220123291016, 26.148000717163086]}, "properties": {"sample_id": "dd651632f0a29ddf", "state": "Nagaland", "district": "Tuensang", "event_date": "2010-08-14", "slope_deg": 29.433000564575195, "rain_3d": 38.3120002746582, "rain_30d": 370.9735107421875, "trigger": "downpour", "size": "medium", "fatalities": 0, "label_conf": 0.44999998807907104, "loc_accuracy_km": 10.0}}, {"type": "Feature", "geometry": {"type": "Point", "coordinates": [90.2166976928711, 25.514400482177734]}, "properties": {"sample_id": "3c6a9478644a8085", "state": "Meghalaya", "district": "West Garo Hills", "event_date": "2011-08-16", "slope_deg": 6.678199768066406, "rain_3d": 80.40779876708984, "rain_30d": 384.7054138183594, "trigger": "downpour", "size": "medium", "fatalities": 6, "label_conf": 0.25, "loc_accuracy_km": 25.0}}, {"type": "Feature", "geometry": {"type": "Point", "coordinates": [91.2699966430664, 25.520000457763672]}, "properties": {"sample_id": "ce09a2ce4b935f74", "state": "Meghalaya", "district": "West Khasi Hills", "event_date": "2007-09-11", "slope_deg": 5.6315999031066895, "rain_3d": 314.130615234375, "rain_30d": 1410.9288330078125, "trigger": "rain", "size": "medium", "fatalities": 0, "label_conf": 0.25, "loc_accuracy_km": 25.0}}, {"type": "Feature", "geometry": {"type": "Point", "coordinates": [91.76519775390625, 26.196399688720703]}, "properties": {"sample_id": "22288efb7a6aca11", "state": "Assam", "district": "Kamrup", "event_date": "2014-06-28", "slope_deg": 6.885700225830078, "rain_3d": 48.350799560546875, "rain_30d": 233.8719940185547, "trigger": "rain", "size": "medium", "fatalities": 0, "label_conf": 1.0, "loc_accuracy_km": 0.10000000149011612}}, {"type": "Feature", "geometry": {"type": "Point", "coordinates": [94.19129943847656, 24.42650032043457]}, "properties": {"sample_id": "010750a5b7cb92a7", "state": "Manipur", "district": "Chandel", "event_date": "2015-08-01", "slope_deg": 5.157599925994873, "rain_3d": 126.0999984741211, "rain_30d": 388.0, "trigger": "continuous_rain", "size": "medium", "fatalities": 0, "label_conf": 0.30000001192092896, "loc_accuracy_km": 25.0}}, {"type": "Feature", "geometry": {"type": "Point", "coordinates": [92.71499633789062, 23.729900360107422]}, "properties": {"sample_id": "1141bfd656d59ed0", "state": "Mizoram", "district": "Aizawl", "event_date": "2010-09-13", "slope_deg": 22.282800674438477, "rain_3d": 40.28850173950195, "rain_30d": 402.4349060058594, "trigger": "downpour", "size": "medium", "fatalities": 1, "label_conf": 0.8500000238418579, "loc_accuracy_km": 1.0}}, {"type": "Feature", "geometry": {"type": "Point", "coordinates": [91.80000305175781, 26.183300018310547]}, "properties": {"sample_id": "9698f44e8026ab82", "state": "Assam", "district": "Kamrup", "event_date": "2007-09-13", "slope_deg": 1.3421000242233276, "rain_3d": 10.366999626159668, "rain_30d": 530.760009765625, "trigger": "rain", "size": "medium", "fatalities": 0, "label_conf": 0.44999998807907104, "loc_accuracy_km": 10.0}}, {"type": "Feature", "geometry": {"type": "Point", "coordinates": [88.3499984741211, 27.16670036315918]}, "properties": {"sample_id": "655f967bdb344e20", "state": "Sikkim", "district": "South Sikkim", "event_date": "2007-09-09", "slope_deg": 26.958599090576172, "rain_3d": 63.87900161743164, "rain_30d": 438.934814453125, "trigger": "rain", "size": "medium", "fatalities": 1, "label_conf": 0.20000000298023224, "loc_accuracy_km": 50.0}}, {"type": "Feature", "geometry": {"type": "Point", "coordinates": [91.85870361328125, 25.970199584960938]}, "properties": {"sample_id": "0ef1b68e3850d1db", "state": "Meghalaya", "district": "Ri-Bhoi", "event_date": "2014-10-05", "slope_deg": 7.303800106048584, "rain_3d": 0.0, "rain_30d": 366.9796142578125, "trigger": "rain", "size": "medium", "fatalities": 1, "label_conf": 0.6000000238418579, "loc_accuracy_km": 5.0}}, {"type": "Feature", "geometry": {"type": "Point", "coordinates": [88.63300323486328, 27.734399795532227]}, "properties": {"sample_id": "683178440e54fe3f", "state": "Sikkim", "district": "North Sikkim", "event_date": "2011-08-25", "slope_deg": 22.92770004272461, "rain_3d": 27.652999877929688, "rain_30d": 395.6885986328125, "trigger": "downpour", "size": "medium", "fatalities": 2, "label_conf": 0.44999998807907104, "loc_accuracy_km": 10.0}}, {"type": "Feature", "geometry": {"type": "Point", "coordinates": [88.60649871826172, 27.339000701904297]}, "properties": {"sample_id": "6b5dd8f9aeb85bf6", "state": "Sikkim", "district": "East", "event_date": "2012-06-14", "slope_deg": 19.37969970703125, "rain_3d": 40.2234992980957, "rain_30d": 343.64019775390625, "trigger": "downpour", "size": "medium", "fatalities": 0, "label_conf": 0.6000000238418579, "loc_accuracy_km": 5.0}}, {"type": "Feature", "geometry": {"type": "Point", "coordinates": [94.11920166015625, 25.499300003051758]}, "properties": {"sample_id": "73dfd9ff62cbf50d", "state": "Manipur", "district": "Senapati", "event_date": "2007-09-09", "slope_deg": 24.76759910583496, "rain_3d": 21.712099075317383, "rain_30d": 435.04290771484375, "trigger": "rain", "size": "medium", "fatalities": 0, "label_conf": 0.30000001192092896, "loc_accuracy_km": 25.0}}, {"type": "Feature", "geometry": {"type": "Point", "coordinates": [90.23200225830078, 25.52120018005371]}, "properties": {"sample_id": "853ef89c7f5aefad", "state": "Meghalaya", "district": "West Garo Hills", "event_date": "2007-07-27", "slope_deg": 20.318300247192383, "rain_3d": 479.3139953613281, "rain_30d": 914.8767700195312, "trigger": "rain", "size": "large", "fatalities": 8, "label_conf": 0.44999998807907104, "loc_accuracy_km": 10.0}}, {"type": "Feature", "geometry": {"type": "Point", "coordinates": [94.0905990600586, 23.927799224853516]}, "properties": {"sample_id": "05f078414edb9c1f", "state": "Manipur", "district": "Chandel", "event_date": "2015-08-01", "slope_deg": 7.7754998207092285, "rain_3d": 126.09719848632812, "rain_30d": 388.0002136230469, "trigger": "rain", "size": "medium", "fatalities": 0, "label_conf": 0.6000000238418579, "loc_accuracy_km": 5.0}}, {"type": "Feature", "geometry": {"type": "Point", "coordinates": [93.55000305175781, 24.966699600219727]}, "properties": {"sample_id": "95f5bb23f3f8be83", "state": "Manipur", "district": "Tamenglong", "event_date": "2007-08-26", "slope_deg": 16.63409996032715, "rain_3d": 5.586299896240234, "rain_30d": 109.01599884033203, "trigger": "continuous_rain", "size": "medium", "fatalities": 1, "label_conf": 0.6000000238418579, "loc_accuracy_km": 5.0}}, {"type": "Feature", "geometry": {"type": "Point", "coordinates": [93.01229858398438, 25.177499771118164]}, "properties": {"sample_id": "53a5ed22959ab599", "state": "Assam", "district": "North Cachar Hills", "event_date": "2012-06-03", "slope_deg": 18.093399047851562, "rain_3d": 70.54340362548828, "rain_30d": 188.92100524902344, "trigger": "downpour", "size": "medium", "fatalities": 0, "label_conf": 0.6000000238418579, "loc_accuracy_km": 5.0}}, {"type": "Feature", "geometry": {"type": "Point", "coordinates": [93.12650299072266, 25.305599212646484]}, "properties": {"sample_id": "b575d15d4b6f1ca4", "state": "Assam", "district": "North Cachar Hills", "event_date": "2012-06-03", "slope_deg": 13.593999862670898, "rain_3d": 54.5806999206543, "rain_30d": 109.3145980834961, "trigger": "downpour", "size": "medium", "fatalities": 0, "label_conf": 0.6000000238418579, "loc_accuracy_km": 5.0}}, {"type": "Feature", "geometry": {"type": "Point", "coordinates": [94.4480972290039, 25.19409942626953]}, "properties": {"sample_id": "3269a9a2175d9542", "state": "Manipur", "district": "Ukhrul", "event_date": "2015-08-01", "slope_deg": 11.616900444030762, "rain_3d": 92.63990020751953, "rain_30d": 360.2887878417969, "trigger": "continuous_rain", "size": "medium", "fatalities": 0, "label_conf": 0.30000001192092896, "loc_accuracy_km": 25.0}}, {"type": "Feature", "geometry": {"type": "Point", "coordinates": [94.10540008544922, 25.419599533081055]}, "properties": {"sample_id": "c20ef10c247295bc", "state": "Manipur", "district": "Senapati", "event_date": "2010-07-29", "slope_deg": 13.960000038146973, "rain_3d": 81.72850036621094, "rain_30d": 371.526611328125, "trigger": "downpour", "size": "medium", "fatalities": 0, "label_conf": 0.6000000238418579, "loc_accuracy_km": 5.0}}, {"type": "Feature", "geometry": {"type": "Point", "coordinates": [94.12999725341797, 25.829999923706055]}, "properties": {"sample_id": "58e868dae57723f4", "state": "Nagaland", "district": "Kohima", "event_date": "2011-08-18", "slope_deg": 14.255999565124512, "rain_3d": 12.521100044250488, "rain_30d": 290.49261474609375, "trigger": "monsoon", "size": "medium", "fatalities": 0, "label_conf": 1.0, "loc_accuracy_km": 0.10000000149011612}}, {"type": "Feature", "geometry": {"type": "Point", "coordinates": [93.49459838867188, 24.992599487304688]}, "properties": {"sample_id": "f21b93397e8e2687", "state": "Manipur", "district": "Tamenglong", "event_date": "2013-05-12", "slope_deg": 6.3165998458862305, "rain_3d": 44.766700744628906, "rain_30d": 250.33470153808594, "trigger": "rain", "size": "medium", "fatalities": 0, "label_conf": 0.30000001192092896, "loc_accuracy_km": 25.0}}, {"type": "Feature", "geometry": {"type": "Point", "coordinates": [92.81120300292969, 23.449499130249023]}, "properties": {"sample_id": "234d9d9ec7093dc5", "state": "Mizoram", "district": "Serchhip", "event_date": "2015-08-28", "slope_deg": 27.569400787353516, "rain_3d": 115.54350280761719, "rain_30d": 479.5132141113281, "trigger": "downpour", "size": "large", "fatalities": 0, "label_conf": 0.30000001192092896, "loc_accuracy_km": 25.0}}, {"type": "Feature", "geometry": {"type": "Point", "coordinates": [93.947998046875, 24.7992000579834]}, "properties": {"sample_id": "1757b4c31e58f609", "state": "Manipur", "district": "East Imphal", "event_date": "2011-07-22", "slope_deg": 0.4059999883174896, "rain_3d": 8.961700439453125, "rain_30d": 261.40960693359375, "trigger": "downpour", "size": "medium", "fatalities": 0, "label_conf": 0.25, "loc_accuracy_km": 25.0}}, {"type": "Feature", "geometry": {"type": "Point", "coordinates": [91.70490264892578, 26.166500091552734]}, "properties": {"sample_id": "331f176b07b5533e", "state": "Assam", "district": "Kamrup", "event_date": "2013-10-06", "slope_deg": 10.578800201416016, "rain_3d": 43.29899978637695, "rain_30d": 175.09339904785156, "trigger": "downpour", "size": "medium", "fatalities": 0, "label_conf": 0.6000000238418579, "loc_accuracy_km": 5.0}}, {"type": "Feature", "geometry": {"type": "Point", "coordinates": [94.55120086669922, 26.333499908447266]}, "properties": {"sample_id": "c536bfe2c4a41c85", "state": "Nagaland", "district": "Mokokchung", "event_date": "2010-06-15", "slope_deg": 8.976799964904785, "rain_3d": 57.24290084838867, "rain_30d": 240.018798828125, "trigger": "downpour", "size": "medium", "fatalities": 0, "label_conf": 0.8500000238418579, "loc_accuracy_km": 1.0}}, {"type": "Feature", "geometry": {"type": "Point", "coordinates": [94.2155990600586, 24.95400047302246]}, "properties": {"sample_id": "447e29fc7b5cc868", "state": "Manipur", "district": "Ukhrul", "event_date": "2015-08-01", "slope_deg": 17.42169952392578, "rain_3d": 120.11930084228516, "rain_30d": 383.0159912109375, "trigger": "continuous_rain", "size": "small", "fatalities": 0, "label_conf": 0.20000000298023224, "loc_accuracy_km": 50.0}}, {"type": "Feature", "geometry": {"type": "Point", "coordinates": [93.00830078125, 25.17959976196289]}, "properties": {"sample_id": "725529e752b87166", "state": "Assam", "district": "North Cachar Hills", "event_date": "2010-10-09", "slope_deg": 6.739200115203857, "rain_3d": 91.87439727783203, "rain_30d": 255.83079528808594, "trigger": "downpour", "size": "medium", "fatalities": 1, "label_conf": 0.6000000238418579, "loc_accuracy_km": 5.0}}, {"type": "Feature", "geometry": {"type": "Point", "coordinates": [94.11620330810547, 25.43790054321289]}, "properties": {"sample_id": "8e530b9b6e49e1d5", "state": "Manipur", "district": "Senapati", "event_date": "2007-10-19", "slope_deg": 23.692699432373047, "rain_3d": 29.2810001373291, "rain_30d": 193.20689392089844, "trigger": "rain", "size": "medium", "fatalities": 0, "label_conf": 0.20000000298023224, "loc_accuracy_km": 50.0}}, {"type": "Feature", "geometry": {"type": "Point", "coordinates": [94.01319885253906, 25.70549964904785]}, "properties": {"sample_id": "1f8296c16fdb420e", "state": "Nagaland", "district": "Kohima", "event_date": "2007-10-16", "slope_deg": 17.194499969482422, "rain_3d": 66.44750213623047, "rain_30d": 173.30169677734375, "trigger": "rain", "size": "large", "fatalities": 0, "label_conf": 0.6000000238418579, "loc_accuracy_km": 5.0}}, {"type": "Feature", "geometry": {"type": "Point", "coordinates": [93.80400085449219, 27.30340003967285]}, "properties": {"sample_id": "5620dda6cacddb4c", "state": "Arunachal Pradesh", "district": "Papum Pare", "event_date": "2016-07-16", "slope_deg": 26.7283992767334, "rain_3d": 187.79469299316406, "rain_30d": 765.9630126953125, "trigger": "downpour", "size": "medium", "fatalities": 1, "label_conf": 0.6000000238418579, "loc_accuracy_km": 5.0}}, {"type": "Feature", "geometry": {"type": "Point", "coordinates": [95.41490173339844, 28.309200286865234]}, "properties": {"sample_id": "2d7364bfc0648178", "state": "Arunachal Pradesh", "district": "East Siang", "event_date": "2010-10-03", "slope_deg": 42.230201721191406, "rain_3d": 1.336899995803833, "rain_30d": 388.2403869628906, "trigger": "downpour", "size": "medium", "fatalities": 10, "label_conf": 0.30000001192092896, "loc_accuracy_km": 25.0}}, {"type": "Feature", "geometry": {"type": "Point", "coordinates": [88.64630126953125, 27.604700088500977]}, "properties": {"sample_id": "1026169495dd60a7", "state": "Sikkim", "district": "North Sikkim", "event_date": "2013-09-08", "slope_deg": 6.847300052642822, "rain_3d": 78.0469970703125, "rain_30d": 420.2062072753906, "trigger": "rain", "size": "medium", "fatalities": 1, "label_conf": 0.20000000298023224, "loc_accuracy_km": 50.0}}, {"type": "Feature", "geometry": {"type": "Point", "coordinates": [93.16580200195312, 25.226900100708008]}, "properties": {"sample_id": "598a3f153141d537", "state": "Assam", "district": "North Cachar Hills", "event_date": "2010-06-15", "slope_deg": 1.8726999759674072, "rain_3d": 43.38159942626953, "rain_30d": 285.9079895019531, "trigger": "downpour", "size": "medium", "fatalities": 0, "label_conf": 0.30000001192092896, "loc_accuracy_km": 25.0}}, {"type": "Feature", "geometry": {"type": "Point", "coordinates": [95.0280990600586, 26.72249984741211]}, "properties": {"sample_id": "6579bd3855285297", "state": "Nagaland", "district": "Mon", "event_date": "2010-07-06", "slope_deg": 5.917799949645996, "rain_3d": 108.6321029663086, "rain_30d": 626.0549926757812, "trigger": "monsoon", "size": "medium", "fatalities": 0, "label_conf": 0.6000000238418579, "loc_accuracy_km": 5.0}}, {"type": "Feature", "geometry": {"type": "Point", "coordinates": [92.28450012207031, 25.3612003326416]}, "properties": {"sample_id": "336b0672dd8c2c94", "state": "Meghalaya", "district": "Jaintia Hills", "event_date": "2010-04-21", "slope_deg": 1.822700023651123, "rain_3d": 86.16459655761719, "rain_30d": 437.66778564453125, "trigger": "downpour", "size": "medium", "fatalities": 0, "label_conf": 0.30000001192092896, "loc_accuracy_km": 25.0}}, {"type": "Feature", "geometry": {"type": "Point", "coordinates": [90.38520050048828, 25.73539924621582]}, "properties": {"sample_id": "2170cfdb7119b800", "state": "Meghalaya", "district": "West Garo Hills", "event_date": "2014-09-21", "slope_deg": 6.026500225067139, "rain_3d": 97.8447036743164, "rain_30d": 340.6517028808594, "trigger": "continuous_rain", "size": "large", "fatalities": 0, "label_conf": 0.30000001192092896, "loc_accuracy_km": 25.0}}, {"type": "Feature", "geometry": {"type": "Point", "coordinates": [90.57630157470703, 25.814300537109375]}, "properties": {"sample_id": "5dd452d85355fdd7", "state": "Meghalaya", "district": "East Garo Hills", "event_date": "2014-09-24", "slope_deg": 1.2095999717712402, "rain_3d": 370.9403991699219, "rain_30d": 584.8709106445312, "trigger": "continuous_rain", "size": "large", "fatalities": 0, "label_conf": 0.25, "loc_accuracy_km": 25.0}}, {"type": "Feature", "geometry": {"type": "Point", "coordinates": [94.11109924316406, 25.63960075378418]}, "properties": {"sample_id": "f8d8e8d0dd18029d", "state": "Nagaland", "district": "Kohima", "event_date": "2010-09-12", "slope_deg": 16.42930030822754, "rain_3d": 6.0843000411987305, "rain_30d": 352.4341125488281, "trigger": "downpour", "size": "medium", "fatalities": 0, "label_conf": 0.30000001192092896, "loc_accuracy_km": 25.0}}, {"type": "Feature", "geometry": {"type": "Point", "coordinates": [92.51210021972656, 24.530799865722656]}, "properties": {"sample_id": "cc44221652717c59", "state": "Assam", "district": "Hailakandi", "event_date": "2016-05-18", "slope_deg": 5.468500137329102, "rain_3d": 228.18580627441406, "rain_30d": 532.4837036132812, "trigger": "continuous_rain", "size": "small", "fatalities": 1, "label_conf": 0.8500000238418579, "loc_accuracy_km": 1.0}}, {"type": "Feature", "geometry": {"type": "Point", "coordinates": [88.28910064697266, 27.26759910583496]}, "properties": {"sample_id": "71e772520c65a0c9", "state": "Sikkim", "district": "West Sikkim", "event_date": "2016-10-12", "slope_deg": 42.7317008972168, "rain_3d": 57.18539810180664, "rain_30d": 327.42730712890625, "trigger": "continuous_rain", "size": "medium", "fatalities": 0, "label_conf": 0.44999998807907104, "loc_accuracy_km": 10.0}}, {"type": "Feature", "geometry": {"type": "Point", "coordinates": [92.72650146484375, 23.726900100708008]}, "properties": {"sample_id": "bf27579129a6a35d", "state": "Mizoram", "district": "Aizawl", "event_date": "2015-08-27", "slope_deg": 24.78219985961914, "rain_3d": 134.1383056640625, "rain_30d": 480.5033874511719, "trigger": "downpour", "size": "medium", "fatalities": 0, "label_conf": 0.6000000238418579, "loc_accuracy_km": 5.0}}, {"type": "Feature", "geometry": {"type": "Point", "coordinates": [94.09259796142578, 25.39080047607422]}, "properties": {"sample_id": "72b63c9ed9bafe08", "state": "Manipur", "district": "Senapati", "event_date": "2015-07-22", "slope_deg": 20.74370002746582, "rain_3d": 43.9182014465332, "rain_30d": 310.5978088378906, "trigger": "continuous_rain", "size": "small", "fatalities": 0, "label_conf": 0.44999998807907104, "loc_accuracy_km": 10.0}}, {"type": "Feature", "geometry": {"type": "Point", "coordinates": [91.46630096435547, 24.089599609375]}, "properties": {"sample_id": "6f4146df3e44573a", "state": "Tripura", "district": "West Tripura", "event_date": "2013-05-08", "slope_deg": 2.07069993019104, "rain_3d": 216.97250366210938, "rain_30d": 461.05279541015625, "trigger": "rain", "size": "medium", "fatalities": 1, "label_conf": 0.6000000238418579, "loc_accuracy_km": 5.0}}, {"type": "Feature", "geometry": {"type": "Point", "coordinates": [91.802001953125, 26.19659996032715]}, "properties": {"sample_id": "7d24c3240ed326ee", "state": "Assam", "district": "Kamrup", "event_date": "2016-07-20", "slope_deg": 9.0447998046875, "rain_3d": 44.86289978027344, "rain_30d": 194.26019287109375, "trigger": "rain", "size": "medium", "fatalities": 0, "label_conf": 0.6000000238418579, "loc_accuracy_km": 5.0}}, {"type": "Feature", "geometry": {"type": "Point", "coordinates": [93.14769744873047, 25.474899291992188]}, "properties": {"sample_id": "351f14e1748d6f36", "state": "Assam", "district": "North Cachar Hills", "event_date": "2010-10-09", "slope_deg": 9.00790023803711, "rain_3d": 99.71279907226562, "rain_30d": 241.4613037109375, "trigger": "downpour", "size": "medium", "fatalities": 0, "label_conf": 0.20000000298023224, "loc_accuracy_km": 50.0}}, {"type": "Feature", "geometry": {"type": "Point", "coordinates": [91.77469635009766, 26.109699249267578]}, "properties": {"sample_id": "908b2c68b5ee573c", "state": "Assam", "district": "Kamrup", "event_date": "2014-09-22", "slope_deg": 0.7426999807357788, "rain_3d": 108.58920288085938, "rain_30d": 305.8682861328125, "trigger": "rain", "size": "small", "fatalities": 1, "label_conf": 0.6000000238418579, "loc_accuracy_km": 5.0}}, {"type": "Feature", "geometry": {"type": "Point", "coordinates": [94.66539764404297, 26.275299072265625]}, "properties": {"sample_id": "04cf77ae7135f40d", "state": "Nagaland", "district": "Tuensang", "event_date": "2010-08-17", "slope_deg": 21.98889923095703, "rain_3d": 80.32759857177734, "rain_30d": 424.57720947265625, "trigger": "downpour", "size": "medium", "fatalities": 0, "label_conf": 0.30000001192092896, "loc_accuracy_km": 25.0}}, {"type": "Feature", "geometry": {"type": "Point", "coordinates": [91.68489837646484, 26.100099563598633]}, "properties": {"sample_id": "08895b0b1de7ae31", "state": "Assam", "district": "Kamrup", "event_date": "2014-09-22", "slope_deg": 19.01650047302246, "rain_3d": 108.58920288085938, "rain_30d": 305.8682861328125, "trigger": "rain", "size": "small", "fatalities": 0, "label_conf": 0.6000000238418579, "loc_accuracy_km": 5.0}}, {"type": "Feature", "geometry": {"type": "Point", "coordinates": [94.96119689941406, 28.235000610351562]}, "properties": {"sample_id": "ada6db0478479477", "state": "Arunachal Pradesh", "district": "East Siang", "event_date": "2016-07-19", "slope_deg": 38.414100646972656, "rain_3d": 148.8238067626953, "rain_30d": 760.5256958007812, "trigger": "downpour", "size": "medium", "fatalities": 0, "label_conf": 0.20000000298023224, "loc_accuracy_km": 50.0}}, {"type": "Feature", "geometry": {"type": "Point", "coordinates": [91.79859924316406, 26.16990089416504]}, "properties": {"sample_id": "3d8ffd7bcb964110", "state": "Assam", "district": "Kamrup", "event_date": "2007-07-19", "slope_deg": 3.5067999362945557, "rain_3d": 92.10250091552734, "rain_30d": 459.2301940917969, "trigger": "rain", "size": "medium", "fatalities": 6, "label_conf": 0.30000001192092896, "loc_accuracy_km": 25.0}}]}